eid,eff_doi,title,source,doctype,mechanism_family,study_type,performance_reported,decision,pass2_note
2-s2.0-105038431270,10.1038/s41598-026-44644-9,Comparing daylight performance of dynamic and static shadings in office façades across multiple U.S. cities with various sky conditions,Scientific Reports,Article,mechanical,simulation,daylight,include,
2-s2.0-105035804991,10.1007/s44217-026-01426-9,Integrating dynamic façade design into architectural education and practice through Mashrabiya-inspired kinetic systems,Discover Education,Article,mechanical,prototype,daylight,include,
2-s2.0-105039523489,10.1007/s43621-026-03014-1,Genetic algorithm-based assessment of kinetic façade prototypes for energy optimization and user comfort: a hotel case study in Iran,Discover Sustainability,Article,mechanical,prototype,multiple,include,
2-s2.0-105036579469,10.1061/jaeied.aeeng-2247,Optimizing Ventilation and Temperature Reduction in Administrative Buildings Using Kinetic Facade Systems: A Response Surface Methodology Approach,Journal of Architectural Engineering,Article,unclear,unclear,energy,include,
2-s2.0-105038742714,10.1016/j.buildenv.2026.114718,Real-time optimization of a dynamic solar PV integrated shading design with data-driven reactive control and spatial daylighting prediction,Building and Environment,Article,mechanical,simulation,multiple,include,
2-s2.0-105032991932,10.1016/j.susmat.2026.e01957,Bio-inspired 4D printing of earthen soil composites for structural living wall applications,Sustainable Materials and Technologies,Article,material-driven,experiment,none,include,
2-s2.0-105037762368,10.1016/j.applthermaleng.2026.131205,"Comprehensive evaluation of building energy load, power generation, and shading effects of vertical single-axis tracking PV louver systems",Applied Thermal Engineering,Article,mechanical,simulation,energy,uncertain_fulltext,PROMOTE: tracking pv louver
2-s2.0-105035264470,10.1016/j.energy.2026.140990,"Digital twin and AI-driven smart adaptive walls for energy, comfort and carbon optimization in intelligent green buildings",Energy,Article,mechanical,simulation,multiple,include,
2-s2.0-105034627643,10.1016/j.jweia.2026.106394,Cyber-physical smart morphing facades driven by reinforcement learning for wind-induced vibration control in tall buildings,Journal of Wind Engineering and Industrial Aerodynamics,Article,mechanical,experiment,energy,include,
2-s2.0-105025022388,10.1016/j.egyr.2025.12.042,"Impact of microalgae-integrated windows on building performance: Energy, daylight, and carbon analysis using an innovative simulation method",Energy Reports,Article,unclear,simulation,multiple,include,
2-s2.0-105024611275,10.1016/j.sftr.2025.101599,Multi-objective optimization framework to achieve near-zero energy building in the Czech Republic for future climatic conditions,Sustainable Futures,Article,mechanical,simulation,multiple,include,
2-s2.0-105039957234,10.1073/pnas.2535522123,Indoor thermoregulatory homeostasis using hydrodynamic instability,Proceedings of the National Academy of Sciences of the United States of America,Article,unclear,experiment,energy,include,
2-s2.0-105033708421,10.1016/j.buildenv.2026.114519,Segmented dynamic photovoltaic shading façade based on kiri-origami: Multi-objective decision-making and interpretable machine learning analysis,Building and Environment,Article,origami-deployable,simulation,multiple,include,
2-s2.0-105038219631,10.1093/jcde/qwag038,Predictive collective control of large-scale kinetic facades via graph neural networks and reinforcement learning: From simulation to physical validation,Journal of Computational Design and Engineering,Article,origami-deployable,experiment,multiple,include,
2-s2.0-105040227506,10.1117/12.3090546,Smart Adaptable Multistable Building Facades,Proceedings of SPIE the International Society for Optical Engineering,Conference Paper,material-driven,experiment,energy,include,
2-s2.0-105032533589,10.1016/j.jobe.2026.115816,Mimosa pudica-inspired phase change-driven reversible building facades for zero-energy thermal management,Journal of Building Engineering,Article,mechanical,experiment,energy,include,
2-s2.0-105028592145,10.1016/j.buildenv.2026.114295,From greenwashing to grounded practice: A context-specific biophilic design framework for hot arid climates,Building and Environment,Article,unclear,unclear,multiple,include,
2-s2.0-105034324352,10.3390/su18063052,Daylight Evaluation of Static and Kinetic Horizontal Shading Systems for Sustainable Visual Comfort: Experimental Illuminance Measurements and Calibrated Simulation,Sustainability Switzerland,Article,unclear,experiment,multiple,include,
2-s2.0-105030487037,10.1016/j.rineng.2026.109601,The FlectoLine module: Transferring glass fiber-reinforced polymer/elastomer hybrid composites to responsive architectural outdoor applications,Results in Engineering,Article,pneumatic-soft,prototype,multiple,include,
2-s2.0-105032754558,10.3390/buildings16051048,Optimizing Thermal–Daylight Performance of South-Facing High-Rise Apartment Rooms Using Slat-Based Shading Devices in Tropical Regions,Buildings,Article,mechanical,simulation,multiple,include,
2-s2.0-105021091145,10.1007/s00004-025-00848-6,"Geometric Feasibility of Kinetic Islamic Geometric Patterns: A Case Study of Ten-Point star Configurations in Five Mosques in Isfahan, Iran",Nexus Network Journal,Article,origami-deployable,case-study,none,include,
2-s2.0-105031454334,10.3390/machines14020210,Control Method and Simulation of Reconfigurable Façade Cable-Driven Parallel Robots Based on Heuristic Local Rules,Machines,Article,origami-deployable,simulation,none,include,
2-s2.0-105027156887,10.1016/j.jobe.2026.115230,Optimizing bio-based phase change materials in operable façade cavities to enhance cooling energy efficiency,Journal of Building Engineering,Article,origami-deployable,experiment,energy,include,
2-s2.0-105021344387,10.1016/j.jvscit.2025.102015,Laser fenestration and shape memory polymer embolization of type II endoleaks,Journal of Vascular Surgery Cases Innovations and Techniques,Article,material-driven,unclear,none,include,
2-s2.0-105023149306,10.1016/j.enbuild.2025.116753,Movement optimization of a movable façade using bimetal as actuators for enhanced indoor airflow,Energy and Buildings,Article,material-driven,experiment,multiple,include,
2-s2.0-105027260676,10.1007/s43995-025-00272-4,Harnessing wind energy through responsive kinetic façades for sustainable building design,Journal of Umm Al Qura University for Engineering and Architecture,Article,unclear,simulation,energy,include,
2-s2.0-105038479955,10.1007/978-3-032-10546-2_136,"Curved-Folding Biomimicry-Inspired Kinetic Facades: Integrating Composite Materials for Energy-Efficient, Motorless Adaptive Building Envelope",Lecture Notes in Civil Engineering,Conference Paper,material-driven,experiment,energy,include,
2-s2.0-105037803012,10.1109/southeastcon63549.2026.11476704,Intelligent Facades: An IIoT and Digital Twin Framework for Occupancy-Aware Kinetic Envelope Control,Conference Proceedings IEEE SOUTHEASTCON,Conference Paper,origami-deployable,prototype,multiple,include,
2-s2.0-105033982139,10.3389/fbuil.2026.1788657,Multi-criteria performance assessment of an adaptive kinetic photovoltaic shading system,Frontiers in Built Environment,Article,origami-deployable,simulation,multiple,include,
2-s2.0-105039709363,10.1155/ina/9959278,"Deep Reinforcement Learning–Based Multiobjective Control of Hybrid Building Envelopes: Integrating Adaptive Façades, Passive Radiative Cooling, and Indoor Air Quality Management Across Iranian Climates",Indoor Air,Article,origami-deployable,simulation,multiple,include,
2-s2.0-105029808836,10.3389/fbuil.2025.1753356,Adaptive high-performance and multifunctional façade systems,Frontiers in Built Environment,Article,origami-deployable,prototype,multiple,include,
2-s2.0-105038361506,10.63044/w26xio184,Environmentally Responsive Shading Structures with Sensor-Based Prefabricated Mechanical Systems,ASHRAE Transactions,Conference Paper,unclear,experiment,multiple,include,
2-s2.0-105020666081,10.1007/978-3-032-03769-5_17,Enhancing Customer Perceptions and Satisfaction Towards AI Driven Windows Facade Market in South India,Lecture Notes in Networks and Systems,Conference Paper,unclear,simulation,multiple,include,
2-s2.0-105033272638,10.3389/fbuil.2026.1756470,Deformability of perforated bending-active façade plates,Frontiers in Built Environment,Article,origami-deployable,simulation,energy,include,
2-s2.0-105032131255,10.3389/fbuil.2025.1738453,CNC-knitted textiles for adaptive building envelopes: material programming and interdisciplinary design strategies,Frontiers in Built Environment,Article,origami-deployable,experiment,none,include,
2-s2.0-105034936501,10.1016/j.enbenv.2026.02.006,Targeting integrated daylighting comfort in deep office by multi-objective optimization using partial vertical deployment of adaptive corrugated shadings,Energy and Built Environment,Article,origami-deployable,simulation,multiple,include,
2-s2.0-105029271876,10.1016/j.enbenv.2025.09.001,Human-shading interaction in shared offices: An experimental study,Energy and Built Environment,Article,unclear,experiment,multiple,include,
2-s2.0-105018307628,10.1016/j.apenergy.2025.126860,"Adaptive BIPV shading optimization for electricity generation and building electricity management, sDA, and DGP using multi-objective algorithms",Applied Energy,Article,mechanical,simulation,multiple,include,
2-s2.0-105010871768,10.15627/jd.2025.18,Designing a Kinetic Façade to Control Glare: Inspiration of Long-Day Plants Pattern,Journal of Daylighting,Article,unclear,simulation,daylight,include,
2-s2.0-105009003053,10.15627/jd.2025.17,Tessellation-Based Origami-Inspired Movable Façade for Daylighting and Exposure Optimization: Assessing Different Movement Approaches,Journal of Daylighting,Article,origami-deployable,simulation,multiple,include,
2-s2.0-105022195387,10.1016/j.rineng.2025.107518,Impact of Window-to-Wall Ratio (WWR) and shading on energy demand in a residential building across five distinct climates,Results in Engineering,Article,unclear,simulation,energy,include,
2-s2.0-105022127404,10.1007/s43621-025-02178-6,Climate responsive simulation of passive shading strategies for seasonal optimization of building energy demand,Discover Sustainability,Article,unclear,simulation,energy,include,
2-s2.0-105016872513,10.1016/j.buildenv.2025.113749,A hybrid framework for optimal design and control strategies of retractable roof stadium based on CNN-LSTM and NSGA-II,Building and Environment,Article,origami-deployable,simulation,multiple,include,
2-s2.0-105017841864,10.1016/j.jobe.2025.114325,A novel adaptive façade using cable-driven compliant mechanisms,Journal of Building Engineering,Article,origami-deployable,simulation,multiple,include,
2-s2.0-105014006634,10.1016/j.enbuild.2025.116319,A comprehensive approach to evaluate environmentally adaptive façade concepts through the use of fundamental environmental conditions,Energy and Buildings,Article,origami-deployable,experiment,energy,include,
2-s2.0-105022933329,10.3390/eng6110292,Retrofitting for Energy Efficiency Improvement Using Kinetic Façades in Residential Buildings: A Case Study from Saudi Arabia,Eng,Article,origami-deployable,simulation,multiple,include,
2-s2.0-105011949210,10.1016/j.enbuild.2025.116188,Cactus-inspired multifunctional Bio-kinetic façade for energy performance improvement assessed by a novel energy simulation framework,Energy and Buildings,Article,mechanical,simulation,multiple,include,
2-s2.0-105010957276,10.1016/j.tws.2025.113702,Simulation and optimisation of frames subjected to torsion for buckling-induced morphing of shading modules,Thin Walled Structures,Article,compliant,experiment,none,include,
2-s2.0-105015518906,10.1115/1.4069135,Energy Benefits of Retrofitting Residential Communities: Case Study of KAUST Villa Housing Community,Journal of Engineering for Sustainable Buildings and Cities,Article,origami-deployable,case-study,energy,include,
2-s2.0-105014465252,10.1016/j.est.2025.118179,Design and thermal performance analysis of a dynamic shading device incorporating phase change materials,Journal of Energy Storage,Article,mechanical,experiment,multiple,include,
2-s2.0-105010473513,10.1016/j.enbuild.2025.116105,Bio-adaptive reflective photovoltaic (BARP) facade system: a multimodal energy-saving solution based on light reflection,Energy and Buildings,Article,unclear,experiment,multiple,uncertain_fulltext,PROMOTE: tracking façade
2-s2.0-105013796800,10.1016/j.jobe.2025.113797,Understanding the visco-thermo-mechanical behavior of nitinol for climate-adaptive window shading devices,Journal of Building Engineering,Article,material-driven,experiment,daylight,include,
2-s2.0-105020014559,10.3390/biomimetics10100711,Biomimetic Shading Systems: Integrating Motorised and Moisture-Responsive Actuation for Adaptive Façades,Biomimetics,Article,material-driven,experiment,multiple,include,
2-s2.0-105008155170,10.1016/j.solener.2025.113692,"Kirigami-inspired novel photovoltaic shading facade: multi-objective optimization of energy consumption, daylighting, thermal comfort, visual comfort, and landscape view",Solar Energy,Article,origami-deployable,simulation,multiple,include,
2-s2.0-105018226817,10.35784/bud-arch.7102,"Simulation-based performance evaluation of kinetic Mashrabiya for thermal comfort and energy efficiency in arid climates: A case study in Biskra, Algeria",Budownictwo I Architektura,Article,unclear,simulation,multiple,uncertain_fulltext,PROMOTE: kinetic
2-s2.0-105009764615,10.1016/j.buildenv.2025.113359,Machine learning-based adaptive control of PV shading for residential energy and visual comfort optimization,Building and Environment,Article,unclear,simulation,multiple,include,
2-s2.0-105015982844,10.3390/buildings15162977,Reinforcement Learning-Enabled Adaptive Control for Climate-Responsive Kinetic Building Facades,Buildings,Article,origami-deployable,experiment,multiple,include,
2-s2.0-105014382323,10.3390/smartcities8040127,Optimizing Building Performance with Dynamic Photovoltaic Shading Systems: A Comparative Analysis of Six Adaptive Designs,Smart Cities,Article,unclear,prototype,multiple,include,
2-s2.0-105005854246,10.1016/j.autcon.2025.106295,Two-stage optimization of infinite rotation-freedom façade systems using machine learning surrogate models,Automation in Construction,Article,mechanical,experiment,daylight,include,
2-s2.0-105014965797,10.1115/1.4068810,"Parametric Design of Tessellated Geometric Kinetic Façade for Daylighting and Glare Control in a High-Rise Hospital Building in Amman, Jordan",Journal of Engineering for Sustainable Buildings and Cities,Article,origami-deployable,simulation,multiple,include,
2-s2.0-105014622413,10.3390/buildings15162847,Optimization of External Horizontal Slat Configurations for Enhanced Tropical Daylighting in High-Rise Apartments,Buildings,Article,mechanical,simulation,multiple,include,
2-s2.0-105014419342,10.3390/buildings15162958,Multi-Objective Optimization of a Folding Photovoltaic-Integrated Light Shelf Using Non-Dominated Sorting Genetic Algorithm III for Enhanced Daylighting and Energy Savings in Office Buildings,Buildings,Article,origami-deployable,simulation,multiple,include,
2-s2.0-105014402389,10.3390/buildings15162904,Daylighting Performance Simulation and Optimization Design of a “Campus Living Room” Based on BIM Technology—A Case Study in a Region with Hot Summers and Cold Winters,Buildings,Article,mechanical,simulation,multiple,include,
2-s2.0-105002776077,10.1016/j.engstruct.2025.120362,Tensile self-locking behavior of reconfigurable origami structure,Engineering Structures,Article,pneumatic-soft,experiment,none,include,
2-s2.0-105000865212,10.1016/j.jobe.2025.112415,Integration of bio-inspired adaptive systems for optimizing daylight performance and glare control,Journal of Building Engineering,Article,origami-deployable,unclear,multiple,include,
2-s2.0-105007087859,10.37934/arfmts.131.1.155174,Angle of Folding of Dynamic Kinetic Façade Configuration for Air Velocity and Indoor Air Temperature in a Naturally-Ventilated Hotel Guestroom in the Hot and Humid Climate,Journal of Advanced Research in Fluid Mechanics and Thermal Sciences,Article,origami-deployable,unclear,multiple,include,
2-s2.0-105007906071,10.21608/jesaun.2025.360974.1428,"From Stasis to Motion: Enhancing Environmental Performance through Dynamic Architecture Techniques A Reimagining of Traditional MashRabiya in Contemporary Case Study Design Commercial Building Design in Egypt (Mokattam area, Cairo)",Journal of Engineering Sciences,Article,unclear,case-study,multiple,uncertain_fulltext,PROMOTE: kinetic
2-s2.0-105012357418,10.1145/3734921.3734943,Research on Enhancing the Generalization Ability of Generative AI Based on K-means Clustering Algorithm: Text-to-Image Task for Wind-Responsive Passive Building Facade,Proceedings of 2025 International Conference on Generative Artificial Intelligence and Digital Media Gadm 2025,Conference Paper,unclear,unclear,daylight,include,
2-s2.0-105006665733,10.1016/j.scs.2025.106484,Tabular prior-data fitted network for urban air temperature inference and high temperature risk assessment,Sustainable Cities and Society,Article,mechanical,experiment,energy,include,
2-s2.0-105009000892,10.3390/buildings15122072,Adaptive Façades for High-Rise Residential Buildings: A Qualitative Analysis of the Design Parameters and Methods,Buildings,Article,unclear,simulation,multiple,uncertain_fulltext,PROMOTE: kinetic
2-s2.0-85218080379,10.15627/jd.2025.5,Designing Adaptability Strategy to a Novel Kinetic Adaptive Façade (NKAF); Toward a Pioneering Method in Dynamic-objects Daylight Simulation (Post-Processing),Journal of Daylighting,Article,unclear,simulation,daylight,uncertain_fulltext,PROMOTE: kinetic
2-s2.0-105007750748,10.3390/buildings15111853,Computational Evaluation of a Biomimetic Kinetic Façade Inspired by the Venus Flytrap for Daylight and Glare Performance,Buildings,Article,unclear,simulation,multiple,include,
2-s2.0-105007747655,10.3390/buildings15111961,Energy-Saving Performance and Optimization Study of Adaptive Shading System—A Case Study,Buildings,Article,mechanical,experiment,energy,include,
2-s2.0-105007669014,10.3390/en18112682,A Simplified Model Validation for the Energy Assessment of Opaque Adaptive Façades with Variable Thermal Resistance,Energies,Article,unclear,simulation,energy,include,
2-s2.0-85217251600,10.15627/jd.2025.1,Daylight Optimization of the South-Faced Architecture Classrooms Using Biomimicry-Based Kinetic Facade Shading System,Journal of Daylighting,Article,unclear,simulation,daylight,include,
2-s2.0-105001272856,10.1016/j.egyr.2025.03.021,Kinetic facades as a solution for educational buildings: A multi-objective optimization simulation-based study,Energy Reports,Article,unclear,simulation,multiple,include,
2-s2.0-105018813599,10.1007/s44150-025-00156-0,Numerical analysis of perforated bending-active plates integrated in unitized curtain wall,Architecture Structures and Construction,Article,origami-deployable,simulation,energy,include,
2-s2.0-105009088452,10.3390/buildings15122100,Development of a Solar-Tracking Movable Louver with a PV Module for Building Energy Reduction,Buildings,Article,mechanical,unclear,multiple,include,
2-s2.0-105012978506,10.18280/ijdne.200608,Biomimetic Strategies in Kinetic Architecture: A Comparative Analysis of Nature-Inspired Roof and Façade Designs,International Journal of Design and Nature and Ecodynamics,Article,unclear,simulation,none,include,
2-s2.0-105004260509,10.1016/j.egyr.2025.04.064,On the use of dynamic film to improve the thermal and solar performance of multiple glazing units. Preliminary testing and assessment,Energy Reports,Article,unclear,experiment,multiple,include,
2-s2.0-105001330352,10.1016/j.enbuild.2025.115594,Prescriptive tool for zero-emissions building fenestration design using hybrid metaheuristic algorithms,Energy and Buildings,Article,unclear,experiment,multiple,include,
2-s2.0-105008570209,10.18280/ijsdp.200507,Parametric Analysis of Daylight and Solar Energy Performance of Oasis Building Environments Through Kinetic Shading Devices Integrated with a Photovoltaic System,International Journal of Sustainable Development and Planning,Article,unclear,simulation,multiple,include,
2-s2.0-105005752559,10.1145/3706598.3714064,Manifesting Architectural Subspaces with Two Mobile Robotic Partitions to Facilitate Spontaneous Office Meetings,Conference on Human Factors in Computing Systems Proceedings,Conference Paper,unclear,unclear,daylight,include,
2-s2.0-85204870157,10.1016/j.foar.2024.08.002,A systematic method of generating hinged tessellations by adding hinged plates based on dual graphs,Frontiers of Architectural Research,Article,origami-deployable,unclear,none,include,
2-s2.0-105003462090,10.3390/designs9020031,Delta IXI: Deployable Structure with Flax Fibre Pultruded Profiles for Architectural Applications—Case Studies in Furniture and Adaptive Facade Systems,Designs,Article,origami-deployable,case-study,daylight,include,
2-s2.0-85217063442,10.1016/j.enbuild.2025.115431,Fully exploiting solar energy with building envelops: Experimental study on an adjustable photovoltaic green facade,Energy and Buildings,Article,unclear,experiment,multiple,include,
2-s2.0-85212953481,10.1016/j.jobe.2024.111645,Investigations for the daylighting performance of trapezoid profile shadings using multi-objective optimization,Journal of Building Engineering,Article,mechanical,simulation,multiple,include,
2-s2.0-86000763996,10.35378/gujs.1433809,"Multi-Objective Optimization of a Folding Kinetic Facade System Proposal for Thermal, Daylight, and Energy Performances",Gazi University Journal of Science,Article,origami-deployable,simulation,multiple,include,
2-s2.0-85217028059,10.13189/cea.2025.130204,A Multi-objective Optimization for Passive Adaptive Envelope Integrating Smart Materials,Civil Engineering and Architecture,Article,material-driven,experiment,multiple,include,
2-s2.0-85212415840,10.1061/jaeied.aeeng-1705,Utilizing Kinematic Models of Kinetic Facades to Obtain Optimal Natural Lighting in an Office Building,Journal of Architectural Engineering,Article,unclear,simulation,daylight,include,
2-s2.0-105001090112,10.1177/01436244241306595,A comparison between the impact of dynamic envelope control strategies on the buildings’ smart readiness indicator and modelled performance,Building Services Engineering Research and Technology,Article,unclear,simulation,energy,include,
2-s2.0-105003105190,10.1007/s11012-024-01802-5,Hybrid origami-linkage vaulted deployable structures: parametric development and form-finding,Meccanica,Article,origami-deployable,simulation,daylight,include,
2-s2.0-105000761001,10.1063/5.0258553,Tunable foil pneu: A concept study on kinetic shading systems for climate-sensitive building envelopes,Aip Conference Proceedings,Conference Paper,pneumatic-soft,experiment,multiple,include,
2-s2.0-85209902839,10.1016/j.tws.2024.112739,Design and photothermal coupling analysis of Kresling origami-based intelligent dynamic shading system,Thin Walled Structures,Article,material-driven,experiment,multiple,include,
2-s2.0-85218903133,10.3390/urbansci9020030,“Build It and They Will Stay”: Assessing the Social Impact of Self-Build Practices in Urban Regeneration,Urban Science,Article,unclear,unclear,multiple,include,
2-s2.0-105011310369,10.62754/ais.v6i1.103,Enhancing building energy system design using computational intelligence for smart buildings,Architecture Image Studies,Article,unclear,simulation,multiple,include,
2-s2.0-85218120115,10.48619/ais.v6i1.1087,Enhancing building energy system design using computational intelligence for smart buildings,Architecture Image Studies,Article,unclear,simulation,multiple,include,
2-s2.0-105023055856,10.1007/978-981-96-8769-5_10,Adaptive Façades for High-Rise Residential Buildings: A Qualitative Analysis of the Design Parameters and Methods,Lecture Notes in Civil Engineering,Conference Paper,origami-deployable,unclear,energy,include,
2-s2.0-85214263895,10.1080/17508975.2024.2448524,Proposal for a kinetic façade system based on curved line folding technique,Intelligent Buildings International,Article,origami-deployable,simulation,multiple,include,
2-s2.0-105035258792,10.26868/25222708.2025.1749,Thermo-Bimetal Responsive Building Skins: Comparative Analysis of Self-Actuated Geometric Patterning and User Override on Daylight and Energy Efficiency,Building Simulation Conference Proceedings,Conference Paper,material-driven,simulation,multiple,include,
2-s2.0-105014739375,10.1088/1742-6596/3071/1/012016,Designing buildings with potential for Artificial Intelligence integration: a conceptual study on adaptive façades,Journal of Physics Conference Series,Conference Paper,unclear,simulation,energy,include,
2-s2.0-85216662439,10.55214/25768484.v9i1.4251,Advancing adaptive facades for a sustainable future in building design,Edelweiss Applied Science and Technology,Article,material-driven,unclear,multiple,uncertain_fulltext,PROMOTE: kinetic
2-s2.0-105020779547,10.1007/978-3-032-06993-1_5,Designing Adaptive Shading Components for 4D Printing,Lecture Notes in Civil Engineering,Conference Paper,material-driven,simulation,energy,include,
2-s2.0-105019198767,10.37575/b/eng/250018,Building Energy Performance Assessment Based on a Bio-Inspired Kinetic Shading Devices,Scientific Journal of King Faisal University Basic and Applied Sciences,Article,material-driven,simulation,energy,include,
2-s2.0-105010578532,10.1007/978-981-96-3804-8_7,Dynamic Shading Device Design with Computational Building Information Modelling for High-Rise Office Building in Tropical Climate,Lecture Notes in Civil Engineering,Conference Paper,mechanical,simulation,daylight,include,
2-s2.0-105026139531,10.52842/conf.ecaade.2025.1.421,Adaptive Façades for Activity-Specific Well-Being: Exploring emotional responses with virtual reality and machine learning,Proceedings of the International Conference on Education and Research in Computer Aided Architectural Design in Europe,Conference Paper,unclear,experiment,none,include,
2-s2.0-105021829003,10.1007/978-3-032-06978-8_5,Experimental Investigation of Wood’s Hygroscopic Behavior for Adaptive Shading Systems in Building Façades,Lecture Notes in Civil Engineering,Conference Paper,material-driven,experiment,multiple,include,
2-s2.0-105017583949,10.1007/978-981-96-3433-0_12,Hygroflex: A Prototype of a Water-Responsive Facade System with an Innovative Integration of Timber and Biopolymer,Computational Design and Robotic Fabrication,Book Chapter,unclear,experiment,none,uncertain_fulltext,PROMOTE: kinetic
2-s2.0-105016498349,10.12732/ijam.v38i1s.12,SIMULATION-BASED INVESTIGATION OF ETFE AND AUTOHEAL POLYMERS FOR ENERGY EFFICIENCY AND THERMAL COMFORT IN ADAPTIVE BUILDING ENVELOPES,International Journal of Applied Mathematics,Article,material-driven,simulation,multiple,include,
2-s2.0-105018678599,10.1108/sasbe-07-2025-0388,An integrated generative-analytic framework for the performance-driven design of kinetic façades,Smart and Sustainable Built Environment,Article,unclear,simulation,multiple,include,
2-s2.0-105012552090,10.1080/23744731.2025.2534771,Biomimetic approach for beams-redirected adaptive facade with emphasis on user position and the clustered synthesis,Science and Technology for the Built Environment,Article,mechanical,simulation,multiple,include,
2-s2.0-105027940427,10.1088/1742-6596/3140/5/052003,Performance-driven Shape Memory-based kinetic solar shading design,Journal of Physics Conference Series,Conference Paper,material-driven,prototype,multiple,include,
2-s2.0-105034749056,10.65388/jdfd5647,A conceptual application of 4D-printed (4DP) bistable unit cells for climate-responsive façades systems,Proceedings of the International Conference of Architectural Science Association,Conference Paper,compliant,unclear,multiple,include,
2-s2.0-105027936111,10.1088/1742-6596/3140/19/082009,Design of adaptive shading device with rigid origami technique: improving outdoor thermal comfort on pathways of university campus,Journal of Physics Conference Series,Conference Paper,origami-deployable,simulation,comfort,include,
2-s2.0-105026170058,10.52842/conf.ecaade.2025.1.211,Developing Machine Learning Models to Predict Outdoor Thermal Comfort of Kinetic Shading Devices: An approach for global optimization,Proceedings of the International Conference on Education and Research in Computer Aided Architectural Design in Europe,Conference Paper,origami-deployable,simulation,comfort,include,
2-s2.0-86000372255,10.1080/19401493.2024.2432915,LiDICS: a light dynamics interface for multi-domain simulation based on the FMI-standard,Journal of Building Performance Simulation,Article,pneumatic-soft,prototype,multiple,include,
2-s2.0-85209914920,10.1007/978-3-031-71867-0_6,Methodology for Designing Adaptive Facade Components: Smart Materials and 4D Printing for Resilient Construction,Lecture Notes in Civil Engineering,Conference Paper,material-driven,experiment,none,include,
2-s2.0-105029253996,10.52842/conf.ecaade.2025.2.285,"Bio-inspired Climate-responsive Wood Composite Architectural Facade Actuator: Architectural research based on the asclepias syriaca, mimosa pudica, and mandevilla plants as biological role models",Proceedings of the International Conference on Education and Research in Computer Aided Architectural Design in Europe,Conference Paper,unclear,prototype,energy,include,
2-s2.0-85209555632,10.1016/j.enbuild.2024.115072,Optimizing the tilt angle of kinetic photovoltaic shading devices considering energy consumption and power Generation— Hong Kong case,Energy and Buildings,Article,mechanical,simulation,energy,include,
2-s2.0-105029224408,10.52842/conf.ecaade.2025.2.445,Smart Hinges Using Shape Memory Alloys for Architectural Applications,Proceedings of the International Conference on Education and Research in Computer Aided Architectural Design in Europe,Conference Paper,material-driven,unclear,energy,include,
2-s2.0-105023682057,10.1080/17452759.2025.2591322,Rice husk 4D printing in architecture: hygromorphic bi-directional self-shaping building skin,Virtual and Physical Prototyping,Article,material-driven,unclear,none,include,
2-s2.0-105027939394,10.1088/1742-6596/3140/10/102004,Field assessment of visual performance of a dynamic dual glazing assembly for occupants with lateral incident light,Journal of Physics Conference Series,Conference Paper,origami-deployable,experiment,daylight,include,
2-s2.0-105023438458,10.52842/conf.caadria.2025.2.449,Programming Bilayer Structures in 4D-printed Hygromorphs by Tailoring Porosity in Macroscale,Proceedings of the International Conference on Computer Aided Architectural Design Research in Asia,Conference Paper,material-driven,experiment,energy,include,
2-s2.0-105014513235,10.13124/9788860462022_22,Automating Solar Shading Control in Residential Buildings Located in a Temperate Climate: A Household-Specific Decision,Building Simulation Applications,Conference Paper,unclear,simulation,multiple,include,
2-s2.0-105015460519,10.1109/ssi65953.2025.11107200,Adaptive Energy-Harvesting Façades: A Multi-Technology Approach for Optimizing Indoor Comfort and Sustainability,2025 Smart Systems Integration Conference and Exhibition Ssi 2025,Conference Paper,unclear,unclear,multiple,include,
2-s2.0-85214110919,10.1007/978-981-97-8317-5_49,Daylight and Energy Performance Relationship of Classrooms and Office Spaces: Comparative Study of Istanbul Ticaret University Kucukyali Campus Building,Lecture Notes in Civil Engineering,Conference Paper,unclear,simulation,multiple,include,
2-s2.0-85209540197,10.1007/978-3-031-71863-2_22,Self-Sufficient and Responsive Textile Component,Lecture Notes in Civil Engineering,Conference Paper,unclear,unclear,energy,include,
2-s2.0-105027912674,10.26830/symmetry_2025_4_397,FOLDING THE RULE: BEHAVIOR OF TOPOLOGICAL SCALE DISRUPTIONS IN SYMMETRIC YOSHIMURA PATTERNS,Symmetry Culture and Science,Article,origami-deployable,prototype,none,include,
2-s2.0-85210657291,10.1016/j.conbuildmat.2024.139147,Multiaxial characterisation and nonlinear thermoviscoelastic isotropic and orthotropic constitutive models of ETFE membranes,Construction and Building Materials,Article,pneumatic-soft,experiment,none,include,
2-s2.0-85217211102,10.1145/3680528.3687657,FaçAID: A Transformer Model for Neuro-Symbolic Facade Reconstruction,Proceedings SIGGRAPH Asia 2024 Conference Papers SA 2024,Conference Paper,unclear,unclear,none,include,
2-s2.0-85210503469,10.1038/s41467-024-54808-8,Weather-responsive adaptive shading through biobased and bioinspired hygromorphic 4D-printing,Nature Communications,Article,material-driven,unclear,energy,include,
2-s2.0-85211184888,10.1016/j.jobe.2024.111472,Adaptive facades for emotionally enriching indoor environments,Journal of Building Engineering,Article,unclear,experiment,daylight,uncertain_fulltext,PROMOTE: kinetic
2-s2.0-85213353712,10.1088/1361-665x/ad9446,Solar-powered thermo-pneumatic actuators for passively controlled adaptive shading,Smart Materials and Structures,Article,pneumatic-soft,prototype,multiple,include,
2-s2.0-85207023604,10.1016/j.enbuild.2024.114927,Evaluation of a Kirigami-inspired double-skin adaptive façade for natural ventilation and solar harvesting to enhance indoor environment and energy performance,Energy and Buildings,Article,origami-deployable,simulation,energy,include,
2-s2.0-85217873829,10.15627/jd.2024.26,Design Alternatives of Light Shelves using Altmann Linkage,Journal of Daylighting,Article,mechanical,unclear,daylight,include,
2-s2.0-85211821540,10.3390/en17236095,Developing an Optimized Energy-Efficient Sustainable Building Design Model in an Arid and Semi-Arid Region: A Genetic Algorithm Approach,Energies,Article,unclear,simulation,energy,include,
2-s2.0-85205365049,10.1016/j.solener.2024.112971,Research on the solar performance of folded dynamic BIPV shading,Solar Energy,Article,origami-deployable,experiment,daylight,include,
2-s2.0-85210252385,10.3390/su16229739,Energy and Daylighting Performance of Kinetic Building-Integrated Photovoltaics (BIPV) Façade,Sustainability Switzerland,Article,origami-deployable,unclear,multiple,include,
2-s2.0-85202354380,10.1016/j.jobe.2024.110462,Investigating perforated egg crates as dynamic shading systems for open-plan offices in tropical climates,Journal of Building Engineering,Article,mechanical,experiment,daylight,include,
2-s2.0-85209745683,10.1103/physrevfluids.9.114604,Large-scale turbulent pressure fluctuations revealed by Ned Kahn's artwork,Physical Review Fluids,Article,unclear,experiment,none,include,
2-s2.0-85193295346,10.1002/adfm.202404721,Hierarchically Programmed Meta-Louver Fabric for Adaptive Personal Thermal Management,Advanced Functional Materials,Article,mechanical,experiment,multiple,include,
2-s2.0-85193550560,10.1002/tal.2133,Dynamical performances of a wind-excited high-rise structure equipped with a multiblock movable faca̧de,Structural Design of Tall and Special Buildings,Article,mechanical,simulation,none,include,
2-s2.0-85175971133,10.1177/14780771231209457,Morphological composition assessment of kinetic façade designs via AHP and TOPSIS methods based on façade components and design inputs,International Journal of Architectural Computing,Article,unclear,simulation,none,include,
2-s2.0-85205268572,10.3390/su16188156,Enhancing Daylight Comfort with Climate-Responsive Kinetic Shading: A Simulation and Experimental Study of a Horizontal Fin System,Sustainability Switzerland,Article,mechanical,experiment,multiple,include,
2-s2.0-85205371333,10.3390/app14188448,Experimental Infrastructure Design for Energy-Independent Car Park Building Based on Parametric Photovoltaic Facade System,Applied Sciences Switzerland,Article,mechanical,experiment,energy,uncertain_fulltext,PROMOTE: kinetic
2-s2.0-85195308006,10.1016/j.engstruct.2024.118367,Design and multiphysical modeling of SMA-driven bi-stable structures with efficient energy consumption,Engineering Structures,Article,material-driven,prototype,energy,include,
2-s2.0-85197068505,10.1016/j.solener.2024.112736,Evaluation of static and dynamic PV-Integrated shading systems for office spaces in Australia,Solar Energy,Article,mechanical,simulation,energy,include,
2-s2.0-85193327869,10.1007/s41062-024-01480-y,Solar radiation analysis: computational performance analysis for the foldable axis of a responsive external skin on the south façade,Innovative Infrastructure Solutions,Article,origami-deployable,experiment,multiple,include,
2-s2.0-85194831374,10.15627/jd.2024.5,Enhancing Visual Comfort and Energy Efficiency in Office Lighting Using Parametric-Generative Design Approach for Interactive Kinetic Louvers,Journal of Daylighting,Article,mechanical,simulation,multiple,include,
2-s2.0-85189941591,10.1016/j.enbuild.2024.114150,Concept analysis of an adaptive building envelope with thin-film photovoltaic modules,Energy and Buildings,Article,mechanical,unclear,energy,include,
2-s2.0-85191388995,10.3390/buildings14041038,Optimizing the Shading Device Configuration of Kinetic Façades through Daylighting Performance Assessment,Buildings,Article,unclear,simulation,multiple,include,
2-s2.0-85189749021,10.1016/j.dibe.2024.100372,FlectoSol – A pneumatically activable PV-functionalized façade shading module with bending motion in two directions for solar tracking,Developments in the Built Environment,Article,pneumatic-soft,simulation,energy,include,
2-s2.0-85149849761,10.1016/j.enbenv.2022.09.004,"Dynamic Shading and Glazing Technologies: Improve Energy, Visual, and Thermal Performance",Energy and Built Environment,Article,unclear,simulation,multiple,include,
2-s2.0-85187205056,10.1016/j.matdes.2024.112807,Kinetic module in bimetal: A biomimetic approach adapting the kinetic behavior of bimetal for adaptive Façades,Materials and Design,Article,material-driven,prototype,none,include,
2-s2.0-85184843752,10.1016/j.jweia.2024.105667,Kirigami-inspired wind steering for natural ventilation,Journal of Wind Engineering and Industrial Aerodynamics,Article,origami-deployable,experiment,comfort,include,
2-s2.0-85192736363,10.3390/buildings14030596,A Study on the Effect of Dynamic Photovoltaic Shading Devices on Energy Consumption and Daylighting of an Office Building,Buildings,Article,mechanical,simulation,multiple,include,
2-s2.0-85188708247,10.3390/act13030085,Development of a Self-Regulating Solar Shading Actuator Based on the Thermal Shape Memory Effect,Actuators,Article,material-driven,simulation,none,include,
2-s2.0-85181014575,10.1016/j.apples.2023.100174,Mechanical response of tensegrity-origami solar modules,Applications in Engineering Science,Article,origami-deployable,experiment,energy,include,
2-s2.0-85184678882,10.3390/su16030959,Towards Refining Bio-Inspired Hydro-Actuated Building Facades by Emphasising the Importance of Hybrid Adaptability,Sustainability Switzerland,Article,material-driven,unclear,energy,include,
2-s2.0-85185729138,10.3390/buildings14020556,"Influence of Sun Shading Devices on Energy Efficiency, Thermal Comfort and Lighting Comfort in a Warm Semi-Arid Dry Mediterranean Climate",Buildings,Article,unclear,simulation,multiple,include,
2-s2.0-85196713091,,BRIDGING EXTERIOR AND INTERIOR CLIMATE: Interdisciplinary Design of a Dual-Functional Adaptive Kinetic Façade,Proceedings of the International Conference on Computer Aided Architectural Design Research in Asia,Conference Paper,unclear,unclear,unclear,include,
2-s2.0-105023673830,,Daylighting and Energy Optimisation in Tropical Offices: Performance of Climate Adaptive Kinetic Façades over Static Designs,PLEA 2024 Re Thinking Resilience Proceedings of 37th PLEA Conference Sustainable Architecture and Urban Design the Book of Proceedings,Conference Paper,unclear,simulation,multiple,include,
2-s2.0-85208587483,10.1088/1755-1315/1404/1/012015,Comparing the Effectiveness of Dynamic Facades for Natural Daylight and Energy Usage in Buildings,Iop Conference Series Earth and Environmental Science,Conference Paper,origami-deployable,unclear,multiple,include,
2-s2.0-85185021235,10.21608/auej.2023.243338.1449,ENHANCING ENERGY CONSUMPTION IN EGYPT WITHIN ADAPTIVE FACADE TECHNIQUES,Journal of Al Azhar University Engineering Sector,Article,mechanical,simulation,multiple,include,
2-s2.0-85207831129,10.1007/978-981-97-4988-1_70,Unexplored Scope of Adaptive Facades in Indian Corporate Offices Located in Warm and Humid Climate,Lecture Notes in Civil Engineering,Conference Paper,unclear,unclear,multiple,include,
2-s2.0-85178491291,10.13189/cea.2024.120125,An Approach to Using Shape Memory Alloys in Kinetic Facades to Improve the Thermal Performance of Office Building Spaces,Civil Engineering and Architecture,Article,material-driven,experiment,multiple,include,
2-s2.0-85181717522,10.1177/17442591231219793,Multi-objective optimization of kinetic facade aperture ratios for daylight and solar radiation control,Journal of Building Physics,Article,unclear,simulation,multiple,include,
2-s2.0-85209815164,10.52842/conf.ecaade.2024.1.431,Cast Adaptive/Kinetic Façades The application of sand casting on manufacturing the adaptive/kinetic facades,Proceedings of the International Conference on Education and Research in Computer Aided Architectural Design in Europe,Conference Paper,unclear,unclear,energy,include,
2-s2.0-85202536231,10.1007/978-3-031-65877-8_1,Adaptive Façades: A Comparative Analysis of Bimetal Solutions,Environmental Footprints and Eco Design of Products and Processes,Book Chapter,material-driven,unclear,multiple,include,
2-s2.0-85202079838,10.1108/sasbe-03-2024-0090,Biomimetic kinetic façade as a real-time daylight control: complex form versus simple form with proper kinetic behavior,Smart and Sustainable Built Environment,Article,unclear,simulation,multiple,include,
2-s2.0-85190548776,10.18848/2325-128x/cgp/v18i02/1-30,A Transdisciplinary Approach to Sustainable Architecture: Integrating Kinetic Shading Systems in Architectural Pedagogy,International Journal of Design Education,Article,unclear,prototype,energy,include,
2-s2.0-85210560256,10.23919/annsim61499.2024.10732810,Dynamic Insulated Shutter System for a Double-Layer Building Façade: a Case Study with Physical Prototype,Annsim 2024 Proceedings of the 2024 Annual Modeling and Simulation Conference,Conference Paper,unclear,experiment,multiple,include,
2-s2.0-85181880021,10.3390/su16010288,Climate-Adaptive Building Envelope Controls: Assessing the Impact on Building Performance,Sustainability Switzerland,Article,mechanical,simulation,multiple,include,
2-s2.0-85209575958,10.1080/17508975.2024.2424244,Interactive Kinetic Facade with Design for Disassembly (DfD) strategy: improving energy efficiency and circularity of building materials in tropical climate,Intelligent Buildings International,Article,unclear,simulation,energy,include,
2-s2.0-85187575812,10.1088/1755-1315/1301/1/012012,"Perception Study on Kinetic Recycled Compact Disc Facade in Tourism Hall, Jarak - Wonosalam",Iop Conference Series Earth and Environmental Science,Conference Paper,mechanical,unclear,none,include,
2-s2.0-85208600943,10.1088/1755-1315/1404/1/012009,Dynamic facade potential for indoor lighting uniformity,Iop Conference Series Earth and Environmental Science,Conference Paper,mechanical,unclear,multiple,include,
2-s2.0-105025595286,10.58491/2735-4202.3134,Multiobjective Approach for Optimizing Buildings’ Forms and Kinetic Façade Systems in Office Buildings,Mej Mansoura Engineering Journal,Article,unclear,simulation,multiple,include,
2-s2.0-85202450668,10.23919/splitech61897.2024.10612439,Traditional and Bioclimatic Design for the Energy Retrofit of Existing Buildings,2024 9th International Conference on Smart and Sustainable Technologies Splitech 2024,Conference Paper,unclear,unclear,multiple,include,
2-s2.0-85198082947,10.15627/jd.2024.9,Designerly Approach to Design Responsive Façade for Occupant Visual Comfort in Different Latitudes,Journal of Daylighting,Article,mechanical,unclear,multiple,include,
2-s2.0-85218488689,10.1007/978-3-031-74716-8_26,Interactive Architecture for Enhancing Energy Efficiency and Thermal Comfort in the Office Buildings,Lecture Notes in Networks and Systems,Conference Paper,unclear,simulation,multiple,include,
2-s2.0-85177607250,10.1080/00038628.2023.2281401,Characterization and modeling of bistable laminates for kinetic shading screens,Architectural Science Review,Article,compliant,experiment,energy,include,
2-s2.0-85177830939,10.1016/j.buildenv.2023.111052,Light-responsive kinetic façade system inspired by the Gazania flower: A biomimetic approach in parametric design for daylighting,Building and Environment,Article,mechanical,simulation,multiple,include,
2-s2.0-85200437303,10.1007/978-981-99-8811-2_38,Design and Methodology for Automated Intelli-Smart Shading Apparatus for Commercial Building Fenestrations in India,Advances in 21st Century Human Settlements,Book Chapter,unclear,experiment,multiple,include,
2-s2.0-86000026738,10.1109/icbir61386.2024.10875775,Experimental Investigation of Thermal Performance of Windows with External Shading Slats for Air-Conditioned Buildings in Thailand,Icbir 2024 2024 9th International Conference on Business and Industrial Research Proceedings,Conference Paper,mechanical,experiment,energy,uncertain_fulltext,PROMOTE: movable
2-s2.0-85192358221,10.1109/iccece61317.2024.10504239,Visual Perception-Driven Dynamic Adaptive Shading,2024 4th International Conference on Consumer Electronics and Computer Engineering Iccece 2024,Conference Paper,unclear,experiment,daylight,include,
2-s2.0-85216708241,10.31399/asm.cp.smst2024p0064,A self-regulating device passively activated by an SMA for solar responsive shading,International Conference on Shape Memory and Superelastic Technologies Smst 2024,Conference Paper,material-driven,unclear,multiple,include,
2-s2.0-85210586773,10.23919/annsim61499.2024.10732831,Designing For Daylight: An Exploration of Origami-Inspired Interior Shading Screens,Annsim 2024 Proceedings of the 2024 Annual Modeling and Simulation Conference,Conference Paper,origami-deployable,simulation,daylight,include,
2-s2.0-85209773472,10.52842/conf.ecaade.2024.1.361,Climate-responsive Hygroscopic: Wood Bilayers Programmed via Laser Modification,Proceedings of the International Conference on Education and Research in Computer Aided Architectural Design in Europe,Conference Paper,material-driven,unclear,energy,include,
2-s2.0-85217173823,10.23919/annsim61499.2024.10732831,DESIGNING FOR DAYLIGHT: AN EXPLORATION OF ORIGAMI-INSPIRED INTERIOR SHADING SCREENS,Simulation Series,Conference Paper,origami-deployable,simulation,daylight,include,
2-s2.0-85184285537,10.1007/978-981-99-8405-3_7,An Exploration on the Form Design of Movable Structures Based on Uniform Convex Polyhedral Expansion,Computational Design and Robotic Fabrication,Book Chapter,origami-deployable,unclear,none,include,
2-s2.0-85200456031,10.1007/978-981-99-8811-2_37,An Innovative Retrofittable Manually Operable Smart Shading Apparatus for House Windows (Residential Buildings) and Method of Working for Same,Advances in 21st Century Human Settlements,Book Chapter,mechanical,experiment,multiple,include,
2-s2.0-85194749202,10.1117/12.3010949,Robust Control of Friction-Driven Reconfigurable Adaptive Structures,Proceedings of SPIE the International Society for Optical Engineering,Conference Paper,mechanical,theoretical,energy,include,
2-s2.0-85207520247,10.1049/icp.2024.2682,ENERGY ANALYSIS OF BUILDINGS WITH LARGE GLAZED SURFACES,Iet Conference Proceedings,Conference Paper,unclear,case-study,multiple,include,
2-s2.0-85192763646,10.14455/isec.2024.11(1).aae-10,"KINETIC ARCHITECTURE AS A RESPONSE TO ADAPTIVE BEHAVIOR TO CLIMATE, A CASE STUDY THROUGH VIRTUAL MODELS",Proceedings of International Structural Engineering and Construction,Conference Paper,unclear,simulation,energy,include,
2-s2.0-85207224128,10.1007/978-3-031-59005-4_21,Effect of a Movable Phase Change Materials (PCMs) Layer on Lowering Energy Usage in Desert Structures,Green Energy and Technology,Book Chapter,unclear,simulation,multiple,include,
2-s2.0-85211631730,10.1109/pvsc57443.2024.10749295,Pre-Construction Modeling of Shade Loss Due to Wind Turbine Shadow Flicker on Solar PV,Conference Record of the IEEE Photovoltaic Specialists Conference,Conference Paper,mechanical,simulation,energy,include,
2-s2.0-85200388144,10.1007/978-3-031-56544-1_33,A New Approach Toward Hazard Mitigation by Designing Moveable Architectural Space,Lecture Notes in Civil Engineering,Conference Paper,unclear,unclear,none,include,
2-s2.0-85180515387,10.3390/biomimetics8080603,Mimosa Kinetic Façade: Bio-Inspired Ventilation Leveraging the Mimosa Pudica Mechanism for Enhanced Indoor Air Quality,Biomimetics,Article,material-driven,simulation,comfort,include,
2-s2.0-85171331771,10.1016/j.autcon.2023.105093,Machine-learned kinetic Façade: Construction and artificial intelligence enabled predictive control for visual comfort,Automation in Construction,Article,unclear,prototype,multiple,include,
2-s2.0-105003744645,10.1007/s44242-023-00025-3,Development of dynamic shading control for daylight measures in green buildings towards overall energy efficiency of lighting and air-conditioning systems,Low Carbon Materials and Green Construction,Article,unclear,unclear,multiple,include,
2-s2.0-85175349177,10.1016/j.jobe.2023.107656,Improving aerodynamic response of tall buildings using smart morphing facades,Journal of Building Engineering,Article,unclear,unclear,multiple,include,
2-s2.0-85170518530,10.1061/jaeied.aeeng-1646,Kinetic Shades: Designing a Shape-Morphing Device with Bistable Laminates and Shape Memory Actuators,Journal of Architectural Engineering,Article,material-driven,experiment,none,include,
2-s2.0-85171565341,10.1002/adsu.202300253,Large-Scaled and Solar-Reflective Kirigami-Based Building Envelopes for Shading and Occupants’ Thermal Comfort,Advanced Sustainable Systems,Article,origami-deployable,experiment,multiple,include,
2-s2.0-85165606815,10.1016/j.energy.2023.128257,On-site testing of dynamic facade system with the solar energy storage,Energy,Article,unclear,unclear,energy,include,
2-s2.0-85170421177,10.1016/j.enbuild.2023.113481,An evaluation of the demand response potential of integrated dynamic window and HVAC systems,Energy and Buildings,Article,mechanical,unclear,multiple,include,
2-s2.0-85179555847,10.1063/5.0176121,Wind turbine dynamic shading: The effects on combined solar and wind farms,Journal of Renewable and Sustainable Energy,Article,mechanical,experiment,energy,include,
2-s2.0-85167783854,10.1016/j.jobe.2023.107521,Pneufin: A switchable foil cushion inspired soft pneumatic adaptive shading,Journal of Building Engineering,Article,pneumatic-soft,experiment,multiple,include,
2-s2.0-85168003403,10.1016/j.enbuild.2023.113432,Evaluation of the effects of cut design parameters on the environmental performance of a kirigami-inspired façade concept,Energy and Buildings,Article,origami-deployable,simulation,energy,include,
2-s2.0-85163866442,10.1016/j.scs.2023.104740,Origami-based adaptive facade for reducing reflected solar radiation in outdoor urban environments,Sustainable Cities and Society,Article,origami-deployable,simulation,none,include,
2-s2.0-85171620926,10.1016/j.enbuild.2023.113391,A state-space model to control an adaptive facade prototype using data-driven techniques,Energy and Buildings,Article,origami-deployable,experiment,energy,include,
2-s2.0-85164364748,10.1016/j.foar.2023.05.010,A design framework for a kinetic shading device system for building envelopes,Frontiers of Architectural Research,Article,unclear,simulation,none,include,
2-s2.0-85169019778,10.1016/j.buildenv.2023.110751,Optimal temperature-actuated control of a thermally-insulated roller blind,Building and Environment,Article,unclear,experiment,multiple,include,
2-s2.0-85177842932,10.1063/5.0170347,The motion-based analysis of kinetic shading devices activated by smart materials,Aip Conference Proceedings,Conference Paper,unclear,unclear,energy,include,
2-s2.0-85163062642,10.1016/j.conbuildmat.2023.132028,Magnetic actuation of bistable flaps for kinetic building shades,Construction and Building Materials,Article,compliant,experiment,energy,include,
2-s2.0-85159225348,10.1016/j.jobe.2023.106800,Parametric design of an automated kinetic building façade using BIM: A case study perspective,Journal of Building Engineering,Article,unclear,simulation,energy,uncertain_fulltext,PROMOTE: kinetic
2-s2.0-85169091659,10.3390/app13169057,A Distributed Intelligent Lighting Control System Based on Deep Reinforcement Learning,Applied Sciences Switzerland,Article,unclear,prototype,multiple,include,
2-s2.0-85198731386,10.1115/1.4056928,Computational Design of Multi-State Lattice Structures With Finite Mechanisms for Shape Morphing,Journal of Mechanical Design,Article,unclear,experiment,energy,include,
2-s2.0-85150371652,10.1016/j.jobe.2023.106241,Enhancing visual comfort with Miura-ori-based responsive facade model,Journal of Building Engineering,Article,origami-deployable,simulation,multiple,include,
2-s2.0-85154620492,10.1016/j.buildenv.2023.110339,Thermal comfort and passive survivability in earthen buildings,Building and Environment,Article,material-driven,simulation,multiple,include,
2-s2.0-85149789328,10.1016/j.seta.2023.103124,Multivariate optimization towards energy balance with geometric constraints of building design and urban space intensity,Sustainable Energy Technologies and Assessments,Article,mechanical,experiment,energy,include,
2-s2.0-85163711219,10.3390/buildings13061381,Exploring Energy Retrofitting Strategies and Their Effect on Comfort in a Vernacular Building in a Dry Mediterranean Climate,Buildings,Article,unclear,unclear,multiple,include,
2-s2.0-85153672084,10.1016/j.buildenv.2023.110336,"Optimizing overheating, lighting, and heating energy performances in Canadian school for climate change adaptation: Sensitivity analysis and multi-objective optimization methodology",Building and Environment,Article,unclear,experiment,multiple,include,
2-s2.0-85144819052,10.1016/j.jobe.2022.105712,Experimental identification and verification of a moveable facade element for energy harvesting and vibration control,Journal of Building Engineering,Article,mechanical,experiment,energy,include,
2-s2.0-85153778105,10.3390/en16083411,Decision Support for Defining Adaptive Façade Design Goals in the Early Design Phase,Energies,Article,unclear,unclear,energy,include,
2-s2.0-85152645224,10.3390/app13074633,Kinetic Photovoltaic Facade System Based on a Parametric Design for Application in Signal Box Buildings in Switzerland,Applied Sciences Switzerland,Article,mechanical,simulation,energy,include,
2-s2.0-85157962488,10.1680/jener.21.00102,"Energy-efficient design of building facade, inspired by human skin",Proceedings of Institution of Civil Engineers Energy,Article,unclear,unclear,multiple,include,
2-s2.0-85156186000,10.3390/buildings13041090,Passive Intelligent Kinetic External Dynamic Shade Design for Improving Indoor Comfort and Minimizing Energy Consumption,Buildings,Article,unclear,experiment,multiple,uncertain_fulltext,PROMOTE: kinetic
2-s2.0-85151617946,10.3390/buildings13030782,Integrated Kinetic Fins for Western Facades in Territories with Low Solar Altitudes,Buildings,Article,unclear,simulation,multiple,uncertain_fulltext,PROMOTE: kinetic
2-s2.0-85150357468,10.37934/araset.29.3.6276,Solar Responsive Facade as Siamese Cultural Aesthetic Frontage in Malaysia,Journal of Advanced Research in Applied Sciences and Engineering Technology,Article,origami-deployable,unclear,daylight,include,
2-s2.0-85148695173,10.1089/3dp.2022.0061,Codesign of Biobased Cellulose-Filled Filaments and Mesostructures for 4D Printing Humidity Responsive Smart Structures,3D Printing and Additive Manufacturing,Article,material-driven,experiment,none,include,
2-s2.0-85142220025,10.1016/j.engstruct.2022.115152,A novel mechanism - smart morphing façade system - to mitigate wind-induced vibration of tall buildings,Engineering Structures,Article,mechanical,unclear,comfort,include,
2-s2.0-85140404295,10.1016/j.energy.2022.125699,Optimal energy performance of dynamic sliding and insulated shades for residential buildings,Energy,Article,mechanical,simulation,energy,include,
2-s2.0-85141579593,10.1080/19401493.2022.2142294,A novel approach to account for shape-morphing and kinetic shading systems in building energy performance simulations,Journal of Building Performance Simulation,Article,unclear,experiment,energy,include,
2-s2.0-85197195065,10.52842/conf.caadria.2023.1.493,PARAMETRIC DESIGN AND ANALYSIS OF DYNAMIC LOUVER FOR OPTIMIZED DAYLIGHTING IN HIGH-RISE OFFICE BUILDINGS,Proceedings of the International Conference on Computer Aided Architectural Design Research in Asia,Conference Paper,mechanical,simulation,daylight,include,
2-s2.0-85169037133,,Effects of Kinetic Façades on Energy Performance: A Simulation in Patient’s Rooms of a Hospital in Iraq,Isvs E Journal,Article,unclear,simulation,energy,include,
2-s2.0-85169675352,10.1007/978-981-19-8637-6_36,Hexagonal Responsive Facade Prototype in Responding Sunlight,Computational Design and Robotic Fabrication,Book Chapter,mechanical,experiment,none,include,
2-s2.0-85141781427,10.1016/j.autcon.2022.104660,Flexural biomimetic responsive building façade using a hybrid soft robot actuator and fabric membrane,Automation in Construction,Article,material-driven,prototype,daylight,include,
2-s2.0-85169702223,10.1088/1755-1315/1210/1/012012,"Development and optimization of kinetic façade system for the improvement of visual comfort in an office building at Gurugram, India",Iop Conference Series Earth and Environmental Science,Conference Paper,unclear,simulation,multiple,include,
2-s2.0-85194192494,10.1109/smartcities4.056956.2023.10525757,Solar Radiation Analysis : Computational Performance Analysis for the Foldable Axis of a Responsive External Skin on the South Façade,2023 2nd International Conference on Smart Cities 4 0 Smart Cities 4 0 2023,Conference Paper,origami-deployable,experiment,energy,include,
2-s2.0-85185394858,10.1115/imece2023-113117,"INTELLIGENT FACADE INNOVATION (IFI): USING IIOT, DIGITAL TWIN, AND NEXT-GEN ARCHITECTURE DESIGNS",ASME International Mechanical Engineering Congress and Exposition Proceedings Imece,Conference Paper,unclear,unclear,none,include,
2-s2.0-85179510685,10.26868/25222708.2023.1499,Effect of Infill Height Design Variation of 4D-printed Hygromorphic-Based Louvers on Daylight Performance,Building Simulation Conference Proceedings,Conference Paper,material-driven,simulation,multiple,include,
2-s2.0-85145713061,10.1080/13467581.2022.2160636,Improving illuminance performance by implementing a kinetic façade system: case study of office building in Dubai,Journal of Asian Architecture and Building Engineering,Article,mechanical,simulation,multiple,include,
2-s2.0-85169662384,10.1088/1755-1315/1210/1/012003,Identifying external louver angle for residence opening to optimize the indoor environment for the composite climate of Delhi NCR,Iop Conference Series Earth and Environmental Science,Conference Paper,mechanical,simulation,multiple,include,
2-s2.0-85150176718,10.3389/fbuil.2023.1119696,Multi-performative façade systems: The case of real-time adaptive BIPV shading systems to enhance energy generation potential and visual comfort,Frontiers in Built Environment,Article,origami-deployable,simulation,multiple,include,
2-s2.0-85132763551,10.1080/17452007.2022.2085654,Integrating performance indicators in the production rules of shape-shifting grammars for architectural adaptive façade systems,Architectural Engineering and Design Management,Article,material-driven,experiment,none,include,
2-s2.0-85194529269,10.1007/978-3-031-36320-7_40,Adaptation to Extreme Sea-Level Events—Use of Pneumatic Building Envelopes,Sustainable Development Goals Series,Book Chapter,pneumatic-soft,unclear,none,include,
2-s2.0-85187286399,10.1109/aikiie60097.2023.10389818,Responsive Design and Adaptability of Building Skin Using Deep Learning Algorithms,IEEE 1st International Conference on Ambient Intelligence Knowledge Informatics and Industrial Electronics Aikiie 2023,Conference Paper,unclear,experiment,energy,include,
2-s2.0-105025581407,10.58491/2735-4202.3093,The Role of Smart Mashrabiya to Provide Daylighting in Office Buildings,Mej Mansoura Engineering Journal,Article,unclear,simulation,multiple,include,
2-s2.0-85173628216,10.1080/14786451.2023.2248514,The impact of a kinetic façade on the lighting performance and energy efficiency of a public building: the case of Dubai frame,International Journal of Sustainable Energy,Article,unclear,simulation,multiple,include,
2-s2.0-85187506554,10.47982/jfde.2023.1.03,An Evaluation Study of Shading Devices and Their Impact on the Aesthetic Perception vs. Their Energy Efficiency,Journal of Facade Design and Engineering,Article,unclear,experiment,multiple,include,
2-s2.0-85207568006,10.1007/978-3-031-25795-7_25,Impact of Automated Roof Shading on Building Energy Performance in Warm and Humid Climates of India,Sustainable and Digital Building Proceedings of the International Conference 2022,Book Chapter,mechanical,simulation,multiple,uncertain_fulltext,PROMOTE: retractable
2-s2.0-85171879026,10.52842/conf.ecaade.2023.1.439,4D Printing of Hygroscopic Wood Based Actuators for Climate Responsive Skin,Proceedings of the International Conference on Education and Research in Computer Aided Architectural Design in Europe,Conference Paper,material-driven,experiment,multiple,include,
2-s2.0-85148246406,10.13189/cea.2023.110221,A Sensitivity Analysis of Geometric Parameters of 4D-Printed Bidirectional Shape-Memory Composite in Architectural Façade Design,Civil Engineering and Architecture,Article,material-driven,prototype,none,include,
2-s2.0-85162162220,10.34133/research.0103,Switchable Kirigami Structures as Window Envelopes for Energy-Efficient Buildings,Research,Article,origami-deployable,unclear,energy,include,
2-s2.0-85114519423,10.1108/ecam-05-2021-0428,4D-printed parametric façade in architecture: prototyping a self-shaping skin using programmable two-way shape memory composite (TWSMC),Engineering Construction and Architectural Management,Article,material-driven,experiment,none,include,
2-s2.0-85144873747,10.3390/buildings12122089,Using a Biomimicry Approach in the Design of a Kinetic Façade to Regulate the Amount of Daylight Entering a Working Space,Buildings,Article,mechanical,experiment,multiple,include,
2-s2.0-85131514385,10.3992/jgb.17.1.71,RESPONSIVE KINETIC FAÇADE STRATEGY AND DETERMINATION OF THE EFFECT ON SOLAR HEAT GAIN USING PARAMETRIC BIM-BASED ENERGY SIMULATION,Journal of Green Building,Article,origami-deployable,simulation,multiple,include,
2-s2.0-85136534272,10.1016/j.tws.2022.109941,Novel shading modules with buckling as driver for shape morphing,Thin Walled Structures,Article,compliant,simulation,multiple,include,
2-s2.0-85138105517,10.1016/j.jobe.2022.105233,Experimental performance evaluation of a climate-responsive ventilated building façade,Journal of Building Engineering,Article,unclear,experiment,multiple,include,
2-s2.0-85144907737,10.3390/buildings12122236,Shape Memory Polymer Foam for Autonomous Climate-Adaptive Building Envelopes,Buildings,Article,material-driven,simulation,energy,include,
2-s2.0-85140907867,10.1016/j.ecmx.2022.100315,Optical evaluation of a smart transparent insulation material for window application,Energy Conversion and Management X,Article,mechanical,experiment,multiple,include,
2-s2.0-85143646090,10.3390/en15239214,Energy Balance Data-Based Optimization of Louver Installation Angles for Different Regions in Korea,Energies,Article,mechanical,simulation,multiple,include,
2-s2.0-85136141964,10.1016/j.scs.2022.104109,Optimal design of complex dynamic shadings: Towards sustainable built environment,Sustainable Cities and Society,Article,material-driven,experiment,multiple,include,
2-s2.0-85149470400,10.3390/buildings12112017,Development of a Solar Tracking-Based Movable Louver System to Save Lighting Energy and Create a Comfortable Light Environment,Buildings,Article,mechanical,prototype,multiple,include,
2-s2.0-85141722871,10.3390/en15218168,"Exploring the Effects of Climate-Adaptive Building Shells: An Applicative Time-Saving Algorithm on a Case Study in Bologna, Italy",Energies,Article,material-driven,experiment,energy,include,
2-s2.0-85134890855,10.1016/j.tws.2022.109749,"Functionalising buckling for structural morphing in kinetic façades: Concepts, strategies and applications",Thin Walled Structures,Article,material-driven,simulation,multiple,include,
2-s2.0-85136203135,10.1016/j.jobe.2022.105027,General morphological analysis of Orosi windows and morpho butterfly wing's principles for improving occupant's daylight performance through interactive kinetic façade,Journal of Building Engineering,Article,unclear,simulation,multiple,include,
2-s2.0-85163680546,10.1115/1.4056394,Assessment of Dynamic Photovoltaic Shading Systems on Energy Performance of Commercial Buildings,Journal of Engineering for Sustainable Buildings and Cities,Article,origami-deployable,unclear,energy,include,
2-s2.0-85143490994,10.1016/j.eml.2022.101909,Effect of crease curvature on the bistability of the origami waterbomb base,Extreme Mechanics Letters,Article,origami-deployable,experiment,energy,include,
2-s2.0-85148074544,10.3390/su142114163,Sensitivity Analysis for Decisive Design Parameters for Energy and Indoor Visual Performances of a Glazed Façade Office Building,Sustainability Switzerland,Article,origami-deployable,unclear,multiple,include,
2-s2.0-85144608384,10.3390/buildings12112026,Dynamic Concentrated Solar Building Skin Design Based on Multiobjective Optimization,Buildings,Article,mechanical,experiment,multiple,include,
2-s2.0-85133182630,10.1002/cpe.7152,Adaptive façade for building energy efficiency improvement by arithmetical optimization algorithm,Concurrency and Computation Practice and Experience,Article,unclear,simulation,energy,include,
2-s2.0-85133409780,10.1016/j.tws.2022.109626,Buckling shape control in metal plates via material distribution,Thin Walled Structures,Article,compliant,experiment,none,include,
2-s2.0-85142533892,10.1007/978-3-031-13249-0_31,Morphology of kinetic asymptotic grids,Towards Radical Regeneration Design Modelling Symposium Berlin 2022,Book Chapter,compliant,experiment,energy,uncertain_fulltext,PROMOTE: kinetic
2-s2.0-85196944411,10.1007/978-3-031-13249-0_20,ADAPTEX: Physical and digital prototyping of smart textile sun shading,Towards Radical Regeneration Design Modelling Symposium Berlin 2022,Book Chapter,material-driven,experiment,energy,include,
2-s2.0-85139220297,10.3389/fbuil.2022.1006300,"Tectonics of kinetic architecture: Moving envelope, changing space and the shades of the shed",Frontiers in Built Environment,Article,mechanical,theoretical,none,uncertain_fulltext,PROMOTE: kinetic
2-s2.0-85123505986,10.1177/1045389x211072202,Modeling and design optimization of shape memory alloy-enabled building skins for adaptive ventilation,Journal of Intelligent Material Systems and Structures,Article,material-driven,experiment,none,include,
2-s2.0-85135903937,10.1016/j.renene.2022.07.073,Efficient heating of buildings by passive solar energy utilizing an innovative dynamic building envelope incorporating phase change material,Renewable Energy,Article,mechanical,experiment,energy,include,
2-s2.0-85134547337,10.1002/advs.202202740,A Highly Multi-Stable Meta-Structure via Anisotropy for Large and Reversible Shape Transformation,Advanced Science,Article,pneumatic-soft,unclear,none,include,
2-s2.0-85138272822,10.3389/fbuil.2022.995710,Equilibrium path and stability analysis of rigid origami using energy minimization of frame model,Frontiers in Built Environment,Article,origami-deployable,simulation,energy,include,
2-s2.0-85129685137,10.1016/j.jobe.2022.104408,Kinetic facades: An evolutionary-based performance evaluation framework,Journal of Building Engineering,Article,unclear,experiment,multiple,include,
2-s2.0-85123351704,10.1016/j.seta.2021.101894,Thermal and energy performance of a user-responsive microalgae bioreactive façade for climate adaptability,Sustainable Energy Technologies and Assessments,Article,unclear,experiment,multiple,include,
2-s2.0-85133358937,10.3389/fbuil.2022.814911,D1244: Design and Construction of the First Adaptive High-Rise Experimental Building,Frontiers in Built Environment,Article,unclear,experiment,none,include,
2-s2.0-85132117289,10.15627/jd.2022.2,Development of Two-Step Biomimetic Design and Evaluation Framework for Performance-Oriented Design of Multi-Functional Adaptable Building Envelopes,Journal of Daylighting,Article,unclear,unclear,energy,include,
2-s2.0-85132150541,10.3390/app12125853,Architectural Experiment Design of Solar Energy Harvesting: A Kinetic Façade System for Educational Facilities,Applied Sciences Switzerland,Article,mechanical,experiment,energy,include,
2-s2.0-85126597439,10.1016/j.enbuild.2022.112019,Analysis of dynamic louver control with prism redirecting fenestrations for office daylighting optimization,Energy and Buildings,Article,mechanical,experiment,multiple,include,
2-s2.0-85141817744,10.1115/1.4054775,A Comparative Energy Analysis of Dynamic External Shadings for Office Buildings,Journal of Engineering for Sustainable Buildings and Cities,Article,mechanical,unclear,energy,include,
2-s2.0-85123267436,10.1016/j.jobe.2021.103942,Shape-programmable fluid bubbles for responsive building skins,Journal of Building Engineering,Article,unclear,experiment,energy,include,
2-s2.0-85116884931,10.1177/1420326x211050114,Solar radiation control passive strategy for reduction of heating and cooling energy use in arid climate: Case of Afghanistan,Indoor and Built Environment,Article,unclear,simulation,energy,include,
2-s2.0-85124423553,10.1007/s40940-022-00166-0,Experimental and numerical characterization of twisting response of thin glass,Glass Structures and Engineering,Article,unclear,experiment,none,include,
2-s2.0-85127589156,10.3390/su14073910,Optimization of Architectural Thermal Envelope Parameters in Modern Single-Family House Typologies in Southeastern Spain to Improve Energy Efficiency in a Dry Mediterranean Climate,Sustainability Switzerland,Article,unclear,simulation,energy,include,
2-s2.0-85127315495,10.1088/1755-1315/992/1/012004,Studying the influence of shading devices on indoor thermal comfort in desert and Mediterranean climates,Iop Conference Series Earth and Environmental Science,Conference Paper,unclear,simulation,multiple,include,
2-s2.0-85125500008,10.1088/1361-665x/ac5014,Bistable kinetic shades actuated with shape memory alloys: Prototype development and daylight performance evaluation,Smart Materials and Structures,Article,material-driven,experiment,multiple,include,
2-s2.0-85116068103,10.1177/17442591211045418,Adaptive opaque façades and their potential to reduce thermal energy use in residential buildings: A simulation-based evaluation,Journal of Building Physics,Article,unclear,simulation,multiple,uncertain_fulltext,PROMOTE: kinetic
2-s2.0-85125362703,10.3390/buildings12030263,Indoor Daylight Performances of Optimized Transmittances with Electrochromic-Applied Kinetic Louvers,Buildings,Article,mechanical,simulation,multiple,include,
2-s2.0-85151952400,10.1007/978-3-030-90625-2_8,Deriving the production rules of shape-shifting grammars for adaptive façades: The case of hygromorphic thermo-bimetal composites (HMTM),Design Computing and Cognition 20,Book Chapter,material-driven,experiment,none,include,
2-s2.0-85123597602,10.3390/app12031496,New Use of BIM-Origami-Based Techniques for Energy Optimisation of Buildings,Applied Sciences Switzerland,Article,origami-deployable,simulation,energy,include,
2-s2.0-85120481344,10.1016/j.enbuild.2021.111679,Passive house renovation of a block of flats – Measured performance and energy signature analysis,Energy and Buildings,Article,origami-deployable,experiment,energy,include,
2-s2.0-85161109782,10.1007/978-3-031-09695-2_7,Energy Performance Analysis of Kinetic Façades by Climate Zones,Advanced Materials in Smart Building Skins for Sustainability from Nano to Macroscale,Book Chapter,origami-deployable,simulation,energy,include,
2-s2.0-85087517310,10.1080/17508975.2020.1765722,Towards an implementation of bio-inspired hydro-actuated building façade,Intelligent Buildings International,Article,unclear,unclear,energy,include,
2-s2.0-85143213658,10.1088/1755-1315/1099/1/012005,Bio-mimetic Approaches to Kinetic Facades: A Design Proposal for a Light-Responsive Facade Module.,Iop Conference Series Earth and Environmental Science,Conference Paper,material-driven,unclear,multiple,include,
2-s2.0-85108286145,10.1080/17452007.2021.1941739,Hybrid kinetic facade: fabrication and feasibility evaluation of full-scale prototypes,Architectural Engineering and Design Management,Article,mechanical,experiment,none,include,
2-s2.0-85140846809,10.1080/23744731.2022.2122675,"Design, fabrication and computational simulation of a bio-kinetic façade inspired by the mechanism of the Lupinus Succulentus plant for daylight and energy efficiency",Science and Technology for the Built Environment,Article,unclear,experiment,multiple,include,
2-s2.0-85142423638,10.1109/cw55638.2022.00011,Kinetic Façade Design with Eshelby Twist for Sunlight Exposure Reduction,Proceedings 2022 International Conference on Cyberworlds Cw 2022,Conference Paper,unclear,simulation,energy,include,
2-s2.0-85128612826,10.1007/978-3-031-03918-8_20,Evaluating Adaptive Facade Performance in Early Building Design Stage: An Integrated Daylighting Simulation and Machine Learning,Lecture Notes on Data Engineering and Communications Technologies,Book Chapter,unclear,simulation,multiple,include,
2-s2.0-85169066096,10.52842/conf.caadria.2022.1.151,REINFORCEMENT LEARNING-BASED GENERATIVE DESIGN METHODOLOGY FOR KINETIC FACADE,Proceedings of the International Conference on Computer Aided Architectural Design Research in Asia,Conference Paper,unclear,simulation,multiple,include,
2-s2.0-85142899109,10.47982/jfde.2022.1.03,Exploring the Impact of Geometry and Fibre Arrangements on Daylight Control in Bistable Kinetic Shades,Journal of Facade Design and Engineering,Article,compliant,experiment,daylight,include,
2-s2.0-85142865625,10.2749/nanjing.2022.1046,Moveable Facade Elements for Sustainable High-rise Buildings,IABSE Congress Nanjing 2022 Bridges and Structures Connection Integration and Harmonisation Report,Conference Paper,mechanical,experiment,energy,include,
2-s2.0-85130971086,10.1007/978-981-19-1812-4_12,Pho’liage: Towards a Kinetic Biomimetic Thermoregulating Façade,Environmental Footprints and Eco Design of Products and Processes,Book Chapter,material-driven,experiment,multiple,include,
2-s2.0-85136138152,10.14455/isec.2022.9(1).aae-08,THE APPLICATION OF AN ADAPTIVE SOFT STRUCTURE FOR LIGHTWEIGHT FACADES,Proceedings of International Structural Engineering and Construction,Conference Paper,pneumatic-soft,prototype,energy,include,
2-s2.0-85161252200,10.1007/978-3-031-09695-2_13,Design Research on Climate-Responsive Building Skins from Prototype and Case Study Perspectives,Advanced Materials in Smart Building Skins for Sustainability from Nano to Macroscale,Book Chapter,mechanical,experiment,energy,include,
2-s2.0-85151557435,10.26868/25222708.2021.30754,Occupant-centric control of transparent dynamic façades through an integrated co-simulation framework,Building Simulation Conference Proceedings,Conference Paper,mechanical,simulation,multiple,include,
2-s2.0-85140771269,10.1109/etsaide53569.2022.9906380,Intelligent Façade Skinning System Based on Crowd-Sensing and Air-Quality Monitoring,2022 Engineering and Technology for Sustainable Architectural and Interior Design Environments Etsaide 2022,Conference Paper,unclear,unclear,none,include,
2-s2.0-85132073479,10.14627/537724064,Hybrid Landscapes of India: Communicators Between the Worlds,Journal of Digital Landscape Architecture,Article,mechanical,unclear,none,include,
2-s2.0-85161184874,10.1007/978-3-031-09695-2_12,Aesthetics and Perception: Dynamic Facade Design with Programmable Materials,Advanced Materials in Smart Building Skins for Sustainability from Nano to Macroscale,Book Chapter,material-driven,experiment,energy,include,
2-s2.0-85161246225,10.1007/978-3-031-09695-2_4,Material Programming for Bio-inspired and Bio-based Hygromorphic Building Envelopes,Advanced Materials in Smart Building Skins for Sustainability from Nano to Macroscale,Book Chapter,material-driven,experiment,multiple,include,
2-s2.0-85132177960,10.1117/12.2612851,Kinetic Bistable Flaps Actuated with Magneto-Active Elastomers,Proceedings of SPIE the International Society for Optical Engineering,Conference Paper,compliant,experiment,energy,include,
2-s2.0-85125244497,10.1080/13467581.2021.2007102,Harvesting renewable energies through innovative kinetic honeycomb architectural facades: the mathematical & CFD modeling for wind turbine design optimization,Journal of Asian Architecture and Building Engineering,Article,unclear,simulation,energy,uncertain_fulltext,PROMOTE: kinetic
2-s2.0-85131431101,10.37575/b/sci/210082,Assessing the Effect of Building Skin Adaptability on Energy Consumption in Hot Arid Regions,Scientific Journal of King Faisal University Basic and Applied Sciences,Article,origami-deployable,experiment,multiple,include,
2-s2.0-85140440872,10.1007/978-3-031-16895-6_9,Kinetic Architecture and BIM: The State of Art and Future Visions,Communications in Computer and Information Science,Conference Paper,unclear,simulation,none,include,
2-s2.0-85128968605,10.1007/978-3-030-96486-3_7,An IoT-Based Framework of Indoor Air Quality Monitoring for Climate Adaptive Building Shells,Internet of Things,Book Chapter,unclear,experiment,multiple,include,
2-s2.0-85137052208,10.15627/jd.2022.11,The optimization of louvers shading devices and room orientation under three different sky conditions,Journal of Daylighting,Article,mechanical,simulation,multiple,include,
2-s2.0-85144651522,10.1007/978-3-031-11232-4_5,Hygromorphs: Exploring Morphologies of Architectural Adaptive Systems Using Hygroscopic Properties of Wood,Advances in Science Technology and Innovation,Book Chapter,material-driven,experiment,multiple,include,
2-s2.0-85121698940,10.3390/app12010082,"Kinetic solar envelope: Performance assessment of a shape memory alloy-based autoreactive façade system for urban heat island mitigation in athens, Greece",Applied Sciences Switzerland,Article,material-driven,simulation,energy,include,
2-s2.0-85112425762,10.1016/j.foar.2021.07.004,Bio-inspired interactive kinetic façade: Using dynamic transitory-sensitive area to improve multiple occupants’ visual comfort,Frontiers of Architectural Research,Article,unclear,simulation,multiple,include,
2-s2.0-85121628743,10.3390/buildings11120637,"Optimization of useful daylight illuminance for vertical shading fins covered by photovoltaic panels for a case study of an office room in the city of Wroclaw, Poland",Buildings,Article,mechanical,simulation,multiple,include,
2-s2.0-85114441240,10.1061/(asce)ae.1943-5568.0000504,Taxonomical Investigation of Self-Sufficient Kinetic Building Envelopes,Journal of Architectural Engineering,Article,unclear,unclear,energy,uncertain_fulltext,PROMOTE: kinetic
2-s2.0-85136643589,10.18280/ijdne.160601,Adjustable Internal Shading for Home Office Daylighting in Tropical Climates,International Journal of Design and Nature and Ecodynamics,Article,unclear,experiment,multiple,include,
2-s2.0-85122617272,10.18280/ijdne.160601,Adjustable Internal Shading for Home Office Daylighting in Tropical Climates,International Journal of Design and Nature and Ecodynamics,Article,unclear,experiment,multiple,include,
2-s2.0-85122673961,10.1016/j.jobe.2021.103076,"Prototyping of 4D-printed self-shaping building skin in architecture: Design, fabrication, and investigation of a two-way shape memory composite (TWSMC) façade panel",Journal of Building Engineering,Article,material-driven,experiment,energy,include,
2-s2.0-85118508179,10.3390/polym13213767,Mono–material 4d printing of digital shape–memory components,Polymers,Article,material-driven,experiment,energy,include,
2-s2.0-85110071920,10.1108/ohi-02-2021-0028,4D printing of wooden actuators: encoding FDM wooden filaments for architectural responsive skins,Open House International,Article,material-driven,experiment,energy,include,
2-s2.0-85108005602,10.1016/j.energy.2021.121165,Energy performance of integrated adaptive envelope systems for residential buildings,Energy,Article,origami-deployable,unclear,energy,include,
2-s2.0-85107643069,10.1016/j.enbuild.2021.111138,Movable window insulation as an instantiation of the adaptive building envelope: An investigation of its cost-effectiveness in the U.S,Energy and Buildings,Article,unclear,simulation,energy,include,
2-s2.0-85096836688,10.1007/s00004-020-00538-5,The Parigi Mechanism: A Novel 1-DOF Mechanism and Its Application as a Kinetic Reciprocal System (KRS) Adaptive Facade,Nexus Network Journal,Article,unclear,unclear,daylight,include,
2-s2.0-85115123664,10.3390/su131810313,Sustainability‐related parameters and decision support tools for kinetic green façades,Sustainability Switzerland,Article,unclear,simulation,none,uncertain_fulltext,PROMOTE: kinetic
2-s2.0-85103393355,10.1016/j.foar.2021.02.003,Exploring expressive and functional capacities of knitted textiles exposed to wind influence,Frontiers of Architectural Research,Article,unclear,experiment,comfort,uncertain_fulltext,PROMOTE: kinetic
2-s2.0-85112492238,10.1088/1755-1315/794/1/012182,Office with Kinetic Sunshading Application on Building Envelopes at Setiabudi,Iop Conference Series Earth and Environmental Science,Conference Paper,unclear,simulation,energy,uncertain_fulltext,PROMOTE: kinetic
2-s2.0-85113729756,10.3390/ijerph18168870,The significance of occupants’ interaction with their environment on reducing cooling loads and dermatological distresses in east mediterranean climates,International Journal of Environmental Research and Public Health,Article,unclear,unclear,energy,include,
2-s2.0-85112088754,10.3390/su13168701,SLICE: An innovative photovoltaic solution for adaptive envelope prototyping and testing in a relevant environment,Sustainability Switzerland,Article,origami-deployable,experiment,energy,uncertain_fulltext,PROMOTE: foldable; kinetic
2-s2.0-85107745428,10.1016/j.solener.2021.06.012,Performance prediction of biomimetic adaptive building skins: Integrating multifunctionality through a novel simulation framework,Solar Energy,Article,material-driven,experiment,multiple,include,
2-s2.0-85113210486,10.3390/buildings11080348,"Evaluating the effect of external horizontal fixed shading devices’ geometry on internal air temperature, daylighting and energy demand in hot dry climate. Case study of ghardaïa, algeria",Buildings,Article,mechanical,experiment,multiple,include,
2-s2.0-85104915977,10.1016/j.apenergy.2021.116904,Analysis of the impact of automatic shading control scenarios on occupant's comfort and energy load,Applied Energy,Article,unclear,simulation,multiple,include,
2-s2.0-85109940032,10.3390/ma14143771,Coherent investigation on a smart kinetic wooden façade based on material passport concepts and environmental profile inquiry,Materials,Article,unclear,unclear,energy,include,
2-s2.0-85114738334,10.7480/jfde.2021.2.5331,Blast resilience enhancement of cable-supported Façade utilizing super-elastic shape memory alloy,Journal of Facade Design and Engineering,Article,material-driven,unclear,none,include,
2-s2.0-85105694875,10.1016/j.jweia.2021.104586,Aerodynamic shape optimization of rectangular and elliptical double-skin façades to mitigate wind-induced effects on tall buildings,Journal of Wind Engineering and Industrial Aerodynamics,Article,unclear,experiment,energy,include,
2-s2.0-85103402498,10.1016/j.jweia.2021.104601,A smart façade system controller for optimized wind-induced vibration mitigation in tall buildings,Journal of Wind Engineering and Industrial Aerodynamics,Article,unclear,simulation,comfort,uncertain_fulltext,PROMOTE: morphing
2-s2.0-85104917961,10.7480/jfde.2021.1.5535,PAOSS : Pneumatically Actuated Origami Sun Shading,Journal of Facade Design and Engineering,Article,pneumatic-soft,unclear,multiple,include,
2-s2.0-85104908798,10.7480/jfde.2021.1.5539,Smart Textile Sun Shading Development of Functional ADAPTEX Prototypes,Journal of Facade Design and Engineering,Article,material-driven,prototype,multiple,include,
2-s2.0-85106522002,10.3390/en14071799,Evaluation of building energy performance with optimal control of movable shading device integrated with pv system,Energies,Article,unclear,simulation,energy,include,
2-s2.0-85102298720,10.1016/j.solener.2021.01.059,Optimal control of switchable ethylene-tetrafluoroethylene (ETFE) cushions for building façades,Solar Energy,Article,pneumatic-soft,simulation,energy,include,
2-s2.0-85098986949,10.1016/j.cad.2020.102988,Integrative design and fabrication methodology for bio-inspired folding mechanisms for architectural applications,CAD Computer Aided Design,Article,pneumatic-soft,experiment,none,include,
2-s2.0-85112087786,10.13128/techne-10699,Novel component for smart sustainable. Building Envelopes,Techne,Article,origami-deployable,prototype,energy,include,
2-s2.0-85100081620,10.1016/j.enbuild.2021.110739,"Assessment of control strategy of adaptive façades for heating, cooling, lighting energy conservation and glare prevention",Energy and Buildings,Article,origami-deployable,case-study,multiple,include,
2-s2.0-85098191209,10.1016/j.energy.2020.119557,Optimal design of an Origami-inspired kinetic façade by balancing composite motion optimization for improving daylight performance and energy efficiency,Energy,Article,origami-deployable,experiment,multiple,include,
2-s2.0-85098989371,10.1016/j.jobe.2020.102113,Self-shaping building skin: Comparative environmental performance investigation of shape-memory-alloy (SMA) response and artificial-intelligence (AI) kinetic control,Journal of Building Engineering,Article,material-driven,experiment,multiple,include,
2-s2.0-85124652049,10.52842/conf.ecaade.2021.1.365,Towards a Digital Workflow for Designing Bistable Kinetic Façades,Proceedings of the International Conference on Education and Research in Computer Aided Architectural Design in Europe,Conference Paper,compliant,simulation,energy,include,
2-s2.0-85112286642,10.1080/23311983.2021.1960699,A typology of adaptive façades. An empirical study based on the morphology of glazed facades,Cogent Arts and Humanities,Article,unclear,unclear,none,uncertain_fulltext,PROMOTE: kinetic
2-s2.0-85101152885,10.15627/jd.2021.5,Biomimetic kinetic shading facade inspired by tree morphology for improving occupant’s daylight performance,Journal of Daylighting,Article,mechanical,simulation,multiple,include,
2-s2.0-85078011441,10.1080/17480272.2020.1713885,Programmable passive actuation for adaptive building façade design using hygroscopic properties of wood,Wood Material Science and Engineering,Article,material-driven,experiment,none,include,
2-s2.0-85121792665,10.2495/sc210331,RESPONSIVE FAÇADES DESIGN USING NANOMATERIALS for OPTIMIZING BUILDINGS' ENERGY PERFORMANCE,Wit Transactions on Ecology and the Environment,Article,material-driven,unclear,energy,uncertain_fulltext,PROMOTE: shape memory
2-s2.0-85105823271,10.35378/gujs.725902,Adaptive architecture based on environmental performance: an advanced intelligent façade (Aif) module,Gazi University Journal of Science,Article,unclear,prototype,multiple,include,
2-s2.0-85106201908,10.1007/978-981-33-6560-5_22,Kinetic Façade Design to Enhance Daylight Performance for Office Building in Malaysia,Lecture Notes in Civil Engineering,Conference Paper,origami-deployable,simulation,daylight,include,
2-s2.0-85129265183,10.23967/membranes.2021.020,SWITCHING TRANSFORMATION FOR SOFT PNEUMATIC ADAPTIVE SHADING,Structural Membranes 2021 10th International Conference on Textile Composites and Inflatable Structures,Conference Paper,pneumatic-soft,unclear,none,include,
2-s2.0-85120804451,,Geometric patterns and dynamics of foldable moduli for adaptive façades,Compdyn Proceedings,Conference Paper,origami-deployable,unclear,unclear,include,
2-s2.0-85081920232,10.1080/00038628.2020.1742644,Design-to-fabrication with thermo-responsive shape memory polymer applications for building skins,Architectural Science Review,Article,material-driven,experiment,none,include,
2-s2.0-85093962315,10.1016/j.buildenv.2020.107385,Design of a passive mechanical system actuated by the nitinol helical springs for shading and sustainable development purposes of the buildings☆,Building and Environment,Article,material-driven,experiment,multiple,include,
2-s2.0-85079216383,10.1080/00038628.2020.1713042,Development of a self-sufficient dynamic façade within the context of climate change,Architectural Science Review,Article,unclear,experiment,multiple,include,
2-s2.0-85105299904,10.18848/2325-1662/cgp/v15i01/71-83,Designing an interactive and energy efficient building facade using photo voltaic panels,International Journal of Architectonic Spatial and Environmental Design,Article,unclear,simulation,multiple,include,
2-s2.0-85111509119,10.46754/jssm.2021.06.011,A Qualitative Study On Airflow Characteristics Across A Wooden Slotted Down Window Panel For Passive Ventilation And Façade Shading Application,Journal of Sustainability Science and Management,Article,material-driven,experiment,multiple,include,
2-s2.0-85107476783,10.1080/09613218.2021.1934377,Thermal pleasure inside solar screened spaces: an experimental study to explore alliesthesia in architecture,Building Research and Information,Article,unclear,experiment,none,include,
2-s2.0-85099293992,10.1080/10420150.2020.1867138,Kinetic envelope soliton in non-thermal quantum pair-ion plasma and Wigner stability,Radiation Effects and Defects in Solids,Article,unclear,experiment,none,include,
2-s2.0-85097823159,10.1007/978-3-030-63403-2_39,The Contribution of Great Circles for Building Retractable Polyhedra,Advances in Intelligent Systems and Computing,Conference Paper,mechanical,prototype,none,include,
2-s2.0-85171538240,10.33586/hya.2019.2882,Forming process of façade panels by curved folding with combined geometric and mechanical optimisation,Hormigon Y Acero,Article,origami-deployable,simulation,none,include,
2-s2.0-85092929162,10.1016/j.eng.2020.07.020,Tall Buildings with Dynamic Facade Under Winds,Engineering,Article,unclear,simulation,energy,include,
2-s2.0-85096679911,10.1016/j.solener.2020.11.003,Evaluation of the effectiveness of a multi-sectional facade with Venetian blinds and roller shades with automated shading control strategies,Solar Energy,Article,unclear,simulation,multiple,include,
2-s2.0-85090706239,10.1016/j.autcon.2020.103397,A fuzzy-logic IoT lighting and shading control system for smart buildings,Automation in Construction,Article,unclear,prototype,daylight,include,
2-s2.0-85089419516,10.1016/j.enbuild.2020.110377,Tunable infrared transmission for energy-efficient pneumatic building façades,Energy and Buildings,Article,pneumatic-soft,simulation,energy,include,
2-s2.0-85091204812,10.1016/j.buildenv.2020.107292,A multi-objective optimization approach for climate-adaptive building envelope design using parametric behavior maps,Building and Environment,Article,material-driven,experiment,multiple,uncertain_fulltext,PROMOTE: kinetic
2-s2.0-85087678583,10.1016/j.scs.2020.102368,Optimum design of building integrated PV module as a movable shading device,Sustainable Cities and Society,Article,mechanical,unclear,energy,include,
2-s2.0-85094943627,10.1088/1361-665x/abb987,"Design, prototyping, and evaluation of a concept for a shape-changing smart material building surface tile",Smart Materials and Structures,Article,material-driven,experiment,energy,include,
2-s2.0-85084033487,10.1016/j.jobe.2020.101404,Integrating interactive kinetic façade design with colored glass to improve daylight performance based on occupants’ position,Journal of Building Engineering,Article,mechanical,simulation,multiple,include,
2-s2.0-85083000344,10.1016/j.jobe.2020.101397,Prototype of a cyber-physical façade system,Journal of Building Engineering,Article,unclear,prototype,energy,include,
2-s2.0-85086497914,10.1061/(asce)ae.1943-5568.0000419,New Approach in Designing a Kinetic Window Shading Using Optimization Methods,Journal of Architectural Engineering,Article,unclear,simulation,energy,uncertain_fulltext,PROMOTE: kinetic
2-s2.0-85090845855,10.3390/polym12091914,Shape memory polymer foam with programmable apertures,Polymers,Article,material-driven,experiment,energy,include,
2-s2.0-85085250686,10.1061/(asce)ae.1943-5568.0000410,Simulation Workflow for Parametric Optimization of Outdoor Comfort-Based Origami Shelter,Journal of Architectural Engineering,Article,origami-deployable,simulation,comfort,include,
2-s2.0-85088433108,10.3389/fbuil.2020.00095,Integrating Ionic Electroactive Polymer Actuators and Sensors Into Adaptive Building Skins – Potentials and Limitations,Frontiers in Built Environment,Article,unclear,experiment,multiple,include,
2-s2.0-85081652116,10.1016/j.jclepro.2020.120708,An experimental study of vertical greenery systems for window shading for energy saving in summer,Journal of Cleaner Production,Article,unclear,experiment,multiple,include,
2-s2.0-85076254654,10.1016/j.foar.2019.10.004,A computational approach for achieving optimum daylight inside buildings through automated kinetic shading systems,Frontiers of Architectural Research,Article,mechanical,simulation,multiple,include,
2-s2.0-85085911472,10.3390/su12114391,Performance evaluation and design of thermo-responsive SMP shading prototypes,Sustainability Switzerland,Article,material-driven,experiment,multiple,include,
2-s2.0-85094812727,10.1109/icsmartgrid49881.2020.9144954,Modeling and Implementation of an Adaptive Facade Design for Energy Efficiently Buildings Based Biomimicry,8th International Conference on Smart Grid Icsmartgrid 2020,Conference Paper,unclear,simulation,multiple,uncertain_fulltext,PROMOTE: kinetic
2-s2.0-85081115350,10.1016/j.autcon.2020.103151,3D-printed attachable kinetic shading device with alternate actuation: Use of shape-memory alloy (SMA) for climate-adaptive responsive architecture,Automation in Construction,Article,material-driven,prototype,none,include,
2-s2.0-85077903224,10.1002/stc.2463,Explorative study on adaptive facades with superelastic antagonistic actuation,Structural Control and Health Monitoring,Article,unclear,experiment,none,include,
2-s2.0-85083001459,10.1016/j.mechrescom.2020.103503,Mechanics of smart origami sunscreens with energy harvesting ability,Mechanics Research Communications,Article,origami-deployable,simulation,energy,include,
2-s2.0-85101734566,10.5749/envispacplac.12.1.0110,"(In)stable Boundaries–towards Adaptive Architecture: Interrelated Changes in Architecture, Atmosphere and Human Experience",Environment Space Place,Article,unclear,unclear,daylight,include,
2-s2.0-85101809210,10.3390/buildings10020022,Evaluating the Influence of Varied External Shading Elements on Internal Daylight Illuminances,Buildings,Article,mechanical,simulation,daylight,include,
2-s2.0-85072035566,10.1007/s12273-019-0562-0,Comparison of passive cooling techniques in reducing overheating of clay-straw building in semi-arid climate,Building Simulation,Article,unclear,simulation,multiple,include,
2-s2.0-85184991093,,The impact of kinetic facades on building occupants Psychological state and cognitive performance,PLEA 2020 35th PLEA Conference on Passive and Low Energy Architecture Planning Post Carbon Cities Proceedings,Conference Paper,unclear,unclear,unclear,include,
2-s2.0-85085959044,10.1007/978-3-030-33570-0_19,Adaptive skins: towards new material systems,Research for Development,Book Chapter,material-driven,experiment,multiple,include,
2-s2.0-85091338421,10.52842/conf.caadria.2020.1.579,Parametric modelling and simulation of an indoor temperature responsive rotational shading system design,Re Anthropocene Design in the Age of Humans Proceedings of the 25th International Conference on Computer Aided Architectural Design Research in Asia Caadria 2020,Conference Paper,mechanical,prototype,multiple,include,
2-s2.0-85128244716,10.52842/conf.ecaade.2020.1.133,Hygrosensitive Kinetic Facade: A full-scale meteorosensitive shading system based on wood's self-actuated hygroscopic behavior,Proceedings of the International Conference on Education and Research in Computer Aided Architectural Design in Europe,Conference Paper,material-driven,experiment,none,include,
2-s2.0-85088049126,10.1016/j.promfg.2020.02.212,Transformable building envelope design in architectural education,Procedia Manufacturing,Conference Paper,unclear,prototype,multiple,uncertain_fulltext,PROMOTE: kinetic
2-s2.0-85085959535,10.52842/conf.caadria.2020.1.035,Thermo-shading: Digital design and additive manufacturing of SMP prototypes,Re Anthropocene Design in the Age of Humans Proceedings of the 25th International Conference on Computer Aided Architectural Design Research in Asia Caadria 2020,Conference Paper,material-driven,experiment,none,include,
2-s2.0-85085729836,10.1117/12.2558972,Aerodynamic mitigation of origami-inspired building structures subjected to hurricane wind loads,Proceedings of SPIE the International Society for Optical Engineering,Conference Paper,origami-deployable,experiment,none,include,
2-s2.0-85104924617,10.52842/conf.acadia.2020.1.360,Adaptive textile facades through the integration of shape memory alloy,Proceedings of the 40th Annual Conference of the Association for Computer Aided Design in Architecture Distributed Proximities Acadia 2020,Conference Paper,material-driven,experiment,energy,include,
2-s2.0-85096044479,10.7480/jfde.2020.1.4700,A novel approach to shape memory alloys applied to passive adaptive shading systems,Journal of Facade Design and Engineering,Article,material-driven,experiment,none,include,
2-s2.0-85090259646,10.4186/ej.2020.24.4.229,Prototype of automated shading device: preliminary development,Engineering Journal,Article,mechanical,prototype,multiple,include,
2-s2.0-85083065546,10.1007/978-3-030-29041-2_35,Moving Forward to 3D/4D Printed Building Facades,Lecture Notes in Mechanical Engineering,Conference Paper,material-driven,unclear,energy,include,
2-s2.0-85128206398,10.52842/conf.ecaade.2020.2.641,Extending the Passive Actuation of Low-tech Architectural Adaptive Systems by Integrating Hygroscopic and Thermal Properties of Wood,Proceedings of the International Conference on Education and Research in Computer Aided Architectural Design in Europe,Conference Paper,material-driven,experiment,energy,include,
2-s2.0-85096784584,10.1115/smasis2020-2302,Design optimization of shape memory alloy-based adaptive building skins for thermal regulation,ASME 2020 Conference on Smart Materials Adaptive Structures and Intelligent Systems Smasis 2020,Conference Paper,material-driven,simulation,energy,include,
2-s2.0-85105096140,10.1016/j.ifacol.2020.12.1585,Facade-integrated semi-active vibration control for wind-excited super-slender tall buildings,IFAC Papersonline,Conference Paper,unclear,unclear,comfort,include,
2-s2.0-85098010750,10.1007/978-3-030-17308-1_41,New technologies for adaptive architecture,Advances in Science Technology and Innovation,Book Chapter,unclear,unclear,energy,include,
2-s2.0-85074160165,10.1016/j.engstruct.2019.109839,Computational design optimization of a smart material shape changing building skin tile,Engineering Structures,Article,material-driven,simulation,energy,include,
2-s2.0-85064130830,10.3992/1943-4618.14.1.165,Environmentally responsive kinetic faÇade for educational buildings,Journal of Green Building,Article,unclear,unclear,none,include,
2-s2.0-85083834833,10.3390/su11247096,A Study on Multi-Objective Parametric Design Tool for Surround-Type Movable Shading Device,Sustainability Switzerland,Article,unclear,simulation,multiple,include,
2-s2.0-85073719492,10.1016/j.autcon.2019.102959,Self-reconfigurable façade-cleaning robot equipped with deep-learning-based crack detection based on convolutional neural networks,Automation in Construction,Article,unclear,experiment,none,include,
2-s2.0-85072262008,10.1016/j.apenergy.2019.113896,Improved thermal-electrical-optical model and performance assessment of a PV-blind embedded glazing façade system with complex shading effects,Applied Energy,Article,mechanical,experiment,daylight,include,
2-s2.0-85076256444,10.1088/1742-6596/1343/1/012162,Shaping light to influence occupants' experience of space: A kinetic shading system with composite materials,Journal of Physics Conference Series,Conference Paper,unclear,prototype,daylight,include,
2-s2.0-85077305362,10.1145/3363459.3363538,"Advanced daylight admission systems using auxetic structures in Florida, USA",Urbsys 2019 Proceedings of the 1st ACM International Workshop on Urban Building Energy Sensing Controls Big Data Analysis and Visualization Part of Buildsys 2019,Conference Paper,unclear,experiment,multiple,include,
2-s2.0-85071987660,10.1016/j.buildenv.2019.106396,Interactive kinetic façade: Improving visual comfort based on dynamic daylight and occupant's positions by 2D and 3D shape changes,Building and Environment,Article,unclear,simulation,multiple,include,
2-s2.0-85071466157,10.1016/j.scs.2019.101782,Form-finding mechanism derived from plant movement in response to environmental conditions for building envelopes,Sustainable Cities and Society,Article,material-driven,experiment,energy,include,
2-s2.0-85074712085,10.1088/1757-899x/609/7/072027,Control method for adaptive fa?ades based on energy conservation and glare protection strategies,Iop Conference Series Materials Science and Engineering,Conference Paper,origami-deployable,unclear,multiple,include,
2-s2.0-85068161154,10.1080/23744731.2019.1620578,Numerical optimization of integrated passive heating and cooling systems yields simple protocols for building energy decarbonization,Science and Technology for the Built Environment,Article,mechanical,simulation,multiple,include,
2-s2.0-85067042246,10.1016/j.autcon.2019.102857,Integrated parametric design of adaptive facades for user's visual comfort,Automation in Construction,Article,origami-deployable,prototype,multiple,include,
2-s2.0-85071003124,10.1016/j.solener.2019.07.027,Impact of different control strategies of perforated curved louvers on the visual comfort and energy consumption of office buildings in different climates,Solar Energy,Article,mechanical,simulation,multiple,include,
2-s2.0-85068484135,10.1016/j.foar.2019.06.001,Adaptive biomimetic facades: Enhancing energy efficiency of highly glazed buildings,Frontiers of Architectural Research,Article,origami-deployable,simulation,multiple,include,
2-s2.0-85071983862,10.3390/su11174684,A novel composite material for foldable building envelopes,Sustainability Switzerland,Article,origami-deployable,unclear,none,include,
2-s2.0-85072394287,10.3390/app9183688,Numerical analysis of building envelope with movable phase change materials for heating applications,Applied Sciences Switzerland,Article,unclear,experiment,energy,include,
2-s2.0-85068928948,10.1038/s41560-019-0424-0,Dynamic photovoltaic building envelopes for adaptive energy and comfort management,Nature Energy,Article,unclear,prototype,multiple,include,
2-s2.0-85070579362,10.1088/1755-1315/296/1/012014,Chameleon Building,Iop Conference Series Earth and Environmental Science,Conference Paper,material-driven,experiment,none,include,
2-s2.0-85067676489,10.1080/00038628.2019.1614902,Prototype development of responsive kinetic façade control system for the elderly based on Ambient Assisted Living,Architectural Science Review,Article,unclear,prototype,comfort,include,
2-s2.0-85072103736,10.1109/iwmn.2019.8805024,Sensors and control solutions for Smart-IoT façade modules,2019 IEEE International Symposium on Measurements and Networking M and N 2019 Proceedings,Conference Paper,unclear,experiment,multiple,include,
2-s2.0-85068756517,10.1088/1755-1315/290/1/012100,Solar Aperture of a Building Enclosure: The Case Study of a Well-Insulated Family House in Semi-Continental Climate,Iop Conference Series Earth and Environmental Science,Conference Paper,unclear,simulation,energy,include,
2-s2.0-85064278798,10.1016/j.buildenv.2019.04.002,Building facade multi-objective optimization for daylight and aesthetical perception,Building and Environment,Article,unclear,simulation,daylight,include,
2-s2.0-85065913873,10.3390/buildings9040080,Thermal responsive performances of a Spanish balcony-based vernacular envelope,Buildings,Article,origami-deployable,simulation,multiple,include,
2-s2.0-85062828961,10.3390/su11051253,"Heating, cooling, and lighting energy demand simulation analysis of kinetic shading devices with automatic dimming control for Asian Countries",Sustainability Switzerland,Article,origami-deployable,experiment,multiple,include,
2-s2.0-85062149950,10.1016/j.aej.2018.11.013,Adaptive building envelopes of multistory buildings as an example of high performance building skins,Alexandria Engineering Journal,Article,unclear,unclear,multiple,include,
2-s2.0-85062458386,10.3389/fmats.2019.00007,On the kinematics and actuation of dynamic sunscreens with tensegrity architecture,Frontiers in Materials,Article,origami-deployable,unclear,energy,include,
2-s2.0-85061844408,10.3390/s19040843,PLUG-N-HARVEST Architecture for secure and intelligent management of near-zero energy buildings,Sensors Switzerland,Article,origami-deployable,unclear,multiple,include,
2-s2.0-85062896429,10.1088/1402-4896/aaecb5,Wigner transform and stability of kinetic envelope soliton in an electron depleted dusty plasma with two temperature non-thermal ions,Physica Scripta,Article,unclear,simulation,none,include,
2-s2.0-85081595613,,A unified framework for optimizing the performance of a kinetic façade,Simulation Series,Conference Paper,unclear,unclear,unclear,include,
2-s2.0-85062951783,10.33383/2018-038,A novel framework to evaluate the performance of responsive kinetic shading devices,Light and Engineering,Article,unclear,experiment,daylight,include,
2-s2.0-85202615055,10.46855/energy-proceedings-2995,THE IMPACT OF DYNAMIC FACADE TYPOLOGY ON DAYLIGHT AND ENERGY PERFORMANCE: COMPARING ROTATION AND FOLDING MOTION,Energy Proceedings,Conference Paper,origami-deployable,simulation,multiple,include,
2-s2.0-85061911695,10.7480/jfde.2019.1.2778,A study on the impact of climate adaptive building shells on indoor comfort,Journal of Facade Design and Engineering,Article,unclear,simulation,multiple,include,
2-s2.0-85061933873,10.7480/jfde.2019.1.2662,SMP Prototype Design and Fabrication for Thermo-responsive Façade Elements,Journal of Facade Design and Engineering,Article,material-driven,experiment,multiple,include,
2-s2.0-85069792022,10.1117/12.2514132,Towards resilient adaptive origami-inspired diagrid building envelope,Proceedings of SPIE the International Society for Optical Engineering,Conference Paper,origami-deployable,simulation,energy,include,
2-s2.0-85071493486,,A study of kinetic façade modelling performance using virtual reality,Proceedings of the 36th International Symposium on Automation and Robotics in Construction Isarc 2019,Conference Paper,unclear,unclear,unclear,include,
2-s2.0-85069169883,10.5176/2301-394x_ace19.526,Wind pressure analysis of movable shading by using cfd,Proceedings of the Annual International Conference on Architecture and Civil Engineering,Conference Paper,unclear,simulation,energy,include,
2-s2.0-85068211274,10.1007/978-981-13-8410-3_26,The Effect of Hygroscopic Design Parameters on the Programmability of Laminated Wood Composites for Adaptive Façades,Communications in Computer and Information Science,Conference Paper,material-driven,experiment,none,include,
2-s2.0-85062462263,10.2495/arc180121,A shape grammar approach to climatically adaptable façade systems with real time performance evaluation,Wit Transactions on the Built Environment,Conference Paper,unclear,simulation,none,uncertain_fulltext,PROMOTE: kinetic
2-s2.0-85064475717,10.1061/9780784482261.009,Daylighting and visual comfort performance of integrated dynamic roller shades and lighting controls,Aei 2019 Integrated Building Solutions the National Agenda Proceedings of the Architectural Engineering National Conference 2019,Conference Paper,unclear,experiment,multiple,include,
2-s2.0-85079221576,10.1201/9780429426506-171,"Manufacturing, optimization and design of electroactive cnt-actuators for adaptive building envelopes",Advances in Engineering Materials Structures and Systems Innovations Mechanics and Applications Proceedings of the 7th International Conference on Structural Engineering Mechanics and Computation 2019,Conference Paper,unclear,experiment,comfort,include,
2-s2.0-85062896626,10.1007/978-3-030-03676-8_26,Hygroscapes: Innovative shape shifting façades,Lecture Notes in Civil Engineering,Book Chapter,material-driven,experiment,none,include,
2-s2.0-85086248507,,Simulative study and potential analysis of inflatable facade elements to balance environmental disturbances,9th Eccomas Thematic Conference on Smart Structures and Materials Smart 2019,Conference Paper,pneumatic-soft,simulation,unclear,include,
2-s2.0-85061922057,10.7480/jfde.2019.1.2620,Auxetic structures and advanced daylight control systems,Journal of Facade Design and Engineering,Article,unclear,experiment,multiple,include,
2-s2.0-85073168132,,Forming process of façade panels by curved folding with combined geometric and mechanical optimisation,Proceedings of the International Fib Symposium on Conceptual Design of Structures,Conference Paper,origami-deployable,simulation,unclear,include,
2-s2.0-85134792801,,Forming process of façade panels by curved folding with combined geometric and mechanical optimisation,Fib Symposium,Conference Paper,origami-deployable,simulation,unclear,include,
2-s2.0-85104907044,10.5151/proceedings-ecaadesigradi2019_446,Material Studies for Thermal Responsive Composite Envelopes,Proceedings of the International Conference on Education and Research in Computer Aided Architectural Design in Europe,Conference Paper,unclear,experiment,energy,include,
2-s2.0-85091599911,10.1201/9781315229126-82,Dynamic shelter structure,Structures and Architecture Bridging the Gap and Crossing Borders Proceedings of the 4th International Conference on Structures and Architecture Icsa 2019,Conference Paper,origami-deployable,simulation,none,include,
2-s2.0-85074449203,10.2749/newyork.2019.0352,Assessment of wind-induced vibration suppression and energy harvesting using facades,20th Congress of IABSE New York City 2019 the Evolving Metropolis Report,Conference Paper,unclear,simulation,energy,include,
2-s2.0-85084098195,10.1115/smasis2019-5674,Developing a smart façade system controller for wind-induced vibration mitigation in tall buildings,ASME 2019 Conference on Smart Materials Adaptive Structures and Intelligent Systems Smasis 2019,Conference Paper,mechanical,experiment,comfort,include,
2-s2.0-85074447310,10.2749/newyork.2019.0767,Kinetic architecture application at the shed at Hudson yards,20th Congress of IABSE New York City 2019 the Evolving Metropolis Report,Conference Paper,origami-deployable,case-study,none,include,
2-s2.0-85065920239,10.1201/9781315229126-32,A hybrid adaptive composite based auxiliary envelope,Structures and Architecture Bridging the Gap and Crossing Borders Proceedings of the 4th International Conference on Structures and Architecture Icsa 2019,Conference Paper,mechanical,experiment,none,include,
2-s2.0-85063911160,10.3390/buildings9020044,Adaptive kinetic architecture and collective behavior: A Dynamic analysis for emergency evacuation,Buildings,Article,unclear,simulation,none,include,
2-s2.0-85069758062,10.1117/12.2522089,Breathing skins workshop: A hands-on investigation of bio-inspired foldable structures for temperature and humidity control in buildings,Proceedings of SPIE the International Society for Optical Engineering,Conference Paper,origami-deployable,experiment,none,include,
2-s2.0-85050405261,10.1061/(asce)ae.1943-5568.0000323,Exploration of Adaptive Origami Shading Concepts through Integrated Dynamic Simulations,Journal of Architectural Engineering,Article,origami-deployable,simulation,multiple,include,
2-s2.0-85051140391,10.1016/j.apenergy.2018.07.046,Optical aspects and energy performance of switchable ethylene-tetrafluoroethylene (ETFE) foil cushions,Applied Energy,Article,pneumatic-soft,simulation,multiple,include,
2-s2.0-85047811689,10.1016/j.autcon.2018.05.013,Performative design environment for kinetic photovoltaic architecture,Automation in Construction,Article,unclear,experiment,multiple,uncertain_fulltext,PROMOTE: kinetic
2-s2.0-85046768748,10.1016/j.matdes.2018.04.044,Pneumatically adaptive light modulation system (PALMS) for buildings,Materials and Design,Article,pneumatic-soft,experiment,daylight,include,
2-s2.0-85048680487,10.1007/s12273-018-0433-0,Daylighting and visual comfort of oriental sun responsive skins: A parametric analysis,Building Simulation,Article,mechanical,simulation,multiple,include,
2-s2.0-85049243228,10.1556/1848.2018.9.1.6,Prevention of summer overheating of buildings with added convex windows,International Review of Applied Sciences and Engineering,Article,unclear,experiment,energy,include,
2-s2.0-85050697437,10.1088/1757-899x/362/1/012011,A Methodology for Evaluating the Hygroscopic Behavior of Wood in Adaptive Building Skins using Motion Grammar,Iop Conference Series Materials Science and Engineering,Conference Paper,material-driven,experiment,none,include,
2-s2.0-85040938076,10.1007/s00004-017-0365-5,"Architecture In-Play, Future Challenges",Nexus Network Journal,Article,origami-deployable,experiment,none,include,
2-s2.0-85041382639,10.1016/j.solener.2018.01.082,Developing an advanced daylight model for building energy tool to simulate dynamic shading device,Solar Energy,Article,origami-deployable,simulation,multiple,uncertain_fulltext,PROMOTE: kirigami
2-s2.0-85051750668,10.3992/1943-4618.13.2.145,Modeling and fabrication of a kinetic solar energy-absorbing window as a green idea for sustainable future buildings,Journal of Green Building,Article,unclear,experiment,multiple,uncertain_fulltext,PROMOTE: kinetic
2-s2.0-85056076335,10.52842/conf.caadria.2018.2.143,Pneumatic skin with adaptive openings: Adaptive façade with opening control integrated with CFD for natural ventilation,Caadria 2018 23rd International Conference on Computer Aided Architectural Design Research in Asia Learning Prototyping and Adapting,Conference Paper,pneumatic-soft,simulation,multiple,include,
2-s2.0-85117689569,10.7480/jfde.2018.1.1865,Using parametric BIM integration for prototyping future responsive façades,Journal of Facade Design and Engineering,Article,origami-deployable,experiment,daylight,include,
2-s2.0-85056302357,10.7480/jfde.2018.3.2574,The role of geometry for adaptability: Comparison of shading systems and biological role models,Journal of Facade Design and Engineering,Article,unclear,simulation,none,uncertain_fulltext,PROMOTE: kinetic
2-s2.0-85054651394,10.7480/cgc.6.2133,Movable thin glass elements in façades,Challenging Glass 6 Conference on Architectural and Structural Applications of Glass Cgc 2018 Proceedings,Conference Paper,origami-deployable,unclear,energy,include,
2-s2.0-85048316260,10.7480/jfde.2018.2.2216,Exploring the potential of smart and multifunctional materials in adaptive opaque façade systems,Journal of Facade Design and Engineering,Article,unclear,unclear,energy,include,
2-s2.0-85032437374,10.1016/j.autcon.2017.10.006,An innovative building envelope (kinetic façade) with Shape Memory Alloys used as actuators and sensors,Automation in Construction,Article,material-driven,prototype,energy,include,
2-s2.0-85054607143,10.7480/cgc.6.2129,Flexible transparency - A study on adaptive thin glass façade panels,Challenging Glass 6 Conference on Architectural and Structural Applications of Glass Cgc 2018 Proceedings,Conference Paper,unclear,prototype,multiple,uncertain_fulltext,PROMOTE: kinetic
2-s2.0-85058961035,10.26687/archnet-ijar.v12i3.1607,Proposing a novel kinetic skin for building facades using scissor-like-element structures,Archnet Ijar International Journal of Architectural Research,Article,origami-deployable,experiment,comfort,include,
2-s2.0-85056337481,10.7480/jfde.2018.3.2602,Study of a BIPV adaptive system: Combining timber and photovoltaic technologies,Journal of Facade Design and Engineering,Article,material-driven,simulation,energy,include,
2-s2.0-85045672511,10.1088/1748-3190/aa979c,Hindwings of insects as concept generator for hingeless foldable shading systems,Bioinspiration and Biomimetics,Article,origami-deployable,prototype,energy,include,
2-s2.0-85038610561,10.1088/1361-665x/aa9c2f,Flectofold - A biomimetic compliant shading device for complex free form facades,Smart Materials and Structures,Article,pneumatic-soft,experiment,none,include,
2-s2.0-85048333744,10.7480/jfde.2018.1.1781,Numerical investigation of capabilities for dynamic self-shading through shape changing building surface tiles,Journal of Facade Design and Engineering,Article,unclear,simulation,energy,include,
2-s2.0-85096578319,,Self-regulating solar shading system for the building envelope based on thermal shape memory effect,Actuator 2018 16th International Conference and Exhibition on New Actuators and Drive Systems Conference Proceedings,Conference Paper,material-driven,unclear,unclear,include,
2-s2.0-85086487453,10.1201/9780429506208-81,Richard neutra and the history of the vertical louvered solar control system,Building Knowledge Constructing Histories,Conference Paper,mechanical,unclear,daylight,include,
2-s2.0-85028744742,10.1016/j.renene.2017.07.079,Environmental assessment of an integrated adaptive system for the improvement of indoor visual comfort of existing buildings,Renewable Energy,Article,unclear,simulation,multiple,include,
2-s2.0-85020826686,10.1016/j.enbuild.2017.06.030,Lighting and cooling energy assessment of multi-purpose control strategies for external movable shading devices by using shaded fraction,Energy and Buildings,Article,unclear,prototype,multiple,include,
2-s2.0-85027711885,10.3390/su9081449,Method of deriving shaded fraction according to shading movements of kinetic façade,Sustainability Switzerland,Article,mechanical,unclear,energy,include,
2-s2.0-85029605831,10.17660/actahortic.2017.1170.115,Evaluating environmental conditions in open-roof greenhouses,Acta Horticulturae,Conference Paper,mechanical,experiment,energy,include,
2-s2.0-85022208992,10.1016/j.jobe.2017.06.013,NEST HiLo: Investigating lightweight construction and adaptive energy systems,Journal of Building Engineering,Article,pneumatic-soft,experiment,multiple,include,
2-s2.0-85044530680,10.1109/wsc.2017.8247978,Hybrid metaheuristic experiments of real-time adaptive optimization of parametric shading design through remote data transfer,Proceedings Winter Simulation Conference,Conference Paper,unclear,experiment,daylight,include,
2-s2.0-85030535920,10.18260/1-2--28052,Comparative analysis of technologies used in responsive building facades,ASEE Annual Conference and Exposition Conference Proceedings,Conference Paper,unclear,unclear,multiple,include,
2-s2.0-85017550986,10.1016/j.enbuild.2017.04.021,Daylight-linked synchronized shading operation using simplified model-based control,Energy and Buildings,Article,unclear,experiment,multiple,include,
2-s2.0-85045850892,10.15627/jd.2017.1,Solar shading in low energy office buildings - design strategy and user perception,Journal of Daylighting,Article,unclear,simulation,multiple,include,
2-s2.0-85018592600,10.1145/3024969.3024981,Interactive architecture: Exploring and unwrapping the potentials of organic user interfaces,Tei 2017 Proceedings of the 11th International Conference on Tangible Embedded and Embodied Interaction,Conference Paper,unclear,unclear,none,uncertain_fulltext,PROMOTE: kinetic
2-s2.0-85015954497,10.3390/su9030435,Sustainable materialisation of responsive architecture,Sustainability Switzerland,Article,material-driven,experiment,none,include,
2-s2.0-85010756942,10.1016/j.enbuild.2017.01.018,Influence of orientation and the impact of external window shading on building thermal performance in tropical climate,Energy and Buildings,Article,unclear,experiment,energy,include,
2-s2.0-85006868342,10.1080/00038628.2016.1266991,External shading in buildings: comparative analysis of daylighting performance in static and kinetic operation scenarios,Architectural Science Review,Article,mechanical,experiment,daylight,include,
2-s2.0-85002125636,10.1016/j.buildenv.2016.09.035,FAST energy and daylight optimization of an office with fixed and movable shading devices,Building and Environment,Article,origami-deployable,simulation,multiple,include,
2-s2.0-85127839403,10.52842/conf.ecaade.2017.2.231,Kinetic Shading System as a means for Optimizing Energy Load A Parametric Approach to Optimize Daylight Performance for an Office Building in Rome,Proceedings of the International Conference on Education and Research in Computer Aided Architectural Design in Europe,Conference Paper,unclear,experiment,multiple,include,
2-s2.0-85043390304,10.7480/jfde.2017.2.1737,Directions for the design of energy efficient kinematics in adaptive solar building envelopes,Journal of Facade Design and Engineering,Article,origami-deployable,unclear,energy,include,
2-s2.0-85061365436,10.22360/simaud.2017.simaud.023,Geometry-material coordination for passive adaptive solar morphing envelopes,Simulation Series,Conference Paper,material-driven,unclear,none,include,
2-s2.0-85029908446,10.1016/j.egypro.2017.07.347,Evaluation of a solar thermal glass façade with adjustable transparency in cold and hot climates,Energy Procedia,Conference Paper,unclear,simulation,multiple,include,
2-s2.0-85043703955,10.7480/jfde.2017.1.1421,Optimised parametric model of a modular multifunctional climate adaptive façade for shopping centres retrofitting,Journal of Facade Design and Engineering,Conference Paper,mechanical,simulation,multiple,include,
2-s2.0-85020429698,10.1108/ohi-01-2017-b0003,A comparative study of the building energy performance of thermotropic windows,Open House International,Article,unclear,unclear,multiple,include,
2-s2.0-85021961684,10.7480/jfde.2017.1.1425,Multi-active façade for Swedish multi-family homes renovation - Evaluating the potentials of passive design measures,Journal of Facade Design and Engineering,Conference Paper,unclear,experiment,multiple,include,
2-s2.0-85027232772,10.4028/www.scientific.net/kem.742.689,"Fiber-reinforced plastics with locally adapted stiffness for bio-inspired hingeless, deployable architectural systems",Key Engineering Materials,Conference Paper,origami-deployable,prototype,none,include,
2-s2.0-85032707601,10.1016/j.egypro.2017.09.543,The role of shading devices to improve thermal and visual comfort in existing glazed buildings,Energy Procedia,Conference Paper,unclear,unclear,multiple,include,
2-s2.0-85041324911,10.1557/adv.2017.429,Superporous Intelligent Hydrogels for Environmentally Adaptive Building Skins,MRS Advances,Conference Paper,unclear,prototype,multiple,include,
2-s2.0-85018751847,10.1016/j.apenergy.2017.04.046,An integrated thermal and lighting simulation tool to support the design process of complex fenestration systems for office buildings,Applied Energy,Article,mechanical,simulation,multiple,include,
2-s2.0-84992304030,10.1016/j.solmat.2016.04.017,Life cycle assessment of dynamic building integrated photovoltaics,Solar Energy Materials and Solar Cells,Article,unclear,simulation,multiple,include,
2-s2.0-84990929260,10.3390/su8090883,Evaluating thermal and lighting energy performance of shading devices on kinetic façades,Sustainability Switzerland,Article,unclear,case-study,multiple,include,
2-s2.0-85016450269,,The thermal performance of residential building integrated with adaptive kinetic shading system,International Energy Journal,Article,unclear,unclear,unclear,include,
2-s2.0-84977548584,10.1109/icra.2016.7487700,SoRo-Track: A two-axis soft robotic platform for solar tracking and building-integrated photovoltaic applications,Proceedings IEEE International Conference on Robotics and Automation,Conference Paper,pneumatic-soft,experiment,none,include,
2-s2.0-84968877311,10.1016/b978-0-08-100263-6.00018-6,Smart coatings for textiles in architecture,Active Coatings for Smart Textiles,Book Chapter,unclear,unclear,energy,include,
2-s2.0-84954232103,10.1016/j.solener.2015.12.039,Parametric-based designs for kinetic facades to optimize daylight performance: Comparing rotation and translation kinetic motion for hexagonal facade patterns,Solar Energy,Article,mechanical,experiment,daylight,include,
2-s2.0-84930357742,10.1080/17512549.2015.1040071,Adaptation of London's social housing to climate change through retrofit: a holistic evaluation approach,Advances in Building Energy Research,Article,mechanical,simulation,energy,include,
2-s2.0-84978285990,10.1007/978-3-319-40542-1_72,Sync-BIM: The interactive BIM-based platform for controlling data-driven kinetic façade,Communications in Computer and Information Science,Conference Paper,unclear,prototype,multiple,include,
2-s2.0-85125468288,,Origami Explorations A Generative Parametric Technique For kinetic cellular façade to optimize Daylight Performance,Proceedings of the International Conference on Education and Research in Computer Aided Architectural Design in Europe,Conference Paper,origami-deployable,simulation,daylight,include,
2-s2.0-84973549990,,The development of kinetic façade units with BIM-based active control system for the adaptive building energy performance service,Caadria 2016 21st International Conference on Computer Aided Architectural Design Research in Asia Living Systems and Micro Utopias Towards Continuous Designing,Conference Paper,unclear,unclear,energy,include,
2-s2.0-84992428115,10.1016/j.proeng.2016.08.029,The Sustainability of Adaptive Envelopes: Developments of Kinetic Architecture,Procedia Engineering,Conference Paper,unclear,simulation,energy,uncertain_fulltext,PROMOTE: kinetic
2-s2.0-85127763144,10.52842/conf.ecaade.2016.1.529,Using Tensegrity and Folding to Generate Soft Responsive Architectural Skins,Proceedings of the International Conference on Education and Research in Computer Aided Architectural Design in Europe,Conference Paper,material-driven,prototype,daylight,include,
2-s2.0-84968903143,10.3130/jaabe.15.335,Fundamental study on the optimal design of a folding shading device: Solar radiation model & potential cooling load saving,Journal of Asian Architecture and Building Engineering,Article,origami-deployable,simulation,energy,include,
2-s2.0-85015184129,10.1109/wf-iot.2016.7845436,Adaptive building-skin components as context-aware nodes in an extended cyber-physical network,2016 IEEE 3rd World Forum on Internet of Things Wf Iot 2016,Conference Paper,unclear,simulation,comfort,include,
2-s2.0-85011266617,10.12989/eas.2016.11.6.983,Evaluation of the effect of smart façade systems in reducing dynamic response of structures subjected to seismic loads,Earthquake and Structures,Article,unclear,unclear,energy,include,
2-s2.0-84992422423,10.1016/j.proeng.2016.08.031,Kinetic Roof Structure: Msheireb Heart of Doha,Procedia Engineering,Conference Paper,mechanical,unclear,none,include,
2-s2.0-85018960635,10.1016/j.proeng.2016.08.031,Kinetic roof structure: Msheireb heart of Doha,IABSE Congress Stockholm 2016 Challenges in Design and Construction of an Innovative and Sustainable Built Environment,Conference Paper,mechanical,unclear,none,include,
2-s2.0-85010991418,,Wooden bilayers for innovative climate adaptive shading and tracking systems,Wcte 2016 World Conference on Timber Engineering,Conference Paper,unclear,unclear,unclear,uncertain_fulltext,PROMOTE: shading and tracking
2-s2.0-85006410982,10.1016/j.egypro.2016.09.173,Study of Natural Ventilation in wind Tunnels and Influence of the Position of Ventilation Modules and Types of Grids on a Modular Façade System,Energy Procedia,Conference Paper,unclear,experiment,energy,include,
2-s2.0-84940670082,10.1016/j.conbuildmat.2015.08.136,Hygromorphic materials for sustainable responsive architecture,Construction and Building Materials,Article,material-driven,unclear,energy,include,
2-s2.0-84962522336,10.1016/j.egypro.2015.11.663,Shaping an origami shading device through visual and thermal simulations,Energy Procedia,Conference Paper,material-driven,simulation,multiple,include,
2-s2.0-84948123832,10.1017/s0890060415000463,Notes on the design process of a responsive sun-shading system: A case study of designer and user explorations supported by computational tools,Artificial Intelligence for Engineering Design Analysis and Manufacturing AIEDAM,Conference Paper,mechanical,simulation,multiple,include,
2-s2.0-84942929411,10.1088/0964-1726/24/10/105032,On the use of tensegrity structures for kinetic solar facades of smart buildings,Smart Materials and Structures,Article,mechanical,unclear,none,include,
2-s2.0-85066277310,10.1007/978-3-319-17777-9_65,Smart envelope for nearly zero energy schools. The case study of Vallisneri Secondary School in Lucca,Renewable Energy in the Service of Mankind,Book Chapter,unclear,case-study,multiple,include,
2-s2.0-85012260247,,Use of kinetic facades to enhance daylight performance in office buildings with emphasis on Egypt climates,Journal of Engineering and Applied Science,Article,unclear,unclear,daylight,include,
2-s2.0-84943534728,10.4324/9781315763279,"Dynamic, adaptive building envelopes",Building Dynamics Exploring Architecture of Change,Book Chapter,unclear,unclear,none,include,
2-s2.0-84943523876,10.4324/9781315763279,"Adaptive, responsive building skins",Building Dynamics Exploring Architecture of Change,Book Chapter,unclear,unclear,none,include,
2-s2.0-84950303118,10.1260/1478-0771.13.2.143,Computational and physical modeling for multi-cellular pneumatic envelope assemblies,International Journal of Architectural Computing,Article,pneumatic-soft,prototype,energy,include,
2-s2.0-84939979019,10.1007/s11465-015-0326-1,A rate-dependent Prandtl-Ishlinskii model for piezoelectric actuators using the dynamic envelope function based play operator,Frontiers of Mechanical Engineering,Article,unclear,experiment,none,include,
2-s2.0-84919926610,10.1007/s12273-014-0194-3,External shading optimal control macros for 1- and 2-piece automated blinds in European climates,Building Simulation,Article,mechanical,simulation,multiple,include,
2-s2.0-84917736224,,Next-generation smart building using eco-friendly responsive kinetic facade,Icic Express Letters,Article,unclear,unclear,unclear,include,
2-s2.0-85048315643,,Parametric BIM-based Energy Simulation for Buildings with Complex Kinetic Façades,Proceedings of the International Conference on Education and Research in Computer Aided Architectural Design in Europe,Conference Paper,unclear,simulation,energy,include,
2-s2.0-84983464091,10.1007/978-3-662-47386-3_10,Dynamic façades and computation: Towards an inclusive categorization of high performance kinetic façade systems,Communications in Computer and Information Science,Conference Paper,unclear,simulation,none,include,
2-s2.0-84976439530,,Simulation driven design for kinetic system; optimize kaleidocycle façade configuration for daylighting adequacy in hot arid climates,14th International Conference of Ibpsa Building Simulation 2015 Bs 2015 Conference Proceedings,Conference Paper,unclear,simulation,daylight,uncertain_fulltext,PROMOTE: kinetic
2-s2.0-85046073479,10.52842/conf.ecaade.2015.2.715,A Design Framework and a Digital Toolset Supporting the Early-Stage Explorations of Responsive Kinetic Building Skin Concepts,Proceedings of the International Conference on Education and Research in Computer Aided Architectural Design in Europe,Conference Paper,unclear,experiment,none,uncertain_fulltext,PROMOTE: kinetic
2-s2.0-84994787800,10.1016/j.egypro.2015.02.174,Kinetic Solar Skin: A Responsive Folding Technique,Energy Procedia,Conference Paper,material-driven,experiment,none,include,
2-s2.0-84954027964,10.1080/17512549.2015.1014839,Multi-criteria energy and daylighting optimization for an office with fixed and moveable shading devices,Advances in Building Energy Research,Article,unclear,simulation,multiple,include,
2-s2.0-84926500777,10.1061/9780784479070.028,"The balance between daylighting and thermal performance based on exploiting the kaleidocycle typology in hot arid climate of Aswan, Egypt",Aei 2015 Birth and Life of the Integrated Building Proceedings of the Aei Conference 2015,Conference Paper,origami-deployable,simulation,multiple,include,
2-s2.0-84983504522,10.1007/978-3-662-47386-3_31,The geometry of chuck hoberman: As the basis for the development of dynamic experimental structures,Communications in Computer and Information Science,Conference Paper,origami-deployable,experiment,energy,include,
2-s2.0-84915774886,10.1016/j.cad.2014.02.010,Meteorosensitive architecture: Biomimetic building skins based on materially embedded and hygroscopically enabled responsiveness,CAD Computer Aided Design,Article,material-driven,prototype,none,include,
2-s2.0-84921894183,10.3992/1943-4618-9.4.125,Effect of a novel internal roller shading system on energy performance,Journal of Green Building,Article,unclear,experiment,energy,include,
2-s2.0-84908406878,10.1162/leon_a_00839,"Nervous Ether: Soft Aggregates, Interactive Skins",Leonardo,Article,pneumatic-soft,experiment,none,include,
2-s2.0-84924011894,,Intelligent façade deployable multilayer adaptive membrane for sun-shading and insulation control and optimisation,11th World Congress on Computational Mechanics Wccm 2014 5th European Conference on Computational Mechanics Eccm 2014 and 6th European Conference on Computational Fluid Dynamics Ecfd 2014,Conference Paper,origami-deployable,simulation,unclear,include,
2-s2.0-84943011198,10.1016/j.foar.2014.03.002,Responsive envelope tessellation and stochastic rotation of 4-fold penttiles,Frontiers of Architectural Research,Article,origami-deployable,experiment,multiple,include,
2-s2.0-84894186566,10.1007/978-3-642-39578-9_3,Energy performance assessment of advanced integrated Façades by means of synthetic metrics,Lecture Notes in Electrical Engineering,Conference Paper,unclear,unclear,energy,include,
2-s2.0-84887981105,10.4028/www.scientific.net/kem.572.225,Parametric camshaft mechanism for adaptive building envelope and kinetic building ornaments,Key Engineering Materials,Article,mechanical,simulation,none,uncertain_fulltext,PROMOTE: kinetic
2-s2.0-85051970214,,Using physical testing to design and evaluate the acclimatisation of kinetic façades for daylight and thermal heat performance,Acadia 2014 Design Agency Proceedings of the 34th Annual Conference of the Association for Computer Aided Design in Architecture,Conference Paper,unclear,unclear,daylight,include,
2-s2.0-85203479433,10.1115/1.4027154,Evaluation of impact of shading devices on energy consumption of buildings in tropical regions,Journal of Energy Resources Technology Transactions of the ASME,Article,unclear,simulation,energy,include,
2-s2.0-85037166977,10.52842/conf.acadia.2014.281,Harvest shade screens programming material for optimal energy building skins,Acadia 2014 Design Agency Proceedings of the 34th Annual Conference of the Association for Computer Aided Design in Architecture,Conference Paper,material-driven,prototype,energy,include,
2-s2.0-84896841578,10.4028/www.scientific.net/amm.534.125,Adaptive system development for secondary skin,Applied Mechanics and Materials,Conference Paper,unclear,simulation,none,include,
2-s2.0-84887384538,10.1016/j.buildenv.2013.10.003,Developing a weather responsive internal shading system for atrium spaces of a commercial building in tropical climates,Building and Environment,Article,mechanical,experiment,multiple,uncertain_fulltext,PROMOTE: retractable
2-s2.0-84904663253,,Controlling kinetic cladding components in building façades: A case for autonomous movement,Rethinking Comprehensive Design Speculative Counterculture Proceedings of the 19th International Conference on Computer Aided Architectural Design Research in Asia Caadria 2014,Conference Paper,unclear,unclear,unclear,uncertain_fulltext,PROMOTE: kinetic
2-s2.0-84903122488,10.2495/mar140121,The design and physical modelling of deployable structures based on curved-line folding,Wit Transactions on the Built Environment,Conference Paper,origami-deployable,prototype,none,uncertain_fulltext,PROMOTE: deployable; folding
2-s2.0-84898977977,10.1016/j.egypro.2014.02.173,Retrofit of an existing school in Italy with high energy standards,Energy Procedia,Conference Paper,unclear,experiment,energy,include,
2-s2.0-84906536114,10.1016/j.enbuild.2014.07.086,Daylighting and solar shading performances of an innovative automated reflective louvre system,Energy and Buildings,Article,unclear,unclear,daylight,include,
2-s2.0-84898864189,10.4028/www.scientific.net/amm.541-542.954,Potential Analysis of Architectural Application of Solar Energy Resource in Panzhihua,Applied Mechanics and Materials,Conference Paper,unclear,unclear,multiple,include,
2-s2.0-84885455549,10.1016/j.buildenv.2013.09.011,"An investigation into the impact of movable solar shades on energy, indoor thermal and visual comfort improvements",Building and Environment,Article,unclear,experiment,multiple,include,
2-s2.0-84898814645,10.1177/1744259113496388,Numerical evaluation of a phase change material-shutter using solar energy for winter nighttime indoor heating,Journal of Building Physics,Article,unclear,simulation,energy,include,
2-s2.0-84890952775,10.1145/2542266.2542282,Computing with matter,SIGGRAPH Asia 2013 Courses SA 2013,Conference Paper,unclear,simulation,none,include,
2-s2.0-84889564144,,Responsive façades: Parametric control of moveable tilings,Pertanika Journal of Science and Technology,Article,unclear,simulation,unclear,include,
2-s2.0-84886676476,10.26868/25222708.2013.1400,Occupant-proof buildings: Can we design buildings that are robust against occupant behaviour?,Proceedings of Bs 2013 13th Conference of the International Building Performance Simulation Association,Conference Paper,unclear,unclear,multiple,include,
2-s2.0-84885225206,10.1145/2493432.2494263,Lumina: A soft kinetic material for morphing architectural skins and organic user interfaces,Ubicomp 2013 Proceedings of the 2013 ACM International Joint Conference on Pervasive and Ubiquitous Computing,Conference Paper,unclear,prototype,daylight,include,
2-s2.0-84884329851,10.1016/j.enbuild.2013.08.033,Energy performance analysis of a solar-cooled building in Tunisia: Passive strategies impact and improvement techniques,Energy and Buildings,Article,unclear,simulation,energy,include,
2-s2.0-84883866070,10.1117/12.2022026,Prismatic louver active façades for natural illumination and thermal energy gain in high-rise and commercial buildings,Proceedings of SPIE the International Society for Optical Engineering,Conference Paper,mechanical,unclear,multiple,include,
2-s2.0-85138413676,10.1201/b15267-165,An innovative proposal for a deployable shading system,Structures and Architecture New Concepts Applications and Challenges,Book Chapter,origami-deployable,unclear,none,include,
2-s2.0-84880299383,10.1260/1478-0771.11.2.183,Designing a connected sustainable living environment,International Journal of Architectural Computing,Article,origami-deployable,prototype,none,include,
2-s2.0-84876850882,10.5555/2500004.2500006,Evaluating the performance robustness of fixed and movable shading devices against diverse occupant behaviors,Simulation Series,Conference Paper,unclear,simulation,multiple,include,
2-s2.0-84874592305,10.4028/www.scientific.net/amr.660.222,Construction of smart building skins with flow and bend split products,Advanced Materials Research,Conference Paper,origami-deployable,experiment,energy,include,
2-s2.0-84884993770,10.1007/978-3-642-40840-3_2,Collaborative responsive façade design using sensor and actuator network,Lecture Notes in Computer Science Including Subseries Lecture Notes in Artificial Intelligence and Lecture Notes in Bioinformatics,Conference Paper,unclear,prototype,daylight,include,
2-s2.0-84894119546,10.52842/conf.caadria.2013.945,Responsive building envelope as a material system of autonomous agents,Open Systems Proceedings of the 18th International Conference on Computer Aided Architectural Design Research in Asia Caadria 2013,Conference Paper,unclear,simulation,none,include,
2-s2.0-84887907216,10.1201/b15267-164,An innovative proposal for a deployable shading system,Structures and Architecture Concepts Applications and Challenges Proceedings of the 2nd International Conference on Structures and Architecture Icsa 2013,Conference Paper,origami-deployable,unclear,none,include,
2-s2.0-84880083431,10.1201/b15002-95,An irregular discretization process for climate-responsive façades,Green Design Materials and Manufacturing Processes Proceedings of the 2nd International Conference on Sustainable Intelligent Manufacturing Sim 2013,Conference Paper,unclear,simulation,daylight,include,
2-s2.0-84885014497,10.1007/978-3-642-40840-3_31,Interactive decision making environment for the design optimization of climate adaptive building shells,Lecture Notes in Computer Science Including Subseries Lecture Notes in Artificial Intelligence and Lecture Notes in Bioinformatics,Conference Paper,unclear,simulation,daylight,include,
2-s2.0-84933533905,,Assessment of movable insulation panels' energy and lighting potential for adaptive façades in architecture,42nd Ases National Solar Conference 2013 Solar 2013 Including 42nd Ases Annual Conference and 38th National Passive Solar Conference,Conference Paper,unclear,unclear,multiple,include,
2-s2.0-84896322281,10.1115/smasis2013-3001,SMA actuated vertical blade louver system: Part 1 performance requirements and design,ASME 2013 Conference on Smart Materials Adaptive Structures and Intelligent Systems Smasis 2013,Conference Paper,material-driven,prototype,energy,include,
2-s2.0-84903650549,10.1533/9780857093530.3.468,Architectural applications of smart textiles,Multidisciplinary Know how for Smart Textiles Developers,Book Chapter,material-driven,unclear,energy,include,
2-s2.0-85048323583,10.52842/conf.acadia.2013.243,Responsive materiality for morphing architectural skins,Acadia 2013 Adaptive Architecture Proceedings of the 33rd Annual Conference of the Association for Computer Aided Design in Architecture,Conference Paper,material-driven,experiment,multiple,include,
2-s2.0-85048328980,10.52842/conf.acadia.2013.109,Adaptation as a framework for reconsidering high-performance residential design: A case study,Acadia 2013 Adaptive Architecture Proceedings of the 33rd Annual Conference of the Association for Computer Aided Design in Architecture,Conference Paper,unclear,prototype,energy,include,
2-s2.0-84871554288,10.4028/www.scientific.net/amm.232.919,Adaptive building envelope system using parametric camshaft mechanism for sustainable building,Applied Mechanics and Materials,Conference Paper,mechanical,simulation,energy,uncertain_fulltext,PROMOTE: kinetic
2-s2.0-84875251530,10.52842/conf.caadria.2012.253,Envelope tesselation with stochastic rotation of 4-fold penttiles,Beyond Codes and Pixels Proceedings of the 17th International Conference on Computer Aided Architectural Design Research in Asia Caadria 2012,Conference Paper,origami-deployable,simulation,energy,include,
2-s2.0-84874249257,10.1260/1478-0771.10.4.613,Computational design of a bio inspired responsive architectural Façade system,International Journal of Architectural Computing,Conference Paper,mechanical,simulation,none,include,
2-s2.0-84875265672,10.52842/conf.caadria.2012.465,Responsive architectural surface design from nonlinear systems biology: Responsive architectural design by computational methods,Beyond Codes and Pixels Proceedings of the 17th International Conference on Computer Aided Architectural Design Research in Asia Caadria 2012,Conference Paper,unclear,simulation,none,include,
2-s2.0-84893266540,10.4017/gt.2012.11.02.519.00,An integrated automatic wall concreting system,2012 Proceedings of the 29th International Symposium of Automation and Robotics in Construction Isarc 2012,Conference Paper,pneumatic-soft,unclear,energy,include,
2-s2.0-84865759357,10.2495/hpsm120441,Analysing the applicability of deployable scissor structures in responsive building skins,Wit Transactions on the Built Environment,Conference Paper,origami-deployable,unclear,none,include,
2-s2.0-84865596200,10.1007/978-3-642-32609-7_17,Communication between physical and virtual models in designing smart buildings,Lecture Notes in Computer Science Including Subseries Lecture Notes in Artificial Intelligence and Lecture Notes in Bioinformatics,Conference Paper,unclear,prototype,none,uncertain_fulltext,PROMOTE: kinetic
2-s2.0-84860810606,10.4028/www.scientific.net/amm.164.85,A comparative study on building energy performance between movable and fixed shading materials,Applied Mechanics and Materials,Conference Paper,unclear,simulation,energy,include,
2-s2.0-85083950415,10.52842/conf.ecaade.2012.2.629,Design Considerations for Adopting Kinetic Facades in Building Practice,Proceedings of the International Conference on Education and Research in Computer Aided Architectural Design in Europe,Conference Paper,unclear,unclear,none,include,
2-s2.0-85127846958,,Integration of Digital Simulation Tools With Parametric Designs to Evaluate Kinetic Façades for Daylight Performance,Proceedings of the International Conference on Education and Research in Computer Aided Architectural Design in Europe,Conference Paper,unclear,simulation,daylight,include,
2-s2.0-84897086942,10.1016/j.egypro.2012.11.112,A control algorithm for optimal energy performance of a solarium/greenhouse with combined interior and exterior motorized shading,Energy Procedia,Conference Paper,mechanical,simulation,energy,include,
2-s2.0-84857407540,10.1016/j.apenergy.2012.02.006,Energy optimization of building design for different housing units in apartment buildings,Applied Energy,Article,unclear,simulation,energy,include,
2-s2.0-85022140158,10.52842/conf.ecaade.2012.2.391,Exploration of Eco-Kinetic Systems in Architecture Development of dynamic interactive building elements,Proceedings of the International Conference on Education and Research in Computer Aided Architectural Design in Europe,Conference Paper,unclear,experiment,daylight,include,
2-s2.0-84856997036,10.1260/1478-0771.9.4.397,Designing architectural morphing skins with elastic modular systems,International Journal of Architectural Computing,Article,unclear,experiment,multiple,include,
2-s2.0-81255170216,10.1109/ie.2011.64,Network of epidermic/kinetic/systems,Proceedings 2011 7th International Conference on Intelligent Environments Ie 2011,Conference Paper,unclear,theoretical,none,uncertain_fulltext,PROMOTE: kinetic
2-s2.0-80055022185,10.4028/www.scientific.net/amm.71-78.621,Kinetic building envelopes for energy efficiency: Modeling and products,Applied Mechanics and Materials,Conference Paper,unclear,experiment,energy,uncertain_fulltext,PROMOTE: kinetic
2-s2.0-81255146361,10.1002/ad.1317,Feedback architecture,Architectural Design,Article,unclear,simulation,daylight,uncertain_fulltext,PROMOTE: kinetic
2-s2.0-80054808693,10.1145/2037715.2037773,Second skin: Motion capture with actuated feedback for motor learning,ACM SIGGRAPH 2011 Posters SIGGRAPH 11,Conference Paper,mechanical,unclear,none,include,
2-s2.0-79959579260,10.5281/zenodo.1072214,Evaluation of the energy performance of shading devices based on incremental costs,World Academy of Science Engineering and Technology,Article,unclear,simulation,energy,include,
2-s2.0-79959990081,10.1260/1478-0771.9.1.77,Architectronics: Towards a responsive environment,International Journal of Architectural Computing,Conference Paper,unclear,experiment,none,include,
2-s2.0-84860725100,10.52842/conf.acadia.2011.170,Building skin intelligence: A parametric and algorithmic tool for daylighting performance design integration,Integration Through Computation Proceedings of the 31st Annual Conference of the Association for Computer Aided Design in Architecture Acadia 2011,Conference Paper,mechanical,simulation,daylight,include,
2-s2.0-84870586182,,Madrid's landscape through its cornice 1. from a façade to a kinetic section,Ega Revista De Expresion Grafica Arquitectonica,Article,unclear,unclear,unclear,uncertain_fulltext,PROMOTE: kinetic
2-s2.0-84860745253,10.52842/conf.acadia.2011.334,Soft responsive kinetic system: An elastic transformable architectural skin for climatic and visual control,Integration Through Computation Proceedings of the 31st Annual Conference of the Association for Computer Aided Design in Architecture Acadia 2011,Conference Paper,unclear,experiment,multiple,include,
2-s2.0-77956157476,10.1109/cesce.2010.285,Parametric design based on building information modeling for sustainable buildings,International Conference on Challenges in Environmental Science and Computer Engineering Cesce 2010,Conference Paper,unclear,simulation,energy,include,
2-s2.0-78649933023,10.1088/0964-1726/19/12/124011,Adaptive building skin structures,Smart Materials and Structures,Article,pneumatic-soft,simulation,energy,include,
2-s2.0-77957897485,10.1080/09613218.2010.496556,A simulation of solar shading control on UK office energy use,Building Research and Information,Article,unclear,simulation,multiple,include,
2-s2.0-84870034647,10.1109/appeec.2010.5449511,Bio-inspired kinetic envelopes for building energy efficiency based on parametric design of building information modeling,Asia Pacific Power and Energy Engineering Conference Appeec,Conference Paper,unclear,simulation,multiple,include,
2-s2.0-77952740301,10.1109/vr.2010.5444760,Second skin: Motion capture with actuated feedback for motor learning,Proceedings IEEE Virtual Reality,Conference Paper,mechanical,unclear,daylight,include,
2-s2.0-77952281279,10.1057/jba.2010.5,Sustainable vision of kinetic architecture,Journal of Building Appraisal,Article,unclear,unclear,none,include,
2-s2.0-77953076867,10.21273/horttech.20.2.283,Effects of shading using a retractable liquid foam technology on greenhouse and plant microclimates,Horttechnology,Article,mechanical,experiment,none,include,
2-s2.0-84863970931,,A morphology of pattern for kinetic facades,Joining Languages Cultures and Visions Caadfutures 2009 Proceedings of the 13th International Caad Futures Conference,Conference Paper,unclear,unclear,unclear,include,
2-s2.0-70349136564,10.1145/1517664.1517671,Shutters: A permeable surface for environmental control and communication,Proceedings of the 3rd International Conference on Tangible and Embedded Interaction Tei 09,Conference Paper,mechanical,unclear,daylight,include,
2-s2.0-60249088365,10.1016/j.buildenv.2008.08.005,Double skin façades for warm climate regions: Analysis of a solution with an integrated movable shading system,Building and Environment,Article,unclear,experiment,energy,include,
2-s2.0-70349189141,10.1145/1520340.1520696,Second Skin: Motion capture with actuated feedback for motor learning,Conference on Human Factors in Computing Systems Proceedings,Conference Paper,mechanical,unclear,none,include,
2-s2.0-84873496184,10.52842/conf.caadria.2009.195,Novel transformations of foldable structures,2009 Taiwan Caadria Between Man and Machine Integration Intuition Intelligence Proceedings of the 14th Conference on Computer Aided Architectural Design Research in Asia,Conference Paper,origami-deployable,prototype,none,include,
2-s2.0-67349234405,10.1080/19401490701868299,Efficient calculation of daylight coefficients for rooms with dissimilar complex fenestration systems,Journal of Building Performance Simulation,Article,unclear,simulation,daylight,include,
2-s2.0-70349407764,10.1061/41016(314)205,Retractable stadium roofs & flooring,Proceedings of the 2008 Structures Congress Structures Congress 2008 Crossing the Borders,Conference Paper,origami-deployable,prototype,none,include,
2-s2.0-84858839195,10.52842/conf.acadia.2007.182,Rapid Craft: Material experiments towards an integrated sensing skin system,Expanding Bodies Art Cities Environment Proceedings of the Acadia 2007 Conference,Conference Paper,pneumatic-soft,experiment,none,include,
2-s2.0-35348880855,10.1177/1420326x07082497,Determining photosensor conditions of a daylight dimming control system using different double-skin envelope configurations,Indoor and Built Environment,Article,mechanical,experiment,multiple,include,
2-s2.0-84858985841,10.1007/978-1-4020-6528-6_34,A framework for the design of kinetic façades,Computer Aided Architectural Design Futures Caadfutures 2007 Proceedings of the 12th International Caadfutures Conference,Conference Paper,unclear,prototype,none,include,
2-s2.0-36048932964,10.1260/026635107782218877,3D adaptable building skin: Adaptive space as a guide through a corridor,International Journal of Space Structures,Conference Paper,pneumatic-soft,unclear,none,include,
2-s2.0-84857737228,10.7148/2006-0466,On line adaptation to variable conditions with variable envelope structure in future buildings,20th European Conference on Modelling and Simulation Modelling Methodologies and Simulation Key Technologies in Academia and Industry Ecms 2006,Conference Paper,mechanical,experiment,none,include,
2-s2.0-77954110421,10.17660/actahortic.2003.614.55,An innovative greenhouse with complete roof opening and external movable shading,Acta Horticulturae,Conference Paper,mechanical,experiment,none,include,
2-s2.0-0034937117,10.1590/s0100-73862001000200004,Numerical and experimental investigation of thermal louvers for space applications,Revista Brasileira De Ciencias Mecanicas Journal of the Brazilian Society of Mechanical Sciences,Article,mechanical,experiment,none,include,
2-s2.0-5844399231,10.1080/01425919708914330,Solar control research activities undertaken in the framework of PASCOOL,International Journal of Solar Energy,Article,mechanical,experiment,daylight,include,
2-s2.0-58149363285,10.1016/0097-8493(95)00044-5,A scalable architecture for volume rendering,Computers and Graphics,Article,unclear,unclear,none,include,
2-s2.0-84963565522,10.2312/eggh/eggh94/058-069,A Scalable Architecture for Volume Rendering,Eggh 1994 Eurographics Workshop on Graphics Hardware 1994,Conference Paper,unclear,unclear,none,include,
2-s2.0-0028175578,10.1016/0360-1323(94)90049-3,A comparison of passive cooling techniques,Building and Environment,Article,unclear,simulation,energy,include,
2-s2.0-85002213781,,A new method facilitating design calculations of passively or actively movable louvers,AIAA 28th Thermophysics Conference 1993,Conference Paper,mechanical,unclear,unclear,include,
2-s2.0-85024441095,10.2150/jlve.11.2_49,Movable Shade Louver,Journal of Light and Visual Environment,Article,mechanical,unclear,none,include,
2-s2.0-84997674074,10.2514/6.1987-1568,"Predicting the performance of solar illuminated thermal louvers for the goes I, J, K instruments",AIAA 22nd Thermophysics Conference 1987,Conference Paper,mechanical,unclear,none,include,
2-s2.0-0020221635,,PERFORMANCE CALCULATIONS OF MOVABLE LOUVERS AND HEAT PIPES.,undefined,Conference Paper,mechanical,unclear,unclear,include,
2-s2.0-0018543391,10.2514/3.28018,Analytical studies on design optimization of movable louvers for space use,Journal of Spacecraft and Rockets,Article,mechanical,simulation,none,include,
2-s2.0-34250285884,10.1007/bf00642581,Kinetic envelope solitons in turbulent plasmas,Astrophysics and Space Science,Article,unclear,unclear,none,include,
2-s2.0-85003273891,10.2514/3.27686,Analysis of movable louvers for temperature control,Journal of Spacecraft and Rockets,Article,mechanical,unclear,none,include,
