eid,eff_doi,title,source,doctype,abstract_status,decision,reason_category,confidence,judged_on,mechanism_family,study_type,performance_reported,one_line
2-s2.0-105038431270,10.1038/s41598-026-44644-9,Comparing daylight performance of dynamic and static shadings in office façades across multiple U.S. cities with various sky conditions,Scientific Reports,Article,ok,include,,high,abstract,mechanical,simulation,daylight,"facade + physical movement (rotation angle, shading; shading at various rotation)"
2-s2.0-105035804991,10.1007/s44217-026-01426-9,Integrating dynamic façade design into architectural education and practice through Mashrabiya-inspired kinetic systems,Discover Education,Article,ok,include,,high,abstract,mechanical,prototype,daylight,facade + physical movement (kinetic facade)
2-s2.0-105039523489,10.1007/s43621-026-03014-1,Genetic algorithm-based assessment of kinetic façade prototypes for energy optimization and user comfort: a hotel case study in Iran,Discover Sustainability,Article,ok,include,,high,abstract,mechanical,prototype,multiple,facade + physical movement (kinetic façade; rotating panel)
2-s2.0-105036579469,10.1061/jaeied.aeeng-2247,Optimizing Ventilation and Temperature Reduction in Administrative Buildings Using Kinetic Facade Systems: A Response Surface Methodology Approach,Journal of Architectural Engineering,Article,ok,include,,high,abstract,unclear,unclear,energy,facade + physical movement (kinetic facade)
2-s2.0-105039829141,10.1016/j.autcon.2026.107051,3D-to-4D printing technologies in construction: Roadmap review of current status and potential applications,Automation in Construction,Review,ok,related_review,review,high,abstract,,,,review/secondary on facade topic — kept for intro/benchmark
2-s2.0-105039967513,10.1016/j.enbuild.2026.117682,"Systematic review of nanocoatings for building envelopes: thermal, radiative, and durability trends across materials and climatic contexts",Energy and Buildings,Review,ok,related_review,review,high,abstract,,,,review/secondary on facade topic — kept for intro/benchmark
2-s2.0-105039813460,10.1016/j.enbuild.2026.117660,Optimization of thermally variable solar collection walls integrated with flat plate gravity heat pipes,Energy and Buildings,Article,ok,exclude,facade_no_movement,high,abstract,,,,"optical/material-state, no geometry (electrochrom)"
2-s2.0-105024140128,10.1016/j.foar.2025.09.007,Energy harvest and daylighting performance of dynamic photovoltaic shading system-a comparison study in various climate zones of China,Frontiers of Architectural Research,Article,ok,uncertain_fulltext,,low,abstract,,,,facade but abstract gives no explicit movement/optical/thermal cue
2-s2.0-105039786699,10.1016/j.buildenv.2026.114752,Wind-driven rain mitigation effects of building facade shading systems: insights from comparative field measurements,Building and Environment,Article,ok,uncertain_fulltext,,low,abstract,,,,facade but abstract gives no explicit movement/optical/thermal cue
2-s2.0-105037745526,10.1016/j.energy.2026.141160,"Spatiotemporal dynamics of thermal comfort, energy consumption, and carbon emissions in climate-adaptive MPCMs used for building envelopes across 11 cities with continental climate",Energy,Article,ok,exclude,facade_no_movement,high,abstract,,,,"thermal-dynamic, no moving part (phase change material)"
2-s2.0-105038742714,10.1016/j.buildenv.2026.114718,Real-time optimization of a dynamic solar PV integrated shading design with data-driven reactive control and spatial daylighting prediction,Building and Environment,Article,ok,include,,high,abstract,mechanical,simulation,multiple,facade + physical movement (slation and single-axis rotation)
2-s2.0-105037445983,10.1016/j.energy.2026.141166,"Experimentally validated numerical model of adaptive envelopes with macroencapsulated PCMs under real conditions, including the effects of the capsule and indoor temperature variation",Energy,Article,ok,exclude,facade_no_movement,high,abstract,,,,"thermal-dynamic, no moving part (pcm; phase change material; thermal energy storage)"
2-s2.0-105032991932,10.1016/j.susmat.2026.e01957,Bio-inspired 4D printing of earthen soil composites for structural living wall applications,Sustainable Materials and Technologies,Article,ok,include,,high,abstract,material-driven,experiment,none,facade + physical movement (4d print)
2-s2.0-105038814362,10.1016/j.buildenv.2026.114744,Green facades and building energy performance: a multi-climate perspective,Building and Environment,Article,ok,uncertain_fulltext,,low,abstract,,,,facade but abstract gives no explicit movement/optical/thermal cue
2-s2.0-105037762368,10.1016/j.applthermaleng.2026.131205,"Comprehensive evaluation of building energy load, power generation, and shading effects of vertical single-axis tracking PV louver systems",Applied Thermal Engineering,Article,ok,uncertain_fulltext,,low,abstract,,,,facade but abstract gives no explicit movement/optical/thermal cue
2-s2.0-105037440667,10.1016/j.enbuild.2026.117493,Climate-responsive envelope design for educational buildings: A comparative simulation study between the UK and Egypt,Energy and Buildings,Article,ok,uncertain_fulltext,,low,abstract,,,,facade but abstract gives no explicit movement/optical/thermal cue
2-s2.0-105032881431,10.1016/j.conengprac.2026.106893,Observer-based robust MPC for trajectory tracking of autonomous vehicles with dynamic envelopes,Control Engineering Practice,Article,ok,exclude,not_facade,high,abstract,,,,no facade context and no movement signal
2-s2.0-105036251755,10.1016/j.buildenv.2026.114615,Impacts of balconies on air quality within idealized building array: CFD modelling with solar radiation,Building and Environment,Article,ok,uncertain_fulltext,,low,abstract,,,,facade but abstract gives no explicit movement/optical/thermal cue
2-s2.0-105035264470,10.1016/j.energy.2026.140990,"Digital twin and AI-driven smart adaptive walls for energy, comfort and carbon optimization in intelligent green buildings",Energy,Article,ok,include,,high,abstract,mechanical,simulation,multiple,facade + physical movement (adjustable louvers)
2-s2.0-105034360495,10.1016/j.buildenv.2026.114541,"Predicting emotional impact of adaptive façades through Machine Learning, A VR-based study with PAD assessment",Building and Environment,Article,ok,uncertain_fulltext,,low,abstract,,,,facade but abstract gives no explicit movement/optical/thermal cue
2-s2.0-105034627643,10.1016/j.jweia.2026.106394,Cyber-physical smart morphing facades driven by reinforcement learning for wind-induced vibration control in tall buildings,Journal of Wind Engineering and Industrial Aerodynamics,Article,ok,include,,high,abstract,mechanical,experiment,energy,facade + physical movement (morphing)
2-s2.0-105025022388,10.1016/j.egyr.2025.12.042,"Impact of microalgae-integrated windows on building performance: Energy, daylight, and carbon analysis using an innovative simulation method",Energy Reports,Article,ok,include,,high,abstract,unclear,simulation,multiple,facade + physical movement (module that adjusts)
2-s2.0-105035254581,10.1016/j.enbuild.2026.117351,Building robustness: measuring climate-responsive performance with information theory,Energy and Buildings,Article,ok,exclude,facade_no_movement,high,abstract,,,,"thermal-dynamic, no moving part (thermal mass)"
2-s2.0-105024611275,10.1016/j.sftr.2025.101599,Multi-objective optimization framework to achieve near-zero energy building in the Czech Republic for future climatic conditions,Sustainable Futures,Article,ok,include,,high,abstract,mechanical,simulation,multiple,facade + physical movement (panels with tilt)
2-s2.0-105032701225,10.15627/jd.2026.5,Sequential Multi-Objective Optimization and Post-optimization Sensitivity Analysis of Light Shelf Variables in Semi-Arid Climates,Journal of Daylighting,Article,ok,uncertain_fulltext,,low,abstract,,,,facade but abstract gives no explicit movement/optical/thermal cue
2-s2.0-105026452555,10.1016/j.egyr.2025.109017,Hourly solar irradiance estimation and building-surface solar potential assessment via remote sensing and machine learning for data-scarce mountainous regions,Energy Reports,Article,ok,uncertain_fulltext,,low,abstract,,,,facade but abstract gives no explicit movement/optical/thermal cue
2-s2.0-105031629892,10.1016/j.precisioneng.2026.02.017,Real-time monitoring of grinding wheel using a dynamic envelope model,Precision Engineering,Article,ok,uncertain_fulltext,,low,abstract,,,,facade but abstract gives no explicit movement/optical/thermal cue
2-s2.0-105035388547,10.1016/j.buildenv.2026.114479,3D façade geometry as a dual passive control in hot urban canyons: reducing street MRT and cooling loads,Building and Environment,Article,ok,uncertain_fulltext,,low,abstract,,,,facade but abstract gives no explicit movement/optical/thermal cue
2-s2.0-105035055152,10.1016/j.enbuild.2026.117393,Climate-adaptive energy performance of green facades in a composite climate,Energy and Buildings,Article,ok,uncertain_fulltext,,low,abstract,,,,facade but abstract gives no explicit movement/optical/thermal cue
2-s2.0-105039957234,10.1073/pnas.2535522123,Indoor thermoregulatory homeostasis using hydrodynamic instability,Proceedings of the National Academy of Sciences of the United States of America,Article,ok,include,,high,abstract,unclear,experiment,energy,facade + physical movement (shading systems with self-adjustment)
2-s2.0-105033708421,10.1016/j.buildenv.2026.114519,Segmented dynamic photovoltaic shading façade based on kiri-origami: Multi-objective decision-making and interpretable machine learning analysis,Building and Environment,Article,ok,include,,high,abstract,origami-deployable,simulation,multiple,facade + physical movement (origami)
2-s2.0-105037816760,10.31202/ecjse.1786255,Biomimetic Design of a Climate-Responsive Building Envelope Cell Performing Under Both Hot and Cold Weather Conditions,El Cezeri Journal of Science and Engineering,Article,ok,uncertain_fulltext,,low,abstract,,,,facade but abstract gives no explicit movement/optical/thermal cue
2-s2.0-105040080485,10.3390/en19102267,Modeling of Adaptive Shading Adjustment Behavior in Buildings and Its Impacts on Building Energy Consumption and Indoor Lighting and Thermal Environments: A Systematic Review,Energies,Review,ok,related_review,review,high,abstract,,,,review/secondary on facade topic — kept for intro/benchmark
2-s2.0-105036503017,10.1115/1.4071458,Artificial Intelligence-Driven Adaptive Facade Systems in High-Rise Buildings: A Study on Integrating Machine Learning With Real-Time Environmental Data to Optimize Energy Efficiency,Journal of Engineering for Sustainable Buildings and Cities,Article,ok,uncertain_fulltext,,low,abstract,,,,facade but abstract gives no explicit movement/optical/thermal cue
2-s2.0-105038219631,10.1093/jcde/qwag038,Predictive collective control of large-scale kinetic facades via graph neural networks and reinforcement learning: From simulation to physical validation,Journal of Computational Design and Engineering,Article,ok,include,,high,abstract,origami-deployable,experiment,multiple,facade + physical movement (kinetic facade)
2-s2.0-105031895975,10.1016/j.applthermaleng.2026.130448,Design development and characterization of thermotropic façade system with honeycomb construction,Applied Thermal Engineering,Article,ok,uncertain_fulltext,,low,abstract,,,,facade but abstract gives no explicit movement/optical/thermal cue
2-s2.0-105034579858,10.1016/j.renene.2026.125415,"Design, experimental testing, and numerical investigation of a ventilated semi-transparent photovoltaic facade integrated with supply-air conditioning in summer",Renewable Energy,Article,ok,uncertain_fulltext,,low,abstract,,,,facade but abstract gives no explicit movement/optical/thermal cue
2-s2.0-105032104928,10.1016/j.enbuild.2026.117258,Smart thermal energy storage system integrated into the building envelope for photovoltaic surplus management,Energy and Buildings,Article,ok,exclude,facade_no_movement,high,abstract,,,,"optical/material-state, no geometry (variable transmittance)"
2-s2.0-105037547057,10.1007/s00484-026-03207-3,Revealing walking experiences for shading based gendered perceptions of thermal comfort in a hot city,International Journal of Biometeorology,Article,ok,uncertain_fulltext,,low,abstract,,,,facade but abstract gives no explicit movement/optical/thermal cue
2-s2.0-105031172632,10.1016/j.enbuild.2026.117192,RHpT: Bioclimatic framework for passive climate-adaptive bio-façades in urban contexts,Energy and Buildings,Article,ok,uncertain_fulltext,,low,abstract,,,,facade but abstract gives no explicit movement/optical/thermal cue
2-s2.0-105038552379,10.3390/buildings16091779,Research on the Impact of Transition Space on the Optimization of Thermal Environment in Community Elderly Indoor Activity Spaces,Buildings,Article,ok,uncertain_fulltext,,low,abstract,,,,facade but abstract gives no explicit movement/optical/thermal cue
2-s2.0-105040100498,10.3390/buildings16101887,Dynamic Optimization Model for Passive Solar Shading and Its Application in Building Energy Efficiency Across Multiple,Buildings,Article,ok,exclude,facade_no_movement,high,abstract,,,,"thermal-dynamic, no moving part (latent heat; pcm; thermal mass)"
2-s2.0-105033239035,10.1016/j.buildenv.2026.114475,Surrogate model-based design optimization of modular façades under multifunctional scenarios,Building and Environment,Article,ok,uncertain_fulltext,,low,abstract,,,,facade but abstract gives no explicit movement/optical/thermal cue
2-s2.0-105031888860,10.1016/j.enbuild.2026.117222,"High-performance envelopes in the Mediterranean: Energy and comfort effects of BIPVs, shading devices, and green walls",Energy and Buildings,Review,ok,related_review,review,high,abstract,,,,review/secondary on facade topic — kept for intro/benchmark
2-s2.0-105031735170,10.1016/j.enconman.2026.121306,Adaptive photonic films for fenestration-integrated PV technology to enhance energy saving and thermal comfort: Concept and theoretical investigation,Energy Conversion and Management,Article,ok,uncertain_fulltext,,low,abstract,,,,facade but abstract gives no explicit movement/optical/thermal cue
2-s2.0-105030483087,10.1016/j.rser.2026.116836,"Self-adaptive radiative cooling for building envelopes: Principles, materials, applications, and perspectives",Renewable and Sustainable Energy Reviews,Review,ok,related_review,review,high,abstract,,,,review/secondary on facade topic — kept for intro/benchmark
2-s2.0-105034725653,10.1016/j.conbuildmat.2026.146124,Drying process in a 3D-printed multilayer wall system: An experimental and numerical analysis,Construction and Building Materials,Article,ok,uncertain_fulltext,,low,abstract,,,,facade but abstract gives no explicit movement/optical/thermal cue
2-s2.0-105040227506,10.1117/12.3090546,Smart Adaptable Multistable Building Facades,Proceedings of SPIE the International Society for Optical Engineering,Conference Paper,ok,include,,high,abstract,material-driven,experiment,energy,facade + physical movement (bistable)
2-s2.0-105029653511,10.1016/j.enbuild.2026.117104,Bio-jaali: Reimagining vernacular passive cooling screens with mycelium-based composites,Energy and Buildings,Article,ok,uncertain_fulltext,,low,abstract,,,,facade but abstract gives no explicit movement/optical/thermal cue
2-s2.0-105029647797,10.1016/j.enbuild.2026.117129,Evaluation of smart glazing properties for net positive windows in commercial buildings,Energy and Buildings,Article,ok,exclude,facade_no_movement,high,abstract,,,,"optical/material-state, no geometry (electrochrom; tint)"
2-s2.0-105024445764,10.1108/ohi-12-2024-0402,Algorithmic replication of macramé techniques: bridging analog movements with computational design,Open House International,Article,ok,uncertain_fulltext,,low,abstract,,,,facade but abstract gives no explicit movement/optical/thermal cue
2-s2.0-105037043202,10.3390/buildings16081519,The Development and Performance of a Novel Switchable Shading Device,Buildings,Article,ok,exclude,facade_no_movement,high,abstract,,,,"optical/material-state, no geometry (liquid crystal; pdlc; suspended particle)"
2-s2.0-105036811313,10.3390/buildings16081615,"Wind-Sound Synergy and Fractal Design: Intelligent, Adaptive Acoustic Façades for High-Performance, Climate-Responsive Buildings",Buildings,Article,ok,uncertain_fulltext,,low,abstract,,,,facade but abstract gives no explicit movement/optical/thermal cue
2-s2.0-105034762437,10.51461/issn.2309-3072/87.2744,Breathing architecture: Integrating nature and cities,Project Baikal,Article,ok,exclude,not_facade,high,abstract,,,,no facade context and no movement signal
2-s2.0-105033816142,10.1007/s41024-026-00802-0,BIM-BES-based energy performance simulation of library-type buildings considering cold winter/hot summer climate regime with passive strategies,Journal of Building Pathology and Rehabilitation,Article,ok,uncertain_fulltext,,low,abstract,,,,facade but abstract gives no explicit movement/optical/thermal cue
2-s2.0-105029367098,10.1016/j.enbuild.2026.117116,A Non-Invasive stacked ensemble framework with shadow correction for Cost-Effective daylight illuminance prediction in buildings,Energy and Buildings,Article,ok,uncertain_fulltext,,low,abstract,,,,facade but abstract gives no explicit movement/optical/thermal cue
2-s2.0-105032533589,10.1016/j.jobe.2026.115816,Mimosa pudica-inspired phase change-driven reversible building facades for zero-energy thermal management,Journal of Building Engineering,Article,ok,include,,high,abstract,mechanical,experiment,energy,facade + physical movement (morphing)
2-s2.0-105029256420,10.1016/j.applthermaleng.2026.129995,An experimental study on thermal effects in building integrated semi transparent double skin façades for a nearly zero energy building,Applied Thermal Engineering,Article,ok,uncertain_fulltext,,low,abstract,,,,facade but abstract gives no explicit movement/optical/thermal cue
2-s2.0-105037088748,10.3390/solar6020014,Dynamic Optimisation of Façade-Integrated Solar Cooling Elements: Adsorption Cooling Versus Photovoltaic Scenarios,Solar,Article,ok,uncertain_fulltext,,low,abstract,,,,facade but abstract gives no explicit movement/optical/thermal cue
2-s2.0-105035974577,10.3390/buildings16071449,The Impact of Material on Environmental Indicators: An LCA Analysis of 30 Variants of Pitched Roofs,Buildings,Article,ok,uncertain_fulltext,,low,abstract,,,,facade but abstract gives no explicit movement/optical/thermal cue
2-s2.0-105035560431,10.3390/en19071641,Research on an Improved Adaptive Optimization Calculation Method for Dynamic Heat Flux of Building Envelope Based on IFDM-RKF,Energies,Article,ok,exclude,facade_no_movement,high,abstract,,,,"thermal-dynamic, no moving part (heat storage)"
2-s2.0-105029086300,10.1016/j.enbuild.2026.117066,Self-Powered dynamic Façades using thermoelectric generators and phase change materials,Energy and Buildings,Article,ok,exclude,facade_no_movement,high,abstract,,,,"thermal-dynamic, no moving part (pcm; phase change material; thermal storage)"
2-s2.0-105028592145,10.1016/j.buildenv.2026.114295,From greenwashing to grounded practice: A context-specific biophilic design framework for hot arid climates,Building and Environment,Article,ok,include,,high,abstract,unclear,unclear,multiple,facade + physical movement (kinetic façade)
2-s2.0-105029407767,10.1016/j.energy.2026.140161,Improved superhydrophobic surface for new phase-change thermal diode in building thermal management,Energy,Article,ok,uncertain_fulltext,,low,abstract,,,,facade but abstract gives no explicit movement/optical/thermal cue
2-s2.0-105028922736,10.1016/j.enbuild.2026.117021,Performance optimization of parametric hexagonal façade openings for natural ventilation and cooling load reduction in high-rise buildings,Energy and Buildings,Article,ok,uncertain_fulltext,,low,abstract,,,,facade but abstract gives no explicit movement/optical/thermal cue
2-s2.0-105033364612,10.30822/arteks.v11i1.4857,Adaptive facade systems: classification proposal and bibliometric analysis developed through systematic literature review,Arteks Jurnal Teknik Arsitektur,Article,ok,related_review,review,high,abstract,,,,review/secondary on facade topic — kept for intro/benchmark
2-s2.0-105034324352,10.3390/su18063052,Daylight Evaluation of Static and Kinetic Horizontal Shading Systems for Sustainable Visual Comfort: Experimental Illuminance Measurements and Calibrated Simulation,Sustainability Switzerland,Article,ok,include,,high,abstract,unclear,experiment,multiple,facade + physical movement (kinetic shad)
2-s2.0-105030487037,10.1016/j.rineng.2026.109601,The FlectoLine module: Transferring glass fiber-reinforced polymer/elastomer hybrid composites to responsive architectural outdoor applications,Results in Engineering,Article,ok,include,,high,abstract,pneumatic-soft,prototype,multiple,facade + physical movement (actuated; compliant mechanism; pneumatic)
2-s2.0-105027279474,10.1016/j.enbuild.2025.116940,Integrating greenery systems and active insulation into adaptive building envelopes for enhanced sustainability and thermal resilience,Energy and Buildings,Article,ok,uncertain_fulltext,,low,abstract,,,,facade but abstract gives no explicit movement/optical/thermal cue
2-s2.0-105034142621,10.3390/biomimetics11030222,Challenging the Biomimetic Promise 2.0: Negative Spillover of Bio-Inspired Versus Sustainability Framing on Public Perceptions of Bio-Inspired Technologies,Biomimetics,Article,ok,uncertain_fulltext,,low,abstract,,,,facade but abstract gives no explicit movement/optical/thermal cue
2-s2.0-105032754558,10.3390/buildings16051048,Optimizing Thermal–Daylight Performance of South-Facing High-Rise Apartment Rooms Using Slat-Based Shading Devices in Tropical Regions,Buildings,Article,ok,include,,high,abstract,mechanical,simulation,multiple,facade + physical movement (movable; shading system with adjustable)
2-s2.0-105033891051,10.1016/j.istruc.2026.111089,Dynamic performance of façade systems during lifting and transportation in prefabricated modules,Structures,Article,ok,uncertain_fulltext,,low,abstract,,,,facade but abstract gives no explicit movement/optical/thermal cue
2-s2.0-105026129649,10.1016/j.solener.2025.114279,Optimizing building integrated photovoltaic facades: A parametric approach for enhanced energy efficiency and daylighting performance,Solar Energy,Article,ok,uncertain_fulltext,,low,abstract,,,,facade but abstract gives no explicit movement/optical/thermal cue
2-s2.0-105034355708,10.3390/architecture6010032,From Urban Heat Islands to Resilient Cities: A Conceptual Framework for Resilient and Sustainable Urban Environments,Architecture,Review,ok,related_review,review,high,abstract,,,,review/secondary on facade topic — kept for intro/benchmark
2-s2.0-105032665560,10.3390/su18052467,A Performance-Based Methodology for Retrofitting Buildings Guided by Visual Comfort,Sustainability Switzerland,Article,ok,uncertain_fulltext,,low,abstract,,,,facade but abstract gives no explicit movement/optical/thermal cue
2-s2.0-105032667262,10.3390/su18052379,Integrating Generative Design and Artificial Intelligence for Optimized Energy-Efficient Composite Facades in Next-Generation Smart Buildings,Sustainability Switzerland,Article,ok,uncertain_fulltext,,low,abstract,,,,facade but abstract gives no explicit movement/optical/thermal cue
2-s2.0-105021091145,10.1007/s00004-025-00848-6,"Geometric Feasibility of Kinetic Islamic Geometric Patterns: A Case Study of Ten-Point star Configurations in Five Mosques in Isfahan, Iran",Nexus Network Journal,Article,ok,include,,high,abstract,origami-deployable,case-study,none,facade + physical movement (scissor; slational or rotational)
2-s2.0-105034154479,10.3390/eng7030119,Parametric Investigation of Climate-Responsive Roof Design Strategies for Buildings in India,Eng,Article,ok,exclude,facade_no_movement,high,abstract,,,,"thermal-dynamic, no moving part (dynamic insulation)"
2-s2.0-105025476275,10.1016/j.enbuild.2025.116895,Numerical analysis of a glassed dynamic PCMs solar wall,Energy and Buildings,Article,ok,exclude,facade_no_movement,high,abstract,,,,"thermal-dynamic, no moving part (pcm; phase change material; thermal energy storage)"
2-s2.0-105025372668,10.1016/j.enbuild.2025.116861,"Optimizing building energy efficiency through microalgae façades: impact of cell density, biomass, and panel thickness on solar heat gain and light transmittance",Energy and Buildings,Article,ok,uncertain_fulltext,,low,abstract,,,,facade but abstract gives no explicit movement/optical/thermal cue
2-s2.0-105030716921,10.36922/jcau025120026,Energy savings from the shading performance of devices in highly glazed multi-story office buildings in the tropical climates of China and India,Journal of Chinese Architecture and Urbanism,Article,ok,uncertain_fulltext,,low,abstract,,,,facade but abstract gives no explicit movement/optical/thermal cue
2-s2.0-105030437657,10.1117/12.3098842,Iterative digital elevation model optimization via ray tracing and multiscale dynamic shape-from-shading reconstruction,Proceedings of SPIE the International Society for Optical Engineering,Conference Paper,ok,uncertain_fulltext,,low,abstract,,,,facade but abstract gives no explicit movement/optical/thermal cue
2-s2.0-105030025564,10.3390/app16031574,Sustainable Urban Planning for High-Rise Residential Complexes Using an Adaptive Facade System,Applied Sciences Switzerland,Article,ok,uncertain_fulltext,,low,abstract,,,,facade but abstract gives no explicit movement/optical/thermal cue
2-s2.0-105031363848,10.3390/buildings16040798,Evaluation of the Annual Power Generation Characteristics and Energy Efficiency of Sun-Tracking Photovoltaic Windows in the Hangzhou Area,Buildings,Article,ok,uncertain_fulltext,,low,abstract,,,,facade but abstract gives no explicit movement/optical/thermal cue
2-s2.0-105031493650,10.3390/buildings16040861,A Conceptual Framework for Pollution-Resilient Aluminium Façades: Introducing the Pollution Degradation Modifier (PDM),Buildings,Article,ok,uncertain_fulltext,,low,abstract,,,,facade but abstract gives no explicit movement/optical/thermal cue
2-s2.0-105031454334,10.3390/machines14020210,Control Method and Simulation of Reconfigurable Façade Cable-Driven Parallel Robots Based on Heuristic Local Rules,Machines,Article,ok,include,,high,abstract,origami-deployable,simulation,none,facade + physical movement (reconfigurable façade)
2-s2.0-105031427646,10.3390/buildings16040771,From Biomimicry to Climate-Responsive Architecture: Prioritizing Bio-Based and Bio-Inspired Strategies for Sustainable Buildings in Tropical Monsoon Climates,Buildings,Article,ok,uncertain_fulltext,,low,abstract,,,,facade but abstract gives no explicit movement/optical/thermal cue
2-s2.0-105022659001,10.1016/j.buildenv.2025.114018,Comprehensive review on the impact of building envelopes on indoor thermal comfort in office buildings: Balancing occupant comfort and energy efficiency,Building and Environment,Review,ok,related_review,review,high,abstract,,,,review/secondary on facade topic — kept for intro/benchmark
2-s2.0-105023821177,10.1016/j.enbuild.2025.116801,Learning personalized visual comfort: A data-driven adaptive shading control framework using artificial intelligence,Energy and Buildings,Article,ok,uncertain_fulltext,,low,abstract,,,,facade but abstract gives no explicit movement/optical/thermal cue
2-s2.0-105031380734,10.3390/su18041860,Envelope Retrofitting by Building-Integrated Agricultural Greenhouses: A Multi-Objective Form Optimisation Procedure,Sustainability Switzerland,Article,ok,uncertain_fulltext,,low,abstract,,,,facade but abstract gives no explicit movement/optical/thermal cue
2-s2.0-105024887111,10.1016/j.buildenv.2025.114051,Mitigation effects of building facade buffer zones on wind-driven rain: Insights from field measurements,Building and Environment,Article,ok,uncertain_fulltext,,low,abstract,,,,facade but abstract gives no explicit movement/optical/thermal cue
2-s2.0-105027156887,10.1016/j.jobe.2026.115230,Optimizing bio-based phase change materials in operable façade cavities to enhance cooling energy efficiency,Journal of Building Engineering,Article,ok,include,,high,abstract,origami-deployable,experiment,energy,facade + physical movement (operable façade)
2-s2.0-105021344387,10.1016/j.jvscit.2025.102015,Laser fenestration and shape memory polymer embolization of type II endoleaks,Journal of Vascular Surgery Cases Innovations and Techniques,Article,ok,include,,high,abstract,material-driven,unclear,none,facade + physical movement (shape memory)
2-s2.0-105030680123,10.1051/e3sconf/202668904010,Dynamic Thermal Adaptive Façades: A Comparative Review of Existing Taxonomies,E3s Web of Conferences,Conference Paper,ok,related_review,review,high,abstract,,,,review/secondary on facade topic — kept for intro/benchmark
2-s2.0-105023149306,10.1016/j.enbuild.2025.116753,Movement optimization of a movable façade using bimetal as actuators for enhanced indoor airflow,Energy and Buildings,Article,ok,include,,high,abstract,material-driven,experiment,multiple,facade + physical movement (actuator; movable)
2-s2.0-105033382870,10.37868/hsd.v8i1.1973,Effects of building façade architectural design elements on thermal comfort and energy efficiency,Heritage and Sustainable Development,Article,ok,uncertain_fulltext,,low,abstract,,,,facade but abstract gives no explicit movement/optical/thermal cue
2-s2.0-105021472577,10.1016/j.buildenv.2025.113948,Evaluating permeable pavements' impact on the thermal environment in street canyons through outdoor experiments under hot and humid background climate,Building and Environment,Article,ok,uncertain_fulltext,,low,abstract,,,,facade but abstract gives no explicit movement/optical/thermal cue
2-s2.0-105022661726,10.1016/j.buildenv.2025.114040,Assessing cooling–lighting trade-offs in a low-income Jordanian housing archetype under climate change and heat waves,Building and Environment,Article,ok,uncertain_fulltext,,low,abstract,,,,facade but abstract gives no explicit movement/optical/thermal cue
2-s2.0-105022288003,10.1016/j.buildenv.2025.113983,Effects of building shading on outdoor adaptive thermal comfort and the development of predictive models,Building and Environment,Article,ok,uncertain_fulltext,,low,abstract,,,,facade but abstract gives no explicit movement/optical/thermal cue
2-s2.0-105021081103,10.1016/j.applthermaleng.2025.128924,Thermal performance and climate applicability analysis of multiple building envelopes,Applied Thermal Engineering,Article,ok,exclude,facade_no_movement,high,abstract,,,,"thermal-dynamic, no moving part (dynamic insulation; pcm; phase change material)"
2-s2.0-105015075076,10.1002/adma.202511392,Smart Skin for Zero Energy Buildings: A Review of Thermoresponsive Spectral-Adaptive Envelopes,Advanced Materials,Review,ok,related_review,review,high,abstract,,,,review/secondary on facade topic — kept for intro/benchmark
2-s2.0-105027260676,10.1007/s43995-025-00272-4,Harnessing wind energy through responsive kinetic façades for sustainable building design,Journal of Umm Al Qura University for Engineering and Architecture,Article,ok,include,,high,abstract,unclear,simulation,energy,facade + physical movement (kinetic façade)
2-s2.0-105038479955,10.1007/978-3-032-10546-2_136,"Curved-Folding Biomimicry-Inspired Kinetic Facades: Integrating Composite Materials for Energy-Efficient, Motorless Adaptive Building Envelope",Lecture Notes in Civil Engineering,Conference Paper,ok,include,,high,abstract,material-driven,experiment,energy,facade + physical movement (actuator; kinetic facade; shape memory)
2-s2.0-105038570681,10.1007/978-3-032-10546-2_99,Advancing Simulation Tools: Adaptive Façades for Building Decarbonization,Lecture Notes in Civil Engineering,Conference Paper,ok,uncertain_fulltext,,low,abstract,,,,facade but abstract gives no explicit movement/optical/thermal cue
2-s2.0-105035744454,10.1007/978-981-95-1826-5_17,Dynamic Shading Device with Phase Change Materials: Optimized Performance for Resilient and Sustainable Building Stock,Lecture Notes in Civil Engineering,Conference Paper,ok,exclude,facade_no_movement,high,abstract,,,,"thermal-dynamic, no moving part (pcm; phase change material)"
2-s2.0-105035769971,10.1080/17452007.2026.2658645,"Responsive building façades: a systematic review of technologies, challenges, and future directions",Architectural Engineering and Design Management,Review,ok,related_review,review,high,abstract,,,,review/secondary on facade topic — kept for intro/benchmark
2-s2.0-105009429618,10.1080/14733315.2025.2524918,Performance optimization of an office building with a dynamic façade system,International Journal of Ventilation,Article,ok,uncertain_fulltext,,low,abstract,,,,facade but abstract gives no explicit movement/optical/thermal cue
2-s2.0-105037803012,10.1109/southeastcon63549.2026.11476704,Intelligent Facades: An IIoT and Digital Twin Framework for Occupancy-Aware Kinetic Envelope Control,Conference Proceedings IEEE SOUTHEASTCON,Conference Paper,ok,include,,high,abstract,origami-deployable,prototype,multiple,facade + physical movement (kinetic envelope; kinetic facade)
2-s2.0-105033982139,10.3389/fbuil.2026.1788657,Multi-criteria performance assessment of an adaptive kinetic photovoltaic shading system,Frontiers in Built Environment,Article,ok,include,,high,abstract,origami-deployable,simulation,multiple,facade + physical movement (shading devices into bifurcated folding)
2-s2.0-105039709363,10.1155/ina/9959278,"Deep Reinforcement Learning–Based Multiobjective Control of Hybrid Building Envelopes: Integrating Adaptive Façades, Passive Radiative Cooling, and Indoor Air Quality Management Across Iranian Climates",Indoor Air,Article,ok,include,,high,abstract,origami-deployable,simulation,multiple,facade + physical movement (deployable; operable window)
2-s2.0-105028162151,10.1051/epjpv/2025026,Vehicle integrated photovoltaics module architecture optimization under dynamic shading,EPJ Photovoltaics,Article,ok,uncertain_fulltext,,low,abstract,,,,facade but abstract gives no explicit movement/optical/thermal cue
2-s2.0-105029808836,10.3389/fbuil.2025.1753356,Adaptive high-performance and multifunctional façade systems,Frontiers in Built Environment,Article,ok,include,,high,abstract,origami-deployable,prototype,multiple,facade + physical movement (kinetic shad; reconfigurable façade)
2-s2.0-105035721791,10.1007/978-981-95-1826-5_41,Dynamic Ventilated Façades for Lightweight Buildings: A Strategy for Mitigating Overheating,Lecture Notes in Civil Engineering,Conference Paper,ok,uncertain_fulltext,,low,abstract,,,,facade but abstract gives no explicit movement/optical/thermal cue
2-s2.0-105038361506,10.63044/w26xio184,Environmentally Responsive Shading Structures with Sensor-Based Prefabricated Mechanical Systems,ASHRAE Transactions,Conference Paper,ok,include,,high,abstract,unclear,experiment,multiple,"facade + physical movement (adjust shading component; shading structure, dynamically adjusting)"
2-s2.0-105021080659,10.1016/j.enbuild.2025.116677,Smart Readiness Indicator metric for building envelope structures,Energy and Buildings,Article,ok,uncertain_fulltext,,low,abstract,,,,facade but abstract gives no explicit movement/optical/thermal cue
2-s2.0-105028619059,10.3390/buildings16020366,Assessment and Numerical Modeling of the Thermophysical Efficiency of Newly Developed Adaptive Building Envelopes Under Variable Climatic Impacts,Buildings,Article,ok,uncertain_fulltext,,low,abstract,,,,facade but abstract gives no explicit movement/optical/thermal cue
2-s2.0-105020666081,10.1007/978-3-032-03769-5_17,Enhancing Customer Perceptions and Satisfaction Towards AI Driven Windows Facade Market in South India,Lecture Notes in Networks and Systems,Conference Paper,ok,include,,high,abstract,unclear,simulation,multiple,facade + physical movement (facade adjustments)
2-s2.0-105034853758,10.1007/978-3-032-00461-1_15,Emerging Applications of Conducting Polymer in Modern Architecture,Springer Series on Polymer and Composite Materials,Book Chapter,ok,uncertain_fulltext,,low,abstract,,,,facade but abstract gives no explicit movement/optical/thermal cue
2-s2.0-105033272638,10.3389/fbuil.2026.1756470,Deformability of perforated bending-active façade plates,Frontiers in Built Environment,Article,ok,include,,high,abstract,origami-deployable,simulation,energy,facade + physical movement (actuator; scissor)
2-s2.0-105018669060,10.1016/j.buildenv.2025.113861,Energy performance and optimal design of three typical dynamic photovoltaic façade systems for office buildings in hot-summer- cold-winter climate zone,Building and Environment,Article,ok,uncertain_fulltext,,low,abstract,,,,facade but abstract gives no explicit movement/optical/thermal cue
2-s2.0-105032131255,10.3389/fbuil.2025.1738453,CNC-knitted textiles for adaptive building envelopes: material programming and interdisciplinary design strategies,Frontiers in Built Environment,Article,ok,include,,high,abstract,origami-deployable,experiment,none,facade + physical movement (deployable)
2-s2.0-105033682453,10.53898/josse2025548,A Systematic Review of Kinetic Architecture as a Strategy for Improving Thermal Comfort in Office Buildings in Hot-Dry Climates,Journal of Studies in Science and Engineering,Article,ok,exclude,not_facade,high,abstract,,,,off-topic review
2-s2.0-105031576063,10.1080/13467581.2026.2633017,Integrated two-stage optimization of façade adaptation and renewable systems for indoor comfort in NZEBs,Journal of Asian Architecture and Building Engineering,Article,ok,uncertain_fulltext,,low,abstract,,,,facade but abstract gives no explicit movement/optical/thermal cue
2-s2.0-105031866483,10.1007/s40974-026-00405-y,A data-driven multi-objective optimization to tailor the impact of orientation on cooling loads of residential building in hot climate,Energy Ecology and Environment,Article,ok,uncertain_fulltext,,low,abstract,,,,facade but abstract gives no explicit movement/optical/thermal cue
2-s2.0-105028227685,10.1126/scirobotics.ady7233,Architectural swarms for responsive façades and creative expression,Science Robotics,Article,ok,uncertain_fulltext,,low,abstract,,,,facade but abstract gives no explicit movement/optical/thermal cue
2-s2.0-105030534261,10.1108/sasbe-05-2025-0218,From nature to structure: advancing building efficiency with biomimicry-inspired green façades,Smart and Sustainable Built Environment,Article,ok,uncertain_fulltext,,low,abstract,,,,facade but abstract gives no explicit movement/optical/thermal cue
2-s2.0-105023586208,10.1007/978-3-032-06806-4_93,Use of Digital Twin Tools to Improve Residential House Performance,Lecture Notes in Civil Engineering,Conference Paper,ok,exclude,facade_no_movement,high,abstract,,,,"thermal-dynamic, no moving part (phase change material)"
2-s2.0-105034407954,10.1016/j.foar.2026.01.009,"Optimising thermal performance of steel façades through self-shading: Calibration, sensitivity analysis, and climatic implications",Frontiers of Architectural Research,Article,ok,uncertain_fulltext,,low,abstract,,,,facade but abstract gives no explicit movement/optical/thermal cue
2-s2.0-105034936501,10.1016/j.enbenv.2026.02.006,Targeting integrated daylighting comfort in deep office by multi-objective optimization using partial vertical deployment of adaptive corrugated shadings,Energy and Built Environment,Article,ok,include,,high,abstract,origami-deployable,simulation,multiple,facade + physical movement (deployment of adaptive corrugated shading; deployment of slats; retraction of trapezoid hybrid shading)
2-s2.0-105031747480,10.1007/978-3-032-14019-7_16,Climate Responsive Form and Facade Design for Educational Spaces to Achieve Net-Zero Energy Building in Dhaka,Lecture Notes in Civil Engineering,Conference Paper,ok,uncertain_fulltext,,low,abstract,,,,facade but abstract gives no explicit movement/optical/thermal cue
2-s2.0-105035175870,10.1007/978-3-032-16767-5_63,Integrated IFC Protocols for Sustainable Conservation and Energy Efficiency of Historic Buildings,Rilem Bookseries,Book Chapter,ok,uncertain_fulltext,,low,abstract,,,,facade but abstract gives no explicit movement/optical/thermal cue
2-s2.0-105030282749,10.1080/02678292.2026.2627357,Nanofiber-engineered multichromic PDLCs with dynamic pattern switching for advanced adaptive fenestration,Liquid Crystals,Article,ok,exclude,facade_no_movement,high,abstract,,,,"optical/material-state, no geometry (liquid crystal; pdlc)"
2-s2.0-105035611869,10.1007/978-3-032-16381-3_4,Spatial–Angular Distribution of Aerodynamic Coefficients and Static Pressure on Residential Building Facades Under Wind Flow,Lecture Notes in Mechanical Engineering,Conference Paper,ok,uncertain_fulltext,,low,abstract,,,,facade but abstract gives no explicit movement/optical/thermal cue
2-s2.0-105020939510,10.1016/j.enbuild.2025.116629,A variable thermal transmittance adaptive wall: comparison between CFD simulations and experimental tests,Energy and Buildings,Article,ok,uncertain_fulltext,,low,abstract,,,,facade but abstract gives no explicit movement/optical/thermal cue
2-s2.0-105033474273,10.30822/arteks.v11i1.4973,Energy-efficient building design in tropical climates: A systematic literature review of heat transfer strategies,Arteks Jurnal Teknik Arsitektur,Article,ok,related_review,review,high,abstract,,,,review/secondary on facade topic — kept for intro/benchmark
2-s2.0-105029422297,10.1080/13467581.2026.2620975,Response mechanisms between daylighting performance and skylight design variables in underground public spaces,Journal of Asian Architecture and Building Engineering,Article,ok,uncertain_fulltext,,low,abstract,,,,facade but abstract gives no explicit movement/optical/thermal cue
2-s2.0-105029271876,10.1016/j.enbenv.2025.09.001,Human-shading interaction in shared offices: An experimental study,Energy and Built Environment,Article,ok,include,,high,abstract,unclear,experiment,multiple,facade + physical movement (shading with minimal manual adjustment)
2-s2.0-105038495510,10.1007/978-3-032-10546-2_103,Introducing Personalized Environmental Control Systems for Daylighting and Lighting,Lecture Notes in Civil Engineering,Conference Paper,ok,exclude,facade_no_movement,high,abstract,,,,"optical/material-state, no geometry (switchable glaz)"
2-s2.0-105032234655,10.3389/fbuil.2026.1750586,Designing more-than-human thermal comfort: bio-inspired evaporative cooling in porous facade components for cavity-nesting wild bees,Frontiers in Built Environment,Article,ok,uncertain_fulltext,,low,abstract,,,,facade but abstract gives no explicit movement/optical/thermal cue
2-s2.0-105026583740,10.1007/978-3-032-14170-5_47,Integrating Carbon Sink and Recycled Materials into Modular Façade Systems,Rilem Bookseries,Book Chapter,ok,uncertain_fulltext,,low,abstract,,,,facade but abstract gives no explicit movement/optical/thermal cue
2-s2.0-105039655961,10.1007/s10668-026-07697-4,A comprehensive review of MPPT techniques for photovoltaic systems under uniform shading and partial shading detections,Environment Development and Sustainability,Review,ok,related_review,review,high,abstract,,,,review/secondary on facade topic — kept for intro/benchmark
2-s2.0-105036712690,10.1007/978-981-95-5495-9_17,Research on Visual Comfort Performance Control of Smart Shading Blinds Based on Dynamic Programming Algorithm,Lecture Notes in Civil Engineering,Conference Paper,ok,uncertain_fulltext,,low,abstract,,,,facade but abstract gives no explicit movement/optical/thermal cue
2-s2.0-105035885691,10.1007/978-3-032-13469-1_95,Out-Of-Plane Dynamic Analysis of Masonry Façades Interacting with Sidewalls: Comparison of Discrete Macro-Element and Rigid-Block Modelling,Rilem Bookseries,Book Chapter,ok,uncertain_fulltext,,low,abstract,,,,facade but abstract gives no explicit movement/optical/thermal cue
2-s2.0-105019519369,10.1007/978-981-96-5527-4_38,Research on Dynamic Envelope Calculation and Application of Metro Engineering Vehicles,Lecture Notes in Mechanical Engineering,Conference Paper,ok,uncertain_fulltext,,low,abstract,,,,facade but abstract gives no explicit movement/optical/thermal cue
2-s2.0-105029680047,10.13189/cea.2026.140209,Toward Economically Viable Climate-Responsive Envelope Solutions for Social Housing in Egypt: A Comparative Study,Civil Engineering and Architecture,Article,ok,exclude,facade_no_movement,high,abstract,,,,"thermal-dynamic, no moving part (thermal mass)"
2-s2.0-105035815215,10.1016/j.jare.2026.04.011,Natural flavonoids inhibit plasmid conjugation via iron chelation and zinc-responsive envelope stress,Journal of Advanced Research,Article,ok,uncertain_fulltext,,low,abstract,,,,facade but abstract gives no explicit movement/optical/thermal cue
2-s2.0-85164492932,10.1080/2159032x.2023.2228186,The Lost Kinetic Architecture and How to Reintroduce it in the Landscape–The Case Study of the Drainage Windmills in the Vistula Delta,Heritage and Society,Article,ok,uncertain_fulltext,,low,abstract,,,,facade but abstract gives no explicit movement/optical/thermal cue
2-s2.0-105027185422,10.1007/978-3-032-09062-1_29,Kinetic Energy Harvesting from Human Footsteps: An Insight into Modern Architecture’s Response to Energy Conservation,Springer Proceedings in Complexity,Conference Paper,ok,uncertain_fulltext,,low,abstract,,,,facade but abstract gives no explicit movement/optical/thermal cue
2-s2.0-105025373625,10.1016/j.trip.2025.101800,Space for cycling: A scoping review of recent evidence on the dynamic envelope for bicycle riding,Transportation Research Interdisciplinary Perspectives,Article,ok,related_review,review,high,abstract,,,,review/secondary on facade topic — kept for intro/benchmark
2-s2.0-105018307628,10.1016/j.apenergy.2025.126860,"Adaptive BIPV shading optimization for electricity generation and building electricity management, sDA, and DGP using multi-objective algorithms",Applied Energy,Article,ok,include,,high,abstract,mechanical,simulation,multiple,"facade + physical movement (tilt angle, azimuth angle, shading)"
2-s2.0-105018904481,10.1016/j.enbuild.2025.116593,Machine learning-optimized porous thermally responsive SS-PCM with switchable transparency for adaptive building envelope coatings,Energy and Buildings,Article,ok,exclude,facade_no_movement,high,abstract,,,,"thermal-dynamic, no moving part (pcm; phase change material)"
2-s2.0-105014520687,10.1016/j.enconman.2025.120409,Real-time adaptive algae bioreactor facades: a novel method for dynamic daylight and thermal efficiency optimization in buildings,Energy Conversion and Management,Article,ok,uncertain_fulltext,,low,abstract,,,,facade but abstract gives no explicit movement/optical/thermal cue
2-s2.0-105026564749,10.35378/gujs.1629541,A Bibliometric Analysis on Bio-Inspired Responsive Facades,Gazi University Journal of Science,Review,ok,related_review,review,high,abstract,,,,review/secondary on facade topic — kept for intro/benchmark
2-s2.0-105010871768,10.15627/jd.2025.18,Designing a Kinetic Façade to Control Glare: Inspiration of Long-Day Plants Pattern,Journal of Daylighting,Article,ok,include,,high,abstract,unclear,simulation,daylight,facade + physical movement (kinetic facade; kinetic façade)
2-s2.0-105010602941,10.1007/s00004-025-00831-1,"Adaptive Architectural Facades: Review 1985–2024. A Comparative Analysis of Media-TIC, the Arab Institute, and Al Bahar Towers Dynamic Facades Approaches",Nexus Network Journal,Article,ok,related_review,review,high,abstract,,,,review/secondary on facade topic — kept for intro/benchmark
2-s2.0-105009003053,10.15627/jd.2025.17,Tessellation-Based Origami-Inspired Movable Façade for Daylighting and Exposure Optimization: Assessing Different Movement Approaches,Journal of Daylighting,Article,ok,include,,high,abstract,origami-deployable,simulation,multiple,facade + physical movement (folding façade; movable; origami)
2-s2.0-105014430935,10.1016/j.solcom.2025.100139,Dynamic solar shadings: Redefining the building envelope,Solar Compass,Review,ok,related_review,review,high,abstract,,,,review/secondary on facade topic — kept for intro/benchmark
2-s2.0-105016999242,10.1016/j.egyr.2025.09.038,Month-by-month prioritization of heating and ventilation from an adaptive mechanically-ventilated double-skin façade,Energy Reports,Article,ok,uncertain_fulltext,,low,abstract,,,,facade but abstract gives no explicit movement/optical/thermal cue
2-s2.0-105022195387,10.1016/j.rineng.2025.107518,Impact of Window-to-Wall Ratio (WWR) and shading on energy demand in a residential building across five distinct climates,Results in Engineering,Article,ok,include,,high,abstract,unclear,simulation,energy,"facade + physical movement (movable; shaded configurations, movable; shading types, movable)"
2-s2.0-105022127404,10.1007/s43621-025-02178-6,Climate responsive simulation of passive shading strategies for seasonal optimization of building energy demand,Discover Sustainability,Article,ok,include,,high,abstract,unclear,simulation,energy,facade + physical movement (movable)
2-s2.0-105017673516,10.1016/j.est.2025.118654,Controlled ventilated phase change material façades for climate-responsive buildings,Journal of Energy Storage,Article,ok,exclude,facade_no_movement,high,abstract,,,,"thermal-dynamic, no moving part (pcm; phase change material)"
2-s2.0-105029057963,10.2478/czoto-2025-0048,SYSTEM SAFETY OF FAÇADE SCAFFOLDING: ACHIEVING ACCEPTABLE DYNAMIC PERFORMANCE THROUGH ANCHORAGE AND BRACING DESIGN,System Safety Human Technical Facility Environment,Conference Paper,ok,uncertain_fulltext,,low,abstract,,,,facade but abstract gives no explicit movement/optical/thermal cue
2-s2.0-105024465578,10.14358/pers.25-00037r3,Joint Detection and Parameters Regression of Detailed Windows based on Facade Textures via an Adaptive Soft Teacher,Photogrammetric Engineering and Remote Sensing,Article,ok,uncertain_fulltext,,low,abstract,,,,facade but abstract gives no explicit movement/optical/thermal cue
2-s2.0-105025419780,10.1007/s44189-025-00089-9,Performance evaluation of an IoT-based smart double-skin façade system for indoor thermal comfort improvement in summer based on field experiment findings,International Journal of Air Conditioning and Refrigeration,Article,ok,uncertain_fulltext,,low,abstract,,,,facade but abstract gives no explicit movement/optical/thermal cue
2-s2.0-105016222839,10.1016/j.rineng.2025.107235,Climate-resilient office buildings: Energy and comfort in japan's future (2090s),Results in Engineering,Article,ok,uncertain_fulltext,,low,abstract,,,,facade but abstract gives no explicit movement/optical/thermal cue
2-s2.0-105016872513,10.1016/j.buildenv.2025.113749,A hybrid framework for optimal design and control strategies of retractable roof stadium based on CNN-LSTM and NSGA-II,Building and Environment,Article,ok,include,,high,abstract,origami-deployable,simulation,multiple,facade + physical movement (retractable)
2-s2.0-85218501351,10.1007/s43621-025-00819-4,"Determinants of urban agriculture and green infrastructure integration in Bahir Dar City, Northwest Ethiopia",Discover Sustainability,Article,ok,uncertain_fulltext,,low,abstract,,,,facade but abstract gives no explicit movement/optical/thermal cue
2-s2.0-105027948341,10.1051/e3sconf/202566701009,Analysis of the Effectiveness of Shading Systems in Ensuring Quality Daylighting in Gallery Spaces – Case Study,E3s Web of Conferences,Conference Paper,ok,uncertain_fulltext,,low,abstract,,,,facade but abstract gives no explicit movement/optical/thermal cue
2-s2.0-105024979604,10.4018/979-8-3373-5248-0.ch006,Designing Adaptive and Self-Responsive Structures,Integrating Modern Mathematics and Sensor Technologies in Civil Engineering,Book Chapter,ok,uncertain_fulltext,,low,abstract,,,,facade but abstract gives no explicit movement/optical/thermal cue
2-s2.0-105017841864,10.1016/j.jobe.2025.114325,A novel adaptive façade using cable-driven compliant mechanisms,Journal of Building Engineering,Article,ok,include,,high,abstract,origami-deployable,simulation,multiple,facade + physical movement (actuator; compliant mechanism)
2-s2.0-105014006634,10.1016/j.enbuild.2025.116319,A comprehensive approach to evaluate environmentally adaptive façade concepts through the use of fundamental environmental conditions,Energy and Buildings,Article,ok,include,,high,abstract,origami-deployable,experiment,energy,facade + physical movement (kirigami)
2-s2.0-105013636408,10.1016/j.enbuild.2025.116290,Influence of automated façades on comfort and energy: A critical review,Energy and Buildings,Review,ok,related_review,review,high,abstract,,,,review/secondary on facade topic — kept for intro/benchmark
2-s2.0-105019742966,10.1016/j.jobe.2025.114475,A field-based evaluation of blackboard visibility in daylit classrooms,Journal of Building Engineering,Article,ok,uncertain_fulltext,,low,abstract,,,,facade but abstract gives no explicit movement/optical/thermal cue
2-s2.0-105018641167,10.1016/j.jobe.2025.114258,Field monitoring and numerical analysis of thermal behavior of the National Stadium under solar radiation,Journal of Building Engineering,Article,ok,uncertain_fulltext,,low,abstract,,,,facade but abstract gives no explicit movement/optical/thermal cue
2-s2.0-105022933329,10.3390/eng6110292,Retrofitting for Energy Efficiency Improvement Using Kinetic Façades in Residential Buildings: A Case Study from Saudi Arabia,Eng,Article,ok,include,,high,abstract,origami-deployable,simulation,multiple,facade + physical movement (kinetic façade; origami)
2-s2.0-105011949210,10.1016/j.enbuild.2025.116188,Cactus-inspired multifunctional Bio-kinetic façade for energy performance improvement assessed by a novel energy simulation framework,Energy and Buildings,Article,ok,include,,high,abstract,mechanical,simulation,multiple,facade + physical movement (kinetic facade; kinetic façade)
2-s2.0-105010957276,10.1016/j.tws.2025.113702,Simulation and optimisation of frames subjected to torsion for buckling-induced morphing of shading modules,Thin Walled Structures,Article,ok,include,,high,abstract,compliant,experiment,none,facade + physical movement (morphing)
2-s2.0-105023426635,10.3390/en18226042,"Adaptive Energy Skins: A Climate Zones-Based, Multi-Scale Analysis for High Performance Buildings",Energies,Article,ok,exclude,facade_no_movement,high,abstract,,,,"optical/material-state, no geometry (chromogenic)"
2-s2.0-105011737870,10.1016/j.enbuild.2025.116180,Comprehensive assessment of dynamic shading devices for daylighting and energy management in Saudi Arabian hot-arid buildings,Energy and Buildings,Article,ok,exclude,facade_no_movement,high,abstract,,,,"optical/material-state, no geometry (electrochrom)"
2-s2.0-105013586180,10.1016/j.autcon.2025.106474,AI-driven control algorithm using machine learning and genetic optimization for enhancing visual comfort in adaptive façades,Automation in Construction,Article,ok,uncertain_fulltext,,low,abstract,,,,facade but abstract gives no explicit movement/optical/thermal cue
2-s2.0-105021586390,10.3390/buildings15213878,Synergizing Nature-Inspired Adaptive Facades: Harnessing Plant Responses for Elevated Building Performance in Alignment with Saudi Green Initiatives,Buildings,Article,ok,exclude,facade_no_movement,high,abstract,,,,"optical/material-state, no geometry (electrochrom)"
2-s2.0-105023077255,10.3390/buildings15224130,A Framework for Optimizing Biomimetic Opaque Ventilated Façades Using CFD and Machine Learning,Buildings,Article,ok,uncertain_fulltext,,low,abstract,,,,facade but abstract gives no explicit movement/optical/thermal cue
2-s2.0-105023107174,10.3390/buildings15224105,A Customer-Oriented Holistic Approach to Solar Shading Design: Enhancing Efficiency in an Existing Educational Building,Buildings,Article,ok,uncertain_fulltext,,low,abstract,,,,facade but abstract gives no explicit movement/optical/thermal cue
2-s2.0-105015518906,10.1115/1.4069135,Energy Benefits of Retrofitting Residential Communities: Case Study of KAUST Villa Housing Community,Journal of Engineering for Sustainable Buildings and Cities,Article,ok,include,,high,abstract,origami-deployable,case-study,energy,facade + physical movement (deployments of static and dynamic shading)
2-s2.0-105023120949,10.17973/mmsj.2025_11_2025073,OPTIMIZATION OF LIGHTING SYSTEMS FOR INCREASING ENERGY EFFICIENCY OF PUBLIC BUILDINGS,Mm Science Journal,Article,ok,uncertain_fulltext,,low,abstract,,,,facade but abstract gives no explicit movement/optical/thermal cue
2-s2.0-105037937283,10.31026/j.eng.2025.11.10,Technological Activation of Building Envelopes to Achieve Environmental Comfort,Journal of Engineering Iraq,Article,ok,exclude,facade_no_movement,high,abstract,,,,"optical/material-state, no geometry (smart glass)"
2-s2.0-105009414425,10.1016/j.rser.2025.115988,Liquid flow window: Technology review and future trends,Renewable and Sustainable Energy Reviews,Review,ok,related_review,review,high,abstract,,,,review/secondary on facade topic — kept for intro/benchmark
2-s2.0-105012275280,10.1016/j.enbuild.2025.116223,Navigating the built environment energy transition in the Netherlands: A tool for energy-oriented design and planning,Energy and Buildings,Article,ok,uncertain_fulltext,,low,abstract,,,,facade but abstract gives no explicit movement/optical/thermal cue
2-s2.0-105022886237,10.3390/urbansci9110455,The Adaptive Block: Passive Cooling Adaptation Strategies for Urban Resilience,Urban Science,Article,ok,uncertain_fulltext,,low,abstract,,,,facade but abstract gives no explicit movement/optical/thermal cue
2-s2.0-105020925192,10.1016/j.jobe.2025.114097,"An incremental, thermally optimised, and low-carbon shelter model for refugee housing in diverse climates",Journal of Building Engineering,Article,ok,uncertain_fulltext,,low,abstract,,,,facade but abstract gives no explicit movement/optical/thermal cue
2-s2.0-105013366575,10.1016/j.buildenv.2025.113542,Enhancing thermal performance of subtropical low-income housing through passive and behaviour-guided adaptive design,Building and Environment,Article,ok,uncertain_fulltext,,low,abstract,,,,facade but abstract gives no explicit movement/optical/thermal cue
2-s2.0-105021480697,10.3390/buildings15213825,A Conceptual Framework for Biophilic Architectural Design in Cold Climates: A Meta-Synthesis Analysis,Buildings,Review,ok,related_review,review,high,abstract,,,,review/secondary on facade topic — kept for intro/benchmark
2-s2.0-105014465252,10.1016/j.est.2025.118179,Design and thermal performance analysis of a dynamic shading device incorporating phase change materials,Journal of Energy Storage,Article,ok,include,,high,abstract,mechanical,experiment,multiple,facade + physical movement (sliding the shading)
2-s2.0-105010473513,10.1016/j.enbuild.2025.116105,Bio-adaptive reflective photovoltaic (BARP) facade system: a multimodal energy-saving solution based on light reflection,Energy and Buildings,Article,ok,uncertain_fulltext,,low,abstract,,,,facade but abstract gives no explicit movement/optical/thermal cue
2-s2.0-105010478985,10.1016/j.enbuild.2025.116125,Utilizing a three-zone control model of adaptive concentrating photovoltaic facade to enhance visual comfort and energy benefits,Energy and Buildings,Article,ok,uncertain_fulltext,,low,abstract,,,,facade but abstract gives no explicit movement/optical/thermal cue
2-s2.0-105013796800,10.1016/j.jobe.2025.113797,Understanding the visco-thermo-mechanical behavior of nitinol for climate-adaptive window shading devices,Journal of Building Engineering,Article,ok,include,,high,abstract,material-driven,experiment,daylight,facade + physical movement (shape-memory)
2-s2.0-105020014559,10.3390/biomimetics10100711,Biomimetic Shading Systems: Integrating Motorised and Moisture-Responsive Actuation for Adaptive Façades,Biomimetics,Article,ok,include,,high,abstract,material-driven,experiment,multiple,facade + physical movement (actuated; morphing)
2-s2.0-105022447125,10.21608/auej.2025.382274.1833,APPLICATION OF BIOMIMETIC FACADES FOR A MORE SUSTAINABLE FUTURE,Journal of Al Azhar University Engineering Sector,Article,ok,uncertain_fulltext,,low,abstract,,,,facade but abstract gives no explicit movement/optical/thermal cue
2-s2.0-105012617905,10.1016/j.dibe.2025.100707,Model-free online reinforcement learning control for responsive building envelope,Developments in the Built Environment,Article,ok,uncertain_fulltext,,low,abstract,,,,facade but abstract gives no explicit movement/optical/thermal cue
2-s2.0-105016356228,10.1016/j.nxmate.2025.101226,"Next-generation building envelopes: Smart materials, energy efficiency and environmental impact",Next Materials,Review,ok,related_review,review,high,abstract,,,,review/secondary on facade topic — kept for intro/benchmark
2-s2.0-105007295168,10.1016/j.rser.2025.115930,"Impacts of agrivoltaic systems on microclimate, water use efficiency, and crop yield: A systematic review",Renewable and Sustainable Energy Reviews,Review,ok,related_review,review,high,abstract,,,,review/secondary on facade topic — kept for intro/benchmark
2-s2.0-105020022788,10.3390/jimaging11100334,Intelligent Segmentation of Urban Building Roofs and Solar Energy Potential Estimation for Photovoltaic Applications,Journal of Imaging,Article,ok,uncertain_fulltext,,low,abstract,,,,facade but abstract gives no explicit movement/optical/thermal cue
2-s2.0-105017812952,10.1016/j.nxener.2025.100446,Modeling and simulation-based performance study of a DC-DC power processing circuit for building-attached photovoltaic systems,Next Energy,Article,ok,uncertain_fulltext,,low,abstract,,,,facade but abstract gives no explicit movement/optical/thermal cue
2-s2.0-105008155170,10.1016/j.solener.2025.113692,"Kirigami-inspired novel photovoltaic shading facade: multi-objective optimization of energy consumption, daylighting, thermal comfort, visual comfort, and landscape view",Solar Energy,Article,ok,include,,high,abstract,origami-deployable,simulation,multiple,facade + physical movement (kirigami)
2-s2.0-105018226817,10.35784/bud-arch.7102,"Simulation-based performance evaluation of kinetic Mashrabiya for thermal comfort and energy efficiency in arid climates: A case study in Biskra, Algeria",Budownictwo I Architektura,Article,ok,uncertain_fulltext,,low,abstract,,,,facade but abstract gives no explicit movement/optical/thermal cue
2-s2.0-105008944128,10.1016/j.energy.2025.137294,Energy saving performance of dual-mode adaptive wall with phase change material and dynamic louver,Energy,Article,ok,exclude,facade_no_movement,high,abstract,,,,"thermal-dynamic, no moving part (phase change material)"
2-s2.0-105025487653,,Building Envelope,Energy Management Handbook 10th Edition,Book Chapter,missing,uncertain_fulltext,,low,title_only,,,,facade but abstract gives no explicit movement/optical/thermal cue
2-s2.0-105007061909,10.1016/j.jobe.2025.112994,Optimizing bio-inspired macro-structures for enhanced thermal efficiency in multi-skin facade buildings,Journal of Building Engineering,Article,ok,uncertain_fulltext,,low,abstract,,,,facade but abstract gives no explicit movement/optical/thermal cue
2-s2.0-105021299672,10.18280/ijdne.200914,Simulation-Based Evaluation of Bio-Inspired Wall Materials for Energy-Efficient Prefabricated Housing in Hot-Arid Climates,International Journal of Design and Nature and Ecodynamics,Article,ok,exclude,facade_no_movement,high,abstract,,,,"thermal-dynamic, no moving part (pcm)"
2-s2.0-105010842104,10.1016/j.buildenv.2025.113408,Investigating tree shading and thermal variations in a subtropical zone: Single Tree to Urban Squares,Building and Environment,Article,ok,exclude,facade_no_movement,high,abstract,,,,"thermal-dynamic, no moving part (heat storage)"
2-s2.0-105008441616,10.1016/j.rineng.2025.105608,"A novel method for simulating dynamic facades to analysing, and optimizing daylight and visual comfort in office buildings",Results in Engineering,Article,ok,uncertain_fulltext,,low,abstract,,,,facade but abstract gives no explicit movement/optical/thermal cue
2-s2.0-105017172744,10.3390/su17188308,Machine Learning for Optimizing Urban Photovoltaics: A Review of Static and Dynamic Factors,Sustainability Switzerland,Review,ok,related_review,review,high,abstract,,,,review/secondary on facade topic — kept for intro/benchmark
2-s2.0-105004414522,10.1016/j.renene.2025.123143,"Design of Building-Installed PV system, with consideration given to the size and position of the building",Renewable Energy,Article,ok,uncertain_fulltext,,low,abstract,,,,facade but abstract gives no explicit movement/optical/thermal cue
2-s2.0-105008873289,10.1016/j.istruc.2025.109524,livMatS biomimetic shell: Structural advancements of segmented timber shells towards permanent building constructions,Structures,Article,ok,uncertain_fulltext,,low,abstract,,,,facade but abstract gives no explicit movement/optical/thermal cue
2-s2.0-105010013654,10.1002/adsu.202500603,Application of a Dynamic Semitransparent Agrivoltaic Panel for Controlling Sunlight Allocation to Solar Cells and Crops,Advanced Sustainable Systems,Article,ok,uncertain_fulltext,,low,abstract,,,,facade but abstract gives no explicit movement/optical/thermal cue
2-s2.0-105010124010,10.1016/j.buildenv.2025.113399,Vertical greenery as natural shading of glass facades: Bioshading coefficients for 4 climbing plant species for assessment of shading performance,Building and Environment,Article,ok,uncertain_fulltext,,low,abstract,,,,facade but abstract gives no explicit movement/optical/thermal cue
2-s2.0-105009764615,10.1016/j.buildenv.2025.113359,Machine learning-based adaptive control of PV shading for residential energy and visual comfort optimization,Building and Environment,Article,ok,include,,high,abstract,unclear,simulation,multiple,facade + physical movement (façades required significant adjustments)
2-s2.0-105015982844,10.3390/buildings15162977,Reinforcement Learning-Enabled Adaptive Control for Climate-Responsive Kinetic Building Facades,Buildings,Article,ok,include,,high,abstract,origami-deployable,experiment,multiple,facade + physical movement (actuator; folding responsive facade)
2-s2.0-105014382323,10.3390/smartcities8040127,Optimizing Building Performance with Dynamic Photovoltaic Shading Systems: A Comparative Analysis of Six Adaptive Designs,Smart Cities,Article,ok,include,,high,abstract,unclear,prototype,multiple,facade + physical movement (kinetic shad)
2-s2.0-105005854246,10.1016/j.autcon.2025.106295,Two-stage optimization of infinite rotation-freedom façade systems using machine learning surrogate models,Automation in Construction,Article,ok,include,,high,abstract,mechanical,experiment,daylight,facade + physical movement (kinetic façade; rotation-freedom façade)
2-s2.0-105014965797,10.1115/1.4068810,"Parametric Design of Tessellated Geometric Kinetic Façade for Daylighting and Glare Control in a High-Rise Hospital Building in Amman, Jordan",Journal of Engineering for Sustainable Buildings and Cities,Article,ok,include,,high,abstract,origami-deployable,simulation,multiple,facade + physical movement (kinetic facade; kinetic façade)
2-s2.0-105014622413,10.3390/buildings15162847,Optimization of External Horizontal Slat Configurations for Enhanced Tropical Daylighting in High-Rise Apartments,Buildings,Article,ok,include,,high,abstract,mechanical,simulation,multiple,facade + physical movement (shading device featuring adjustable)
2-s2.0-105005761786,10.1016/j.buildenv.2025.113187,An innovative adaptive double-skin wall system integrating a phase change material layer: comprehensive performances across different climate zones for heating,Building and Environment,Article,ok,exclude,facade_no_movement,high,abstract,,,,"thermal-dynamic, no moving part (pcm; phase change material)"
2-s2.0-105014419342,10.3390/buildings15162958,Multi-Objective Optimization of a Folding Photovoltaic-Integrated Light Shelf Using Non-Dominated Sorting Genetic Algorithm III for Enhanced Daylighting and Energy Savings in Office Buildings,Buildings,Article,ok,include,,high,abstract,origami-deployable,simulation,multiple,facade + physical movement (louvers that adjust)
2-s2.0-105014402389,10.3390/buildings15162904,Daylighting Performance Simulation and Optimization Design of a “Campus Living Room” Based on BIM Technology—A Case Study in a Region with Hot Summers and Cold Winters,Buildings,Article,ok,include,,high,abstract,mechanical,simulation,multiple,facade + physical movement (adjustable inner louver shading)
2-s2.0-105014418071,10.3390/buildings15162842,Climate-Responsive Envelope Retrofit Strategies for Aged Residential Buildings in China Across Five Climate Zones,Buildings,Article,ok,uncertain_fulltext,,low,abstract,,,,facade but abstract gives no explicit movement/optical/thermal cue
2-s2.0-105009376508,10.1016/j.xcrp.2025.102668,Demonstration and characterization of insertable passive thermal switches for dynamic building envelopes,Cell Reports Physical Science,Article,ok,exclude,facade_no_movement,high,abstract,,,,"thermal-dynamic, no moving part (pcm; phase change material; thermal energy storage)"
2-s2.0-105002391504,10.1016/j.jobe.2025.112566,"Artificial intelligence algorithms, simulation tools and software for optimization of adaptive facades: A systematic literature review",Journal of Building Engineering,Review,ok,related_review,review,high,abstract,,,,review/secondary on facade topic — kept for intro/benchmark
2-s2.0-105003243841,10.1016/j.enbuild.2025.115776,Enhancing EnergyPlus capabilities to model dynamic building envelopes using python plugin,Energy and Buildings,Article,ok,exclude,facade_no_movement,high,abstract,,,,"thermal-dynamic, no moving part (dynamic insulation; phase change material; switchable insulation)"
2-s2.0-105005070435,10.1016/j.buildenv.2025.113141,Enhancing building envelope performance via dynamic PCM Integration in biomaterial concrete walls: A numerical evaluation and multi-objective optimization study,Building and Environment,Article,missing,exclude,facade_no_movement,low,title_only,,,,"thermal-dynamic, no moving part (pcm)"
2-s2.0-105002776077,10.1016/j.engstruct.2025.120362,Tensile self-locking behavior of reconfigurable origami structure,Engineering Structures,Article,ok,include,,high,abstract,pneumatic-soft,experiment,none,facade + physical movement (origami; soft robot)
2-s2.0-105011624612,10.3390/buildings15142572,Dynamic Skin: A Systematic Review of Energy-Saving Design for Building Facades,Buildings,Review,ok,related_review,review,high,abstract,,,,review/secondary on facade topic — kept for intro/benchmark
2-s2.0-105000865212,10.1016/j.jobe.2025.112415,Integration of bio-inspired adaptive systems for optimizing daylight performance and glare control,Journal of Building Engineering,Article,ok,include,,high,abstract,origami-deployable,unclear,multiple,facade + physical movement (folding patterns of the kinetic façade; kinetic façade)
2-s2.0-105007087859,10.37934/arfmts.131.1.155174,Angle of Folding of Dynamic Kinetic Façade Configuration for Air Velocity and Indoor Air Temperature in a Naturally-Ventilated Hotel Guestroom in the Hot and Humid Climate,Journal of Advanced Research in Fluid Mechanics and Thermal Sciences,Article,ok,include,,high,abstract,origami-deployable,unclear,multiple,facade + physical movement (folding of dynamic kinetic façade; kinetic façade)
2-s2.0-105011854535,10.3390/buildings15142491,Biomimetic Opaque Ventilated Façade for Low-Rise Buildings in Hot Arid Climate,Buildings,Article,ok,uncertain_fulltext,,low,abstract,,,,facade but abstract gives no explicit movement/optical/thermal cue
2-s2.0-105011877910,10.3390/buildings15142577,The Impact of Building Windows on Occupant Well-Being: A Review Integrating Visual and Non-Visual Pathways with Multi-Objective Optimization,Buildings,Review,ok,related_review,review,high,abstract,,,,review/secondary on facade topic — kept for intro/benchmark
2-s2.0-105010701100,10.1016/j.jtherbio.2025.104212,"Future climate impacts on urban office Buildings: Energy, comfort, and passive solutions in Osaka, Japan",Journal of Thermal Biology,Article,ok,uncertain_fulltext,,low,abstract,,,,facade but abstract gives no explicit movement/optical/thermal cue
2-s2.0-105003811207,10.1016/j.buildenv.2025.113048,Biomimetic self-shading walls via 3D-printing for reduced heat gain: Multiscale learning using graph neural networks to predict solar radiation absorption,Building and Environment,Article,ok,uncertain_fulltext,,low,abstract,,,,facade but abstract gives no explicit movement/optical/thermal cue
2-s2.0-105000918728,10.1016/j.jobe.2025.112104,"Optimal daylighting design for standard photopic and melanopic equivalent daylight illuminance, and glare minimization in Tehran classrooms",Journal of Building Engineering,Article,ok,uncertain_fulltext,,low,abstract,,,,facade but abstract gives no explicit movement/optical/thermal cue
2-s2.0-105005767296,10.1016/j.cscm.2025.e04805,Dynamic mechanical properties of nanoparticle-stabilized foam concrete (NFC),Case Studies in Construction Materials,Article,ok,uncertain_fulltext,,low,abstract,,,,facade but abstract gives no explicit movement/optical/thermal cue
2-s2.0-105005200552,10.1002/ep.14621,Maximizing energy harvesting in grid-connected hybrid photovoltaic and thermoelectric generator systems: An adaptive global power tracking technique,Environmental Progress and Sustainable Energy,Article,ok,uncertain_fulltext,,low,abstract,,,,facade but abstract gives no explicit movement/optical/thermal cue
2-s2.0-105007906071,10.21608/jesaun.2025.360974.1428,"From Stasis to Motion: Enhancing Environmental Performance through Dynamic Architecture Techniques A Reimagining of Traditional MashRabiya in Contemporary Case Study Design Commercial Building Design in Egypt (Mokattam area, Cairo)",Journal of Engineering Sciences,Article,ok,uncertain_fulltext,,low,abstract,,,,facade but abstract gives no explicit movement/optical/thermal cue
2-s2.0-105012357418,10.1145/3734921.3734943,Research on Enhancing the Generalization Ability of Generative AI Based on K-means Clustering Algorithm: Text-to-Image Task for Wind-Responsive Passive Building Facade,Proceedings of 2025 International Conference on Generative Artificial Intelligence and Digital Media Gadm 2025,Conference Paper,ok,include,,high,abstract,unclear,unclear,daylight,facade + physical movement (moving look of the facade)
2-s2.0-105006665733,10.1016/j.scs.2025.106484,Tabular prior-data fitted network for urban air temperature inference and high temperature risk assessment,Sustainable Cities and Society,Article,ok,include,,high,abstract,mechanical,experiment,energy,facade + physical movement (retractable)
2-s2.0-105006797861,10.1021/acsenergylett.5c00637,"Glare-Free, Energy-Efficient Smart Windows: A Pedestrian-Friendly System with Dynamically Tunable Light and Heat Regulation",ACS Energy Letters,Article,ok,exclude,facade_no_movement,high,abstract,,,,"optical/material-state, no geometry (electrochrom)"
2-s2.0-105009000892,10.3390/buildings15122072,Adaptive Façades for High-Rise Residential Buildings: A Qualitative Analysis of the Design Parameters and Methods,Buildings,Article,ok,uncertain_fulltext,,low,abstract,,,,facade but abstract gives no explicit movement/optical/thermal cue
2-s2.0-85218080379,10.15627/jd.2025.5,Designing Adaptability Strategy to a Novel Kinetic Adaptive Façade (NKAF); Toward a Pioneering Method in Dynamic-objects Daylight Simulation (Post-Processing),Journal of Daylighting,Article,ok,uncertain_fulltext,,low,abstract,,,,facade but abstract gives no explicit movement/optical/thermal cue
2-s2.0-105003802281,10.1016/j.rineng.2025.105000,Achieving operational synergy between different adaptive façade technologies,Results in Engineering,Article,ok,uncertain_fulltext,,low,abstract,,,,facade but abstract gives no explicit movement/optical/thermal cue
2-s2.0-105007750748,10.3390/buildings15111853,Computational Evaluation of a Biomimetic Kinetic Façade Inspired by the Venus Flytrap for Daylight and Glare Performance,Buildings,Article,ok,include,,high,abstract,unclear,simulation,multiple,facade + physical movement (kinetic façade)
2-s2.0-105007747655,10.3390/buildings15111961,Energy-Saving Performance and Optimization Study of Adaptive Shading System—A Case Study,Buildings,Article,ok,include,,high,abstract,mechanical,experiment,energy,facade + physical movement (shading systems have emerged as pivotal)
2-s2.0-105007669014,10.3390/en18112682,A Simplified Model Validation for the Energy Assessment of Opaque Adaptive Façades with Variable Thermal Resistance,Energies,Article,ok,include,,high,abstract,unclear,simulation,energy,facade + physical movement (movable)
2-s2.0-85217251600,10.15627/jd.2025.1,Daylight Optimization of the South-Faced Architecture Classrooms Using Biomimicry-Based Kinetic Facade Shading System,Journal of Daylighting,Article,missing,include,,low,title_only,unclear,simulation,daylight,facade + physical movement (kinetic facade)
2-s2.0-105001272856,10.1016/j.egyr.2025.03.021,Kinetic facades as a solution for educational buildings: A multi-objective optimization simulation-based study,Energy Reports,Article,ok,include,,high,abstract,unclear,simulation,multiple,facade + physical movement (kinetic facade; kinetic façade; kinetic shad)
2-s2.0-105018813599,10.1007/s44150-025-00156-0,Numerical analysis of perforated bending-active plates integrated in unitized curtain wall,Architecture Structures and Construction,Article,ok,include,,high,abstract,origami-deployable,simulation,energy,facade + physical movement (actuator; scissor)
2-s2.0-105007841368,10.3390/su17115176,Sustainable Insulation Technologies for Low-Carbon Buildings: From Past to Present,Sustainability Switzerland,Review,ok,related_review,review,high,abstract,,,,review/secondary on facade topic — kept for intro/benchmark
2-s2.0-105002439740,10.1007/s42107-025-01331-w,A review of multi objective optimization in sustainable architecture: enhancing energy efficiency through dynamic facades,Asian Journal of Civil Engineering,Review,ok,related_review,review,high,abstract,,,,review/secondary on facade topic — kept for intro/benchmark
2-s2.0-86000610528,10.1016/j.rser.2025.115586,"Biomimetic adaptive solar building envelopes: Trends, challenges, and opportunities for sustainable applications",Renewable and Sustainable Energy Reviews,Review,ok,related_review,review,high,abstract,,,,review/secondary on facade topic — kept for intro/benchmark
2-s2.0-85200678485,10.1177/14780771241270265,From theory to practice: Truchet tile as a computational visual coding approach for facade visualization,International Journal of Architectural Computing,Article,ok,uncertain_fulltext,,low,abstract,,,,facade but abstract gives no explicit movement/optical/thermal cue
2-s2.0-105009088452,10.3390/buildings15122100,Development of a Solar-Tracking Movable Louver with a PV Module for Building Energy Reduction,Buildings,Article,ok,include,,high,abstract,mechanical,unclear,multiple,facade + physical movement (movable; rotating its slats)
2-s2.0-105012978506,10.18280/ijdne.200608,Biomimetic Strategies in Kinetic Architecture: A Comparative Analysis of Nature-Inspired Roof and Façade Designs,International Journal of Design and Nature and Ecodynamics,Article,ok,include,,high,abstract,unclear,simulation,none,facade + physical movement (actuator; movable)
2-s2.0-105004260509,10.1016/j.egyr.2025.04.064,On the use of dynamic film to improve the thermal and solar performance of multiple glazing units. Preliminary testing and assessment,Energy Reports,Article,ok,include,,high,abstract,unclear,experiment,multiple,facade + physical movement (moveable)
2-s2.0-105001330352,10.1016/j.enbuild.2025.115594,Prescriptive tool for zero-emissions building fenestration design using hybrid metaheuristic algorithms,Energy and Buildings,Article,ok,include,,high,abstract,unclear,experiment,multiple,facade + physical movement (movable)
2-s2.0-86000790700,10.1016/j.enbuild.2025.115546,Design optimization of climate-responsive rural residences in solar rich areas considering sustainability and occupant comfort,Energy and Buildings,Article,ok,uncertain_fulltext,,low,abstract,,,,facade but abstract gives no explicit movement/optical/thermal cue
2-s2.0-85216645086,10.1016/j.jobe.2025.111813,A method for achieving optimal thermal performance of adaptive opaque facades based on monthly loads across China,Journal of Building Engineering,Article,ok,uncertain_fulltext,,low,abstract,,,,facade but abstract gives no explicit movement/optical/thermal cue
2-s2.0-85217060741,10.1016/j.jobe.2025.111943,Investigation of climate-adaptive thermal effects of a double-sided hydronic loop embedded in an opaque building envelope,Journal of Building Engineering,Article,ok,uncertain_fulltext,,low,abstract,,,,facade but abstract gives no explicit movement/optical/thermal cue
2-s2.0-105008570209,10.18280/ijsdp.200507,Parametric Analysis of Daylight and Solar Energy Performance of Oasis Building Environments Through Kinetic Shading Devices Integrated with a Photovoltaic System,International Journal of Sustainable Development and Planning,Article,ok,include,,high,abstract,unclear,simulation,multiple,facade + physical movement (kinetic shad)
2-s2.0-85218992312,10.1016/j.enbuild.2025.115491,An advanced numerical model for dynamic daylight and energy consumption analysis of thermal-responsive complex fenestration system with adaptive solar absorption,Energy and Buildings,Article,ok,uncertain_fulltext,,low,abstract,,,,facade but abstract gives no explicit movement/optical/thermal cue
2-s2.0-85218637971,10.1016/j.enbuild.2025.115488,Comprehensive impact of two advanced thermotropic façades designs on building daylight and energy performance,Energy and Buildings,Article,ok,uncertain_fulltext,,low,abstract,,,,facade but abstract gives no explicit movement/optical/thermal cue
2-s2.0-105004796177,10.3390/en18092375,A Systematic Review of Sensitivity Analysis in Building Energy Modeling: Key Factors Influencing Building Thermal Energy Performance,Energies,Review,ok,related_review,review,high,abstract,,,,review/secondary on facade topic — kept for intro/benchmark
2-s2.0-105006617880,10.3390/buildings15101593,A Systematic Review on the Research and Development of Adaptive Buildings,Buildings,Review,ok,related_review,review,high,abstract,,,,review/secondary on facade topic — kept for intro/benchmark
2-s2.0-105004839203,10.3390/buildings15091434,"Energy-Efficient Design of Immigrant Resettlement Housing in Qinghai: Solar Energy Utilization, Sunspace Temperature Control, and Envelope Optimization",Buildings,Article,ok,uncertain_fulltext,,low,abstract,,,,facade but abstract gives no explicit movement/optical/thermal cue
2-s2.0-105007689472,10.13189/cea.2025.131304,Utilizing Adaptive Glass and Materials in Smart Window Design to Improve Thermal Performance of Buildings in Hot Climates,Civil Engineering and Architecture,Article,ok,uncertain_fulltext,,low,abstract,,,,facade but abstract gives no explicit movement/optical/thermal cue
2-s2.0-86000784109,10.1016/j.solener.2025.113268,"Suitable transition temperature on thermo-adaptive reflectance for opaque facades: Influence of climate, solar orientation, and facade material",Solar Energy,Article,ok,uncertain_fulltext,,low,abstract,,,,facade but abstract gives no explicit movement/optical/thermal cue
2-s2.0-105006846399,10.3390/buildings15101675,Developing an Alternative Calculation Method for the Smart Readiness Indicator Based on Genetic Programming and Linear Regression,Buildings,Article,ok,uncertain_fulltext,,low,abstract,,,,facade but abstract gives no explicit movement/optical/thermal cue
2-s2.0-105006746001,10.3390/buildings15101648,"Climate-Responsive Design of Photovoltaic Façades in Hot Climates: Materials, Technologies, and Implementation Strategies",Buildings,Review,ok,related_review,review,high,abstract,,,,review/secondary on facade topic — kept for intro/benchmark
2-s2.0-105005752559,10.1145/3706598.3714064,Manifesting Architectural Subspaces with Two Mobile Robotic Partitions to Facilitate Spontaneous Office Meetings,Conference on Human Factors in Computing Systems Proceedings,Conference Paper,ok,include,,high,abstract,unclear,unclear,daylight,facade + physical movement (movable)
2-s2.0-85214011602,10.1016/j.jobe.2024.111701,A review on adaptive and non-adaptive shading devices for sustainable buildings,Journal of Building Engineering,Review,ok,related_review,review,high,abstract,,,,review/secondary on facade topic — kept for intro/benchmark
2-s2.0-105003555631,10.1051/e3sconf/202562401003,The Importance of Renovation and Renewable Energies for Carbon Neutral Building,E3s Web of Conferences,Conference Paper,ok,uncertain_fulltext,,low,abstract,,,,facade but abstract gives no explicit movement/optical/thermal cue
2-s2.0-85204870157,10.1016/j.foar.2024.08.002,A systematic method of generating hinged tessellations by adding hinged plates based on dual graphs,Frontiers of Architectural Research,Article,ok,include,,high,abstract,origami-deployable,unclear,none,facade + physical movement (kinetic facade)
2-s2.0-105003491014,10.3390/designs9020041,Review of Dynamic Building Envelope Systems and Technologies Utilizing Renewable Energy Resources,Designs,Review,ok,related_review,review,high,abstract,,,,review/secondary on facade topic — kept for intro/benchmark
2-s2.0-85218120860,10.1016/j.buildenv.2025.112724,An integrated adaptive façade system using a glass block filled with phase change material: Cooling energy load and performance enhancement,Building and Environment,Article,ok,exclude,facade_no_movement,high,abstract,,,,"thermal-dynamic, no moving part (latent heat; pcm; phase change material)"
2-s2.0-105002285610,10.3390/buildings15071123,Dynamic Integration of Shading and Ventilation: Novel Quantitative Insights into Building Performance Optimization,Buildings,Article,ok,uncertain_fulltext,,low,abstract,,,,facade but abstract gives no explicit movement/optical/thermal cue
2-s2.0-85214140676,10.1016/j.tws.2024.112886,Experimental study on harnessing torsion-induced buckling of frames for adaptive shading modules,Thin Walled Structures,Article,ok,uncertain_fulltext,,low,abstract,,,,facade but abstract gives no explicit movement/optical/thermal cue
2-s2.0-85213535470,10.1016/j.jobe.2024.111643,Energy-efficient building façades: A comprehensive review of innovative technologies and sustainable strategies,Journal of Building Engineering,Review,ok,related_review,review,high,abstract,,,,review/secondary on facade topic — kept for intro/benchmark
2-s2.0-105003462090,10.3390/designs9020031,Delta IXI: Deployable Structure with Flax Fibre Pultruded Profiles for Architectural Applications—Case Studies in Furniture and Adaptive Facade Systems,Designs,Article,ok,include,,high,abstract,origami-deployable,case-study,daylight,facade + physical movement (deployable; kinetic facade)
2-s2.0-85217063442,10.1016/j.enbuild.2025.115431,Fully exploiting solar energy with building envelops: Experimental study on an adjustable photovoltaic green facade,Energy and Buildings,Article,ok,include,,high,abstract,unclear,experiment,multiple,facade + physical movement (adjustable photovoltaic green facade; modules in the auto-adjusting)
2-s2.0-105001572160,10.1016/j.seta.2025.104297,Comprehensive performance analysis of semitransparent CdTe PV windows in static and dynamic facades: A real ship case study,Sustainable Energy Technologies and Assessments,Article,ok,uncertain_fulltext,,low,abstract,,,,facade but abstract gives no explicit movement/optical/thermal cue
2-s2.0-85212953481,10.1016/j.jobe.2024.111645,Investigations for the daylighting performance of trapezoid profile shadings using multi-objective optimization,Journal of Building Engineering,Article,ok,include,,high,abstract,mechanical,simulation,multiple,facade + physical movement (louvers that adjust)
2-s2.0-86000295890,10.1007/s12273-025-1246-6,Improving outdoor thermal environmental quality through kinetic canopy empowered by machine learning and control algorithms,Building Simulation,Article,ok,exclude,not_facade,high,abstract,,,,no facade context and no movement signal
2-s2.0-86000763996,10.35378/gujs.1433809,"Multi-Objective Optimization of a Folding Kinetic Facade System Proposal for Thermal, Daylight, and Energy Performances",Gazi University Journal of Science,Article,ok,include,,high,abstract,origami-deployable,simulation,multiple,facade + physical movement (folding facade; folding kinetic facade; kinetic facade)
2-s2.0-85217028059,10.13189/cea.2025.130204,A Multi-objective Optimization for Passive Adaptive Envelope Integrating Smart Materials,Civil Engineering and Architecture,Article,ok,include,,high,abstract,material-driven,experiment,multiple,facade + physical movement (actuated; actuator; kinetic facade)
2-s2.0-85212415840,10.1061/jaeied.aeeng-1705,Utilizing Kinematic Models of Kinetic Facades to Obtain Optimal Natural Lighting in an Office Building,Journal of Architectural Engineering,Article,ok,include,,high,abstract,unclear,simulation,daylight,facade + physical movement (kinetic facade)
2-s2.0-105001327613,10.3390/architecture5010012,"Space-Containing Façades: Mediating Environmental, Social, and Urban Dynamics in Collective Housing Design",Architecture,Article,ok,uncertain_fulltext,,low,abstract,,,,facade but abstract gives no explicit movement/optical/thermal cue
2-s2.0-86000285490,10.13189/cea.2025.130239,Machine Learning for Adaptive Facade Design: Enhancing Thermal Performance in Urban Architecture,Civil Engineering and Architecture,Article,ok,uncertain_fulltext,,low,abstract,,,,facade but abstract gives no explicit movement/optical/thermal cue
2-s2.0-105001114046,10.3390/buildings15060876,Design Optimization Approach for Residential Outdoor Environments Based on Seasonal Variations in Local Thermal Perception,Buildings,Article,ok,uncertain_fulltext,,low,abstract,,,,facade but abstract gives no explicit movement/optical/thermal cue
2-s2.0-105001090112,10.1177/01436244241306595,A comparison between the impact of dynamic envelope control strategies on the buildings’ smart readiness indicator and modelled performance,Building Services Engineering Research and Technology,Article,ok,include,,high,abstract,unclear,simulation,energy,facade + physical movement (movable)
2-s2.0-105006666309,10.20898/j.iass.2024.013,EVOLVING TENSEGRITY FAÇADE SYSTEMS: COMPUTATIONAL MORPHOGENESIS THROUGH MULTI-STEP OPTIMIZATION AND DIGITAL FABRICATION OF STRUCTURAL MODULES,Journal of the International Association for Shell and Spatial Structures,Article,ok,uncertain_fulltext,,low,abstract,,,,facade but abstract gives no explicit movement/optical/thermal cue
2-s2.0-105001124707,10.3390/buildings15060988,Enhancing Daylight and Energy Efficiency in Hot Climate Regions with a Perforated Shading System Using a Hybrid Approach Considering Different Case Studies,Buildings,Article,ok,uncertain_fulltext,,low,abstract,,,,facade but abstract gives no explicit movement/optical/thermal cue
2-s2.0-86000503421,10.3390/su17052116,A Smart Roller Shutters Control for Enhancing Thermal Comfort and Sustainable Energy Efficiency in Office Buildings,Sustainability Switzerland,Article,ok,uncertain_fulltext,,low,abstract,,,,facade but abstract gives no explicit movement/optical/thermal cue
2-s2.0-85215966151,10.1016/j.solener.2025.113306,Thermo-responsive hydrogel-based building envelopes for building energy-saving,Solar Energy,Article,ok,uncertain_fulltext,,low,abstract,,,,facade but abstract gives no explicit movement/optical/thermal cue
2-s2.0-85217044784,10.1016/j.tsep.2025.103336,Assessing the thermal performance of building walls containing eco-friendly composite materials: A combined numerical and simulation approach,Thermal Science and Engineering Progress,Article,ok,uncertain_fulltext,,low,abstract,,,,facade but abstract gives no explicit movement/optical/thermal cue
2-s2.0-105001160974,10.3390/en18061402,Thermal Performance Evaluation of a Retrofitted Building with Adaptive Composite Energy-Saving Facade Systems,Energies,Article,ok,uncertain_fulltext,,low,abstract,,,,facade but abstract gives no explicit movement/optical/thermal cue
2-s2.0-105003105190,10.1007/s11012-024-01802-5,Hybrid origami-linkage vaulted deployable structures: parametric development and form-finding,Meccanica,Article,ok,include,,high,abstract,origami-deployable,simulation,daylight,facade + physical movement (deployable; origami; retractable)
2-s2.0-86000190113,10.1364/ol.550391,Blind signal reconstruction for continuous-time photonic time-stretch analog-to-digital converters,Optics Letters,Article,ok,uncertain_fulltext,,low,abstract,,,,facade but abstract gives no explicit movement/optical/thermal cue
2-s2.0-105000761001,10.1063/5.0258553,Tunable foil pneu: A concept study on kinetic shading systems for climate-sensitive building envelopes,Aip Conference Proceedings,Conference Paper,ok,include,,high,abstract,pneumatic-soft,experiment,multiple,facade + physical movement (inflat; kinetic shad)
2-s2.0-85214505558,10.1016/j.buildenv.2024.112409,User interaction with smart glazing: Effect of switching speed under overcast sky condition,Building and Environment,Article,ok,exclude,facade_no_movement,high,abstract,,,,"optical/material-state, no geometry (liquid crystal; switchable glaz)"
2-s2.0-85209902839,10.1016/j.tws.2024.112739,Design and photothermal coupling analysis of Kresling origami-based intelligent dynamic shading system,Thin Walled Structures,Article,ok,include,,high,abstract,material-driven,experiment,multiple,facade + physical movement (4d print; adjustable fan blade unit; adjusts the shade)
2-s2.0-85218453876,10.3390/buildings15040578,Technical Review of Solar Distribution Calculation Methods: Enhancing Simulation Accuracy for High-Performance and Sustainable Buildings,Buildings,Review,ok,related_review,review,high,abstract,,,,review/secondary on facade topic — kept for intro/benchmark
2-s2.0-85218636726,10.3390/en18040918,A Review of Artificial Intelligence Applications in Architectural Design: Energy-Saving Renovations and Adaptive Building Envelopes,Energies,Review,ok,related_review,review,high,abstract,,,,review/secondary on facade topic — kept for intro/benchmark
2-s2.0-85218903133,10.3390/urbansci9020030,“Build It and They Will Stay”: Assessing the Social Impact of Self-Build Practices in Urban Regeneration,Urban Science,Article,ok,include,,high,abstract,unclear,unclear,multiple,facade + physical movement (shading and movable)
2-s2.0-85218882604,10.3390/act14020045,Dynamic Envelope Optimization of Articulated Vehicles Based on Multi-Axle Steering Control Strategies,Actuators,Article,ok,uncertain_fulltext,,low,abstract,,,,facade but abstract gives no explicit movement/optical/thermal cue
2-s2.0-105011310369,10.62754/ais.v6i1.103,Enhancing building energy system design using computational intelligence for smart buildings,Architecture Image Studies,Article,ok,include,,high,abstract,unclear,simulation,multiple,facade + physical movement (façade structure capable of adjusting)
2-s2.0-85218120115,10.48619/ais.v6i1.1087,Enhancing building energy system design using computational intelligence for smart buildings,Architecture Image Studies,Article,ok,include,,high,abstract,unclear,simulation,multiple,facade + physical movement (façade structure capable of adjusting)
2-s2.0-85208399934,10.1016/j.apenergy.2024.124787,Experimental energy performance assessment of a smart controlled water-flow glazing adaptive facade in heating demand conditions,Applied Energy,Article,ok,uncertain_fulltext,,low,abstract,,,,facade but abstract gives no explicit movement/optical/thermal cue
2-s2.0-105023055856,10.1007/978-981-96-8769-5_10,Adaptive Façades for High-Rise Residential Buildings: A Qualitative Analysis of the Design Parameters and Methods,Lecture Notes in Civil Engineering,Conference Paper,ok,include,,high,abstract,origami-deployable,unclear,energy,facade + physical movement (facades have folded)
2-s2.0-105027941582,10.1088/1742-6596/3140/2/022009,Performance assessment of an adaptive opaque façade technology across diverse European climates: Energy efficiency and thermal comfort improvements,Journal of Physics Conference Series,Conference Paper,ok,uncertain_fulltext,,low,abstract,,,,facade but abstract gives no explicit movement/optical/thermal cue
2-s2.0-105023472535,10.52842/conf.caadria.2025.3.243,A Predictive Model for Dynamic Facades' Daylight Performance using Multimodal Fusion Learning,Proceedings of the International Conference on Computer Aided Architectural Design Research in Asia,Conference Paper,ok,uncertain_fulltext,,low,abstract,,,,facade but abstract gives no explicit movement/optical/thermal cue
2-s2.0-85214263895,10.1080/17508975.2024.2448524,Proposal for a kinetic façade system based on curved line folding technique,Intelligent Buildings International,Article,ok,include,,high,abstract,origami-deployable,simulation,multiple,facade + physical movement (actuator; compliant mechanism; kinetic façade)
2-s2.0-105035258792,10.26868/25222708.2025.1749,Thermo-Bimetal Responsive Building Skins: Comparative Analysis of Self-Actuated Geometric Patterning and User Override on Daylight and Energy Efficiency,Building Simulation Conference Proceedings,Conference Paper,ok,include,,high,abstract,material-driven,simulation,multiple,facade + physical movement (actuated; kinetic facade)
2-s2.0-105014739375,10.1088/1742-6596/3071/1/012016,Designing buildings with potential for Artificial Intelligence integration: a conceptual study on adaptive façades,Journal of Physics Conference Series,Conference Paper,ok,include,,high,abstract,unclear,simulation,energy,facade + physical movement (façade's dynamic adjustments)
2-s2.0-85215760274,10.3390/su17020783,Sustainable Design: Minimizing Discomfort Glare Through Data-Driven Methods for Responsive Facades,Sustainability Switzerland,Article,ok,uncertain_fulltext,,low,abstract,,,,facade but abstract gives no explicit movement/optical/thermal cue
2-s2.0-85216662439,10.55214/25768484.v9i1.4251,Advancing adaptive facades for a sustainable future in building design,Edelweiss Applied Science and Technology,Article,ok,uncertain_fulltext,,low,abstract,,,,facade but abstract gives no explicit movement/optical/thermal cue
2-s2.0-105020779547,10.1007/978-3-032-06993-1_5,Designing Adaptive Shading Components for 4D Printing,Lecture Notes in Civil Engineering,Conference Paper,ok,include,,high,abstract,material-driven,simulation,energy,facade + physical movement (4d print; 4d-print; actuator)
2-s2.0-105033349571,10.23968/2500-0055-2025-10-4-3-16,IMPACT OF ADAPTIVE BIOMIMETIC BUILDING SKINS ON INDOOR THERMAL COMFORT: A COMPUTATIONAL EVALUATION,Architecture and Engineering,Article,ok,uncertain_fulltext,,low,abstract,,,,facade but abstract gives no explicit movement/optical/thermal cue
2-s2.0-105019198767,10.37575/b/eng/250018,Building Energy Performance Assessment Based on a Bio-Inspired Kinetic Shading Devices,Scientific Journal of King Faisal University Basic and Applied Sciences,Article,ok,include,,high,abstract,material-driven,simulation,energy,facade + physical movement (kinetic shad)
2-s2.0-105010578532,10.1007/978-981-96-3804-8_7,Dynamic Shading Device Design with Computational Building Information Modelling for High-Rise Office Building in Tropical Climate,Lecture Notes in Civil Engineering,Conference Paper,ok,include,,high,abstract,mechanical,simulation,daylight,facade + physical movement (rotational operation of shading)
2-s2.0-85213027260,10.1007/978-981-97-8313-7_37,Dynamic Shading Device with Phase Change Materials: A Proof-of-Concept Towards Improving Thermal Comfort,Lecture Notes in Civil Engineering,Conference Paper,ok,exclude,facade_no_movement,high,abstract,,,,"thermal-dynamic, no moving part (pcm; phase change material)"
2-s2.0-105010688671,10.22616/erdev.2025.24.tf275,AI-DRIVEN PARAMETRIC FACADE DESIGN FOR ADAPTIVE ARCHITECTURAL PERFORMANCE,Engineering for Rural Development,Conference Paper,ok,uncertain_fulltext,,low,abstract,,,,facade but abstract gives no explicit movement/optical/thermal cue
2-s2.0-105026139531,10.52842/conf.ecaade.2025.1.421,Adaptive Façades for Activity-Specific Well-Being: Exploring emotional responses with virtual reality and machine learning,Proceedings of the International Conference on Education and Research in Computer Aided Architectural Design in Europe,Conference Paper,ok,include,,high,abstract,unclear,experiment,none,"facade + physical movement (moving, low-coverage façade)"
2-s2.0-105021829003,10.1007/978-3-032-06978-8_5,Experimental Investigation of Wood’s Hygroscopic Behavior for Adaptive Shading Systems in Building Façades,Lecture Notes in Civil Engineering,Conference Paper,ok,include,,high,abstract,material-driven,experiment,multiple,facade + physical movement (hygroscopic)
2-s2.0-105035257839,10.26868/25222708.2025.1848,Evaluating the Energy Performance of Climate-Adaptive Building Envelopes Using Shading Mask Map,Building Simulation Conference Proceedings,Conference Paper,ok,uncertain_fulltext,,low,abstract,,,,facade but abstract gives no explicit movement/optical/thermal cue
2-s2.0-105017583949,10.1007/978-981-96-3433-0_12,Hygroflex: A Prototype of a Water-Responsive Facade System with an Innovative Integration of Timber and Biopolymer,Computational Design and Robotic Fabrication,Book Chapter,ok,uncertain_fulltext,,low,abstract,,,,facade but abstract gives no explicit movement/optical/thermal cue
2-s2.0-105016498349,10.12732/ijam.v38i1s.12,SIMULATION-BASED INVESTIGATION OF ETFE AND AUTOHEAL POLYMERS FOR ENERGY EFFICIENCY AND THERMAL COMFORT IN ADAPTIVE BUILDING ENVELOPES,International Journal of Applied Mathematics,Article,ok,include,,high,abstract,material-driven,simulation,multiple,facade + physical movement (kinetic facade)
2-s2.0-105018678599,10.1108/sasbe-07-2025-0388,An integrated generative-analytic framework for the performance-driven design of kinetic façades,Smart and Sustainable Built Environment,Article,ok,include,,high,abstract,unclear,simulation,multiple,facade + physical movement (kinetic façade)
2-s2.0-105011098115,10.1016/j.eng.2025.07.008,Material and Structural Optimization of Novel Phase-Change Thermal Diode for Dynamic Building Envelope,Engineering,Article,ok,uncertain_fulltext,,low,abstract,,,,facade but abstract gives no explicit movement/optical/thermal cue
2-s2.0-105030343309,10.1109/sefet65155.2025.11255452,Review of MPPT Techniques for Dynamic Partial Shading in Solar PV Systems,5th IEEE International Conference on Sustainable Energy and Future Electric Transportation Sefet 2025,Conference Paper,ok,related_review,review,high,abstract,,,,review/secondary on facade topic — kept for intro/benchmark
2-s2.0-105023482070,10.52842/conf.caadria.2025.3.305,A Workflow for Implementing Reinforcement Learning Incorporating Occupant Preference in Climate-Adaptive Facade Control,Proceedings of the International Conference on Computer Aided Architectural Design Research in Asia,Conference Paper,ok,uncertain_fulltext,,low,abstract,,,,facade but abstract gives no explicit movement/optical/thermal cue
2-s2.0-85213006579,10.1007/978-981-97-8313-7_50,Dynamic Façade System for Building Retrofitting: A Numerical Study on a Tertiary Building in Italy,Lecture Notes in Civil Engineering,Conference Paper,ok,uncertain_fulltext,,low,abstract,,,,facade but abstract gives no explicit movement/optical/thermal cue
2-s2.0-105012552090,10.1080/23744731.2025.2534771,Biomimetic approach for beams-redirected adaptive facade with emphasis on user position and the clustered synthesis,Science and Technology for the Built Environment,Article,ok,include,,high,abstract,mechanical,simulation,multiple,facade + physical movement (panels tilt)
2-s2.0-105027940427,10.1088/1742-6596/3140/5/052003,Performance-driven Shape Memory-based kinetic solar shading design,Journal of Physics Conference Series,Conference Paper,ok,include,,high,abstract,material-driven,prototype,multiple,facade + physical movement (kinetic shad; shape memory)
2-s2.0-85213021333,10.1007/978-981-97-8313-7_66,How Adaptive Façade Can Contribute to Energy Saving in Tall Buildings?,Lecture Notes in Civil Engineering,Conference Paper,ok,uncertain_fulltext,,low,abstract,,,,facade but abstract gives no explicit movement/optical/thermal cue
2-s2.0-105034749056,10.65388/jdfd5647,A conceptual application of 4D-printed (4DP) bistable unit cells for climate-responsive façades systems,Proceedings of the International Conference of Architectural Science Association,Conference Paper,ok,include,,high,abstract,compliant,unclear,multiple,facade + physical movement (4d-print; bistable)
2-s2.0-85213043511,10.1007/978-981-97-8313-7_65,Impact of Dynamic Façades on Smart Readiness Indicator and User Satisfaction,Lecture Notes in Civil Engineering,Conference Paper,ok,uncertain_fulltext,,low,abstract,,,,facade but abstract gives no explicit movement/optical/thermal cue
2-s2.0-105023473343,10.52842/conf.caadria.2025.3.213,A Data-Driven Optimization Control Framework for Adaptive Solar Façades Balancing Photovoltaic Performance and Indoor Environment,Proceedings of the International Conference on Computer Aided Architectural Design Research in Asia,Conference Paper,ok,uncertain_fulltext,,low,abstract,,,,facade but abstract gives no explicit movement/optical/thermal cue
2-s2.0-105027936111,10.1088/1742-6596/3140/19/082009,Design of adaptive shading device with rigid origami technique: improving outdoor thermal comfort on pathways of university campus,Journal of Physics Conference Series,Conference Paper,ok,include,,high,abstract,origami-deployable,simulation,comfort,facade + physical movement (kinetic shad; origami; shading devices that can rotate)
2-s2.0-105026170058,10.52842/conf.ecaade.2025.1.211,Developing Machine Learning Models to Predict Outdoor Thermal Comfort of Kinetic Shading Devices: An approach for global optimization,Proceedings of the International Conference on Education and Research in Computer Aided Architectural Design in Europe,Conference Paper,ok,include,,high,abstract,origami-deployable,simulation,comfort,facade + physical movement (kinetic shad; origami)
2-s2.0-86000372255,10.1080/19401493.2024.2432915,LiDICS: a light dynamics interface for multi-domain simulation based on the FMI-standard,Journal of Building Performance Simulation,Article,ok,include,,high,abstract,pneumatic-soft,prototype,multiple,facade + physical movement (adjustable material and geometric façade)
2-s2.0-105035257977,10.26868/25222708.2025.1824,Deep Learning-Based Surrogate Modelling for Optimal Control of Climate-Responsive Adaptive Façade Systems,Building Simulation Conference Proceedings,Conference Paper,ok,uncertain_fulltext,,low,abstract,,,,facade but abstract gives no explicit movement/optical/thermal cue
2-s2.0-105035259439,10.26868/25222708.2025.1936,Energy flexibility potential of transparent responsive building envelope elements,Building Simulation Conference Proceedings,Conference Paper,ok,exclude,facade_no_movement,high,abstract,,,,"thermal-dynamic, no moving part (thermal storage)"
2-s2.0-105016413490,10.1088/1755-1315/1530/1/012008,Enhancing educational indoor daylighting performance using parametric adaptive facade design,Iop Conference Series Earth and Environmental Science,Conference Paper,ok,uncertain_fulltext,,low,abstract,,,,facade but abstract gives no explicit movement/optical/thermal cue
2-s2.0-85209914920,10.1007/978-3-031-71867-0_6,Methodology for Designing Adaptive Facade Components: Smart Materials and 4D Printing for Resilient Construction,Lecture Notes in Civil Engineering,Conference Paper,ok,include,,high,abstract,material-driven,experiment,none,facade + physical movement (4d print; kinetic facade; shape memory)
2-s2.0-85209542698,10.1007/978-3-031-71863-2_44,Decision Criteria for the Assessment of Building Retrofit Integrating Innovative Façade Solutions,Lecture Notes in Civil Engineering,Conference Paper,ok,uncertain_fulltext,,low,abstract,,,,facade but abstract gives no explicit movement/optical/thermal cue
2-s2.0-85217223177,10.1007/978-981-97-8305-2_1,Can the Building Envelope Play a Role in the Energy Transition?,Lecture Notes in Civil Engineering,Conference Paper,ok,uncertain_fulltext,,low,abstract,,,,facade but abstract gives no explicit movement/optical/thermal cue
2-s2.0-105029253996,10.52842/conf.ecaade.2025.2.285,"Bio-inspired Climate-responsive Wood Composite Architectural Facade Actuator: Architectural research based on the asclepias syriaca, mimosa pudica, and mandevilla plants as biological role models",Proceedings of the International Conference on Education and Research in Computer Aided Architectural Design in Europe,Conference Paper,ok,include,,high,abstract,unclear,prototype,energy,facade + physical movement (actuator; self-shaping)
2-s2.0-105016892678,10.1109/icepe65965.2025.11139553,Adaptive MPPT Strategy for BIPV Systems Using MBGO Assisted P&O Under Dynamic Shading,7th International Conference on Energy Power and Environment Icepe 2025,Conference Paper,ok,uncertain_fulltext,,low,abstract,,,,facade but abstract gives no explicit movement/optical/thermal cue
2-s2.0-105007299259,10.1080/24751448.2025.2475720,A Framework for Energy and Thermal Performance Modeling in Net-Zero Urban Clusters,Technology Architecture and Design,Article,ok,uncertain_fulltext,,low,abstract,,,,facade but abstract gives no explicit movement/optical/thermal cue
2-s2.0-85209555632,10.1016/j.enbuild.2024.115072,Optimizing the tilt angle of kinetic photovoltaic shading devices considering energy consumption and power Generation— Hong Kong case,Energy and Buildings,Article,ok,include,,high,abstract,mechanical,simulation,energy,facade + physical movement (kinetic façade)
2-s2.0-105027108460,10.1088/1755-1315/1568/1/012021,Enhancing Architectural Climate Adaptation Through Passive Building Envelope Strategies in Southern Europe: A Case study of the Moroccan Pavilion,Iop Conference Series Earth and Environmental Science,Conference Paper,ok,uncertain_fulltext,,low,abstract,,,,facade but abstract gives no explicit movement/optical/thermal cue
2-s2.0-105008398757,10.5334/bc.597,Exploring interactions between shading and view using visual difference prediction,Buildings and Cities,Article,ok,exclude,facade_no_movement,high,abstract,,,,"optical/material-state, no geometry (electrochrom)"
2-s2.0-105029224408,10.52842/conf.ecaade.2025.2.445,Smart Hinges Using Shape Memory Alloys for Architectural Applications,Proceedings of the International Conference on Education and Research in Computer Aided Architectural Design in Europe,Conference Paper,ok,include,,high,abstract,material-driven,unclear,energy,facade + physical movement (actuator; pneumatic; shape memory)
2-s2.0-105027204885,10.1088/1742-6596/3143/1/012055,Numerical Analysis of Performance of Dynamic Second-Skin Façades with Photovoltaic panels integrated in a Residential Building in Southern Italy,Journal of Physics Conference Series,Conference Paper,ok,uncertain_fulltext,,low,abstract,,,,facade but abstract gives no explicit movement/optical/thermal cue
2-s2.0-105003630660,10.1007/978-981-96-4051-5_119,Optimizing Dynamic Facade Performance Through Parametric Design: A Simulation-Based Strategy for Improving Daylighting and Visual Comfort in Office Building,Lecture Notes in Civil Engineering,Conference Paper,ok,uncertain_fulltext,,low,abstract,,,,facade but abstract gives no explicit movement/optical/thermal cue
2-s2.0-85215956796,10.3390/buildings15020189,Evaluating the Performance of Fixed 3D-Printed and Dynamic Fabric Modules in a Second-Skin Façade System: A Residential Case Study in Southern Italy at Building and District Scales,Buildings,Article,ok,uncertain_fulltext,,low,abstract,,,,facade but abstract gives no explicit movement/optical/thermal cue
2-s2.0-105000775312,10.1007/978-3-031-84224-5_29,Developing Adaptive Educational Spaces Through a Theoretical Framework Based on Modularity and Digital Design,Lecture Notes in Civil Engineering,Conference Paper,ok,uncertain_fulltext,,low,abstract,,,,facade but abstract gives no explicit movement/optical/thermal cue
2-s2.0-85213043877,10.1007/978-981-97-8313-7_56,Implementation of a Calculation Code for the Energy Modelling of Vertical Greenery Systems,Lecture Notes in Civil Engineering,Conference Paper,ok,uncertain_fulltext,,low,abstract,,,,facade but abstract gives no explicit movement/optical/thermal cue
2-s2.0-105016351794,10.1088/1755-1315/1530/1/012009,Daylight Performance-Based Design Model for Bio-adaptive Building Skin for Office Space of Administrative Buildings in Egypt,Iop Conference Series Earth and Environmental Science,Conference Paper,ok,uncertain_fulltext,,low,abstract,,,,facade but abstract gives no explicit movement/optical/thermal cue
2-s2.0-105022055882,10.3389/frsus.2025.1704207,Basic aspects of caring for green facades in the city of Košice,Frontiers in Sustainability,Article,ok,uncertain_fulltext,,low,abstract,,,,facade but abstract gives no explicit movement/optical/thermal cue
2-s2.0-85205459706,10.1016/j.buildenv.2024.112163,Fusing Transformer and diffusion for high-resolution prediction of daylight illuminance and glare based on sparse ceiling-mounted input,Building and Environment,Article,ok,uncertain_fulltext,,low,abstract,,,,facade but abstract gives no explicit movement/optical/thermal cue
2-s2.0-105035362877,10.1109/giest66547.2025.11387715,ML-Driven MPPT Optimization for Photovoltaic Systems Under Dynamic Shading Conditions,2025 IEEE 2nd International Conference on Green Industrial Electronics and Sustainable Technologies Giest 2025,Conference Paper,ok,uncertain_fulltext,,low,abstract,,,,facade but abstract gives no explicit movement/optical/thermal cue
2-s2.0-86000382132,10.1080/19401493.2024.2432916,"Parametric design workflow for solar, context-adaptive and reusable facades in changing urban environments",Journal of Building Performance Simulation,Article,ok,uncertain_fulltext,,low,abstract,,,,facade but abstract gives no explicit movement/optical/thermal cue
2-s2.0-105001208765,10.1109/access.2025.3551226,Optimizing Building Performance: A Grasshopper Modeling Case Study of the King Hussein Mosque,IEEE Access,Article,ok,uncertain_fulltext,,low,abstract,,,,facade but abstract gives no explicit movement/optical/thermal cue
2-s2.0-105035254087,10.26868/25222708.2025.1687,Assessing solar performance in advanced facades: Comparative analysis of control strategies using a dynamic key performance indicator,Building Simulation Conference Proceedings,Conference Paper,ok,uncertain_fulltext,,low,abstract,,,,facade but abstract gives no explicit movement/optical/thermal cue
2-s2.0-105033524339,10.7712/120125.12585.25759,ASSESSING THE IMPACT OF HORIZONTAL RESTRAINTS ON THE SEISMIC ROCKING OF MASONRY FAÇADES INCLUDING DYNAMIC SOIL-STRUCTURE INTERACTION,Compdyn Proceedings,Conference Paper,ok,uncertain_fulltext,,low,abstract,,,,facade but abstract gives no explicit movement/optical/thermal cue
2-s2.0-105018060394,10.1080/17452007.2025.2548549,ETFE-foils in pneumatically retractable civil engineering structures,Architectural Engineering and Design Management,Review,ok,related_review,review,high,abstract,,,,review/secondary on facade topic — kept for intro/benchmark
2-s2.0-85213058639,10.1007/978-981-97-8313-7_44,Climate-Responsive Building Envelope Retrofit: Insulation Strategies in a Changing Environment,Lecture Notes in Civil Engineering,Conference Paper,ok,uncertain_fulltext,,low,abstract,,,,facade but abstract gives no explicit movement/optical/thermal cue
2-s2.0-105019365078,10.15627/jd.2025.25,Evaluating Daylighting Performance of Parametric Mashrabiya in Mediterranean Climate: A Simulation-based Approach,Journal of Daylighting,Article,ok,uncertain_fulltext,,low,abstract,,,,facade but abstract gives no explicit movement/optical/thermal cue
2-s2.0-105024071458,10.1061/9780784486627.030,Data-Driven Decision-Making Suppors Smart and Efficient Building Energy Retrofit for Meizhou Pantian Chaoke Cultural and Rural Buildings,Iccrem 2025 Decarbonization and Digitalization of the Built Environment Shaping Resilience in A Changing World Proceedings of the International Conference on Construction and Real Estate Management 2025,Conference Paper,ok,uncertain_fulltext,,low,abstract,,,,facade but abstract gives no explicit movement/optical/thermal cue
2-s2.0-85212313638,10.1016/j.energy.2024.134205,Study on the application of a dynamic photovoltaic integrated light shelf for office buildings,Energy,Article,ok,uncertain_fulltext,,low,abstract,,,,facade but abstract gives no explicit movement/optical/thermal cue
2-s2.0-105009440994,10.1109/tte.2025.3581349,Resilience-Oriented Asynchronous Decentralized Restoration Considering Building and E-Bus Coresponse in Electricity-Transportation Networks,IEEE Transactions on Transportation Electrification,Article,ok,uncertain_fulltext,,low,abstract,,,,facade but abstract gives no explicit movement/optical/thermal cue
2-s2.0-105032828416,10.1109/icrera66237.2025.11284095,Assessing Vegetation-driven Reduction in Window Solar Heat Gain using LiDAR-based Modelling,14th International Conference on Renewable Energy Research and Applications Icrera 2025,Conference Paper,ok,uncertain_fulltext,,low,abstract,,,,facade but abstract gives no explicit movement/optical/thermal cue
2-s2.0-105037453923,10.1109/sisimpact67725.2025.11439429,Comparative Analysis of Shading Strategies on Solar Heat Gain Through Glass for Energy-Efficient Buildings,Proceedings 2025 IEEE 1st International Conference on Smart Innovations in Systems Infrastructure Mechanical Power AI and Computing Technologies Sisimpact 2025,Conference Paper,ok,uncertain_fulltext,,low,abstract,,,,facade but abstract gives no explicit movement/optical/thermal cue
2-s2.0-105027095148,10.1007/978-981-95-3253-7_38,A Study on the Optical and Thermal Performance and Energy Efficiency Analysis of a Novel Adjustable Wall-Like Window,Environmental Science and Engineering,Conference Paper,ok,uncertain_fulltext,,low,abstract,,,,facade but abstract gives no explicit movement/optical/thermal cue
2-s2.0-105011355768,10.3389/frsc.2025.1610729,"Smart 3D-printed facades: a review of innovations, materials, and sustainable performance",Frontiers in Sustainable Cities,Review,ok,related_review,review,high,abstract,,,,review/secondary on facade topic — kept for intro/benchmark
2-s2.0-105030547976,10.18860/jia.v8i4.25911,"ISLAMIC AND SCIENTIFIC PERSPECTIVES ON SHADING COEFFICIENT, CARBON DIOXIDE CONCENTRATION REDUCTION, AND COOLING EFFECT OF PRODUCTIVE FACADE",Journal of Islamic Architecture,Article,ok,uncertain_fulltext,,low,abstract,,,,facade but abstract gives no explicit movement/optical/thermal cue
2-s2.0-105023682057,10.1080/17452759.2025.2591322,Rice husk 4D printing in architecture: hygromorphic bi-directional self-shaping building skin,Virtual and Physical Prototyping,Article,ok,include,,high,abstract,material-driven,unclear,none,facade + physical movement (4d print; hygromorph; self-shaping)
2-s2.0-105013054451,10.1109/elma65795.2025.11083509,Dynamic Agrivoltaic Shading System for Optimal Plant Shading,2025 19th International Conference on Electrical Machines Drives and Power Systems Elma 2025 Proceedings,Conference Paper,ok,uncertain_fulltext,,low,abstract,,,,facade but abstract gives no explicit movement/optical/thermal cue
2-s2.0-105007032881,10.1007/978-3-031-84282-5_15,Building-Integrated Microalgae Photobioreactor: An Adaptive Solution to Urban Heat Island Mitigation,Grand Challenges in Biology and Biotechnology,Book Chapter,ok,uncertain_fulltext,,low,abstract,,,,facade but abstract gives no explicit movement/optical/thermal cue
2-s2.0-105023094889,10.1007/978-981-96-8769-5_32,6D BIM Model-Based Sustainability Assessment of Photovoltaic Pavements Incorporating Energy Generation Estimation,Lecture Notes in Civil Engineering,Conference Paper,ok,uncertain_fulltext,,low,abstract,,,,facade but abstract gives no explicit movement/optical/thermal cue
2-s2.0-105019900679,10.1201/9781003513834-8,"Elevating Wellness: Integrating Health, Sustainability, and Urban Vitality in Tall Building Design",Transforming Healthcare Infrastructure,Book Chapter,ok,uncertain_fulltext,,low,abstract,,,,facade but abstract gives no explicit movement/optical/thermal cue
2-s2.0-105027939394,10.1088/1742-6596/3140/10/102004,Field assessment of visual performance of a dynamic dual glazing assembly for occupants with lateral incident light,Journal of Physics Conference Series,Conference Paper,ok,include,,high,abstract,origami-deployable,experiment,daylight,facade + physical movement (deployed in adaptive building facade)
2-s2.0-105024220328,10.1002/2475-8876.70059,Impact of Time Interval Settings on Energy Simulation Outcomes and Solar Shading Operations Using Minute-Interval Weather Data for Building Design,Japan Architectural Review,Article,ok,uncertain_fulltext,,low,abstract,,,,facade but abstract gives no explicit movement/optical/thermal cue
2-s2.0-105025454948,10.1088/1755-1315/1556/1/012002,Finding the best shading device model to enhance visual comfort in an educational building,Iop Conference Series Earth and Environmental Science,Conference Paper,ok,uncertain_fulltext,,low,abstract,,,,facade but abstract gives no explicit movement/optical/thermal cue
2-s2.0-85211916172,10.1007/s12273-024-1211-9,Adaptive blind control strategy based on iterative optimization to minimize cooling and lighting demands in office space,Building Simulation,Article,ok,exclude,facade_no_movement,high,abstract,,,,"thermal-dynamic, no moving part (thermal mass)"
2-s2.0-105022788070,10.47556/j.wjstsd.20.4.2025.1,The Multi-Objective Optimisation for Energy Consumption and Daylight of Office Buildings in London: Meshed Façade Energy Study,World Journal of Science Technology and Sustainable Development,Article,ok,uncertain_fulltext,,low,abstract,,,,facade but abstract gives no explicit movement/optical/thermal cue
2-s2.0-85210246775,10.1007/978-981-97-7043-4_18,Review of Types of Deployable Mechanisms,Lecture Notes in Civil Engineering,Conference Paper,ok,related_review,review,high,abstract,,,,review/secondary on facade topic — kept for intro/benchmark
2-s2.0-105023438458,10.52842/conf.caadria.2025.2.449,Programming Bilayer Structures in 4D-printed Hygromorphs by Tailoring Porosity in Macroscale,Proceedings of the International Conference on Computer Aided Architectural Design Research in Asia,Conference Paper,ok,include,,high,abstract,material-driven,experiment,energy,facade + physical movement (4d print; 4d-print; hygromorph)
2-s2.0-85204129153,10.1007/s43393-024-00300-9,"Photobioreactor facade panels: enhancing comfort, reducing energy use, and capturing carbon in temperate continental climates",Systems Microbiology and Biomanufacturing,Article,ok,uncertain_fulltext,,low,abstract,,,,facade but abstract gives no explicit movement/optical/thermal cue
2-s2.0-105004640278,10.1109/ssdee64538.2025.10967910,A Zeta Converter-Based Improved BLDC Motor-Driven Water Pumping System for Partial Shading Environment of Solar PV,2025 IEEE 1st International Conference on Smart and Sustainable Developments in Electrical Engineering Ssdee 2025,Conference Paper,ok,uncertain_fulltext,,low,abstract,,,,facade but abstract gives no explicit movement/optical/thermal cue
2-s2.0-105021822271,10.1007/978-3-032-06978-8_2,Optimization of Plastic Mesh Shading Systems for Improved Daylighting and Solar Gain Control,Lecture Notes in Civil Engineering,Conference Paper,ok,uncertain_fulltext,,low,abstract,,,,facade but abstract gives no explicit movement/optical/thermal cue
2-s2.0-105027213300,10.1088/1755-1315/1554/1/012026,"Retrofitting European Office Building stock: combining principles of bio-economy and circular economy for context-based, adaptable facade solutions",Iop Conference Series Earth and Environmental Science,Conference Paper,ok,uncertain_fulltext,,low,abstract,,,,facade but abstract gives no explicit movement/optical/thermal cue
2-s2.0-105014513235,10.13124/9788860462022_22,Automating Solar Shading Control in Residential Buildings Located in a Temperate Climate: A Household-Specific Decision,Building Simulation Applications,Conference Paper,ok,include,,high,abstract,unclear,simulation,multiple,facade + physical movement (movable)
2-s2.0-105027196581,10.1088/1755-1315/1554/1/012115,Keeping cool with lower emissions: comparing internal to external blinds as solar shading devices,Iop Conference Series Earth and Environmental Science,Conference Paper,ok,uncertain_fulltext,,low,abstract,,,,facade but abstract gives no explicit movement/optical/thermal cue
2-s2.0-105025897495,10.1088/1755-1315/1546/1/012071,Empowering Occupants: Significance of Behavioral Choices in Reducing Space Cooling Demand in Europe,Iop Conference Series Earth and Environmental Science,Conference Paper,ok,uncertain_fulltext,,low,abstract,,,,facade but abstract gives no explicit movement/optical/thermal cue
2-s2.0-105035259499,10.26868/25222708.2025.1306,"Developing Early Design Stages Tools for Windows Considering Sky Conditions, Solar Radiation and Shading Control",Building Simulation Conference Proceedings,Conference Paper,ok,uncertain_fulltext,,low,abstract,,,,facade but abstract gives no explicit movement/optical/thermal cue
2-s2.0-105015460519,10.1109/ssi65953.2025.11107200,Adaptive Energy-Harvesting Façades: A Multi-Technology Approach for Optimizing Indoor Comfort and Sustainability,2025 Smart Systems Integration Conference and Exhibition Ssi 2025,Conference Paper,ok,include,,high,abstract,unclear,unclear,multiple,facade + physical movement (panels that dynamically adjust)
2-s2.0-85218276725,10.21741/9781644903391-38,Towards resilient architecture in technological innovation and AI,Materials Research Proceedings,Conference Paper,ok,uncertain_fulltext,,low,abstract,,,,facade but abstract gives no explicit movement/optical/thermal cue
2-s2.0-105009507103,10.1080/23744731.2025.2511560,Parametric model development for building input variables for lighting and shading controls for different building form factors,Science and Technology for the Built Environment,Article,ok,uncertain_fulltext,,low,abstract,,,,facade but abstract gives no explicit movement/optical/thermal cue
2-s2.0-85214110919,10.1007/978-981-97-8317-5_49,Daylight and Energy Performance Relationship of Classrooms and Office Spaces: Comparative Study of Istanbul Ticaret University Kucukyali Campus Building,Lecture Notes in Civil Engineering,Conference Paper,ok,include,,high,abstract,unclear,simulation,multiple,facade + physical movement (shading devices movable)
2-s2.0-105013473853,10.1080/00038628.2025.2545320,Examining thermal comfort in open spaces in higher education settings in hot climate regions–Mosul as a case study,Architectural Science Review,Article,ok,uncertain_fulltext,,low,abstract,,,,facade but abstract gives no explicit movement/optical/thermal cue
2-s2.0-85210016411,10.1007/978-3-031-73247-8_10,Intrinsic Single-Image HDR Reconstruction,Lecture Notes in Computer Science Including Subseries Lecture Notes in Artificial Intelligence and Lecture Notes in Bioinformatics,Conference Paper,ok,uncertain_fulltext,,low,abstract,,,,facade but abstract gives no explicit movement/optical/thermal cue
2-s2.0-105031883664,10.1109/iisa66859.2025.11311297,Towards Large Scale Facade Feature Extraction Using Vision Transformers & Panoramic Street View Imagery,16th International Conference on Information Intelligence Systems and Applications Iisa 2025,Conference Paper,ok,exclude,facade_no_movement,high,abstract,,,,"media/LED facade — visual only, no physical movement"
2-s2.0-105025587258,10.29227/im-2025-02-02-106,"The Future of Nearly Zero Energy Buildings (NZEBs) in a Warming Climate: Balancing Heating, Cooling, and Renewable Energy Strategies",Inzynieria Mineralna,Article,ok,exclude,facade_no_movement,high,abstract,,,,"thermal-dynamic, no moving part (dynamic insulation)"
2-s2.0-105021800983,10.1109/icpea65539.2025.11198251,An Adaptive PSO Algorithm for Robust Maximum Power Point Tracking in Photovoltaic Systems Under Rapid Irradiance Changes and Partial Shading,2025 IEEE 5th International Conference on Power Engineering Applications Engineering the Future Smart Solutions for Sustainable Power Systems Icpea 2025,Conference Paper,ok,uncertain_fulltext,,low,abstract,,,,facade but abstract gives no explicit movement/optical/thermal cue
2-s2.0-105036943304,10.1109/icinvents64613.2025.11401891,Efficient OBEO MPPT Controller For PV Under Dynamic and Partial Shading Conditions,2025 IEEE 1st International Conference on Innovations in Engineering and Next Generation Technologies for Sustainability Icinvents 2025,Conference Paper,ok,uncertain_fulltext,,low,abstract,,,,facade but abstract gives no explicit movement/optical/thermal cue
2-s2.0-105033241070,10.23968/2500-0055-2025-10-3-28-39,IMPACT OF BREATHING FACADES AND BIOMIMICRY ON VENTILATION AND INDOOR AIR QUALITY,Architecture and Engineering,Article,ok,uncertain_fulltext,,low,abstract,,,,facade but abstract gives no explicit movement/optical/thermal cue
2-s2.0-105005061718,10.1117/12.3062320,A dynamic envelope extraction method of spacecraft parameters based on fast matching search,Proceedings of SPIE the International Society for Optical Engineering,Conference Paper,ok,uncertain_fulltext,,low,abstract,,,,facade but abstract gives no explicit movement/optical/thermal cue
2-s2.0-105002213128,10.1080/17452007.2025.2486176,Redefining walking: a bio-inspired kinetic architecture,Architectural Engineering and Design Management,Article,ok,uncertain_fulltext,,low,abstract,,,,facade but abstract gives no explicit movement/optical/thermal cue
2-s2.0-105020783248,10.1007/978-3-032-06993-1_32,Traditional Processing and Digital Transition MWK – Mobile Wall Kerfing,Lecture Notes in Civil Engineering,Conference Paper,ok,uncertain_fulltext,,low,abstract,,,,facade but abstract gives no explicit movement/optical/thermal cue
2-s2.0-105012241596,10.1109/jsen.2025.3591671,An Adaptive Envelope Orthogonal Sparsity Matching Method for Rolling Bearing Transient Feature Enhancement,IEEE Sensors Journal,Article,ok,uncertain_fulltext,,low,abstract,,,,facade but abstract gives no explicit movement/optical/thermal cue
2-s2.0-85209540197,10.1007/978-3-031-71863-2_22,Self-Sufficient and Responsive Textile Component,Lecture Notes in Civil Engineering,Conference Paper,ok,include,,high,abstract,unclear,unclear,energy,facade + physical movement (actuator)
2-s2.0-105005327434,10.1109/tase.2025.3569539,Enhanced Adaptive Prescribed Performance Constrained Control With Safe Dynamic Envelope for Input-Saturated Nonlinear System,IEEE Transactions on Automation Science and Engineering,Article,ok,uncertain_fulltext,,low,abstract,,,,facade but abstract gives no explicit movement/optical/thermal cue
2-s2.0-105027912674,10.26830/symmetry_2025_4_397,FOLDING THE RULE: BEHAVIOR OF TOPOLOGICAL SCALE DISRUPTIONS IN SYMMETRIC YOSHIMURA PATTERNS,Symmetry Culture and Science,Article,ok,include,,high,abstract,origami-deployable,prototype,none,facade + physical movement (kinetic envelope; origami)
2-s2.0-105024853067,10.1080/13467581.2025.2604355,Comparative assessment of thermal comfort and energy performance in current and prototype school buildings in Erbil’s hot semiarid climate,Journal of Asian Architecture and Building Engineering,Article,ok,uncertain_fulltext,,low,abstract,,,,facade but abstract gives no explicit movement/optical/thermal cue
2-s2.0-86000379554,10.1080/17459737.2024.2419079,"The envelopes and amplitude fluctuations of consonant intervals and chords, and their inversions, arising in different tuning systems",Journal of Mathematics and Music,Article,ok,exclude,not_facade,high,abstract,,,,"cross-domain (music), no facade context"
2-s2.0-85215763538,10.56318/as/2.2024.136,Formation of the principles of tectonics of modern architectural forms,Architectural Studies,Article,ok,uncertain_fulltext,,low,abstract,,,,facade but abstract gives no explicit movement/optical/thermal cue
2-s2.0-85210657291,10.1016/j.conbuildmat.2024.139147,Multiaxial characterisation and nonlinear thermoviscoelastic isotropic and orthotropic constitutive models of ETFE membranes,Construction and Building Materials,Article,ok,include,,high,abstract,pneumatic-soft,experiment,none,facade + physical movement (pneumatic)
2-s2.0-105026191910,10.54338/27382656-2024.7-08,SMART AND DYNAMIC FACADES: A PATH TO ENERGY OPTIMIZATION IN ARID ENVIRONMENTS,Journal of Architectural and Engineering Research,Article,ok,exclude,facade_no_movement,high,abstract,,,,"optical/material-state, no geometry (electrochrom)"
2-s2.0-85217211102,10.1145/3680528.3687657,FaçAID: A Transformer Model for Neuro-Symbolic Facade Reconstruction,Proceedings SIGGRAPH Asia 2024 Conference Papers SA 2024,Conference Paper,ok,include,,high,abstract,unclear,unclear,none,facade + physical movement (adjust to generate varied facade)
2-s2.0-86000234828,10.4018/979-8-3693-6522-9.ch005,Climate-responsive façade design: Adapting to global warming,Community Resilience and Climate Change Challenges Pursuit of Sustainable Development Goals Sdgs,Book Chapter,ok,exclude,facade_no_movement,high,abstract,,,,"thermal-dynamic, no moving part (phase change material)"
2-s2.0-85211459943,10.35378/gujs.1389930,Status Quo of Multi-Objective Design Optimization of Kinetic Facades: A Quantitative Review,Gazi University Journal of Science,Article,ok,related_review,review,high,abstract,,,,review/secondary on facade topic — kept for intro/benchmark
2-s2.0-85213290982,10.3390/buildings14124053,Environmental and Energy Performances of the Nearly Net-Zero Energy Solar Decathlon House with Dynamic Facades: A Comparison of Four Climate Regions,Buildings,Article,ok,exclude,facade_no_movement,high,abstract,,,,"thermal-dynamic, no moving part (pcm)"
2-s2.0-85211809819,10.3390/app142310979,Energy-Efficient Adaptive Dynamic Building Facades: A Review of Their Energy Efficiency and Operating Loads,Applied Sciences Switzerland,Review,ok,related_review,review,high,abstract,,,,review/secondary on facade topic — kept for intro/benchmark
2-s2.0-85210503469,10.1038/s41467-024-54808-8,Weather-responsive adaptive shading through biobased and bioinspired hygromorphic 4D-printing,Nature Communications,Article,ok,include,,high,abstract,material-driven,unclear,energy,facade + physical movement (4d-print; deploying the adaptive shading; hygromorph)
2-s2.0-85211184888,10.1016/j.jobe.2024.111472,Adaptive facades for emotionally enriching indoor environments,Journal of Building Engineering,Article,ok,uncertain_fulltext,,low,abstract,,,,facade but abstract gives no explicit movement/optical/thermal cue
2-s2.0-85213353712,10.1088/1361-665x/ad9446,Solar-powered thermo-pneumatic actuators for passively controlled adaptive shading,Smart Materials and Structures,Article,ok,include,,high,abstract,pneumatic-soft,prototype,multiple,facade + physical movement (actuator; pneumatic)
2-s2.0-85209399497,10.1016/j.jobe.2024.111310,"Review of dynamic façade typologies, physical performance and control methods: Towards smarter and cleaner zero-energy buildings",Journal of Building Engineering,Review,ok,related_review,review,high,abstract,,,,review/secondary on facade topic — kept for intro/benchmark
2-s2.0-85208768810,10.1016/j.renene.2024.121846,Design and application optimization of static and dynamic shading technologies in multi-climate based on parameter simulation,Renewable Energy,Article,ok,exclude,facade_no_movement,high,abstract,,,,"optical/material-state, no geometry (thermochrom)"
2-s2.0-85200792993,10.15627/jd.2024.14,Synergistic Strategies: Comparing Energy Performance in Climate-Adaptive Building Envelopes for Iran's Cold Semi-Arid Climate,Journal of Daylighting,Article,ok,uncertain_fulltext,,low,abstract,,,,facade but abstract gives no explicit movement/optical/thermal cue
2-s2.0-85204708792,10.1016/j.esd.2024.101563,Efficient daylighting and thermal performance through tessellation of geometric patterns in building façade: A systematic review,Energy for Sustainable Development,Review,ok,related_review,review,high,abstract,,,,review/secondary on facade topic — kept for intro/benchmark
2-s2.0-85207023604,10.1016/j.enbuild.2024.114927,Evaluation of a Kirigami-inspired double-skin adaptive façade for natural ventilation and solar harvesting to enhance indoor environment and energy performance,Energy and Buildings,Article,ok,include,,high,abstract,origami-deployable,simulation,energy,facade + physical movement (kirigami)
2-s2.0-85213206200,10.3390/buildings14123886,Optimization of the Dynamic External Shading Control for Railway Stations in China Based on Energy Use Intensity (EUI) of Lighting and HVAC Systems,Buildings,Article,ok,uncertain_fulltext,,low,abstract,,,,facade but abstract gives no explicit movement/optical/thermal cue
2-s2.0-85211459958,10.35378/gujs.1471707,Application of Biomimetic Strategies in Building Envelope Design for Water Harvesting,Gazi University Journal of Science,Article,ok,uncertain_fulltext,,low,abstract,,,,facade but abstract gives no explicit movement/optical/thermal cue
2-s2.0-85201048940,10.1061/jaeied.aeeng-1784,Smart Building Skins for Urban Heat Island Mitigation: A Review,Journal of Architectural Engineering,Review,ok,related_review,review,high,abstract,,,,review/secondary on facade topic — kept for intro/benchmark
2-s2.0-85212765623,10.15627/jd.2024.24,Parametric Optimization Approach to Evaluate Dynamic Shading Within Double-Skin Insulated Glazed Units for Multi-Criteria Daylighting Performance in Tropics,Journal of Daylighting,Article,ok,uncertain_fulltext,,low,abstract,,,,facade but abstract gives no explicit movement/optical/thermal cue
2-s2.0-85217873829,10.15627/jd.2024.26,Design Alternatives of Light Shelves using Altmann Linkage,Journal of Daylighting,Article,ok,include,,high,abstract,mechanical,unclear,daylight,facade + physical movement (movable)
2-s2.0-85208287543,10.1016/j.jobe.2024.111266,Effectiveness of a dynamic living wall system of plants on indoor thermal environment in summer - An experimental study,Journal of Building Engineering,Article,ok,uncertain_fulltext,,low,abstract,,,,facade but abstract gives no explicit movement/optical/thermal cue
2-s2.0-85206235983,10.1016/j.jobe.2024.111039,Machine-learning to analyze human-building interactions: How do people use mobile solar protections?,Journal of Building Engineering,Article,ok,uncertain_fulltext,,low,abstract,,,,facade but abstract gives no explicit movement/optical/thermal cue
2-s2.0-85206656325,10.1016/j.enbuild.2024.114884,Dynamically transparent microfluidic layers for adaptive thermal management and energy efficiency in smart façades and windows,Energy and Buildings,Article,ok,exclude,facade_no_movement,high,abstract,,,,"optical/material-state, no geometry (haze; smart glass)"
2-s2.0-85205930214,10.1016/j.enbuild.2024.114877,An adaptive architecture for strategic Enhancement of energy yield in shading sensitive Building-Applied Photovoltaic systems under Real-Time environments,Energy and Buildings,Article,ok,uncertain_fulltext,,low,abstract,,,,facade but abstract gives no explicit movement/optical/thermal cue
2-s2.0-85211821540,10.3390/en17236095,Developing an Optimized Energy-Efficient Sustainable Building Design Model in an Arid and Semi-Arid Region: A Genetic Algorithm Approach,Energies,Article,ok,include,,high,abstract,unclear,simulation,energy,facade + physical movement (kinetic shad)
2-s2.0-85214800463,,TRANSFORMATION OF DEVELOPABLE SURFACES IN APPLIED TASKS OF CONSTRUCTIONAL PHYSICS,International Journal on Technical and Physical Problems of Engineering,Article,missing,exclude,not_facade,low,title_only,,,,no facade context and no movement signal
2-s2.0-85211821645,10.3390/su162310405,The Development of an Advanced Facade Map: An Evolving Resource for Documenting Case Studies,Sustainability Switzerland,Article,ok,uncertain_fulltext,,low,abstract,,,,facade but abstract gives no explicit movement/optical/thermal cue
2-s2.0-85211806010,10.3390/su162310170,Dynamic Window Technologies for Energy Efficiency in Condominiums in Tropical Climates,Sustainability Switzerland,Article,ok,uncertain_fulltext,,low,abstract,,,,facade but abstract gives no explicit movement/optical/thermal cue
2-s2.0-85210399097,10.1002/solr.202400465,Performance Analysis of Dynamic Building-Integrated Photovoltaic Shading System for High Technology Readiness Level Validation,Solar Rrl,Article,ok,uncertain_fulltext,,low,abstract,,,,facade but abstract gives no explicit movement/optical/thermal cue
2-s2.0-85203595360,10.1061/jaeied.aeeng-1725,Wind-Induced Dynamic Behavior of Single-Skin Curtain-Wall System: A Comparative Numerical Study,Journal of Architectural Engineering,Article,ok,uncertain_fulltext,,low,abstract,,,,facade but abstract gives no explicit movement/optical/thermal cue
2-s2.0-85205445635,10.1061/jaeied.aeeng-1775,Optimization Method for the Deployment Route of Generalized Scissor Linkages,Journal of Architectural Engineering,Article,ok,uncertain_fulltext,,low,abstract,,,,movement mechanism but facade context unclear
2-s2.0-105037767672,10.1386/aps_00112_1,Architecture as index: Precarity in Payatas,Art and the Public Sphere,Article,ok,uncertain_fulltext,,low,abstract,,,,facade but abstract gives no explicit movement/optical/thermal cue
2-s2.0-85205309418,10.1016/j.enbuild.2024.114824,Biomimetic design synthesis and digital optimization of building shading skin: A novel conceptual framework for enhanced energy efficiency,Energy and Buildings,Article,ok,uncertain_fulltext,,low,abstract,,,,facade but abstract gives no explicit movement/optical/thermal cue
2-s2.0-85206247474,10.1016/j.solener.2024.112969,Performance of BIPV system under partial shading condition,Solar Energy,Article,ok,uncertain_fulltext,,low,abstract,,,,facade but abstract gives no explicit movement/optical/thermal cue
2-s2.0-85205365049,10.1016/j.solener.2024.112971,Research on the solar performance of folded dynamic BIPV shading,Solar Energy,Article,ok,include,,high,abstract,origami-deployable,experiment,daylight,facade + physical movement (folded dynamic bipv shading; folded dynamic shading)
2-s2.0-85210252385,10.3390/su16229739,Energy and Daylighting Performance of Kinetic Building-Integrated Photovoltaics (BIPV) Façade,Sustainability Switzerland,Article,ok,include,,high,abstract,origami-deployable,unclear,multiple,facade + physical movement (façade the deployment; kinetic façade)
2-s2.0-85202354380,10.1016/j.jobe.2024.110462,Investigating perforated egg crates as dynamic shading systems for open-plan offices in tropical climates,Journal of Building Engineering,Article,ok,include,,high,abstract,mechanical,experiment,daylight,facade + physical movement (blade widths and blade rotation)
2-s2.0-85209745683,10.1103/physrevfluids.9.114604,Large-scale turbulent pressure fluctuations revealed by Ned Kahn's artwork,Physical Review Fluids,Article,ok,include,,high,abstract,unclear,experiment,none,facade + physical movement (kinetic facade)
2-s2.0-85208572749,10.3390/en17215270,Simulation of Responsive Envelopes in Current and Future Climate Scenarios: A New Interactive Computational Platform for Energy Analyses,Energies,Article,ok,exclude,facade_no_movement,high,abstract,,,,"optical/material-state, no geometry (electrochrom)"
2-s2.0-85204058100,10.1016/j.seta.2024.103972,Building performance modelling approaches for a detached vertical green trellis: A case study in a tropical climate,Sustainable Energy Technologies and Assessments,Article,ok,uncertain_fulltext,,low,abstract,,,,facade but abstract gives no explicit movement/optical/thermal cue
2-s2.0-85206684932,10.1016/j.ufug.2024.128546,Adaptive shading: How microclimates and surface types amplify tree cooling effects?,Urban Forestry and Urban Greening,Article,ok,uncertain_fulltext,,low,abstract,,,,facade but abstract gives no explicit movement/optical/thermal cue
2-s2.0-85210240463,10.3390/buildings14113486,Advances in Cold-Climate-Responsive Building Envelope Design: A Comprehensive Review,Buildings,Review,ok,related_review,review,high,abstract,,,,review/secondary on facade topic — kept for intro/benchmark
2-s2.0-85208094326,10.1002/ad.3116,Essential Machines: Kinetic Architecture and the Human Experience,Architectural Design,Article,ok,exclude,not_facade,high,abstract,,,,no facade context and no movement signal
2-s2.0-85193295346,10.1002/adfm.202404721,Hierarchically Programmed Meta-Louver Fabric for Adaptive Personal Thermal Management,Advanced Functional Materials,Article,ok,include,,high,abstract,mechanical,experiment,multiple,facade + physical movement (actuated; actuator)
2-s2.0-85199326987,10.1016/j.jobe.2024.110204,Thermal performance assessment of exterior building walls under intermittent air-conditioning operation in China's hot summer and cold winter zone,Journal of Building Engineering,Article,ok,exclude,facade_no_movement,high,abstract,,,,"thermal-dynamic, no moving part (heat storage)"
2-s2.0-105018429412,10.1108/978-1-83549-818-720243007,Biomimetic architecture: exploring adaptive facades inspired by nature,Intelligent Buildings and Infrastructure with Sustainable and Social Values Third Edition,Book Chapter,ok,uncertain_fulltext,,low,abstract,,,,facade but abstract gives no explicit movement/optical/thermal cue
2-s2.0-85193550560,10.1002/tal.2133,Dynamical performances of a wind-excited high-rise structure equipped with a multiblock movable faca̧de,Structural Design of Tall and Special Buildings,Article,ok,include,,high,abstract,mechanical,simulation,none,facade + physical movement (movable)
2-s2.0-85206446952,10.1098/rsta.2024.0009,'Golden Ratio Yoshimura' for meta-stable and massively reconfigurable deployment,Philosophical Transactions of the Royal Society A Mathematical Physical and Engineering Sciences,Article,ok,uncertain_fulltext,,low,abstract,,,,movement mechanism but facade context unclear
2-s2.0-85196763817,10.1016/j.jobe.2024.109810,"An integrated design methodology for extrinsic adaptive façades – Process model, standards, and case study",Journal of Building Engineering,Article,ok,uncertain_fulltext,,low,abstract,,,,facade but abstract gives no explicit movement/optical/thermal cue
2-s2.0-85207964682,10.18280/ijdne.190503,Influence of Italian Climatic Conditions on Performance of a 3D Printed Building Second-Skin Façade with 20% Gyroid Filling: Simulation Assessment,International Journal of Design and Nature and Ecodynamics,Article,ok,uncertain_fulltext,,low,abstract,,,,facade but abstract gives no explicit movement/optical/thermal cue
2-s2.0-85201145172,10.1016/j.renene.2024.121124,Solar radiation on naturally ventilated double skin facade in real climates: The impact of solar incidence angle,Renewable Energy,Article,ok,uncertain_fulltext,,low,abstract,,,,facade but abstract gives no explicit movement/optical/thermal cue
2-s2.0-85197311150,10.1016/j.epsr.2024.110728,Network-secure aggregator operating regions with flexible dispatch envelopes in unbalanced systems,Electric Power Systems Research,Article,ok,uncertain_fulltext,,low,abstract,,,,facade but abstract gives no explicit movement/optical/thermal cue
2-s2.0-85209090515,10.22337/2587-9618-2024-20-3-56-68,NONLINEAR DYNAMIC ANALYSIS OF WIND ACTIONS ON A CABLE-STAYED GLASS FAÇADE SYSTEM,International Journal for Computational Civil and Structural Engineering,Article,ok,uncertain_fulltext,,low,abstract,,,,facade but abstract gives no explicit movement/optical/thermal cue
2-s2.0-85205219955,10.3390/buildings14092646,A Framework for Adaptive Façade Optimization Design Based on Building Envelope Performance Characteristics,Buildings,Article,ok,uncertain_fulltext,,low,abstract,,,,facade but abstract gives no explicit movement/optical/thermal cue
2-s2.0-85175971133,10.1177/14780771231209457,Morphological composition assessment of kinetic façade designs via AHP and TOPSIS methods based on façade components and design inputs,International Journal of Architectural Computing,Article,ok,include,,high,abstract,unclear,simulation,none,facade + physical movement (kinetic façade)
2-s2.0-85197624699,10.1016/j.spc.2024.07.004,Mastering complexity in Life Cycle Assessment for product development: Evaluating the impacts of adaptive façades,Sustainable Production and Consumption,Article,ok,uncertain_fulltext,,low,abstract,,,,facade but abstract gives no explicit movement/optical/thermal cue
2-s2.0-85205041712,10.3390/biomimetics9090569,Biomimetic Adaptive Building Façade Modeling for Sustainable Urban Freshwater Ecosystems: Integration of Nature’s Water-Harvesting Strategy into Sun-Breakers,Biomimetics,Article,ok,uncertain_fulltext,,low,abstract,,,,facade but abstract gives no explicit movement/optical/thermal cue
2-s2.0-85205268572,10.3390/su16188156,Enhancing Daylight Comfort with Climate-Responsive Kinetic Shading: A Simulation and Experimental Study of a Horizontal Fin System,Sustainability Switzerland,Article,ok,include,,high,abstract,mechanical,experiment,multiple,facade + physical movement (kinetic shad)
2-s2.0-85205371333,10.3390/app14188448,Experimental Infrastructure Design for Energy-Independent Car Park Building Based on Parametric Photovoltaic Facade System,Applied Sciences Switzerland,Article,ok,uncertain_fulltext,,low,abstract,,,,facade but abstract gives no explicit movement/optical/thermal cue
2-s2.0-85207060228,10.1177/01436244241264273,Improving energy consumption for dynamic intake and exhaust FAÇADES: A new setup design: Part B,Building Services Engineering Research and Technology,Article,ok,exclude,facade_no_movement,high,abstract,,,,"thermal-dynamic, no moving part (dynamic insulation)"
2-s2.0-85199407952,10.1016/j.seta.2024.103914,Climate-responsive building façade design: Inspirations from historic buildings in semi-cold climate zone,Sustainable Energy Technologies and Assessments,Article,ok,uncertain_fulltext,,low,abstract,,,,facade but abstract gives no explicit movement/optical/thermal cue
2-s2.0-85203627729,10.3390/electronics13173422,Building Facade-Completion Network Based on Dynamic Convolutional GAN,Electronics Switzerland,Article,ok,uncertain_fulltext,,low,abstract,,,,facade but abstract gives no explicit movement/optical/thermal cue
2-s2.0-85204735589,10.3390/buildings14092950,Street Puppet Theatre Shows on the Façades of Commercial Buildings as a Novel Stimulator for Social Gatherings in Smart Cities,Buildings,Article,ok,uncertain_fulltext,,low,abstract,,,,facade but abstract gives no explicit movement/optical/thermal cue
2-s2.0-85195308006,10.1016/j.engstruct.2024.118367,Design and multiphysical modeling of SMA-driven bi-stable structures with efficient energy consumption,Engineering Structures,Article,ok,include,,high,abstract,material-driven,prototype,energy,facade + physical movement (actuator; morphing; shape memory)
2-s2.0-85206009826,,EFFECT OF A BEE-INSPIRED ADAPTIVE ENVELOPE ON EXISTING ADMINISTRATIVE BUILDING IN A SEMI-ARID CLIMATE,International Journal on Technical and Physical Problems of Engineering,Article,missing,uncertain_fulltext,,low,title_only,,,,facade but abstract gives no explicit movement/optical/thermal cue
2-s2.0-85198328600,10.1016/j.buildenv.2024.111816,Evaluating the impact of high-resolution irradiation data on the daylight performance assessment of adaptive solar shading systems,Building and Environment,Article,ok,uncertain_fulltext,,low,abstract,,,,facade but abstract gives no explicit movement/optical/thermal cue
2-s2.0-85198028654,10.1016/j.buildenv.2024.111818,Control algorithm for dynamic solar shadings: A simulation study for office buildings based on ISO 52016-3,Building and Environment,Article,ok,uncertain_fulltext,,low,abstract,,,,facade but abstract gives no explicit movement/optical/thermal cue
2-s2.0-85195181008,10.1016/j.applthermaleng.2024.123552,Modeling the thermally adaptive performance of building exterior walls with linear temperature-dependent thermal conductivity,Applied Thermal Engineering,Article,ok,uncertain_fulltext,,low,abstract,,,,facade but abstract gives no explicit movement/optical/thermal cue
2-s2.0-85203747617,10.4018/979-8-3693-3200-9.ch015,The compatibility of thermal and acoustic insulation in the façades external renovation in residential buildings,Design Strategies for Efficient and Sustainable Building Facilities,Book Chapter,ok,uncertain_fulltext,,low,abstract,,,,facade but abstract gives no explicit movement/optical/thermal cue
2-s2.0-85202470326,10.3390/biomimetics9080463,Integrated Dynamic Photovoltaic Facade for Enhanced Building Comfort and Energy Efficiency,Biomimetics,Article,ok,uncertain_fulltext,,low,abstract,,,,facade but abstract gives no explicit movement/optical/thermal cue
2-s2.0-85191238297,10.1016/j.jobe.2024.109322,A simulation-based performance evaluation of new generation dynamic shading devices with multi-objective optimization,Journal of Building Engineering,Article,ok,uncertain_fulltext,,low,abstract,,,,facade but abstract gives no explicit movement/optical/thermal cue
2-s2.0-85193508532,10.1016/j.eng.2024.01.014,A New Dynamic and Vertical Photovoltaic Integrated Building Envelope for High-Rise Glaze-Facade Buildings,Engineering,Article,ok,uncertain_fulltext,,low,abstract,,,,facade but abstract gives no explicit movement/optical/thermal cue
2-s2.0-85196655882,10.1016/j.ast.2024.109267,Longitudinal dynamic envelope solution and transition path optimization based on reachability analysis for fixed-wing VTOL UAVs,Aerospace Science and Technology,Article,ok,uncertain_fulltext,,low,abstract,,,,facade but abstract gives no explicit movement/optical/thermal cue
2-s2.0-85190986013,10.1016/j.jobe.2024.109423,"Development of ReShadS, a climate-responsive shading system: Conception, design, fabrication, and small-scale testing",Journal of Building Engineering,Article,ok,uncertain_fulltext,,low,abstract,,,,facade but abstract gives no explicit movement/optical/thermal cue
2-s2.0-85197068505,10.1016/j.solener.2024.112736,Evaluation of static and dynamic PV-Integrated shading systems for office spaces in Australia,Solar Energy,Article,ok,include,,high,abstract,mechanical,simulation,energy,facade + physical movement (shading systems consist of rotating)
2-s2.0-85192065452,10.1016/j.rser.2024.114474,"Dynamic façades in buildings: A systematic review across thermal comfort, energy efficiency and daylight performance",Renewable and Sustainable Energy Reviews,Review,ok,related_review,review,high,abstract,,,,review/secondary on facade topic — kept for intro/benchmark
2-s2.0-85196121888,10.13189/cea.2024.120415,Application of Kinetic Facades and Its Impact on Daylighting Performance: A Systematic Literature Review,Civil Engineering and Architecture,Article,ok,related_review,review,high,abstract,,,,review/secondary on facade topic — kept for intro/benchmark
2-s2.0-85198495208,10.3390/su16135697,A Systematic Review of the Most Recent Concepts in Kinetic Shading Systems with a Focus on Biomimetics: A Motion/Deformation Analysis,Sustainability Switzerland,Review,ok,related_review,review,high,abstract,,,,review/secondary on facade topic — kept for intro/benchmark
2-s2.0-85209787539,10.56261/jars.v21.264544,The development of a Modular Adaptive Facade System Based on Pre-Calculated Light Values Through Parametric Models and Real-Time Light Sensors,Journal of Architectural Planning Research and Studies,Article,ok,uncertain_fulltext,,low,abstract,,,,facade but abstract gives no explicit movement/optical/thermal cue
2-s2.0-85193234126,10.1016/j.enbuild.2024.114222,From layer to building: Multiscale modeling of thermo-optical properties in 3D-printed facades,Energy and Buildings,Article,ok,uncertain_fulltext,,low,abstract,,,,facade but abstract gives no explicit movement/optical/thermal cue
2-s2.0-85189759893,10.1016/j.jobe.2024.109167,Optimizing a courtyard microclimate with adaptable shading and evaporative cooling in a hot mediterranean climate,Journal of Building Engineering,Article,ok,uncertain_fulltext,,low,abstract,,,,facade but abstract gives no explicit movement/optical/thermal cue
2-s2.0-85193327869,10.1007/s41062-024-01480-y,Solar radiation analysis: computational performance analysis for the foldable axis of a responsive external skin on the south façade,Innovative Infrastructure Solutions,Article,ok,include,,high,abstract,origami-deployable,experiment,multiple,facade + physical movement (foldable; kinetic facade)
2-s2.0-85198326903,10.22320/07190700.2024.14.01.03,ENHANCING ENERGY EFFICIENCY IN GLASS FACADES THROUGH BIOMIMETIC DESIGN STRATEGIES,Habitat Sustentable,Article,ok,uncertain_fulltext,,low,abstract,,,,facade but abstract gives no explicit movement/optical/thermal cue
2-s2.0-85194958593,10.1016/j.egyr.2024.05.047,"Dynamic facades for sustainable buildings: A review of classification, applications, prospects and challenges",Energy Reports,Article,ok,related_review,review,high,abstract,,,,review/secondary on facade topic — kept for intro/benchmark
2-s2.0-85194831374,10.15627/jd.2024.5,Enhancing Visual Comfort and Energy Efficiency in Office Lighting Using Parametric-Generative Design Approach for Interactive Kinetic Louvers,Journal of Daylighting,Article,ok,include,,high,abstract,mechanical,simulation,multiple,facade + physical movement (kinetic louver)
2-s2.0-85191352548,10.1016/j.enbuild.2024.114193,Summer thermal performance analysis of an Opaque ventilated Façade operating under the dynamic insulation principle,Energy and Buildings,Article,ok,exclude,facade_no_movement,high,abstract,,,,"thermal-dynamic, no moving part (dynamic insulation; thermal mass)"
2-s2.0-85197406007,10.2507/ijsimm23-2-687,SIMULATION STUDY ON DYNAMIC ENVELOPE AND INTERFERENCE CHECK OF STITCH WIRE,International Journal of Simulation Modelling,Article,ok,uncertain_fulltext,,low,abstract,,,,facade but abstract gives no explicit movement/optical/thermal cue
2-s2.0-85189941591,10.1016/j.enbuild.2024.114150,Concept analysis of an adaptive building envelope with thin-film photovoltaic modules,Energy and Buildings,Article,ok,include,,high,abstract,mechanical,unclear,energy,facade + physical movement (actuator; modules to correspondingly adjust)
2-s2.0-85189942734,10.1016/j.enconman.2024.118401,Dynamic integration of phase change material in walls for enhancing building thermal performance—A novel self-adaptive method for moving PCM layer,Energy Conversion and Management,Article,ok,exclude,facade_no_movement,high,abstract,,,,"thermal-dynamic, no moving part (dynamic insulation; latent heat; pcm)"
2-s2.0-85189040494,10.1016/j.energy.2024.131049,Semi-experimental investigation on the energy performance of photovoltaic double skin façade with different façade materials,Energy,Article,ok,uncertain_fulltext,,low,abstract,,,,facade but abstract gives no explicit movement/optical/thermal cue
2-s2.0-85194848236,10.1145/3613904.3642465,The Adaptive Architectural Layout: How the Control of a Semi-Autonomous Mobile Robotic Partition was Shared to Mediate the Environmental Demands and Resources of an Open-Plan Ofice,Conference on Human Factors in Computing Systems Proceedings,Conference Paper,ok,uncertain_fulltext,,low,abstract,,,,facade but abstract gives no explicit movement/optical/thermal cue
2-s2.0-85193480312,10.1051/e3sconf/202452302003,"Energetic advantages and well-being improvement for building occupants, connected to dynamic building envelope solutions, with special focus on intelligent solar shading and ventilative cooling of NZEB and ZEB buildings",E3s Web of Conferences,Conference Paper,ok,uncertain_fulltext,,low,abstract,,,,facade but abstract gives no explicit movement/optical/thermal cue
2-s2.0-85162678127,10.1108/ohi-04-2023-0074,Contextualized computations: a multi-objective optimization approach for designing contextually responsive building envelopes,Open House International,Article,ok,uncertain_fulltext,,low,abstract,,,,facade but abstract gives no explicit movement/optical/thermal cue
2-s2.0-85185193593,10.1016/j.jobe.2024.108616,A simulation-based workflow to calculate overall thermal transfer value when implementing daylighting-oriented shading control,Journal of Building Engineering,Article,ok,uncertain_fulltext,,low,abstract,,,,facade but abstract gives no explicit movement/optical/thermal cue
2-s2.0-85194395337,10.3390/su16104217,"Analysis and Visualisation of Large Scale Life Cycle Assessment Results: A Case Study on an Adaptive, Multilayer Membrane Façade",Sustainability Switzerland,Article,ok,uncertain_fulltext,,low,abstract,,,,facade but abstract gives no explicit movement/optical/thermal cue
2-s2.0-85187241288,10.1016/j.applthermaleng.2024.122610,Thermal performance of an advanced smart fenestration systems for low-energy buildings,Applied Thermal Engineering,Article,ok,uncertain_fulltext,,low,abstract,,,,facade but abstract gives no explicit movement/optical/thermal cue
2-s2.0-85191388995,10.3390/buildings14041038,Optimizing the Shading Device Configuration of Kinetic Façades through Daylighting Performance Assessment,Buildings,Article,ok,include,,high,abstract,unclear,simulation,multiple,facade + physical movement (kinetic facade; kinetic façade; movable)
2-s2.0-85178996662,10.1016/j.jobe.2023.108227,A review of and taxonomy for elastic kinetic building envelopes,Journal of Building Engineering,Review,ok,related_review,review,high,abstract,,,,review/secondary on facade topic — kept for intro/benchmark
2-s2.0-85189749021,10.1016/j.dibe.2024.100372,FlectoSol – A pneumatically activable PV-functionalized façade shading module with bending motion in two directions for solar tracking,Developments in the Built Environment,Article,ok,include,,high,abstract,pneumatic-soft,simulation,energy,facade + physical movement (actuator; adjustable façade shading; pneumatic)
2-s2.0-85149849761,10.1016/j.enbenv.2022.09.004,"Dynamic Shading and Glazing Technologies: Improve Energy, Visual, and Thermal Performance",Energy and Built Environment,Article,ok,include,,high,abstract,unclear,simulation,multiple,facade + physical movement (kinetic shad)
2-s2.0-85187205056,10.1016/j.matdes.2024.112807,Kinetic module in bimetal: A biomimetic approach adapting the kinetic behavior of bimetal for adaptive Façades,Materials and Design,Article,ok,include,,high,abstract,material-driven,prototype,none,facade + physical movement (kinetic façade)
2-s2.0-85184843752,10.1016/j.jweia.2024.105667,Kirigami-inspired wind steering for natural ventilation,Journal of Wind Engineering and Industrial Aerodynamics,Article,ok,include,,high,abstract,origami-deployable,experiment,comfort,facade + physical movement (kirigami)
2-s2.0-85192736363,10.3390/buildings14030596,A Study on the Effect of Dynamic Photovoltaic Shading Devices on Energy Consumption and Daylighting of an Office Building,Buildings,Article,ok,include,,high,abstract,mechanical,simulation,multiple,"facade + physical movement (shading, dynamic pvsds in the rotation)"
2-s2.0-85188708247,10.3390/act13030085,Development of a Self-Regulating Solar Shading Actuator Based on the Thermal Shape Memory Effect,Actuators,Article,ok,include,,high,abstract,material-driven,simulation,none,facade + physical movement (actuator; shape memory; shape-memory)
2-s2.0-85181014575,10.1016/j.apples.2023.100174,Mechanical response of tensegrity-origami solar modules,Applications in Engineering Science,Article,ok,include,,high,abstract,origami-deployable,experiment,energy,facade + physical movement (modules are deployed by adjusting; origami)
2-s2.0-85184678882,10.3390/su16030959,Towards Refining Bio-Inspired Hydro-Actuated Building Facades by Emphasising the Importance of Hybrid Adaptability,Sustainability Switzerland,Article,ok,include,,high,abstract,material-driven,unclear,energy,facade + physical movement (actuated; actuator)
2-s2.0-85181676089,10.1016/j.buildenv.2023.111123,Review of adaptive opaque façades and laboratory tests for the dynamic thermal performance characterization,Building and Environment,Review,ok,related_review,review,high,abstract,,,,review/secondary on facade topic — kept for intro/benchmark
2-s2.0-85185729138,10.3390/buildings14020556,"Influence of Sun Shading Devices on Energy Efficiency, Thermal Comfort and Lighting Comfort in a Warm Semi-Arid Dry Mediterranean Climate",Buildings,Article,ok,include,,high,abstract,unclear,simulation,multiple,facade + physical movement (movable)
2-s2.0-85184472885,10.3390/su16031145,From Flora to Solar Adaptive Facades: Integrating Plant-Inspired Design with Photovoltaic Technologies,Sustainability Switzerland,Article,ok,uncertain_fulltext,,low,abstract,,,,facade but abstract gives no explicit movement/optical/thermal cue
2-s2.0-85179495151,10.1016/j.buildenv.2023.111095,Experimental and numerical study of adaptive ventilation and sunlight regulation building envelope combining variable transparency shape-stabilized phase change material,Building and Environment,Article,ok,exclude,facade_no_movement,high,abstract,,,,"optical/material-state, no geometry (variable transparency)"
2-s2.0-85196713091,,BRIDGING EXTERIOR AND INTERIOR CLIMATE: Interdisciplinary Design of a Dual-Functional Adaptive Kinetic Façade,Proceedings of the International Conference on Computer Aided Architectural Design Research in Asia,Conference Paper,missing,include,,low,title_only,unclear,unclear,unclear,facade + physical movement (kinetic façade)
2-s2.0-105023673830,,Daylighting and Energy Optimisation in Tropical Offices: Performance of Climate Adaptive Kinetic Façades over Static Designs,PLEA 2024 Re Thinking Resilience Proceedings of 37th PLEA Conference Sustainable Architecture and Urban Design the Book of Proceedings,Conference Paper,missing,include,,low,title_only,unclear,simulation,multiple,facade + physical movement (kinetic façade)
2-s2.0-105023670194,,Performance Based Dynamic Shading Module: Exploring fold adaptive mechanisms for tropical office façades,PLEA 2024 Re Thinking Resilience Proceedings of 37th PLEA Conference Sustainable Architecture and Urban Design the Book of Proceedings,Conference Paper,missing,uncertain_fulltext,,low,title_only,,,,facade but abstract gives no explicit movement/optical/thermal cue
2-s2.0-85208587483,10.1088/1755-1315/1404/1/012015,Comparing the Effectiveness of Dynamic Facades for Natural Daylight and Energy Usage in Buildings,Iop Conference Series Earth and Environmental Science,Conference Paper,ok,include,,high,abstract,origami-deployable,unclear,multiple,facade + physical movement (facade features movable; origami)
2-s2.0-105023678013,,Climate Resilient Vertical Green Façades: Shading Strategies for Vegetation on Building Skins,PLEA 2024 Re Thinking Resilience Proceedings of 37th PLEA Conference Sustainable Architecture and Urban Design the Book of Proceedings,Conference Paper,missing,uncertain_fulltext,,low,title_only,,,,facade but abstract gives no explicit movement/optical/thermal cue
2-s2.0-85185021235,10.21608/auej.2023.243338.1449,ENHANCING ENERGY CONSUMPTION IN EGYPT WITHIN ADAPTIVE FACADE TECHNIQUES,Journal of Al Azhar University Engineering Sector,Article,ok,include,,high,abstract,mechanical,simulation,multiple,facade + physical movement (facades play a pivotal)
2-s2.0-85213042914,10.62476/ndi83567,"BIOMIMETIC APPROACH FOR ADAPTIVE, RESPONSIVE AND KINETIC BUILDING FACADES: A BIBLIOMETRIC REVIEW OF EMERGING TRENDS",New Design Ideas,Article,ok,related_review,review,high,abstract,,,,review/secondary on facade topic — kept for intro/benchmark
2-s2.0-85207831129,10.1007/978-981-97-4988-1_70,Unexplored Scope of Adaptive Facades in Indian Corporate Offices Located in Warm and Humid Climate,Lecture Notes in Civil Engineering,Conference Paper,ok,include,,high,abstract,unclear,unclear,multiple,facade + physical movement (kinetic facade)
2-s2.0-85178491291,10.13189/cea.2024.120125,An Approach to Using Shape Memory Alloys in Kinetic Facades to Improve the Thermal Performance of Office Building Spaces,Civil Engineering and Architecture,Article,ok,include,,high,abstract,material-driven,experiment,multiple,facade + physical movement (actuator; kinetic facade; kinetic façade)
2-s2.0-85210256765,,Impacts of Human Energy-Related Behaviours on the Energy Efficiency of Adaptive Building Façade: A Review,Proceedings of the International Conference on Education and Research in Computer Aided Architectural Design in Europe,Conference Paper,missing,related_review,review,low,title_only,,,,review/secondary on facade topic — kept for intro/benchmark
2-s2.0-85181717522,10.1177/17442591231219793,Multi-objective optimization of kinetic facade aperture ratios for daylight and solar radiation control,Journal of Building Physics,Article,ok,include,,high,abstract,unclear,simulation,multiple,facade + physical movement (kinetic facade)
2-s2.0-85217174703,,DYNAMIC INSULATED SHUTTER SYSTEM FOR A DOUBLE-LAYER BUILDING FAÇADE: A CASE STUDY WITH PHYSICAL PROTOTYPE,Simulation Series,Conference Paper,missing,uncertain_fulltext,,low,title_only,,,,facade but abstract gives no explicit movement/optical/thermal cue
2-s2.0-85209815164,10.52842/conf.ecaade.2024.1.431,Cast Adaptive/Kinetic Façades The application of sand casting on manufacturing the adaptive/kinetic facades,Proceedings of the International Conference on Education and Research in Computer Aided Architectural Design in Europe,Conference Paper,ok,include,,high,abstract,unclear,unclear,energy,facade + physical movement (kinetic facade; kinetic façade)
2-s2.0-85189498379,10.1007/978-981-99-7965-3_1,A Comprehensive Review on Design Approaches of Adaptive Photovoltaic Façade,Lecture Notes in Civil Engineering,Conference Paper,ok,related_review,review,high,abstract,,,,review/secondary on facade topic — kept for intro/benchmark
2-s2.0-85190757691,10.46855/energy-proceedings-10969,Application Potential Analysis of a New Dynamic Building Envelope in Public Buildings,Energy Proceedings,Conference Paper,ok,uncertain_fulltext,,low,abstract,,,,facade but abstract gives no explicit movement/optical/thermal cue
2-s2.0-85202536231,10.1007/978-3-031-65877-8_1,Adaptive Façades: A Comparative Analysis of Bimetal Solutions,Environmental Footprints and Eco Design of Products and Processes,Book Chapter,ok,include,,high,abstract,material-driven,unclear,multiple,facade + physical movement (actuator)
2-s2.0-85202079838,10.1108/sasbe-03-2024-0090,Biomimetic kinetic façade as a real-time daylight control: complex form versus simple form with proper kinetic behavior,Smart and Sustainable Built Environment,Article,ok,include,,high,abstract,unclear,simulation,multiple,facade + physical movement (kinetic façade)
2-s2.0-85190548776,10.18848/2325-128x/cgp/v18i02/1-30,A Transdisciplinary Approach to Sustainable Architecture: Integrating Kinetic Shading Systems in Architectural Pedagogy,International Journal of Design Education,Article,ok,include,,high,abstract,unclear,prototype,energy,facade + physical movement (kinetic shad)
2-s2.0-85210560256,10.23919/annsim61499.2024.10732810,Dynamic Insulated Shutter System for a Double-Layer Building Façade: a Case Study with Physical Prototype,Annsim 2024 Proceedings of the 2024 Annual Modeling and Simulation Conference,Conference Paper,ok,include,,high,abstract,unclear,experiment,multiple,facade + physical movement (movable)
2-s2.0-85207651884,10.1109/sest61601.2024.10694396,Deterministic Sizing of Integrated Facade Nodes for Smart Buildings,2024 International Conference on Smart Energy Systems and Technologies Driving the Advances for Future Electrification Sest 2024 Proceedings,Conference Paper,ok,uncertain_fulltext,,low,abstract,,,,facade but abstract gives no explicit movement/optical/thermal cue
2-s2.0-105012247816,,Implementing Adaptive Responsive Facade to Achieve Sustainable Design,Zemch International Conference,Conference Paper,missing,uncertain_fulltext,,low,title_only,,,,facade but abstract gives no explicit movement/optical/thermal cue
2-s2.0-85181880021,10.3390/su16010288,Climate-Adaptive Building Envelope Controls: Assessing the Impact on Building Performance,Sustainability Switzerland,Article,ok,include,,high,abstract,mechanical,simulation,multiple,facade + physical movement (rotation range and the four-panel)
2-s2.0-85209575958,10.1080/17508975.2024.2424244,Interactive Kinetic Facade with Design for Disassembly (DfD) strategy: improving energy efficiency and circularity of building materials in tropical climate,Intelligent Buildings International,Article,ok,include,,high,abstract,unclear,simulation,energy,facade + physical movement (kinetic facade)
2-s2.0-85187575812,10.1088/1755-1315/1301/1/012012,"Perception Study on Kinetic Recycled Compact Disc Facade in Tourism Hall, Jarak - Wonosalam",Iop Conference Series Earth and Environmental Science,Conference Paper,ok,include,,high,abstract,mechanical,unclear,none,"facade + physical movement (facade, which is rotatable; kinetic facade)"
2-s2.0-85189613424,10.1007/978-3-031-54376-0_5,Technology to Build Architecture: Application of Adaptive Facade on a New Multifunctional Arena,Lecture Notes in Networks and Systems,Conference Paper,ok,uncertain_fulltext,,low,abstract,,,,facade but abstract gives no explicit movement/optical/thermal cue
2-s2.0-85192208125,10.1007/978-3-031-47794-2_19,A Review of Innovative Materials for the Design of Adaptive Biomimetic Façades,Advances in Science Technology and Innovation,Conference Paper,ok,related_review,review,high,abstract,,,,review/secondary on facade topic — kept for intro/benchmark
2-s2.0-105012253120,,"Strategies to Revive External Adaptive Shading Systems for Residential Architecture: A study based on Literature, Questionnaire and Observed Examples from Delhi",Zemch International Conference,Conference Paper,missing,uncertain_fulltext,,low,title_only,,,,facade but abstract gives no explicit movement/optical/thermal cue
2-s2.0-85208600943,10.1088/1755-1315/1404/1/012009,Dynamic facade potential for indoor lighting uniformity,Iop Conference Series Earth and Environmental Science,Conference Paper,ok,include,,high,abstract,mechanical,unclear,multiple,facade + physical movement (facade elements move; shade that rotates)
2-s2.0-105025595286,10.58491/2735-4202.3134,Multiobjective Approach for Optimizing Buildings’ Forms and Kinetic Façade Systems in Office Buildings,Mej Mansoura Engineering Journal,Article,ok,include,,high,abstract,unclear,simulation,multiple,facade + physical movement (kinetic façade)
2-s2.0-85210040944,10.37868/sei.v6i2.id367,Quantum potential energy: Adaptive facades in architecture,Sustainable Engineering and Innovation,Article,ok,uncertain_fulltext,,low,abstract,,,,facade but abstract gives no explicit movement/optical/thermal cue
2-s2.0-85202450668,10.23919/splitech61897.2024.10612439,Traditional and Bioclimatic Design for the Energy Retrofit of Existing Buildings,2024 9th International Conference on Smart and Sustainable Technologies Splitech 2024,Conference Paper,ok,include,,high,abstract,unclear,unclear,multiple,"facade + physical movement (facade, double skin facade, movable)"
2-s2.0-85198082947,10.15627/jd.2024.9,Designerly Approach to Design Responsive Façade for Occupant Visual Comfort in Different Latitudes,Journal of Daylighting,Article,ok,include,,high,abstract,mechanical,unclear,multiple,facade + physical movement (facade rotation)
2-s2.0-85209784237,10.52842/conf.ecaade.2024.1.273,Preliminary Energy Simulations of Smart Materials on Building Facade: A hypothetical case study to determined energy performance of smart materials,Proceedings of the International Conference on Education and Research in Computer Aided Architectural Design in Europe,Conference Paper,ok,exclude,facade_no_movement,high,abstract,,,,"thermal-dynamic, no moving part (pcm)"
2-s2.0-85218488689,10.1007/978-3-031-74716-8_26,Interactive Architecture for Enhancing Energy Efficiency and Thermal Comfort in the Office Buildings,Lecture Notes in Networks and Systems,Conference Paper,ok,include,,high,abstract,unclear,simulation,multiple,facade + physical movement (kinetic facade)
2-s2.0-85199805494,10.32604/fhmt.2024.051541,Performance Study of Dynamic Intake and Exhaust Façades in Hot and Dry Climates: Iraq Case Study,Frontiers in Heat and Mass Transfer,Article,ok,exclude,facade_no_movement,high,abstract,,,,"thermal-dynamic, no moving part (dynamic insulation)"
2-s2.0-105023679446,,Applying Visible Difference Prediction to View Visibility,PLEA 2024 Re Thinking Resilience Proceedings of 37th PLEA Conference Sustainable Architecture and Urban Design the Book of Proceedings,Conference Paper,missing,exclude,not_facade,low,title_only,,,,no facade context and no movement signal
2-s2.0-85177607250,10.1080/00038628.2023.2281401,Characterization and modeling of bistable laminates for kinetic shading screens,Architectural Science Review,Article,ok,include,,high,abstract,compliant,experiment,energy,facade + physical movement (bistable; kinetic envelope; kinetic shad)
2-s2.0-85202443656,10.23919/splitech61897.2024.10612450,Parametric Design of an Adaptive Shading Solution for an Overheated Residential High-Rise: A Digital Fabrication Approach,2024 9th International Conference on Smart and Sustainable Technologies Splitech 2024,Conference Paper,ok,uncertain_fulltext,,low,abstract,,,,facade but abstract gives no explicit movement/optical/thermal cue
2-s2.0-85177830939,10.1016/j.buildenv.2023.111052,Light-responsive kinetic façade system inspired by the Gazania flower: A biomimetic approach in parametric design for daylighting,Building and Environment,Article,ok,include,,high,abstract,mechanical,simulation,multiple,facade + physical movement (kinetic façade)
2-s2.0-85211894520,10.1109/eeeic/icpseurope61470.2024.10751222,Optimizing Integrated Shading Device and Light Shelf for Daylight Performance and Visual Comfort in Architecture Studio,Proceedings 24th Eeeic International Conference on Environment and Electrical Engineering and 8th I and Cps Industrial and Commercial Power Systems Europe Eeeic I and Cps Europe 2024,Conference Paper,ok,uncertain_fulltext,,low,abstract,,,,facade but abstract gives no explicit movement/optical/thermal cue
2-s2.0-85210884603,,Enhanced Building Energy Efficiency by a Novel Dynamic Photovoltaic-integrated Shading Device (PVSD),18th Conference of the International Society of Indoor Air Quality and Climate Indoor AIR 2024 Conference Program and Proceedings,Conference Paper,missing,uncertain_fulltext,,low,title_only,,,,facade but abstract gives no explicit movement/optical/thermal cue
2-s2.0-105023699133,,Bio-HNV: Bio-based Humidity-responsive Night Ventilation for climate resilience: A new generation of responsive building skin for passive cooling,PLEA 2024 Re Thinking Resilience Proceedings of 37th PLEA Conference Sustainable Architecture and Urban Design the Book of Proceedings,Conference Paper,missing,uncertain_fulltext,,low,title_only,,,,facade but abstract gives no explicit movement/optical/thermal cue
2-s2.0-85179963403,10.1080/17452007.2023.2287643,"Comparison of fast daylighting climate-based simulation methods for parametric design: two-phase, three-phase method and path tracing",Architectural Engineering and Design Management,Article,ok,exclude,facade_no_movement,high,abstract,,,,"optical/material-state, no geometry (electrochrom)"
2-s2.0-85200437303,10.1007/978-981-99-8811-2_38,Design and Methodology for Automated Intelli-Smart Shading Apparatus for Commercial Building Fenestrations in India,Advances in 21st Century Human Settlements,Book Chapter,ok,include,,high,abstract,unclear,experiment,multiple,facade + physical movement (kinetic facade)
2-s2.0-86000026738,10.1109/icbir61386.2024.10875775,Experimental Investigation of Thermal Performance of Windows with External Shading Slats for Air-Conditioned Buildings in Thailand,Icbir 2024 2024 9th International Conference on Business and Industrial Research Proceedings,Conference Paper,ok,uncertain_fulltext,,low,abstract,,,,facade but abstract gives no explicit movement/optical/thermal cue
2-s2.0-105023708616,,Predicting annual hourly daylight performance of buildings using Conditional Generative Adversarial Network (cGAN),PLEA 2024 Re Thinking Resilience Proceedings of 37th PLEA Conference Sustainable Architecture and Urban Design the Book of Proceedings,Conference Paper,missing,uncertain_fulltext,,low,title_only,,,,facade but abstract gives no explicit movement/optical/thermal cue
2-s2.0-85192358221,10.1109/iccece61317.2024.10504239,Visual Perception-Driven Dynamic Adaptive Shading,2024 4th International Conference on Consumer Electronics and Computer Engineering Iccece 2024,Conference Paper,ok,include,,high,abstract,unclear,experiment,daylight,facade + physical movement (adjusts the rendering shading)
2-s2.0-85216708241,10.31399/asm.cp.smst2024p0064,A self-regulating device passively activated by an SMA for solar responsive shading,International Conference on Shape Memory and Superelastic Technologies Smst 2024,Conference Paper,ok,include,,high,abstract,material-driven,unclear,multiple,facade + physical movement (actuator; rotational states to provide either shading; sma)
2-s2.0-105027921914,10.71846/18-wcee-2566,SEISMIC RESPONSE OF THE CABLE-SUPPORTED GLASS FACADES BETWEEN ADJACENT STRUCTURES,World Conference on Earthquake Engineering Proceedings,Book Chapter,ok,uncertain_fulltext,,low,abstract,,,,facade but abstract gives no explicit movement/optical/thermal cue
2-s2.0-85208956186,10.1007/978-3-031-56121-4_21,Facade Retrofits: Sustainable Living Architectural Facades. The Case Study of “Baynunah Hilton Tower” in Abu Dhabi,Lecture Notes in Civil Engineering,Conference Paper,ok,uncertain_fulltext,,low,abstract,,,,facade but abstract gives no explicit movement/optical/thermal cue
2-s2.0-85210586773,10.23919/annsim61499.2024.10732831,Designing For Daylight: An Exploration of Origami-Inspired Interior Shading Screens,Annsim 2024 Proceedings of the 2024 Annual Modeling and Simulation Conference,Conference Paper,ok,include,,high,abstract,origami-deployable,simulation,daylight,facade + physical movement (foldable; origami)
2-s2.0-85209773472,10.52842/conf.ecaade.2024.1.361,Climate-responsive Hygroscopic: Wood Bilayers Programmed via Laser Modification,Proceedings of the International Conference on Education and Research in Computer Aided Architectural Design in Europe,Conference Paper,ok,include,,high,abstract,material-driven,unclear,energy,facade + physical movement (4d print; hygroscopic)
2-s2.0-85211811073,10.1109/etcm63562.2024.10746014,Enhancement of an Adaptive Building-Skin System for Local and Remote Multi-Modal Operation,Etcm 2024 8th Ecuador Technical Chapters Meeting,Conference Paper,ok,uncertain_fulltext,,low,abstract,,,,facade but abstract gives no explicit movement/optical/thermal cue
2-s2.0-85217173823,10.23919/annsim61499.2024.10732831,DESIGNING FOR DAYLIGHT: AN EXPLORATION OF ORIGAMI-INSPIRED INTERIOR SHADING SCREENS,Simulation Series,Conference Paper,ok,include,,high,abstract,origami-deployable,simulation,daylight,facade + physical movement (foldable; origami)
2-s2.0-85184285537,10.1007/978-981-99-8405-3_7,An Exploration on the Form Design of Movable Structures Based on Uniform Convex Polyhedral Expansion,Computational Design and Robotic Fabrication,Book Chapter,ok,include,,high,abstract,origami-deployable,unclear,none,facade + physical movement (foldable; kinetic facade; movable)
2-s2.0-85217350242,10.1201/9781003434313-4,Thermo Bi-Metal: A Sustainable Biomaterial for Breathing Façade,Advances in Sustainable Biomaterials Bioprocessing 4 0 Characterizations and Applications,Book Chapter,ok,uncertain_fulltext,,low,abstract,,,,facade but abstract gives no explicit movement/optical/thermal cue
2-s2.0-85211010181,10.1177/0958305x241300428,Critical analysis of smart materials in adaptive transparent systems for building façade,Energy and Environment,Article,ok,uncertain_fulltext,,low,abstract,,,,facade but abstract gives no explicit movement/optical/thermal cue
2-s2.0-85218343194,10.1109/ic-sit63503.2024.10862256,Partial Shading Effect Minimization in a PV Array using Shading Behaviour based Adaptive Reconfiguration Algorithm,2024 International Conference on Intelligent Computing and Sustainable Innovations in Technology IC Sit 2024,Conference Paper,ok,uncertain_fulltext,,low,abstract,,,,facade but abstract gives no explicit movement/optical/thermal cue
2-s2.0-85204828546,10.1201/9781003415695-6,Responsive Building Components and Systems,Thermal Evaluation of Indoor Climate and Energy Storage in Buildings,Book Chapter,ok,exclude,facade_no_movement,high,abstract,,,,"thermal-dynamic, no moving part (phase change material)"
2-s2.0-85200456031,10.1007/978-981-99-8811-2_37,An Innovative Retrofittable Manually Operable Smart Shading Apparatus for House Windows (Residential Buildings) and Method of Working for Same,Advances in 21st Century Human Settlements,Book Chapter,ok,include,,high,abstract,mechanical,experiment,multiple,facade + physical movement (movable)
2-s2.0-105000064557,10.1007/978-981-97-4924-9_14,Beyond Water: Step Wells and Community Hydraulics in Modern India,Urban Sustainability,Book Chapter,ok,uncertain_fulltext,,low,abstract,,,,facade but abstract gives no explicit movement/optical/thermal cue
2-s2.0-85194749202,10.1117/12.3010949,Robust Control of Friction-Driven Reconfigurable Adaptive Structures,Proceedings of SPIE the International Society for Optical Engineering,Conference Paper,ok,include,,high,abstract,mechanical,theoretical,energy,facade + physical movement (actuator)
2-s2.0-85210237201,,Aspen Leaves as a Biological Role Model for a Triboelectric Wind Energy Harvesting Building Facade System: Generating Power Through the Movement of Leaves in the Wind,Proceedings of the International Conference on Education and Research in Computer Aided Architectural Design in Europe,Conference Paper,missing,uncertain_fulltext,,low,title_only,,,,facade but abstract gives no explicit movement/optical/thermal cue
2-s2.0-85207520247,10.1049/icp.2024.2682,ENERGY ANALYSIS OF BUILDINGS WITH LARGE GLAZED SURFACES,Iet Conference Proceedings,Conference Paper,ok,include,,high,abstract,unclear,case-study,multiple,facade + physical movement (movable)
2-s2.0-85213308925,10.5109/7323364,Optimizing Building Envelope Features: Towards Climate Responsive Energy Efficient Buildings in Hot Climates,International Exchange and Innovation Conference on Engineering and Sciences,Conference Paper,ok,uncertain_fulltext,,low,abstract,,,,facade but abstract gives no explicit movement/optical/thermal cue
2-s2.0-85192763646,10.14455/isec.2024.11(1).aae-10,"KINETIC ARCHITECTURE AS A RESPONSE TO ADAPTIVE BEHAVIOR TO CLIMATE, A CASE STUDY THROUGH VIRTUAL MODELS",Proceedings of International Structural Engineering and Construction,Conference Paper,ok,include,,high,abstract,unclear,simulation,energy,facade + physical movement (kinetic envelope; movable)
2-s2.0-85198368003,10.1109/sciot62588.2024.10570109,Biomimicry in Smart City Building Skins: A Nature-Inspired Approach to Urban Energy Efficiency,Proceeding of 8th International Conference on Smart Cities Internet of Things and Applications Sciot 2024,Conference Paper,ok,uncertain_fulltext,,low,abstract,,,,facade but abstract gives no explicit movement/optical/thermal cue
2-s2.0-85182254345,10.1016/j.enconman.2023.117907,Adaptive building envelope combining variable transparency shape-stabilized PCM and reflective film: Parameter and energy performance optimization in different climate conditions,Energy Conversion and Management,Article,ok,exclude,facade_no_movement,high,abstract,,,,"optical/material-state, no geometry (variable transparency)"
2-s2.0-85217005648,10.1007/978-3-031-75298-8,Unlocking the Potential of Building Envelopes: Sustainable and People-Centered Approach to Reduce the Environmental Footprint of the Built Environment,Springerbriefs in Applied Sciences and Technology,Book Chapter,ok,uncertain_fulltext,,low,abstract,,,,facade but abstract gives no explicit movement/optical/thermal cue
2-s2.0-85159069028,10.1177/23998083231171398,Hybrid quantitative mesoscale analyses for simulating pedestrians’ visual perceptions: Comparison of three New York City streets,Environment and Planning B Urban Analytics and City Science,Article,ok,exclude,not_facade,high,abstract,,,,no facade context and no movement signal
2-s2.0-85211597558,10.1109/pvsc57443.2024.10748886,Application of Ladybug Tool on Building-Installed PV Reconfiguration Under Partial Shading Condition,Conference Record of the IEEE Photovoltaic Specialists Conference,Conference Paper,ok,uncertain_fulltext,,low,abstract,,,,facade but abstract gives no explicit movement/optical/thermal cue
2-s2.0-85183349906,10.1080/23744731.2023.2299175,"Sensitivity analysis of sensor placement in energy-efficient, grid-interactive ready small office buildings with dynamic shading and lighting control",Science and Technology for the Built Environment,Article,ok,uncertain_fulltext,,low,abstract,,,,facade but abstract gives no explicit movement/optical/thermal cue
2-s2.0-85183582835,10.3390/buildings14010042,Air-Permeable Building Envelopes for Building Ventilation and Heat Recovery: Research Progress and Future Perspectives,Buildings,Review,ok,related_review,review,high,abstract,,,,review/secondary on facade topic — kept for intro/benchmark
2-s2.0-85189561696,10.1007/978-981-99-7965-3_6,AI-Based Models in Support of Human-Centric Indoor Environment Design: Towards Climate-Adaptive Façade Design Integrating Occupant Satisfaction,Lecture Notes in Civil Engineering,Conference Paper,ok,uncertain_fulltext,,low,abstract,,,,facade but abstract gives no explicit movement/optical/thermal cue
2-s2.0-85171674552,10.1080/17452007.2023.2259394,A design methodology to consider occupants’ spatial adjustment and manage view content in adaptive façade design for improving visual comfort,Architectural Engineering and Design Management,Article,ok,uncertain_fulltext,,low,abstract,,,,facade but abstract gives no explicit movement/optical/thermal cue
2-s2.0-85188660981,10.1061/9780784485279.034,An Experimental Framework to Measure Dynamic Thermal Resilience of Wall Panels under Extreme Weather Conditions,Construction Research Congress 2024 CRC 2024,Conference Paper,ok,uncertain_fulltext,,low,abstract,,,,facade but abstract gives no explicit movement/optical/thermal cue
2-s2.0-85207224128,10.1007/978-3-031-59005-4_21,Effect of a Movable Phase Change Materials (PCMs) Layer on Lowering Energy Usage in Desert Structures,Green Energy and Technology,Book Chapter,ok,include,,high,abstract,unclear,simulation,multiple,facade + physical movement (movable)
2-s2.0-85211631730,10.1109/pvsc57443.2024.10749295,Pre-Construction Modeling of Shade Loss Due to Wind Turbine Shadow Flicker on Solar PV,Conference Record of the IEEE Photovoltaic Specialists Conference,Conference Paper,ok,include,,high,abstract,mechanical,simulation,energy,facade + physical movement (rotating blades can cause a dynamic shading)
2-s2.0-85198450166,10.1007/978-3-031-62888-7_70,Influence of Sandwich Panels as Building Envelope on the Nonlinear Dynamic Response of an Industrial Steel Structure,Lecture Notes in Civil Engineering,Conference Paper,ok,uncertain_fulltext,,low,abstract,,,,facade but abstract gives no explicit movement/optical/thermal cue
2-s2.0-105027925874,10.71846/18-wcee-2656,SEISMIC VULNERABILTY OF MASONRY CHURCH FACADES,World Conference on Earthquake Engineering Proceedings,Book Chapter,ok,uncertain_fulltext,,low,abstract,,,,facade but abstract gives no explicit movement/optical/thermal cue
2-s2.0-105000576167,10.1016/b978-0-323-90386-8.00107-8,Thermal Performance of Building Envelopes,Encyclopedia of Sustainable Technologies Second Edition Volumes 1 4,Book Chapter,ok,uncertain_fulltext,,low,abstract,,,,facade but abstract gives no explicit movement/optical/thermal cue
2-s2.0-85196731286,10.52842/conf.caadria.2024.3.121,"3D PRINTING SELF-SHADING WALL STRUCTURE WITH EARTH: Enhancing thermal properties in Earthen Architecture through Computational tool path design, inspired by nature & vernacular architecture",Proceedings of the International Conference on Computer Aided Architectural Design Research in Asia,Conference Paper,missing,uncertain_fulltext,,low,title_only,,,,facade but abstract gives no explicit movement/optical/thermal cue
2-s2.0-85187140211,10.3389/fbuil.2024.1309621,Biomimetic design of building facades: an evolutionary-based computational approach inspired by elephant skin for cooling in hot and humid climates,Frontiers in Built Environment,Article,ok,uncertain_fulltext,,low,abstract,,,,facade but abstract gives no explicit movement/optical/thermal cue
2-s2.0-85207102947,10.1109/cisat62382.2024.10695424,A dynamic envelope extraction method of spacecraft parameters based on improved curve matching search,2024 7th International Conference on Computer Information Science and Application Technology Cisat 2024,Conference Paper,ok,uncertain_fulltext,,low,abstract,,,,facade but abstract gives no explicit movement/optical/thermal cue
2-s2.0-85188892702,10.1080/17452007.2024.2328119,‘Adaptive office buildings: improving functional flexibility in response to shifting needs using kinetic technology’,Architectural Engineering and Design Management,Review,ok,related_review,review,high,abstract,,,,review/secondary on facade topic — kept for intro/benchmark
2-s2.0-85177043703,10.1007/978-3-031-44328-2_69,A Hybrid Deployable Vault Structure by Coupling Origami Folded Plates with a Scissors – Four Bar Linkage Frame,Lecture Notes in Civil Engineering,Conference Paper,ok,uncertain_fulltext,,low,abstract,,,,movement mechanism but facade context unclear
2-s2.0-85217816030,10.18086/swc.2023.06.04,MULTI-OBJECTIVE OPTIMIZATION OF BUILDING ENVELOPE FOR DAYLIGHT AND ENERGY PERFORMANCE IN HOT AND DRY INDIAN CLIMATE,Proceedings Ises Solar World Congress 2023 Swc 2023,Conference Paper,ok,uncertain_fulltext,,low,abstract,,,,facade but abstract gives no explicit movement/optical/thermal cue
2-s2.0-85196720354,10.52842/conf.caadria.2024.3.253,A METHOD FOR DESIGNING A BREATHING MODULAR WALL,Proceedings of the International Conference on Computer Aided Architectural Design Research in Asia,Conference Paper,missing,exclude,not_facade,low,title_only,,,,no facade context and no movement signal
2-s2.0-85209791827,10.52842/conf.ecaade.2024.1.283,Maximizing Solar Energy Harvesting of the Kinetic Photovoltaic System,Proceedings of the International Conference on Education and Research in Computer Aided Architectural Design in Europe,Conference Paper,ok,exclude,not_facade,high,abstract,,,,"cross-domain (photovoltaic system), no facade context"
2-s2.0-85200388144,10.1007/978-3-031-56544-1_33,A New Approach Toward Hazard Mitigation by Designing Moveable Architectural Space,Lecture Notes in Civil Engineering,Conference Paper,ok,include,,high,abstract,unclear,unclear,none,facade + physical movement (moveable)
2-s2.0-85206218148,10.1007/978-981-97-5415-1_18,"Multi-objective Optimization for Visual, Thermal, and Energy Performance of Glazing and Shading Assemblies in Temperate Climate Zone of India",Green Energy and Technology,Conference Paper,ok,uncertain_fulltext,,low,abstract,,,,facade but abstract gives no explicit movement/optical/thermal cue
2-s2.0-85172272241,10.1007/s12273-023-1073-6,Example-based dynamic façade design using the facade daylighting performance improvement (FDPI) indicator,Building Simulation,Article,ok,uncertain_fulltext,,low,abstract,,,,facade but abstract gives no explicit movement/optical/thermal cue
2-s2.0-85180515387,10.3390/biomimetics8080603,Mimosa Kinetic Façade: Bio-Inspired Ventilation Leveraging the Mimosa Pudica Mechanism for Enhanced Indoor Air Quality,Biomimetics,Article,ok,include,,high,abstract,material-driven,simulation,comfort,facade + physical movement (kinetic façade)
2-s2.0-85177649709,10.1038/s41598-023-47593-9,A conceptual design of circular adaptive façade module for reuse,Scientific Reports,Article,ok,uncertain_fulltext,,low,abstract,,,,facade but abstract gives no explicit movement/optical/thermal cue
2-s2.0-85171331771,10.1016/j.autcon.2023.105093,Machine-learned kinetic Façade: Construction and artificial intelligence enabled predictive control for visual comfort,Automation in Construction,Article,ok,include,,high,abstract,unclear,prototype,multiple,facade + physical movement (kinetic façade; movable)
2-s2.0-105003744645,10.1007/s44242-023-00025-3,Development of dynamic shading control for daylight measures in green buildings towards overall energy efficiency of lighting and air-conditioning systems,Low Carbon Materials and Green Construction,Article,ok,include,,high,abstract,unclear,unclear,multiple,facade + physical movement (shading adjustment)
2-s2.0-85175145895,10.1016/j.rser.2023.113847,Smart materials for biomimetic building envelopes: current trends and potential applications,Renewable and Sustainable Energy Reviews,Review,ok,related_review,review,high,abstract,,,,review/secondary on facade topic — kept for intro/benchmark
2-s2.0-85175349177,10.1016/j.jobe.2023.107656,Improving aerodynamic response of tall buildings using smart morphing facades,Journal of Building Engineering,Article,ok,include,,high,abstract,unclear,unclear,multiple,facade + physical movement (morphing)
2-s2.0-85177607076,10.1016/j.jobe.2023.108014,Draw to shade: A personalized daylighting regulation method through user-involved paintings for enhanced indoor visual comfort and aesthetics experience,Journal of Building Engineering,Article,ok,uncertain_fulltext,,low,abstract,,,,facade but abstract gives no explicit movement/optical/thermal cue
2-s2.0-85174678233,10.1016/j.enbuild.2023.113664,A cross-climate assessment of the visual and energy performance of flexible photochromic films for in-situ window retrofits,Energy and Buildings,Article,ok,exclude,facade_no_movement,high,abstract,,,,"optical/material-state, no geometry (photochrom)"
2-s2.0-85170518530,10.1061/jaeied.aeeng-1646,Kinetic Shades: Designing a Shape-Morphing Device with Bistable Laminates and Shape Memory Actuators,Journal of Architectural Engineering,Article,ok,include,,high,abstract,material-driven,experiment,none,facade + physical movement (actuator; bistable; kinetic shad)
2-s2.0-85171565341,10.1002/adsu.202300253,Large-Scaled and Solar-Reflective Kirigami-Based Building Envelopes for Shading and Occupants’ Thermal Comfort,Advanced Sustainable Systems,Article,ok,include,,high,abstract,origami-deployable,experiment,multiple,facade + physical movement (kirigami)
2-s2.0-85176407845,10.1016/j.jobe.2023.107979,A retrofitting framework for improving curtain wall performance by the integration of adaptive technologies,Journal of Building Engineering,Article,ok,exclude,facade_no_movement,high,abstract,,,,"optical/material-state, no geometry (electrochrom; photovoltaic glaz)"
2-s2.0-85171480738,10.1016/j.renene.2023.119278,A novel building envelope combined with jumping-droplet thermal diode: From theory to practice,Renewable Energy,Article,ok,uncertain_fulltext,,low,abstract,,,,facade but abstract gives no explicit movement/optical/thermal cue
2-s2.0-85165682605,10.1007/s12273-023-1052-y,"Double-skin façade simulation with computational fluid dynamics: A review of simulation trends, validation methods and research gaps",Building Simulation,Article,ok,related_review,review,high,abstract,,,,review/secondary on facade topic — kept for intro/benchmark
2-s2.0-85165606815,10.1016/j.energy.2023.128257,On-site testing of dynamic facade system with the solar energy storage,Energy,Article,ok,include,,high,abstract,unclear,unclear,energy,facade + physical movement (moving reflective blades)
2-s2.0-85178051226,10.1063/5.0171316,Hygrothermal Assessment of a Façade with ETICS Using Dynamic Monitoring and Numerical Simulation in a Real Case Study,Aip Conference Proceedings,Conference Paper,ok,uncertain_fulltext,,low,abstract,,,,facade but abstract gives no explicit movement/optical/thermal cue
2-s2.0-85178344728,10.3390/buildings13112840,Optimising Daylight and Ventilation Performance: A Building Envelope Design Methodology,Buildings,Article,ok,uncertain_fulltext,,low,abstract,,,,facade but abstract gives no explicit movement/optical/thermal cue
2-s2.0-85170421177,10.1016/j.enbuild.2023.113481,An evaluation of the demand response potential of integrated dynamic window and HVAC systems,Energy and Buildings,Article,ok,include,,high,abstract,mechanical,unclear,multiple,facade + physical movement (operable window)
2-s2.0-85199235039,10.3390/su152216119,Process-Oriented Design Methodologies Inspired by Tropical Plants,Sustainability Switzerland,Article,ok,uncertain_fulltext,,low,abstract,,,,facade but abstract gives no explicit movement/optical/thermal cue
2-s2.0-85172238485,10.1061/jsendh.steng-12546,Engineering Review of Wind-Induced Torsional Moment and Response of Buildings,Journal of Structural Engineering United States,Review,ok,related_review,review,high,abstract,,,,review/secondary on facade topic — kept for intro/benchmark
2-s2.0-85179555847,10.1063/5.0176121,Wind turbine dynamic shading: The effects on combined solar and wind farms,Journal of Renewable and Sustainable Energy,Article,ok,include,,high,abstract,mechanical,experiment,energy,facade + physical movement (rotating blades)
2-s2.0-85170405680,10.1016/j.enbuild.2023.113420,Combining point cloud and surface methods for modeling partial shading impacts of trees on urban solar irradiance,Energy and Buildings,Article,ok,uncertain_fulltext,,low,abstract,,,,facade but abstract gives no explicit movement/optical/thermal cue
2-s2.0-85175708869,10.1002/ad.2992,Architecture in Postreality: Emerging Approaches to Space in Hybrid Realities,Architectural Design,Article,ok,uncertain_fulltext,,low,abstract,,,,facade but abstract gives no explicit movement/optical/thermal cue
2-s2.0-85167783854,10.1016/j.jobe.2023.107521,Pneufin: A switchable foil cushion inspired soft pneumatic adaptive shading,Journal of Building Engineering,Article,ok,include,,high,abstract,pneumatic-soft,experiment,multiple,facade + physical movement (actuated; actuator; pneumatic)
2-s2.0-85168003403,10.1016/j.enbuild.2023.113432,Evaluation of the effects of cut design parameters on the environmental performance of a kirigami-inspired façade concept,Energy and Buildings,Article,ok,include,,high,abstract,origami-deployable,simulation,energy,facade + physical movement (kirigami)
2-s2.0-85179158560,10.1051/e3sconf/202343601013,"Sustainability, through passive solar building envelope design, based on the principles of bioinspiration.",E3s Web of Conferences,Conference Paper,ok,uncertain_fulltext,,low,abstract,,,,facade but abstract gives no explicit movement/optical/thermal cue
2-s2.0-85163866442,10.1016/j.scs.2023.104740,Origami-based adaptive facade for reducing reflected solar radiation in outdoor urban environments,Sustainable Cities and Society,Article,ok,include,,high,abstract,origami-deployable,simulation,none,facade + physical movement (fold origami unit; origami)
2-s2.0-85164688708,10.1016/j.jobe.2023.106995,An innovative multifunctional biomimetic adaptive building envelope based on a novel integrated methodology of merging biological mechanisms,Journal of Building Engineering,Article,ok,uncertain_fulltext,,low,abstract,,,,facade but abstract gives no explicit movement/optical/thermal cue
2-s2.0-85171620926,10.1016/j.enbuild.2023.113391,A state-space model to control an adaptive facade prototype using data-driven techniques,Energy and Buildings,Article,ok,include,,high,abstract,origami-deployable,experiment,energy,facade + physical movement (rotating flap)
2-s2.0-85164364748,10.1016/j.foar.2023.05.010,A design framework for a kinetic shading device system for building envelopes,Frontiers of Architectural Research,Article,ok,include,,high,abstract,unclear,simulation,none,facade + physical movement (kinetic shad)
2-s2.0-85165353988,10.1016/j.enbuild.2023.113320,Adaptive Façades Strategy: An architect-friendly computational approach based on co-simulation and white-box models for the early design stage,Energy and Buildings,Article,ok,uncertain_fulltext,,low,abstract,,,,facade but abstract gives no explicit movement/optical/thermal cue
2-s2.0-85169019778,10.1016/j.buildenv.2023.110751,Optimal temperature-actuated control of a thermally-insulated roller blind,Building and Environment,Article,ok,include,,high,abstract,unclear,experiment,multiple,facade + physical movement (actuated)
2-s2.0-85173863789,10.3390/en16196978,Topology Morphing Insulation: A Review of Technologies and Energy Performance in Dynamic Building Insulation,Energies,Review,ok,related_review,review,high,abstract,,,,review/secondary on facade topic — kept for intro/benchmark
2-s2.0-85174214387,10.3390/su151914319,Study of Technological Advancement and Challenges of Façade System for Sustainable Building: Current Design Practice,Sustainability Switzerland,Review,ok,related_review,review,high,abstract,,,,review/secondary on facade topic — kept for intro/benchmark
2-s2.0-85162256640,10.1016/j.energy.2023.128052,Experimental assessment of the energy performance of microfluidic glazing components: The first results of a monitoring campaign carried out in an outdoor test facility,Energy,Article,ok,uncertain_fulltext,,low,abstract,,,,facade but abstract gives no explicit movement/optical/thermal cue
2-s2.0-85150372995,10.1007/s12273-023-1009-1,Potential application of a novel building-integrated solar facade water heating system in a subtropical climate: A case study for school canteen,Building Simulation,Article,ok,uncertain_fulltext,,low,abstract,,,,facade but abstract gives no explicit movement/optical/thermal cue
2-s2.0-85151526234,10.1007/s12273-023-0993-5,Design and optimization of thermally responsive autonomous dynamic glazed attachment systems for building solar heat gain control,Building Simulation,Article,ok,uncertain_fulltext,,low,abstract,,,,facade but abstract gives no explicit movement/optical/thermal cue
2-s2.0-85174862975,10.3390/en16207198,Transient Behavior Analysis of the Infiltration Heat Recovery of Exterior Building Walls,Energies,Article,ok,exclude,facade_no_movement,high,abstract,,,,"thermal-dynamic, no moving part (thermal mass)"
2-s2.0-85175547871,10.3390/galaxies11050105,Three Dimensional Natures of Massive Star Envelopes,Galaxies,Review,ok,related_review,review,high,abstract,,,,review/secondary on facade topic — kept for intro/benchmark
2-s2.0-85177842932,10.1063/5.0170347,The motion-based analysis of kinetic shading devices activated by smart materials,Aip Conference Proceedings,Conference Paper,ok,include,,high,abstract,unclear,unclear,energy,facade + physical movement (kinetic shad)
2-s2.0-85173843361,10.1680/jsmic.23.00015,The impact of building surface optimization and dynamic control on climate adaptation,Proceedings of the Institution of Civil Engineers Smart Infrastructure and Construction,Article,ok,uncertain_fulltext,,low,abstract,,,,facade but abstract gives no explicit movement/optical/thermal cue
2-s2.0-85162103987,10.1016/j.rser.2023.113458,Static and dynamic regulations of photovoltaic double skin facades towards building sustainability: A review,Renewable and Sustainable Energy Reviews,Review,ok,related_review,review,high,abstract,,,,review/secondary on facade topic — kept for intro/benchmark
2-s2.0-85172734730,10.3390/en16186637,Flexible and Lightweight Solutions for Energy Improvement in Construction: A Literature Review,Energies,Review,ok,related_review,review,high,abstract,,,,review/secondary on facade topic — kept for intro/benchmark
2-s2.0-85162847924,10.1016/j.istruc.2023.06.070,Frequency calculation method and wind-induced dynamic response of cable net façades considering the façade stiffness,Structures,Article,ok,uncertain_fulltext,,low,abstract,,,,facade but abstract gives no explicit movement/optical/thermal cue
2-s2.0-105018889940,10.1007/s44150-023-00091-y,Evaluation of building energy load of a multipurpose hall and its optimization through spectrally selective fenestration and passive design concepts,Architecture Structures and Construction,Article,ok,uncertain_fulltext,,low,abstract,,,,facade but abstract gives no explicit movement/optical/thermal cue
2-s2.0-85164710412,10.1016/j.applthermaleng.2023.121032,An online learning framework for self-adaptive dynamic thermal modeling of building envelopes,Applied Thermal Engineering,Article,ok,uncertain_fulltext,,low,abstract,,,,facade but abstract gives no explicit movement/optical/thermal cue
2-s2.0-85163062642,10.1016/j.conbuildmat.2023.132028,Magnetic actuation of bistable flaps for kinetic building shades,Construction and Building Materials,Article,ok,include,,high,abstract,compliant,experiment,energy,facade + physical movement (actuator; bistable; kinetic envelope)
2-s2.0-85159225348,10.1016/j.jobe.2023.106800,Parametric design of an automated kinetic building façade using BIM: A case study perspective,Journal of Building Engineering,Article,ok,uncertain_fulltext,,low,abstract,,,,facade but abstract gives no explicit movement/optical/thermal cue
2-s2.0-85151370881,10.1016/j.foar.2023.02.005,Modular responsive facade proposals based on semi-regular and demi-regular tessellation: daylighting and visual comfort,Frontiers of Architectural Research,Article,ok,uncertain_fulltext,,low,abstract,,,,facade but abstract gives no explicit movement/optical/thermal cue
2-s2.0-85169140900,10.3390/buildings13081932,"Daylighting Assessment of a Heritage Place of Instruction and Office Building in Alice, South Africa",Buildings,Article,ok,uncertain_fulltext,,low,abstract,,,,facade but abstract gives no explicit movement/optical/thermal cue
2-s2.0-85169091659,10.3390/app13169057,A Distributed Intelligent Lighting Control System Based on Deep Reinforcement Learning,Applied Sciences Switzerland,Article,ok,include,,high,abstract,unclear,prototype,multiple,facade + physical movement (shading system for adjusting)
2-s2.0-85169124666,10.22452/jdbe.vol23no1.3,Double skin façade adoption influencing ventilation performance in educational buildings,Journal of Design and Built Environment,Article,ok,uncertain_fulltext,,low,abstract,,,,facade but abstract gives no explicit movement/optical/thermal cue
2-s2.0-85198731386,10.1115/1.4056928,Computational Design of Multi-State Lattice Structures With Finite Mechanisms for Shape Morphing,Journal of Mechanical Design,Article,ok,include,,high,abstract,unclear,experiment,energy,facade + physical movement (compliant mechanism; morphing)
2-s2.0-85166175921,10.3390/su151411132,A Comprehensive Review of Recent Maximum Power Point Tracking Techniques for Photovoltaic Systems under Partial Shading,Sustainability Switzerland,Review,ok,related_review,review,high,abstract,,,,review/secondary on facade topic — kept for intro/benchmark
2-s2.0-85164496083,10.1051/e3sconf/202339604002,Comparing the thermal performance of Living Lab monitoring and simulation with different level of input detail,E3s Web of Conferences,Conference Paper,ok,uncertain_fulltext,,low,abstract,,,,facade but abstract gives no explicit movement/optical/thermal cue
2-s2.0-85150371652,10.1016/j.jobe.2023.106241,Enhancing visual comfort with Miura-ori-based responsive facade model,Journal of Building Engineering,Article,ok,include,,high,abstract,origami-deployable,simulation,multiple,facade + physical movement (origami)
2-s2.0-85150336122,10.1016/j.jobe.2023.106118,Targeting modular adaptive façade personalization in a shared office space using fuzzy logic and genetic optimization,Journal of Building Engineering,Article,ok,uncertain_fulltext,,low,abstract,,,,facade but abstract gives no explicit movement/optical/thermal cue
2-s2.0-85153574391,10.1016/j.enbuild.2023.113056,Energy flexibility of building systems in future scenarios: optimization of the control strategy of a dynamic shading system and definition of a new energy flexibility metric,Energy and Buildings,Article,ok,uncertain_fulltext,,low,abstract,,,,facade but abstract gives no explicit movement/optical/thermal cue
2-s2.0-85150448155,10.1016/j.jobe.2023.106101,Optimal design method for photovoltaic shading devices (PVSDs) by combining geometric optimization and adaptive control model,Journal of Building Engineering,Article,ok,uncertain_fulltext,,low,abstract,,,,facade but abstract gives no explicit movement/optical/thermal cue
2-s2.0-85154620492,10.1016/j.buildenv.2023.110339,Thermal comfort and passive survivability in earthen buildings,Building and Environment,Article,ok,include,,high,abstract,material-driven,simulation,multiple,"facade + physical movement (hygroscopic; shading, natural ventilation, and movable)"
2-s2.0-85162130738,10.15627/jd.2023.2,Visual Comfort Assessment of Hospital Patient Rooms with Climate Responsive Facades,Journal of Daylighting,Article,ok,uncertain_fulltext,,low,abstract,,,,facade but abstract gives no explicit movement/optical/thermal cue
2-s2.0-85156145141,10.1016/j.seta.2023.103259,Comparative analysis of different MPPT techniques using boost converter for photovoltaic systems under dynamic shading conditions,Sustainable Energy Technologies and Assessments,Article,ok,uncertain_fulltext,,low,abstract,,,,facade but abstract gives no explicit movement/optical/thermal cue
2-s2.0-85149789328,10.1016/j.seta.2023.103124,Multivariate optimization towards energy balance with geometric constraints of building design and urban space intensity,Sustainable Energy Technologies and Assessments,Article,ok,include,,high,abstract,mechanical,experiment,energy,facade + physical movement (tilt angle on façade)
2-s2.0-85148689706,10.1016/j.jobe.2023.105998,Near-optimal adaptive predictive control model study for roller shades in office spaces,Journal of Building Engineering,Article,ok,uncertain_fulltext,,low,abstract,,,,facade but abstract gives no explicit movement/optical/thermal cue
2-s2.0-85163711219,10.3390/buildings13061381,Exploring Energy Retrofitting Strategies and Their Effect on Comfort in a Vernacular Building in a Dry Mediterranean Climate,Buildings,Article,ok,include,,high,abstract,unclear,unclear,multiple,facade + physical movement (movable)
2-s2.0-85153672084,10.1016/j.buildenv.2023.110336,"Optimizing overheating, lighting, and heating energy performances in Canadian school for climate change adaptation: Sensitivity analysis and multi-objective optimization methodology",Building and Environment,Article,ok,include,,high,abstract,unclear,experiment,multiple,facade + physical movement (movable)
2-s2.0-85160775362,10.1051/e3sconf/202338801030,Energy-Efficient Soho in South Jakarta with The Application of Adaptive Solar Facade,E3s Web of Conferences,Conference Paper,ok,uncertain_fulltext,,low,abstract,,,,facade but abstract gives no explicit movement/optical/thermal cue
2-s2.0-85147607160,10.1016/j.jobe.2023.106043,The integrated design process of adaptive façades – A comprehensive perspective,Journal of Building Engineering,Article,ok,uncertain_fulltext,,low,abstract,,,,facade but abstract gives no explicit movement/optical/thermal cue
2-s2.0-85151884739,10.1016/j.solener.2023.03.042,Comparison of control parameters for roller blinds,Solar Energy,Article,ok,uncertain_fulltext,,low,abstract,,,,facade but abstract gives no explicit movement/optical/thermal cue
2-s2.0-85160646711,10.1063/5.0138985,Dynamic Analysis of Different Fenestration Design in Artificial Hip Joint Using Finite Element Analysis,Aip Conference Proceedings,Conference Paper,ok,uncertain_fulltext,,low,abstract,,,,facade but abstract gives no explicit movement/optical/thermal cue
2-s2.0-85151018182,10.1016/j.buildenv.2023.110195,Implementation of ISO/DIS 52016-3 for adaptive façades: A case study of an office building,Building and Environment,Article,ok,exclude,facade_no_movement,high,abstract,,,,"thermal-dynamic, no moving part (latent heat)"
2-s2.0-85151983532,10.1007/s00226-023-01464-8,Hygroscopy and adaptive architectural façades: an overview,Wood Science and Technology,Review,ok,related_review,review,high,abstract,,,,review/secondary on facade topic — kept for intro/benchmark
2-s2.0-85149867129,10.1016/j.enbuild.2023.112912,Semi-automated vs manually controlled dynamic facades: assessment through a field study on multi-domain occupant satisfaction,Energy and Buildings,Article,ok,uncertain_fulltext,,low,abstract,,,,facade but abstract gives no explicit movement/optical/thermal cue
2-s2.0-85159271790,10.3390/en16093793,Energy Performance and Control Strategy for Dynamic Façade with Perovskite PV Panels—Technical Analysis and Case Study,Energies,Article,ok,uncertain_fulltext,,low,abstract,,,,facade but abstract gives no explicit movement/optical/thermal cue
2-s2.0-85217916651,10.55670/fpll.futech.2.2.2,"Skin porosity geometry from the energy efficiency point of view; case study: an office building in Mashhad, Iran",Future Technology,Article,ok,uncertain_fulltext,,low,abstract,,,,facade but abstract gives no explicit movement/optical/thermal cue
2-s2.0-85149366089,10.1016/j.enbuild.2023.112928,Adaptive dynamic building envelope integrated with phase change material to enhance the heat storage and release efficiency: A state-of-the-art review,Energy and Buildings,Review,ok,related_review,review,high,abstract,,,,review/secondary on facade topic — kept for intro/benchmark
2-s2.0-85147506039,10.1177/01436244231153839,Assessing the performance gap of two dynamic thermal modelling software tools when comparing with real-time data in relation to thermal loss,Building Services Engineering Research and Technology,Article,ok,uncertain_fulltext,,low,abstract,,,,facade but abstract gives no explicit movement/optical/thermal cue
2-s2.0-85159654611,10.1063/5.0112023,Sustainable energy in the concept of kinetic architecture (case study: D*haus dynamic),Aip Conference Proceedings,Conference Paper,ok,uncertain_fulltext,,low,abstract,,,,facade but abstract gives no explicit movement/optical/thermal cue
2-s2.0-85148544560,10.1016/j.enbuild.2023.112881,Multi-domain model-based control of an adaptive façade based on a flexible double skin system,Energy and Buildings,Article,ok,uncertain_fulltext,,low,abstract,,,,facade but abstract gives no explicit movement/optical/thermal cue
2-s2.0-85150033000,10.1016/j.buildenv.2023.110153,Significance of dynamic over static solar screens on thermal perception in perimeter offices under different sky conditions,Building and Environment,Article,ok,uncertain_fulltext,,low,abstract,,,,facade but abstract gives no explicit movement/optical/thermal cue
2-s2.0-85144819052,10.1016/j.jobe.2022.105712,Experimental identification and verification of a moveable facade element for energy harvesting and vibration control,Journal of Building Engineering,Article,ok,include,,high,abstract,mechanical,experiment,energy,facade + physical movement (moveable)
2-s2.0-85144630997,10.1016/j.jobe.2022.105709,A comprehensive optimization framework for the design of high-performance building systems,Journal of Building Engineering,Article,ok,exclude,not_facade,high,abstract,,,,no facade context and no movement signal
2-s2.0-85153778105,10.3390/en16083411,Decision Support for Defining Adaptive Façade Design Goals in the Early Design Phase,Energies,Article,ok,include,,high,abstract,unclear,unclear,energy,facade + physical movement (actuator)
2-s2.0-85147606550,10.1016/j.enbuild.2023.112850,A responsive double-skin façade for the retrofit of existing buildings: Analysis on an office building in a Mediterranean climate,Energy and Buildings,Article,ok,uncertain_fulltext,,low,abstract,,,,facade but abstract gives no explicit movement/optical/thermal cue
2-s2.0-85152645224,10.3390/app13074633,Kinetic Photovoltaic Facade System Based on a Parametric Design for Application in Signal Box Buildings in Switzerland,Applied Sciences Switzerland,Article,ok,include,,high,abstract,mechanical,simulation,energy,facade + physical movement (facades that move; tilt angle of the solar panels)
2-s2.0-85157962488,10.1680/jener.21.00102,"Energy-efficient design of building facade, inspired by human skin",Proceedings of Institution of Civil Engineers Energy,Article,ok,include,,high,abstract,unclear,unclear,multiple,facade + physical movement (movable)
2-s2.0-85156186000,10.3390/buildings13041090,Passive Intelligent Kinetic External Dynamic Shade Design for Improving Indoor Comfort and Minimizing Energy Consumption,Buildings,Article,ok,uncertain_fulltext,,low,abstract,,,,facade but abstract gives no explicit movement/optical/thermal cue
2-s2.0-85149323451,10.1016/j.ufug.2023.127886,Effect of green infrastructures supported by adaptative solar shading systems on livability in open spaces,Urban Forestry and Urban Greening,Article,ok,uncertain_fulltext,,low,abstract,,,,facade but abstract gives no explicit movement/optical/thermal cue
2-s2.0-85147604019,10.1016/j.buildenv.2023.110069,Why are adaptive facades not widely used in practice? Identifying ecological and economical benefits with life cycle assessment,Building and Environment,Article,ok,uncertain_fulltext,,low,abstract,,,,facade but abstract gives no explicit movement/optical/thermal cue
2-s2.0-85149756516,10.3390/en16052148,Adaptive Dynamic Building Envelopes with Solar Power Components: Annual Performance Assessment for Two Pilot Sites,Energies,Article,ok,uncertain_fulltext,,low,abstract,,,,facade but abstract gives no explicit movement/optical/thermal cue
2-s2.0-85150160176,10.3390/biomimetics8010052,Environmentally Responsive Materials for Building Envelopes: A Review on Manufacturing and Biomimicry-Based Approaches,Biomimetics,Review,ok,related_review,review,high,abstract,,,,review/secondary on facade topic — kept for intro/benchmark
2-s2.0-85151617946,10.3390/buildings13030782,Integrated Kinetic Fins for Western Facades in Territories with Low Solar Altitudes,Buildings,Article,ok,uncertain_fulltext,,low,abstract,,,,facade but abstract gives no explicit movement/optical/thermal cue
2-s2.0-85151417516,10.3390/su15065284,AGRI|gen: Analysis and Design of a Parametric Modular System for Vertical Urban Agriculture,Sustainability Switzerland,Article,ok,uncertain_fulltext,,low,abstract,,,,facade but abstract gives no explicit movement/optical/thermal cue
2-s2.0-85152359932,10.3390/coatings13030648,Analysis of the Dynamic Thermal Barrier in Building Envelopes,Coatings,Article,ok,exclude,facade_no_movement,high,abstract,,,,"thermal-dynamic, no moving part (dynamic insulation)"
2-s2.0-85146098882,10.1016/j.buildenv.2023.109984,Selection of spatial sensitivity curve and installation location of photosensors for daylight-linked control systems in space with dynamic shading devices,Building and Environment,Article,ok,uncertain_fulltext,,low,abstract,,,,facade but abstract gives no explicit movement/optical/thermal cue
2-s2.0-85147151982,10.1073/pnas.2210351120,Multilayered optofluidics for sustainable buildings,Proceedings of the National Academy of Sciences of the United States of America,Article,ok,uncertain_fulltext,,low,abstract,,,,facade but abstract gives no explicit movement/optical/thermal cue
2-s2.0-85150357468,10.37934/araset.29.3.6276,Solar Responsive Facade as Siamese Cultural Aesthetic Frontage in Malaysia,Journal of Advanced Research in Applied Sciences and Engineering Technology,Article,ok,include,,high,abstract,origami-deployable,unclear,daylight,facade + physical movement (kinetic façade; movable)
2-s2.0-85149244015,10.3390/sym15020255,Optimization Design and Trajectory Error Compensation of a Facade-Adaptive Wall-Climbing Robot,Symmetry,Article,ok,uncertain_fulltext,,low,abstract,,,,facade but abstract gives no explicit movement/optical/thermal cue
2-s2.0-85148695173,10.1089/3dp.2022.0061,Codesign of Biobased Cellulose-Filled Filaments and Mesostructures for 4D Printing Humidity Responsive Smart Structures,3D Printing and Additive Manufacturing,Article,ok,include,,high,abstract,material-driven,experiment,none,facade + physical movement (4d print; 4d-print; actuated)
2-s2.0-85148008079,10.3390/su15032294,A Comparative Study on Smart Windows Focusing on Climate-Based Energy Performance and Users’ Comfort Attributes,Sustainability Switzerland,Review,ok,related_review,review,high,abstract,,,,review/secondary on facade topic — kept for intro/benchmark
2-s2.0-85149213705,10.3390/buildings13020534,"Ensuring the Authenticity of the Conservation and Reuse of Modern Industrial Heritage Architecture: A Case Study of the Large Machine Factory, China",Buildings,Article,ok,uncertain_fulltext,,low,abstract,,,,facade but abstract gives no explicit movement/optical/thermal cue
2-s2.0-85144597353,10.1016/j.est.2022.106375,Photothermal performance of plastic greenhouse embedded with phase change materials in translucent envelopes: A dynamic experimental study,Journal of Energy Storage,Article,ok,exclude,facade_no_movement,high,abstract,,,,"thermal-dynamic, no moving part (pcm; phase change material; thermal energy storage)"
2-s2.0-85142220025,10.1016/j.engstruct.2022.115152,A novel mechanism - smart morphing façade system - to mitigate wind-induced vibration of tall buildings,Engineering Structures,Article,ok,include,,high,abstract,mechanical,unclear,comfort,facade + physical movement (blade and a rotating; morphing; rotating the fin)
2-s2.0-85142729559,10.1016/j.enbuild.2022.112665,Thermodynamic responses of adaptive mechanisms in BiPV façade systems coupled with latent thermal energy storage,Energy and Buildings,Article,ok,exclude,facade_no_movement,high,abstract,,,,"thermal-dynamic, no moving part (latent heat; pcm; thermal energy storage)"
2-s2.0-85140404295,10.1016/j.energy.2022.125699,Optimal energy performance of dynamic sliding and insulated shades for residential buildings,Energy,Article,ok,include,,high,abstract,mechanical,simulation,energy,facade + physical movement (sliding and insulated shade; sliding exterior shade; sliding shade)
2-s2.0-85110797255,10.1108/sasbe-04-2021-0075,Recommended angle of a modular dynamic façade in hot-arid climate: daylighting and energy simulation,Smart and Sustainable Built Environment,Article,ok,uncertain_fulltext,,low,abstract,,,,facade but abstract gives no explicit movement/optical/thermal cue
2-s2.0-85141579593,10.1080/19401493.2022.2142294,A novel approach to account for shape-morphing and kinetic shading systems in building energy performance simulations,Journal of Building Performance Simulation,Article,ok,include,,high,abstract,unclear,experiment,energy,facade + physical movement (kinetic shad; morphing)
2-s2.0-85197195065,10.52842/conf.caadria.2023.1.493,PARAMETRIC DESIGN AND ANALYSIS OF DYNAMIC LOUVER FOR OPTIMIZED DAYLIGHTING IN HIGH-RISE OFFICE BUILDINGS,Proceedings of the International Conference on Computer Aided Architectural Design Research in Asia,Conference Paper,ok,include,,high,abstract,mechanical,simulation,daylight,facade + physical movement (kinetic shad)
2-s2.0-85191187291,10.63044/s23hum57,The Impact of Thermally Adaptive Light Louvers Attached to Clerestories on Indoor Natural-Light Performance during the Winter Season,ASHRAE Transactions,Conference Paper,missing,uncertain_fulltext,,low,title_only,,,,facade but abstract gives no explicit movement/optical/thermal cue
2-s2.0-85169037133,,Effects of Kinetic Façades on Energy Performance: A Simulation in Patient’s Rooms of a Hospital in Iraq,Isvs E Journal,Article,missing,include,,low,title_only,unclear,simulation,energy,facade + physical movement (kinetic façade)
2-s2.0-85169675352,10.1007/978-981-19-8637-6_36,Hexagonal Responsive Facade Prototype in Responding Sunlight,Computational Design and Robotic Fabrication,Book Chapter,ok,include,,high,abstract,mechanical,experiment,none,facade + physical movement (kinetic façade)
2-s2.0-85141781427,10.1016/j.autcon.2022.104660,Flexural biomimetic responsive building façade using a hybrid soft robot actuator and fabric membrane,Automation in Construction,Article,ok,include,,high,abstract,material-driven,prototype,daylight,facade + physical movement (actuator; inflat; pneumatic)
2-s2.0-85179517009,10.26868/25222708.2023.1518,Application of ISO/DIS 52016-3 for Dynamic Shadings in an Office Building,Building Simulation Conference Proceedings,Conference Paper,ok,uncertain_fulltext,,low,abstract,,,,facade but abstract gives no explicit movement/optical/thermal cue
2-s2.0-85169702223,10.1088/1755-1315/1210/1/012012,"Development and optimization of kinetic façade system for the improvement of visual comfort in an office building at Gurugram, India",Iop Conference Series Earth and Environmental Science,Conference Paper,ok,include,,high,abstract,unclear,simulation,multiple,facade + physical movement (kinetic facade; kinetic façade; kinetic shad)
2-s2.0-85179506485,10.26868/25222708.2023.1504,Adaptive façades for residential buildings: a preliminary study,Building Simulation Conference Proceedings,Conference Paper,ok,uncertain_fulltext,,low,abstract,,,,facade but abstract gives no explicit movement/optical/thermal cue
2-s2.0-85194192494,10.1109/smartcities4.056956.2023.10525757,Solar Radiation Analysis : Computational Performance Analysis for the Foldable Axis of a Responsive External Skin on the South Façade,2023 2nd International Conference on Smart Cities 4 0 Smart Cities 4 0 2023,Conference Paper,ok,include,,high,abstract,origami-deployable,experiment,energy,facade + physical movement (foldable; kinetic facade)
2-s2.0-85185394858,10.1115/imece2023-113117,"INTELLIGENT FACADE INNOVATION (IFI): USING IIOT, DIGITAL TWIN, AND NEXT-GEN ARCHITECTURE DESIGNS",ASME International Mechanical Engineering Congress and Exposition Proceedings Imece,Conference Paper,ok,include,,high,abstract,unclear,unclear,none,facade + physical movement (adjustable kinetic facade; kinetic facade)
2-s2.0-85179510685,10.26868/25222708.2023.1499,Effect of Infill Height Design Variation of 4D-printed Hygromorphic-Based Louvers on Daylight Performance,Building Simulation Conference Proceedings,Conference Paper,ok,include,,high,abstract,material-driven,simulation,multiple,facade + physical movement (4d-print; hygromorph)
2-s2.0-85145713061,10.1080/13467581.2022.2160636,Improving illuminance performance by implementing a kinetic façade system: case study of office building in Dubai,Journal of Asian Architecture and Building Engineering,Article,ok,include,,high,abstract,mechanical,simulation,multiple,facade + physical movement (kinetic façade; kinetic louver)
2-s2.0-85143235541,10.13189/cea.2023.110122,Exploring the Impact of Kinetic Façade Environmental Control Systems in the Development of Sustainable Design: A Systematic Literature Review,Civil Engineering and Architecture,Article,ok,related_review,review,high,abstract,,,,review/secondary on facade topic — kept for intro/benchmark
2-s2.0-85153756074,10.1017/pds.2023.330,SYSTEMATIC CLASSIFICATION OF ADAPTIVE FAÇADES - PREPARING A DATABASE,Proceedings of the Design Society,Conference Paper,ok,uncertain_fulltext,,low,abstract,,,,facade but abstract gives no explicit movement/optical/thermal cue
2-s2.0-85140480666,10.1007/978-981-19-3303-5_3,An Adaptive Facade Configuration for Daylighting Toward Energy-Efficient: Case Study on High-Rise Office Building in HCMC,Lecture Notes in Civil Engineering,Conference Paper,ok,uncertain_fulltext,,low,abstract,,,,facade but abstract gives no explicit movement/optical/thermal cue
2-s2.0-85169662384,10.1088/1755-1315/1210/1/012003,Identifying external louver angle for residence opening to optimize the indoor environment for the composite climate of Delhi NCR,Iop Conference Series Earth and Environmental Science,Conference Paper,ok,include,,high,abstract,mechanical,simulation,multiple,facade + physical movement (adjusting the louvers; adjustments of external adaptive shade)
2-s2.0-85180745029,10.1109/ickii58656.2023.10332659,Computer-Aided Design Application in Determining Minimum Discomfort Glare,Proceedings of the 2023 IEEE 6th International Conference on Knowledge Innovation and Invention Ickii 2023,Conference Paper,ok,uncertain_fulltext,,low,abstract,,,,facade but abstract gives no explicit movement/optical/thermal cue
2-s2.0-85197184816,10.52842/conf.caadria.2023.1.199,OPTIMISING THE CONTROL STRATEGIES FOR PERFORMANCEDRIVEN DYNAMIC BUILDING FACADES USING MACHINE LEARNING,Proceedings of the International Conference on Computer Aided Architectural Design Research in Asia,Conference Paper,ok,uncertain_fulltext,,low,abstract,,,,facade but abstract gives no explicit movement/optical/thermal cue
2-s2.0-85149995840,10.1007/978-3-031-21219-2_343,Introduction of Innovative Adaptive Building Envelopes to Improve Energy Efficiency of Apartment Buildings,Lecture Notes in Networks and Systems,Conference Paper,ok,uncertain_fulltext,,low,abstract,,,,facade but abstract gives no explicit movement/optical/thermal cue
2-s2.0-85150176718,10.3389/fbuil.2023.1119696,Multi-performative façade systems: The case of real-time adaptive BIPV shading systems to enhance energy generation potential and visual comfort,Frontiers in Built Environment,Article,ok,include,,high,abstract,origami-deployable,simulation,multiple,facade + physical movement (shading systems is deployed)
2-s2.0-85132763551,10.1080/17452007.2022.2085654,Integrating performance indicators in the production rules of shape-shifting grammars for architectural adaptive façade systems,Architectural Engineering and Design Management,Article,ok,include,,high,abstract,material-driven,experiment,none,facade + physical movement (hygromorph)
2-s2.0-85194529269,10.1007/978-3-031-36320-7_40,Adaptation to Extreme Sea-Level Events—Use of Pneumatic Building Envelopes,Sustainable Development Goals Series,Book Chapter,ok,include,,high,abstract,pneumatic-soft,unclear,none,facade + physical movement (pneumatic)
2-s2.0-85178041754,10.2478/rtuect-2023-0053,Revolutionizing the Building Envelope: A Comprehensive Scientific Review of Innovative Technologies for Reduced Emissions,Environmental and Climate Technologies,Article,ok,related_review,review,high,abstract,,,,review/secondary on facade topic — kept for intro/benchmark
2-s2.0-85187286399,10.1109/aikiie60097.2023.10389818,Responsive Design and Adaptability of Building Skin Using Deep Learning Algorithms,IEEE 1st International Conference on Ambient Intelligence Knowledge Informatics and Industrial Electronics Aikiie 2023,Conference Paper,ok,include,,high,abstract,unclear,experiment,energy,facade + physical movement (adjustment of building skin)
2-s2.0-105025581407,10.58491/2735-4202.3093,The Role of Smart Mashrabiya to Provide Daylighting in Office Buildings,Mej Mansoura Engineering Journal,Article,ok,include,,high,abstract,unclear,simulation,multiple,facade + physical movement (kinetic façade)
2-s2.0-85163971380,10.1007/978-3-031-29515-7_39,From Nature to Architecture for Low Tech Solutions: Biomimetic Principles for Climate-Adaptive Building Envelope,Urban Book Series,Book Chapter,ok,uncertain_fulltext,,low,abstract,,,,facade but abstract gives no explicit movement/optical/thermal cue
2-s2.0-85146666655,10.3390/en16020832,A Parametric Design Method for the Lighting Environment of a Library Building Based on Building Performance Evaluation,Energies,Article,ok,uncertain_fulltext,,low,abstract,,,,facade but abstract gives no explicit movement/optical/thermal cue
2-s2.0-85173628216,10.1080/14786451.2023.2248514,The impact of a kinetic façade on the lighting performance and energy efficiency of a public building: the case of Dubai frame,International Journal of Sustainable Energy,Article,ok,include,,high,abstract,unclear,simulation,multiple,facade + physical movement (adjusting the opening ratios of the panel; kinetic façade)
2-s2.0-85143384479,10.1080/13467581.2022.2145208,"Energy-efficient retrofitting with exterior shading device in hot and humid climate–case studies from fully glazed multi-storied office buildings in Chennai, India",Journal of Asian Architecture and Building Engineering,Article,ok,uncertain_fulltext,,low,abstract,,,,facade but abstract gives no explicit movement/optical/thermal cue
2-s2.0-85141922105,10.1016/j.jobe.2022.105535,Energy performance of integrated adaptive envelope technologies for commercial buildings,Journal of Building Engineering,Article,ok,exclude,facade_no_movement,high,abstract,,,,"thermal-dynamic, no moving part (switchable insulation)"
2-s2.0-85182729761,,Dynamic and Climate Responsive Enclosure Systems (DCRES): Enhancing Indoor Environmental Comfort and Energy Efficiency,2023 Aee World Energy Conference and Expo,Conference Paper,missing,exclude,not_facade,low,title_only,,,,no facade context and no movement signal
2-s2.0-85141527652,10.1016/j.enbuild.2022.112637,Low-carbon assessment of building facades using dynamic CO2 intensity of electricity generation in Japan,Energy and Buildings,Article,ok,uncertain_fulltext,,low,abstract,,,,facade but abstract gives no explicit movement/optical/thermal cue
2-s2.0-85191183630,10.63044/s23alm58,Improving the Performance of Thin-Film BIPV Using Thermally-Adaptive Composite Materials,ASHRAE Transactions,Conference Paper,missing,exclude,not_facade,low,title_only,,,,"cross-domain (photovoltaic system), no facade context"
2-s2.0-85163992096,10.1007/978-3-031-29515-7_62,Adaptive Building Technologies for Building Envelopes Under Climate Change Conditions,Urban Book Series,Book Chapter,ok,uncertain_fulltext,,low,abstract,,,,facade but abstract gives no explicit movement/optical/thermal cue
2-s2.0-85179511685,10.26868/25222708.2023.1446,Multispectral Lighting Simulation Approaches for Predicting Opsin-driven Metrics and their Application in a Neonatal Intensive Care Unit,Building Simulation Conference Proceedings,Conference Paper,ok,uncertain_fulltext,,low,abstract,,,,facade but abstract gives no explicit movement/optical/thermal cue
2-s2.0-85187506554,10.47982/jfde.2023.1.03,An Evaluation Study of Shading Devices and Their Impact on the Aesthetic Perception vs. Their Energy Efficiency,Journal of Facade Design and Engineering,Article,ok,include,,high,abstract,unclear,experiment,multiple,facade + physical movement (morphing)
2-s2.0-85180158871,10.1088/1742-6596/2600/9/092017,Sequentially coupling LBNL-method and Modelica to model and operate adaptive facades with inhomogeneous printing patterns,Journal of Physics Conference Series,Conference Paper,ok,uncertain_fulltext,,low,abstract,,,,facade but abstract gives no explicit movement/optical/thermal cue
2-s2.0-85179504543,10.26868/25222708.2023.1455,Impact of Different Perforation Rates of Perforated Louvers on Indoor Visual Comfort and Outdoor Views,Building Simulation Conference Proceedings,Conference Paper,ok,uncertain_fulltext,,low,abstract,,,,facade but abstract gives no explicit movement/optical/thermal cue
2-s2.0-85163969256,10.1007/978-3-031-29515-7_66,Building Façade Retrofit: A Comparison Between Current Methodologies and Innovative Membranes Strategies for Overcoming the Existing Retrofit Constraints,Urban Book Series,Book Chapter,ok,uncertain_fulltext,,low,abstract,,,,facade but abstract gives no explicit movement/optical/thermal cue
2-s2.0-85207046420,10.24425/ace.2023.147672,Influence of anchoring and bracing system on dynamic characteristics of façade scaffolding,Archives of Civil Engineering,Article,ok,uncertain_fulltext,,low,abstract,,,,facade but abstract gives no explicit movement/optical/thermal cue
2-s2.0-85181170131,10.1088/1742-6596/2654/1/012109,Numerical sensitivity analysis of the energy performance of building envelope with dynamic conditions,Journal of Physics Conference Series,Conference Paper,ok,exclude,facade_no_movement,high,abstract,,,,"thermal-dynamic, no moving part (dynamic insulation; thermal mass)"
2-s2.0-85162251263,10.1007/978-3-031-33465-8_49,"Evaluating the Humidity Responsiveness of Bacterial Cellulose for Application in Responsive, Breathable Building Skins",Rilem Bookseries,Book Chapter,ok,exclude,facade_no_movement,high,abstract,,,,"thermal-dynamic, no moving part (thermal mass)"
2-s2.0-85171749239,10.52202/069179-0511,USING CO-DESIGN FOR DEVELOPING A NEW WOODEN FAÇADE SYSTEM,13th World Conference on Timber Engineering Wcte 2023,Conference Paper,missing,uncertain_fulltext,,low,title_only,,,,facade but abstract gives no explicit movement/optical/thermal cue
2-s2.0-85193907834,10.1007/978-3-031-36320-7_49,Building Envelope Cooling Inspired by Evapotranspiration in Trees,Sustainable Development Goals Series,Book Chapter,ok,uncertain_fulltext,,low,abstract,,,,facade but abstract gives no explicit movement/optical/thermal cue
2-s2.0-85172734244,10.1007/978-981-19-9822-5_23,Experimentation Processes for Building Envelope Innovation: The Building Future Lab,Environmental Science and Engineering,Conference Paper,ok,uncertain_fulltext,,low,abstract,,,,facade but abstract gives no explicit movement/optical/thermal cue
2-s2.0-85207568006,10.1007/978-3-031-25795-7_25,Impact of Automated Roof Shading on Building Energy Performance in Warm and Humid Climates of India,Sustainable and Digital Building Proceedings of the International Conference 2022,Book Chapter,ok,uncertain_fulltext,,low,abstract,,,,facade but abstract gives no explicit movement/optical/thermal cue
2-s2.0-85180495697,10.37934/aram.110.1.3751,Exploring the Feasibility of Utilizing Palm Tree Texture for a Self-Cleaning Architectural Design of Building Envelopes,Journal of Advanced Research in Applied Mechanics,Article,ok,uncertain_fulltext,,low,abstract,,,,facade but abstract gives no explicit movement/optical/thermal cue
2-s2.0-85137743412,10.1080/19401493.2022.2110287,Data-driven numerical models for the prediction of the thermal resistance value of the Enclosed Airspaces (EAs) in building envelopes,Journal of Building Performance Simulation,Article,ok,uncertain_fulltext,,low,abstract,,,,facade but abstract gives no explicit movement/optical/thermal cue
2-s2.0-85180150748,10.1088/1742-6596/2600/2/022006,Projected energy savings of a 3D printed selective heat transfer facade,Journal of Physics Conference Series,Conference Paper,ok,uncertain_fulltext,,low,abstract,,,,facade but abstract gives no explicit movement/optical/thermal cue
2-s2.0-85145608238,10.1201/9781003348443-122,Extraordinary mechanics in slender structural surfaces,Current Perspectives and New Directions in Mechanics Modelling and Design of Structural Systems Proceedings of the 8th International Conference on Structural Engineering Mechanics and Computation 2022,Conference Paper,ok,uncertain_fulltext,,low,abstract,,,,facade but abstract gives no explicit movement/optical/thermal cue
2-s2.0-85159385162,10.1007/978-3-031-24208-3_18,Daylighting Design Strategies for Office Spaces in Different Chilean Climates,Green Energy and Technology,Book Chapter,ok,uncertain_fulltext,,low,abstract,,,,facade but abstract gives no explicit movement/optical/thermal cue
2-s2.0-85168134298,10.23919/splitech58164.2023.10193153,Improving the cooling performance of an Opaque Ventilated Facade using an Airflow Network Model for the Mediterranean climate,2023 8th International Conference on Smart and Sustainable Technologies Splitech 2023,Conference Paper,ok,exclude,facade_no_movement,high,abstract,,,,"thermal-dynamic, no moving part (dynamic insulation; thermal mass)"
2-s2.0-85173613581,10.1109/sefet57834.2023.10245966,Study on Artificial Neural Network Based MPPT Algorithm in PV Application,2023 IEEE 3rd International Conference on Sustainable Energy and Future Electric Transportation Sefet 2023,Conference Paper,ok,uncertain_fulltext,,low,abstract,,,,facade but abstract gives no explicit movement/optical/thermal cue
2-s2.0-85171879026,10.52842/conf.ecaade.2023.1.439,4D Printing of Hygroscopic Wood Based Actuators for Climate Responsive Skin,Proceedings of the International Conference on Education and Research in Computer Aided Architectural Design in Europe,Conference Paper,ok,include,,high,abstract,material-driven,experiment,multiple,facade + physical movement (4d print; actuator; bistable)
2-s2.0-85142149818,10.1016/j.jobe.2022.105498,Auto-responsive technologies on opaque facades: Worldwide climatic suitability under current and future weather conditions,Journal of Building Engineering,Article,ok,exclude,facade_no_movement,high,abstract,,,,"optical/material-state, no geometry (thermochrom)"
2-s2.0-85148246406,10.13189/cea.2023.110221,A Sensitivity Analysis of Geometric Parameters of 4D-Printed Bidirectional Shape-Memory Composite in Architectural Façade Design,Civil Engineering and Architecture,Article,ok,include,,high,abstract,material-driven,prototype,none,facade + physical movement (4d-print; self-shaping; shape memory)
2-s2.0-85151798422,10.2298/tsci2302007c,THE HVAC MODEL PREDICTIVE CONTROL OF BUILDING THERMAL DYNAMIC CHARACTERISTICS,Thermal Science,Article,ok,exclude,facade_no_movement,high,abstract,,,,"thermal-dynamic, no moving part (dynamic insulation; heat storage; thermal energy storage)"
2-s2.0-85172450303,,Tropical Responsive Envelopes for Urban Heat Island Mitigation in Tropical Countries: A proposed workflow for integrated environmental digital simulation,Proceedings of the International Conference on Education and Research in Computer Aided Architectural Design in Europe,Conference Paper,missing,exclude,not_facade,low,title_only,,,,no facade context and no movement signal
2-s2.0-85182570322,10.7782/jksr.2023.26.12.843,Application of Multibody Dynamics Simulation in Approximation of Rail Vehicle Dynamic Envelope,Journal of the Korean Society for Railway,Article,ok,uncertain_fulltext,,low,abstract,,,,facade but abstract gives no explicit movement/optical/thermal cue
2-s2.0-85159441652,10.1088/1742-6596/2477/1/012027,Structural Design and Analysis of an Adaptive Manipulator,Journal of Physics Conference Series,Conference Paper,ok,uncertain_fulltext,,low,abstract,,,,facade but abstract gives no explicit movement/optical/thermal cue
2-s2.0-85172442884,10.52842/conf.ecaade.2023.2.791,Utilizing Web Applications for Developing Digital Twin: Case study urban tunnel with kinetic roof,Proceedings of the International Conference on Education and Research in Computer Aided Architectural Design in Europe,Conference Paper,ok,uncertain_fulltext,,low,abstract,,,,facade but abstract gives no explicit movement/optical/thermal cue
2-s2.0-85179003206,10.1109/blackseacom58138.2023.10299692,Adaptive Envelope Detector-Based Phase Fault Detection Method for Power System Grid Distortions,2023 IEEE International Black Sea Conference on Communications and Networking Blackseacom 2023,Conference Paper,ok,uncertain_fulltext,,low,abstract,,,,facade but abstract gives no explicit movement/optical/thermal cue
2-s2.0-85212483830,10.1007/978-3-031-24907-5_32,Maximization of the Smart Readiness Indicator of Buildings Under Budget Constraints,Lecture Notes in Operations Research,Book Chapter,ok,uncertain_fulltext,,low,abstract,,,,facade but abstract gives no explicit movement/optical/thermal cue
2-s2.0-85162162220,10.34133/research.0103,Switchable Kirigami Structures as Window Envelopes for Energy-Efficient Buildings,Research,Article,ok,include,,high,abstract,origami-deployable,unclear,energy,facade + physical movement (kirigami)
2-s2.0-85178999167,,3D Printing and Shape Memory Alloys,Hybrids and Haecceities Proceedings of the 42nd Annual Conference of the Association for Computer Aided Design in Architecture Acadia 2022,Conference Paper,missing,uncertain_fulltext,,low,title_only,,,,movement mechanism but facade context unclear
2-s2.0-85159932399,10.14311/app.2022.38.0354,TWIN ROOMS – NEW EXPERIMENTAL TEST CELLS FOR TESTING ADVANCED FACADE ELEMENTS,Acta Polytechnica Ctu Proceedings,Conference Paper,ok,uncertain_fulltext,,low,abstract,,,,facade but abstract gives no explicit movement/optical/thermal cue
2-s2.0-85159959519,10.14311/app.2022.38.0463,INNOVATION AND EXPERIMENTATION OF ADAPTIVE MODEL FOR CURTAIN WALL,Acta Polytechnica Ctu Proceedings,Conference Paper,ok,uncertain_fulltext,,low,abstract,,,,facade but abstract gives no explicit movement/optical/thermal cue
2-s2.0-85148002346,10.2495/sc220021,SMART MATERIALS AND ADAPTIVE BUILDING ENVELOPES AS AN APPROACH FOR REDUCING ENERGY CONSUMPTION IN EGYPT: A LITERATURE REVIEW,Wit Transactions on Ecology and the Environment,Conference Paper,ok,related_review,review,high,abstract,,,,review/secondary on facade topic — kept for intro/benchmark
2-s2.0-85148018129,10.2495/sc220241,COMPOSITE INDICATORS FOR ASSESSING THE CARBON EMISSION REDUCTION ON BIO-ECO-RESILIENCE OF RESIDENTIAL BUILDINGS,Wit Transactions on Ecology and the Environment,Conference Paper,ok,exclude,not_facade,high,abstract,,,,no facade context and no movement signal
2-s2.0-85114519423,10.1108/ecam-05-2021-0428,4D-printed parametric façade in architecture: prototyping a self-shaping skin using programmable two-way shape memory composite (TWSMC),Engineering Construction and Architectural Management,Article,ok,include,,high,abstract,material-driven,experiment,none,facade + physical movement (4d-print; movable; self-shaping)
2-s2.0-85115234714,10.1108/ecam-05-2021-0448,Investigating the probability of designing net-zero energy buildings with consideration of electric vehicles and renewable energy,Engineering Construction and Architectural Management,Article,ok,uncertain_fulltext,,low,abstract,,,,facade but abstract gives no explicit movement/optical/thermal cue
2-s2.0-85147337423,10.47982/jfde.2022.powerskin.01,"Active, Passive and Cyber-Physical Adaptive Façade Strategies: a Comparative Analysis Through Case Studies",Journal of Facade Design and Engineering,Article,ok,uncertain_fulltext,,low,abstract,,,,facade but abstract gives no explicit movement/optical/thermal cue
2-s2.0-85144873747,10.3390/buildings12122089,Using a Biomimicry Approach in the Design of a Kinetic Façade to Regulate the Amount of Daylight Entering a Working Space,Buildings,Article,ok,include,,high,abstract,mechanical,experiment,multiple,"facade + physical movement (kinetic façade; panel, static façade, rotating; rotating façade)"
2-s2.0-85131514385,10.3992/jgb.17.1.71,RESPONSIVE KINETIC FAÇADE STRATEGY AND DETERMINATION OF THE EFFECT ON SOLAR HEAT GAIN USING PARAMETRIC BIM-BASED ENERGY SIMULATION,Journal of Green Building,Article,ok,include,,high,abstract,origami-deployable,simulation,multiple,facade + physical movement (folded panels; kinetic facade; kinetic façade)
2-s2.0-85147755626,10.15627/jd.2022.15,Evaluation of Daylight and Glare Quality of Office Spaces with Flat and Dynamic Shading System Facades in Hot Arid Climate,Journal of Daylighting,Article,ok,uncertain_fulltext,,low,abstract,,,,facade but abstract gives no explicit movement/optical/thermal cue
2-s2.0-85144863025,10.3390/buildings12122112,"Adaptive Façades: Review of Designs, Performance Evaluation, and Control Systems",Buildings,Review,ok,related_review,review,high,abstract,,,,review/secondary on facade topic — kept for intro/benchmark
2-s2.0-85136534272,10.1016/j.tws.2022.109941,Novel shading modules with buckling as driver for shape morphing,Thin Walled Structures,Article,ok,include,,high,abstract,compliant,simulation,multiple,facade + physical movement (bistable; kinetic façade; morphing)
2-s2.0-85140906999,10.1016/j.buildenv.2022.109704,Modelling and validation of a single-storey flexible double-skin façade system with a building energy simulation tool,Building and Environment,Article,ok,uncertain_fulltext,,low,abstract,,,,facade but abstract gives no explicit movement/optical/thermal cue
2-s2.0-85139353810,10.1016/j.enbuild.2022.112495,Modeling and demand-based control of responsive building envelope with integrated thermal mass and active thermal insulations,Energy and Buildings,Article,ok,exclude,facade_no_movement,high,abstract,,,,"thermal-dynamic, no moving part (thermal energy storage; thermal mass)"
2-s2.0-85138105517,10.1016/j.jobe.2022.105233,Experimental performance evaluation of a climate-responsive ventilated building façade,Journal of Building Engineering,Article,ok,include,,high,abstract,unclear,experiment,multiple,facade + physical movement (module and an adjustable)
2-s2.0-85144907737,10.3390/buildings12122236,Shape Memory Polymer Foam for Autonomous Climate-Adaptive Building Envelopes,Buildings,Article,ok,include,,high,abstract,material-driven,simulation,energy,facade + physical movement (shape memory)
2-s2.0-85143760432,10.3390/su142315968,"Modeling, Simulation, and Performance Analysis of a Liquid-Infill Tunable Window",Sustainability Switzerland,Article,ok,uncertain_fulltext,,low,abstract,,,,facade but abstract gives no explicit movement/optical/thermal cue
2-s2.0-85132223720,10.1016/j.foar.2022.05.006,Design and mechanism of building responsive skins: State-of-the-art and systematic analysis,Frontiers of Architectural Research,Review,ok,related_review,review,high,abstract,,,,review/secondary on facade topic — kept for intro/benchmark
2-s2.0-85140907867,10.1016/j.ecmx.2022.100315,Optical evaluation of a smart transparent insulation material for window application,Energy Conversion and Management X,Article,ok,include,,high,abstract,mechanical,experiment,multiple,facade + physical movement (slat tilt)
2-s2.0-85135907483,10.1061/(asce)ae.1943-5568.0000559,Performance Optimization of Building Facade Floodlighting under Dynamic Sky Luminance,Journal of Architectural Engineering,Article,ok,uncertain_fulltext,,low,abstract,,,,facade but abstract gives no explicit movement/optical/thermal cue
2-s2.0-85143646090,10.3390/en15239214,Energy Balance Data-Based Optimization of Louver Installation Angles for Different Regions in Korea,Energies,Article,ok,include,,high,abstract,mechanical,simulation,multiple,facade + physical movement (kinetic louver)
2-s2.0-85102990809,10.1108/jchmsd-12-2020-0174,Improvement of the cultural heritage perception potential model by the usage of eye-tracking technology,Journal of Cultural Heritage Management and Sustainable Development,Article,ok,uncertain_fulltext,,low,abstract,,,,facade but abstract gives no explicit movement/optical/thermal cue
2-s2.0-85140295917,10.1016/j.egyr.2022.10.222,The incidence of smart windows in building energy saving and future climate projections,Energy Reports,Article,ok,exclude,facade_no_movement,high,abstract,,,,"optical/material-state, no geometry (electrochrom; liquid crystal)"
2-s2.0-105024206095,10.1007/s44150-022-00042-z,A wood-textile thermal active architectural envelope,Architecture Structures and Construction,Article,ok,uncertain_fulltext,,low,abstract,,,,facade but abstract gives no explicit movement/optical/thermal cue
2-s2.0-85146368808,10.1145/3555568,Towards Responsive Architecture that Mediates Place: Recommendations on How and When an Autonomously Moving RoboticWall Should Adapt a Spatial Layout,Proceedings of the ACM on Human Computer Interaction,Article,ok,exclude,not_facade,high,abstract,,,,no facade context and no movement signal
2-s2.0-85136141964,10.1016/j.scs.2022.104109,Optimal design of complex dynamic shadings: Towards sustainable built environment,Sustainable Cities and Society,Article,ok,include,,high,abstract,material-driven,experiment,multiple,facade + physical movement (origami)
2-s2.0-85138058442,10.1016/j.rser.2022.112850,A critical review of biomimetic building envelopes: towards a bio-adaptive model from nature to architecture,Renewable and Sustainable Energy Reviews,Review,ok,related_review,review,high,abstract,,,,review/secondary on facade topic — kept for intro/benchmark
2-s2.0-85149470400,10.3390/buildings12112017,Development of a Solar Tracking-Based Movable Louver System to Save Lighting Energy and Create a Comfortable Light Environment,Buildings,Article,ok,include,,high,abstract,mechanical,prototype,multiple,facade + physical movement (louver with four movable; movable)
2-s2.0-85141722871,10.3390/en15218168,"Exploring the Effects of Climate-Adaptive Building Shells: An Applicative Time-Saving Algorithm on a Case Study in Bologna, Italy",Energies,Article,ok,include,,high,abstract,material-driven,experiment,energy,facade + physical movement (actuated; actuator; shape memory)
2-s2.0-85134890855,10.1016/j.tws.2022.109749,"Functionalising buckling for structural morphing in kinetic façades: Concepts, strategies and applications",Thin Walled Structures,Article,ok,include,,high,abstract,material-driven,simulation,multiple,facade + physical movement (kinetic façade; morphing; shape memory)
2-s2.0-85136203135,10.1016/j.jobe.2022.105027,General morphological analysis of Orosi windows and morpho butterfly wing's principles for improving occupant's daylight performance through interactive kinetic façade,Journal of Building Engineering,Article,ok,include,,high,abstract,unclear,simulation,multiple,facade + physical movement (kinetic façade)
2-s2.0-85163680546,10.1115/1.4056394,Assessment of Dynamic Photovoltaic Shading Systems on Energy Performance of Commercial Buildings,Journal of Engineering for Sustainable Buildings and Cities,Article,ok,include,,high,abstract,origami-deployable,unclear,energy,facade + physical movement (deploying tracking pv panels)
2-s2.0-85143490994,10.1016/j.eml.2022.101909,Effect of crease curvature on the bistability of the origami waterbomb base,Extreme Mechanics Letters,Article,ok,include,,high,abstract,origami-deployable,experiment,energy,"facade + physical movement (origami; shading devices, and deployable)"
2-s2.0-85148074544,10.3390/su142114163,Sensitivity Analysis for Decisive Design Parameters for Energy and Indoor Visual Performances of a Glazed Façade Office Building,Sustainability Switzerland,Article,ok,include,,high,abstract,origami-deployable,unclear,multiple,facade + physical movement (shade-deployed)
2-s2.0-85136676224,10.1016/j.enbuild.2022.112419,Method for dynamic thermal insulation design revealing almost real heat transfer characteristics of building envelopes in different Chinese regions,Energy and Buildings,Article,ok,uncertain_fulltext,,low,abstract,,,,facade but abstract gives no explicit movement/optical/thermal cue
2-s2.0-85144608384,10.3390/buildings12112026,Dynamic Concentrated Solar Building Skin Design Based on Multiobjective Optimization,Buildings,Article,ok,include,,high,abstract,mechanical,experiment,multiple,"facade + physical movement (module, the rotation)"
2-s2.0-85130135255,10.1108/arch-09-2021-0255,The FIX-up mix-up; undue façadism or adaptive reuse? Examining the former FIX brewery transformation into the National Museum of Contemporary Art in Athens,Archnet Ijar International Journal of Architectural Research,Article,ok,uncertain_fulltext,,low,abstract,,,,facade but abstract gives no explicit movement/optical/thermal cue
2-s2.0-85137267858,10.1016/j.enbuild.2022.112403,Energy saving through building automation systems: Experimental and numerical study of a smart glass with liquid crystal and its control logics in summertime,Energy and Buildings,Article,ok,exclude,facade_no_movement,high,abstract,,,,"optical/material-state, no geometry (electrochrom; liquid crystal; smart glass)"
2-s2.0-85133182630,10.1002/cpe.7152,Adaptive façade for building energy efficiency improvement by arithmetical optimization algorithm,Concurrency and Computation Practice and Experience,Article,ok,include,,high,abstract,unclear,simulation,energy,facade + physical movement (façade system can adjust)
2-s2.0-85132765919,10.1016/j.rser.2022.112647,"Dynamic façades design typologies, technologies, measurement techniques, and physical performances across thermal, optical, ventilation, and electricity generation outlooks",Renewable and Sustainable Energy Reviews,Review,ok,related_review,review,high,abstract,,,,review/secondary on facade topic — kept for intro/benchmark
2-s2.0-85133409780,10.1016/j.tws.2022.109626,Buckling shape control in metal plates via material distribution,Thin Walled Structures,Article,ok,include,,high,abstract,compliant,experiment,none,facade + physical movement (kinetic façade)
2-s2.0-85139911022,10.3390/su141912652,Parametric-Based Multi-Objective Optimization Workflow: Daylight and Energy Performance Study of Hospital Building in Algeria,Sustainability Switzerland,Article,ok,uncertain_fulltext,,low,abstract,,,,facade but abstract gives no explicit movement/optical/thermal cue
2-s2.0-85150997393,10.3103/s0003701x22600497,Comparative Testing Lightweight Buildings with PCMs within a Whole-Building Simulation Level,Applied Solar Energy English Translation of Geliotekhnika,Article,ok,exclude,facade_no_movement,high,abstract,,,,"thermal-dynamic, no moving part (pcm)"
2-s2.0-85142533892,10.1007/978-3-031-13249-0_31,Morphology of kinetic asymptotic grids,Towards Radical Regeneration Design Modelling Symposium Berlin 2022,Book Chapter,ok,uncertain_fulltext,,low,abstract,,,,facade but abstract gives no explicit movement/optical/thermal cue
2-s2.0-85196944411,10.1007/978-3-031-13249-0_20,ADAPTEX: Physical and digital prototyping of smart textile sun shading,Towards Radical Regeneration Design Modelling Symposium Berlin 2022,Book Chapter,ok,include,,high,abstract,material-driven,experiment,energy,facade + physical movement (shape memory; sma)
2-s2.0-85139220297,10.3389/fbuil.2022.1006300,"Tectonics of kinetic architecture: Moving envelope, changing space and the shades of the shed",Frontiers in Built Environment,Article,ok,uncertain_fulltext,,low,abstract,,,,facade but abstract gives no explicit movement/optical/thermal cue
2-s2.0-85136512525,10.1016/j.solener.2022.08.008,Energy modelling and saving potential of polymeric solar-responsive thermochromic window films,Solar Energy,Article,ok,exclude,facade_no_movement,high,abstract,,,,"optical/material-state, no geometry (thermochrom)"
2-s2.0-85136601993,10.1016/j.buildenv.2022.109479,"Multi-criteria decision making for adaptive façade optimal design in varied climates: Energy, daylight, occupants’ comfort, and outdoor view analysis",Building and Environment,Article,ok,uncertain_fulltext,,low,abstract,,,,facade but abstract gives no explicit movement/optical/thermal cue
2-s2.0-85133288515,10.3390/biomimetics7030085,Phenotype Variability Mimicking as a Process for the Test and Optimization of Dynamic Facade Systems,Biomimetics,Article,ok,uncertain_fulltext,,low,abstract,,,,facade but abstract gives no explicit movement/optical/thermal cue
2-s2.0-85123505986,10.1177/1045389x211072202,Modeling and design optimization of shape memory alloy-enabled building skins for adaptive ventilation,Journal of Intelligent Material Systems and Structures,Article,ok,include,,high,abstract,material-driven,experiment,none,facade + physical movement (shape memory; shape-memory; sma)
2-s2.0-85135903937,10.1016/j.renene.2022.07.073,Efficient heating of buildings by passive solar energy utilizing an innovative dynamic building envelope incorporating phase change material,Renewable Energy,Article,ok,include,,high,abstract,mechanical,experiment,energy,facade + physical movement (panel to independently rotate)
2-s2.0-85134547337,10.1002/advs.202202740,A Highly Multi-Stable Meta-Structure via Anisotropy for Large and Reversible Shape Transformation,Advanced Science,Article,ok,include,,high,abstract,pneumatic-soft,unclear,none,facade + physical movement (soft robot)
2-s2.0-85133354865,10.1016/j.enbuild.2022.112268,Dynamic insulation systems of building envelopes: A review,Energy and Buildings,Review,ok,related_review,review,high,abstract,,,,review/secondary on facade topic — kept for intro/benchmark
2-s2.0-85138272822,10.3389/fbuil.2022.995710,Equilibrium path and stability analysis of rigid origami using energy minimization of frame model,Frontiers in Built Environment,Article,ok,include,,high,abstract,origami-deployable,simulation,energy,facade + physical movement (deployable; morphing; origami)
2-s2.0-85134432535,10.1016/j.buildenv.2022.109386,Human-centred performance criteria for adaptive façade design: Based on the results of a user experience survey,Building and Environment,Article,ok,uncertain_fulltext,,low,abstract,,,,facade but abstract gives no explicit movement/optical/thermal cue
2-s2.0-85135782780,10.1016/j.buildenv.2022.109436,Adaptive building roof combining variable transparency shape-stabilized phase change material: Application potential and adaptability in different climate zones,Building and Environment,Article,ok,exclude,facade_no_movement,high,abstract,,,,"optical/material-state, no geometry (variable transparency)"
2-s2.0-85134432171,10.1016/j.buildenv.2022.109382,Investigating the micro-scale thermal effects of natural underlying surfaces on adjacent spaces in a subtropical zone with an optimized method,Building and Environment,Article,ok,uncertain_fulltext,,low,abstract,,,,facade but abstract gives no explicit movement/optical/thermal cue
2-s2.0-85129685137,10.1016/j.jobe.2022.104408,Kinetic facades: An evolutionary-based performance evaluation framework,Journal of Building Engineering,Article,ok,include,,high,abstract,unclear,experiment,multiple,facade + physical movement (kinetic facade)
2-s2.0-85133905882,10.1016/j.buildenv.2022.109265,Quantifying potential dynamic façade energy savings in early design using constrained optimization,Building and Environment,Article,ok,uncertain_fulltext,,low,abstract,,,,facade but abstract gives no explicit movement/optical/thermal cue
2-s2.0-85136494355,10.3390/en15155390,Biomimetic Design for Adaptive Building Façades: A Paradigm Shift towards Environmentally Conscious Architecture,Energies,Review,ok,related_review,review,high,abstract,,,,review/secondary on facade topic — kept for intro/benchmark
2-s2.0-85137316779,10.3390/buildings12081101,Design of Innovative Parametric/Dynamic Façade Integrated in the Library Extension Building on UAEU Campus †,Buildings,Article,ok,uncertain_fulltext,,low,abstract,,,,facade but abstract gives no explicit movement/optical/thermal cue
2-s2.0-85123351704,10.1016/j.seta.2021.101894,Thermal and energy performance of a user-responsive microalgae bioreactive façade for climate adaptability,Sustainable Energy Technologies and Assessments,Article,ok,include,,high,abstract,unclear,experiment,multiple,facade + physical movement (façade with adjustable)
2-s2.0-85123836021,10.1016/j.seta.2022.102001,Sustainability performance by ten representative intelligent Façade technologies: A systematic review,Sustainable Energy Technologies and Assessments,Review,ok,related_review,review,high,abstract,,,,review/secondary on facade topic — kept for intro/benchmark
2-s2.0-85137274984,10.3390/atmos13081244,A Parameterized Design Method for Building a Shading System Based on Climate Adaptability,Atmosphere,Article,ok,uncertain_fulltext,,low,abstract,,,,facade but abstract gives no explicit movement/optical/thermal cue
2-s2.0-85131225204,10.1016/j.enbuild.2022.112209,"An environment-adaptive wall: concept, implementation and effects on the energy performance of a residential building",Energy and Buildings,Article,ok,uncertain_fulltext,,low,abstract,,,,facade but abstract gives no explicit movement/optical/thermal cue
2-s2.0-85133165347,10.3390/buildings12070878,A Novel Framework for Optimizing Indoor Illuminance and Discovering Association of Involved Variables,Buildings,Article,ok,uncertain_fulltext,,low,abstract,,,,facade but abstract gives no explicit movement/optical/thermal cue
2-s2.0-85137354687,10.3390/land11071055,The Future of City Squares: Robotics in the Urban Design of Tomorrow,Land,Article,ok,exclude,not_facade,high,abstract,,,,no facade context and no movement signal
2-s2.0-85133358937,10.3389/fbuil.2022.814911,D1244: Design and Construction of the First Adaptive High-Rise Experimental Building,Frontiers in Built Environment,Article,ok,include,,high,abstract,unclear,experiment,none,facade + physical movement (actuator)
2-s2.0-85132117289,10.15627/jd.2022.2,Development of Two-Step Biomimetic Design and Evaluation Framework for Performance-Oriented Design of Multi-Functional Adaptable Building Envelopes,Journal of Daylighting,Article,ok,include,,high,abstract,unclear,unclear,energy,facade + physical movement (kinetic facade)
2-s2.0-85132150541,10.3390/app12125853,Architectural Experiment Design of Solar Energy Harvesting: A Kinetic Façade System for Educational Facilities,Applied Sciences Switzerland,Article,ok,include,,high,abstract,mechanical,experiment,energy,facade + physical movement (kinetic façade; panels can be adjusted; panels move)
2-s2.0-85128505195,10.1016/j.autcon.2022.104246,Simulation-based personalized real-time control of adaptive facades in shared office spaces,Automation in Construction,Article,ok,uncertain_fulltext,,low,abstract,,,,facade but abstract gives no explicit movement/optical/thermal cue
2-s2.0-85125576128,10.1061/(asce)ae.1943-5568.0000533,Visual Discomfort Analysis as a Tool to Support Façade Shading Design: A Case Study in the Architectural Design Studio,Journal of Architectural Engineering,Article,ok,uncertain_fulltext,,low,abstract,,,,facade but abstract gives no explicit movement/optical/thermal cue
2-s2.0-85127054209,10.1016/j.enbuild.2022.112024,Characterization of a naturally ventilated double-skin façade through the design of experiments (DOE) methodology in a controlled environment,Energy and Buildings,Article,ok,uncertain_fulltext,,low,abstract,,,,facade but abstract gives no explicit movement/optical/thermal cue
2-s2.0-85125417925,10.1016/j.energy.2022.123544,Adaptive envelope protection control of wind turbines under varying operational conditions,Energy,Article,ok,uncertain_fulltext,,low,abstract,,,,facade but abstract gives no explicit movement/optical/thermal cue
2-s2.0-85126597439,10.1016/j.enbuild.2022.112019,Analysis of dynamic louver control with prism redirecting fenestrations for office daylighting optimization,Energy and Buildings,Article,ok,include,,high,abstract,mechanical,experiment,multiple,facade + physical movement (louver tilts; rotation frequency of the slats; slat tilt)
2-s2.0-85130723798,10.3390/su14106106,Comparison of Thermal Energy Saving Potential and Overheating Risk of Four Adaptive Façade Technologies in Office Buildings,Sustainability Switzerland,Article,ok,exclude,facade_no_movement,high,abstract,,,,"optical/material-state, no geometry (electrochrom)"
2-s2.0-85131377494,10.1017/pds.2022.257,Main Characteristics of Adaptive Façades,Proceedings of the Design Society,Conference Paper,ok,uncertain_fulltext,,low,abstract,,,,facade but abstract gives no explicit movement/optical/thermal cue
2-s2.0-85141817744,10.1115/1.4054775,A Comparative Energy Analysis of Dynamic External Shadings for Office Buildings,Journal of Engineering for Sustainable Buildings and Cities,Article,ok,include,,high,abstract,mechanical,unclear,energy,facade + physical movement (shading is the rotating)
2-s2.0-85130285277,10.3390/en15093447,Multi-Skin Adaptive Ventilated Facade: A Review,Energies,Review,ok,related_review,review,high,abstract,,,,review/secondary on facade topic — kept for intro/benchmark
2-s2.0-85123267436,10.1016/j.jobe.2021.103942,Shape-programmable fluid bubbles for responsive building skins,Journal of Building Engineering,Article,ok,include,,high,abstract,unclear,experiment,energy,facade + physical movement (actuated)
2-s2.0-85125474253,10.1016/j.buildenv.2022.108907,An occupant-centric adaptive façade based on real-time and contactless glare and thermal discomfort estimation using deep learning algorithm,Building and Environment,Article,ok,uncertain_fulltext,,low,abstract,,,,facade but abstract gives no explicit movement/optical/thermal cue
2-s2.0-85128025432,10.3390/en15072610,Integration and Verification of PLUG-N-HARVEST ICT Platform for Intelligent Management of Buildings,Energies,Article,ok,uncertain_fulltext,,low,abstract,,,,facade but abstract gives no explicit movement/optical/thermal cue
2-s2.0-85116884931,10.1177/1420326x211050114,Solar radiation control passive strategy for reduction of heating and cooling energy use in arid climate: Case of Afghanistan,Indoor and Built Environment,Article,ok,include,,high,abstract,unclear,simulation,energy,facade + physical movement (movable)
2-s2.0-85124423553,10.1007/s40940-022-00166-0,Experimental and numerical characterization of twisting response of thin glass,Glass Structures and Engineering,Article,ok,include,,high,abstract,unclear,experiment,none,facade + physical movement (movable)
2-s2.0-85127589156,10.3390/su14073910,Optimization of Architectural Thermal Envelope Parameters in Modern Single-Family House Typologies in Southeastern Spain to Improve Energy Efficiency in a Dry Mediterranean Climate,Sustainability Switzerland,Article,ok,include,,high,abstract,unclear,simulation,energy,facade + physical movement (movable)
2-s2.0-85120816290,10.1016/j.energy.2021.122778,Realization of bi-level optimization of adaptive building envelope with a finite-difference model featuring short execution time and versatility,Energy,Article,ok,uncertain_fulltext,,low,abstract,,,,facade but abstract gives no explicit movement/optical/thermal cue
2-s2.0-85127315495,10.1088/1755-1315/992/1/012004,Studying the influence of shading devices on indoor thermal comfort in desert and Mediterranean climates,Iop Conference Series Earth and Environmental Science,Conference Paper,ok,include,,high,abstract,unclear,simulation,multiple,facade + physical movement (kinetic shad)
2-s2.0-85127309298,10.1088/1755-1315/992/1/012005,The Influence of Using Responsive Façade as a Tool for Improving the Built Environment: Case study: Attaba - Opera square,Iop Conference Series Earth and Environmental Science,Conference Paper,ok,uncertain_fulltext,,low,abstract,,,,facade but abstract gives no explicit movement/optical/thermal cue
2-s2.0-85123959420,10.1016/j.applthermaleng.2021.117923,Parametric optimization of multifunctional integrated climate-responsive opaque and ventilated façades using CFD simulations,Applied Thermal Engineering,Article,ok,exclude,facade_no_movement,high,abstract,,,,"thermal-dynamic, no moving part (pcm; phase change material; thermal energy storage)"
2-s2.0-85123181369,10.1016/j.buildenv.2021.108703,Dynamic façades – An exploratory campaign to assess occupant multi-domain environmental satisfaction and façade interaction,Building and Environment,Article,ok,uncertain_fulltext,,low,abstract,,,,facade but abstract gives no explicit movement/optical/thermal cue
2-s2.0-85112841586,10.1007/s10098-021-02183-z,Biomimetic building facades demonstrate potential to reduce energy consumption for different building typologies in different climate zones,Clean Technologies and Environmental Policy,Article,ok,uncertain_fulltext,,low,abstract,,,,facade but abstract gives no explicit movement/optical/thermal cue
2-s2.0-85127550709,10.3390/buildings12030366,Climate-Adaptive Façades with an Air Chamber,Buildings,Review,ok,related_review,review,high,abstract,,,,review/secondary on facade topic — kept for intro/benchmark
2-s2.0-85125500008,10.1088/1361-665x/ac5014,Bistable kinetic shades actuated with shape memory alloys: Prototype development and daylight performance evaluation,Smart Materials and Structures,Article,ok,include,,high,abstract,material-driven,experiment,multiple,facade + physical movement (actuated; bistable; kinetic façade)
2-s2.0-85116068103,10.1177/17442591211045418,Adaptive opaque façades and their potential to reduce thermal energy use in residential buildings: A simulation-based evaluation,Journal of Building Physics,Article,ok,uncertain_fulltext,,low,abstract,,,,facade but abstract gives no explicit movement/optical/thermal cue
2-s2.0-85125362703,10.3390/buildings12030263,Indoor Daylight Performances of Optimized Transmittances with Electrochromic-Applied Kinetic Louvers,Buildings,Article,ok,include,,high,abstract,mechanical,simulation,multiple,facade + physical movement (adjustment of the electrochromic louver; kinetic louver; louver adjusted)
2-s2.0-85121308536,10.1016/j.seta.2021.101878,A combined scheme for maximising the output power of a Photovoltaic array under partial shading conditions,Sustainable Energy Technologies and Assessments,Article,ok,uncertain_fulltext,,low,abstract,,,,facade but abstract gives no explicit movement/optical/thermal cue
2-s2.0-85142352228,10.48044/jauf.2022.008,Modeling the Shading Effect of Vancouver’s Urban Tree Canopy in Relation to Neighborhood Variations,Arboriculture and Urban Forestry,Article,ok,uncertain_fulltext,,low,abstract,,,,facade but abstract gives no explicit movement/optical/thermal cue
2-s2.0-85119679814,10.1016/j.mattod.2021.10.029,Interfacing DNA hydrogels with ceramics for biofunctional architectural materials,Materials Today,Article,ok,uncertain_fulltext,,low,abstract,,,,facade but abstract gives no explicit movement/optical/thermal cue
2-s2.0-85151952400,10.1007/978-3-030-90625-2_8,Deriving the production rules of shape-shifting grammars for adaptive façades: The case of hygromorphic thermo-bimetal composites (HMTM),Design Computing and Cognition 20,Book Chapter,ok,include,,high,abstract,material-driven,experiment,none,facade + physical movement (actuator; hygromorph)
2-s2.0-85122358876,10.1016/j.buildenv.2021.108700,Laboratory testbed and methods for flexible characterization of thermal and fluid dynamic behaviour of double skin facades,Building and Environment,Article,ok,uncertain_fulltext,,low,abstract,,,,facade but abstract gives no explicit movement/optical/thermal cue
2-s2.0-85102566878,10.1108/ecam-07-2020-0559,ANP model for evaluating the performance of adaptive façade systems in complex commercial buildings,Engineering Construction and Architectural Management,Article,ok,uncertain_fulltext,,low,abstract,,,,facade but abstract gives no explicit movement/optical/thermal cue
2-s2.0-85123551690,10.3390/en15030829,State of the Art of Technologies in Adaptive Dynamic Building Envelopes (ADBEs),Energies,Review,ok,related_review,review,high,abstract,,,,review/secondary on facade topic — kept for intro/benchmark
2-s2.0-85124597555,10.3390/en15041314,Assessing Responsive Building Envelope Designs Through Robustness‐Based Multi‐Criteria Decision Making in Zero‐Emission Buildings,Energies,Article,ok,exclude,facade_no_movement,high,abstract,,,,"optical/material-state, no geometry (electrochrom)"
2-s2.0-85121212735,10.1016/j.buildenv.2021.108650,Switching daylight: Performance prediction of climate adaptive ETFE foil façades,Building and Environment,Article,ok,uncertain_fulltext,,low,abstract,,,,facade but abstract gives no explicit movement/optical/thermal cue
2-s2.0-85123552064,10.3390/en15030891,"An Adaptive Building Skin Concept Resulting from a New Bioinspiration Process: Design, Prototyping, and Characterization",Energies,Article,ok,uncertain_fulltext,,low,abstract,,,,facade but abstract gives no explicit movement/optical/thermal cue
2-s2.0-85123597602,10.3390/app12031496,New Use of BIM-Origami-Based Techniques for Energy Optimisation of Buildings,Applied Sciences Switzerland,Article,ok,include,,high,abstract,origami-deployable,simulation,energy,facade + physical movement (origami)
2-s2.0-85120481344,10.1016/j.enbuild.2021.111679,Passive house renovation of a block of flats – Measured performance and energy signature analysis,Energy and Buildings,Article,ok,include,,high,abstract,origami-deployable,experiment,energy,facade + physical movement (foldable)
2-s2.0-85145207484,10.1051/e3sconf/202233600032,Smart wall by wireless sensor network toward building energy optimization,E3s Web of Conferences,Conference Paper,ok,uncertain_fulltext,,low,abstract,,,,facade but abstract gives no explicit movement/optical/thermal cue
2-s2.0-85122913377,10.1016/j.buildenv.2021.108634,Performance of smart glazed overhang systems for US residential buildings,Building and Environment,Article,ok,exclude,facade_no_movement,high,abstract,,,,"optical/material-state, no geometry (tint)"
2-s2.0-85119919525,10.1016/j.enbuild.2021.111650,Impact of active façade control parameters and sensor network complexity on comfort and efficiency: A residential Italian case-study,Energy and Buildings,Article,ok,exclude,facade_no_movement,high,abstract,,,,"optical/material-state, no geometry (electrochrom)"
2-s2.0-85120399897,10.1016/j.buildenv.2021.108624,Dynamic compartmentalization of double-skin façade for an office building with single-sided ventilation,Building and Environment,Article,ok,uncertain_fulltext,,low,abstract,,,,facade but abstract gives no explicit movement/optical/thermal cue
2-s2.0-85161109782,10.1007/978-3-031-09695-2_7,Energy Performance Analysis of Kinetic Façades by Climate Zones,Advanced Materials in Smart Building Skins for Sustainability from Nano to Macroscale,Book Chapter,ok,include,,high,abstract,origami-deployable,simulation,energy,facade + physical movement (folding façade; kinetic façade; sliding façade)
2-s2.0-85183757871,10.52842/conf.caadria.2022.1.141,MACHINE LEARNING MODELING AND GENETIC OPTIMIZATION OF ADAPTIVE BUILDING FAÇADE TOWARDS THE LIGHT ENVIRONMENT,Proceedings of the International Conference on Computer Aided Architectural Design Research in Asia,Conference Paper,ok,uncertain_fulltext,,low,abstract,,,,facade but abstract gives no explicit movement/optical/thermal cue
2-s2.0-85087517310,10.1080/17508975.2020.1765722,Towards an implementation of bio-inspired hydro-actuated building façade,Intelligent Buildings International,Article,ok,include,,high,abstract,unclear,unclear,energy,facade + physical movement (actuated)
2-s2.0-85117376650,10.1016/j.enbuild.2021.111546,Optimizing the modular adaptive façade control strategy in open office space using integer programming and surrogate modelling,Energy and Buildings,Article,ok,uncertain_fulltext,,low,abstract,,,,facade but abstract gives no explicit movement/optical/thermal cue
2-s2.0-85104812806,10.1080/17508975.2021.1902257,"Adaptive building envelope simulation in current design practice: findings from interviews with practitioners about their understanding of methods, tools and workarounds and implications for future tool developments",Intelligent Buildings International,Article,ok,uncertain_fulltext,,low,abstract,,,,facade but abstract gives no explicit movement/optical/thermal cue
2-s2.0-85143213658,10.1088/1755-1315/1099/1/012005,Bio-mimetic Approaches to Kinetic Facades: A Design Proposal for a Light-Responsive Facade Module.,Iop Conference Series Earth and Environmental Science,Conference Paper,ok,include,,high,abstract,material-driven,unclear,multiple,facade + physical movement (actuator; kinetic facade; shape memory)
2-s2.0-85148509819,10.47982/jfde.2022.1.06,Empirical validation of co-simulation models for adaptive building envelopes,Journal of Facade Design and Engineering,Article,ok,uncertain_fulltext,,low,abstract,,,,facade but abstract gives no explicit movement/optical/thermal cue
2-s2.0-85108286145,10.1080/17452007.2021.1941739,Hybrid kinetic facade: fabrication and feasibility evaluation of full-scale prototypes,Architectural Engineering and Design Management,Article,ok,include,,high,abstract,mechanical,experiment,none,facade + physical movement (kinetic facade; rotating panels)
2-s2.0-85140846809,10.1080/23744731.2022.2122675,"Design, fabrication and computational simulation of a bio-kinetic façade inspired by the mechanism of the Lupinus Succulentus plant for daylight and energy efficiency",Science and Technology for the Built Environment,Article,ok,include,,high,abstract,unclear,experiment,multiple,facade + physical movement (kinetic facade; kinetic façade)
2-s2.0-85142423638,10.1109/cw55638.2022.00011,Kinetic Façade Design with Eshelby Twist for Sunlight Exposure Reduction,Proceedings 2022 International Conference on Cyberworlds Cw 2022,Conference Paper,ok,include,,high,abstract,unclear,simulation,energy,facade + physical movement (adjusted to the kinetic façade; kinetic façade)
2-s2.0-85136105100,10.14455/isec.2022.9(1).aae-18,INVESTIGATING THE IMPACT OF BIO-INSPIRED FAÇADE DESIGN ON INDOOR ENVIRONMENT,Proceedings of International Structural Engineering and Construction,Conference Paper,ok,uncertain_fulltext,,low,abstract,,,,facade but abstract gives no explicit movement/optical/thermal cue
2-s2.0-85134429322,10.47982/jfde.2022.1.02,Towards a Human Centred Approach for Adaptive Façades An Overview of User Experiences in Work Environments,Journal of Facade Design and Engineering,Review,ok,related_review,review,high,abstract,,,,review/secondary on facade topic — kept for intro/benchmark
2-s2.0-85125241913,10.1007/978-3-030-94514-5_10,Exploration of a Dynamic Building Skin System Responding to Light Environment Information,Lecture Notes in Civil Engineering,Conference Paper,ok,uncertain_fulltext,,low,abstract,,,,facade but abstract gives no explicit movement/optical/thermal cue
2-s2.0-85128612826,10.1007/978-3-031-03918-8_20,Evaluating Adaptive Facade Performance in Early Building Design Stage: An Integrated Daylighting Simulation and Machine Learning,Lecture Notes on Data Engineering and Communications Technologies,Book Chapter,ok,include,,high,abstract,unclear,simulation,multiple,facade + physical movement (kinetic facade)
2-s2.0-85169066096,10.52842/conf.caadria.2022.1.151,REINFORCEMENT LEARNING-BASED GENERATIVE DESIGN METHODOLOGY FOR KINETIC FACADE,Proceedings of the International Conference on Computer Aided Architectural Design Research in Asia,Conference Paper,ok,include,,high,abstract,unclear,simulation,multiple,facade + physical movement (kinetic facade)
2-s2.0-85122271221,10.3390/buildings12010025,Design Optimisation of Fixed and Adaptive Shading Devices on Four Façade Orientations of a High-Rise Office Building in the Tropics,Buildings,Article,ok,uncertain_fulltext,,low,abstract,,,,facade but abstract gives no explicit movement/optical/thermal cue
2-s2.0-85184339063,,ADAPTIVE EXTERNAL SHADING SYSTEM FOR BETTER DAYLIGHT BALANCING WITH HEAT GAIN FOR THE COMPOSITE CLIMATE OF DELHI NCR,Zemch International Conference,Conference Paper,missing,uncertain_fulltext,,low,title_only,,,,facade but abstract gives no explicit movement/optical/thermal cue
2-s2.0-85101859685,10.1080/17508975.2021.1872478,A data-driven optimized daylight pattern for responsive facades design,Intelligent Buildings International,Article,ok,uncertain_fulltext,,low,abstract,,,,facade but abstract gives no explicit movement/optical/thermal cue
2-s2.0-85169934946,,Algae Bio-reactive Building Envelope: Dynamic Lighting and Energy Aspects for Algae-based Building Skin,ASHRAE and Ibpsa Usa Building Simulation Conference,Conference Paper,missing,uncertain_fulltext,,low,title_only,,,,facade but abstract gives no explicit movement/optical/thermal cue
2-s2.0-85141161213,10.1109/acit54803.2022.9913105,The Concept and Means of Adaptive Shading,Proceedings International Conference on Advanced Computer Information Technologies Acit,Conference Paper,ok,uncertain_fulltext,,low,abstract,,,,facade but abstract gives no explicit movement/optical/thermal cue
2-s2.0-85142899109,10.47982/jfde.2022.1.03,Exploring the Impact of Geometry and Fibre Arrangements on Daylight Control in Bistable Kinetic Shades,Journal of Facade Design and Engineering,Article,ok,include,,high,abstract,compliant,experiment,daylight,facade + physical movement (bistable; kinetic shad)
2-s2.0-85169924526,10.26868/25746308.2022.simbuild2022_c032,"Modeling, Simulation and Evaluation of a Double-Sided Hydronic Layer Embedded Opaque Climate-Adaptive Building Envelope",ASHRAE and Ibpsa Usa Building Simulation Conference,Conference Paper,ok,uncertain_fulltext,,low,abstract,,,,facade but abstract gives no explicit movement/optical/thermal cue
2-s2.0-85146934745,10.23919/annsim55834.2022.9859413,PREDICTING COOLING ENERGY DEMANDS OF ADAPTIVE FACADES USING ARTIFICIAL NEURAL NETWORK,Simulation Series,Conference Paper,ok,uncertain_fulltext,,low,abstract,,,,facade but abstract gives no explicit movement/optical/thermal cue
2-s2.0-85138101402,10.23919/annsim55834.2022.9859413,Predicting Cooling Energy Demands of Adaptive Facades Using Artificial Neural Network,Proceedings of the 2022 Annual Modeling and Simulation Conference Annsim 2022,Conference Paper,ok,uncertain_fulltext,,low,abstract,,,,facade but abstract gives no explicit movement/optical/thermal cue
2-s2.0-85161152137,10.1007/978-3-031-09695-2_6,Thermally Responsive Building Envelopes from Materials to Engineering,Advanced Materials in Smart Building Skins for Sustainability from Nano to Macroscale,Book Chapter,ok,uncertain_fulltext,,low,abstract,,,,facade but abstract gives no explicit movement/optical/thermal cue
2-s2.0-85062514750,10.1080/17508975.2019.1577213,Technologies used in responsive facade systems: a comparative study,Intelligent Buildings International,Review,ok,related_review,review,high,abstract,,,,review/secondary on facade topic — kept for intro/benchmark
2-s2.0-85121667028,10.1007/978-3-030-92038-8_90,Integrated Adaptive Facades for Building Energy Efficiency and User’s Thermal Comfort,Lecture Notes in Networks and Systems,Conference Paper,ok,uncertain_fulltext,,low,abstract,,,,facade but abstract gives no explicit movement/optical/thermal cue
2-s2.0-105019930027,10.21926/aeer.2203038,Implementation of a Dynamic Thermal and Illuminance Control System in Responsive Façades: Shading Study,Advances in Environmental and Engineering Research,Article,ok,uncertain_fulltext,,low,abstract,,,,facade but abstract gives no explicit movement/optical/thermal cue
2-s2.0-85142865625,10.2749/nanjing.2022.1046,Moveable Facade Elements for Sustainable High-rise Buildings,IABSE Congress Nanjing 2022 Bridges and Structures Connection Integration and Harmonisation Report,Conference Paper,ok,include,,high,abstract,mechanical,experiment,energy,facade + physical movement (moveable)
2-s2.0-85130971086,10.1007/978-981-19-1812-4_12,Pho’liage: Towards a Kinetic Biomimetic Thermoregulating Façade,Environmental Footprints and Eco Design of Products and Processes,Book Chapter,ok,include,,high,abstract,material-driven,experiment,multiple,facade + physical movement (actuator; shape memory)
2-s2.0-85151548623,10.26868/25222708.2021.30525,The influence of occupant behaviour on the energy performance of single office space with adaptive facades: simulation versus measured data,Building Simulation Conference Proceedings,Conference Paper,ok,uncertain_fulltext,,low,abstract,,,,facade but abstract gives no explicit movement/optical/thermal cue
2-s2.0-85151552398,10.26868/25222708.2021.30753,Radiant spectral energy for simulation in the built environment,Building Simulation Conference Proceedings,Conference Paper,ok,exclude,facade_no_movement,high,abstract,,,,"optical/material-state, no geometry (smart glass)"
2-s2.0-85206503963,,Physiomimetic Façade Design Systematics for a function-oriented transfer of biological principles to thermally-adaptive façade design concepts,A Be Architecture and the Built Environment,Article,missing,uncertain_fulltext,,low,title_only,,,,facade but abstract gives no explicit movement/optical/thermal cue
2-s2.0-85167569946,,Control Strategies and Thermal Performance of Responsive Building Envelope with Active Insulation System,Thermal Performance of the Exterior Envelopes of Whole Buildings,Conference Paper,missing,uncertain_fulltext,,low,title_only,,,,facade but abstract gives no explicit movement/optical/thermal cue
2-s2.0-85136138152,10.14455/isec.2022.9(1).aae-08,THE APPLICATION OF AN ADAPTIVE SOFT STRUCTURE FOR LIGHTWEIGHT FACADES,Proceedings of International Structural Engineering and Construction,Conference Paper,ok,include,,high,abstract,pneumatic-soft,prototype,energy,facade + physical movement (pneumatic; soft robot; unfold)
2-s2.0-85129230713,10.1080/00038628.2022.2063248,Dynamic solar screens for high-performance buildings–a critical review of perforated external shading systems,Architectural Science Review,Review,ok,related_review,review,high,abstract,,,,review/secondary on facade topic — kept for intro/benchmark
2-s2.0-85161252200,10.1007/978-3-031-09695-2_13,Design Research on Climate-Responsive Building Skins from Prototype and Case Study Perspectives,Advanced Materials in Smart Building Skins for Sustainability from Nano to Macroscale,Book Chapter,ok,include,,high,abstract,mechanical,experiment,energy,facade + physical movement (skin prototype with rotatable)
2-s2.0-85118529507,10.1016/j.jobe.2021.103384,Experimental-simulation methodology for estimation of thermal parameters of adaptive facades in mild climate conditions: A water-flow glazing case study,Journal of Building Engineering,Article,ok,uncertain_fulltext,,low,abstract,,,,facade but abstract gives no explicit movement/optical/thermal cue
2-s2.0-85124269240,10.1080/17452007.2022.2032576,Advanced control strategy to maximize view and control discomforting glare: a complex adaptive façade,Architectural Engineering and Design Management,Article,ok,uncertain_fulltext,,low,abstract,,,,facade but abstract gives no explicit movement/optical/thermal cue
2-s2.0-85184320541,,"ENERGY-SAVING BY SHADING DEVICE'S SHADED AREA ON A FULLY GLAZED MULTI-STOREYED OFFICE BUILDING IN A HOT AND HUMID CLIMATE, CHENNAI, INDIA.",Zemch International Conference,Conference Paper,missing,uncertain_fulltext,,low,title_only,,,,facade but abstract gives no explicit movement/optical/thermal cue
2-s2.0-85147428263,,NATURE-INSPIRED SUSTAINABLE SOLUTIONS FOR AN ARCHITECTURAL ENVIRONMENT,15th International Scientific Conference Woodema 2022 Crisis Management and Safety Foresight in Forest Based Sector and Smes Operating in the Global Environment,Conference Paper,missing,uncertain_fulltext,,low,title_only,,,,facade but abstract gives no explicit movement/optical/thermal cue
2-s2.0-85151557435,10.26868/25222708.2021.30754,Occupant-centric control of transparent dynamic façades through an integrated co-simulation framework,Building Simulation Conference Proceedings,Conference Paper,ok,include,,high,abstract,mechanical,simulation,multiple,facade + physical movement (operable shad)
2-s2.0-85169884090,10.26868/25746308.2022.simbuild2022_c026,Evaluating the Impacts of Weather Forecast Inaccuracy on Performance of Model Predictive Control for Dynamic Facades,ASHRAE and Ibpsa Usa Building Simulation Conference,Conference Paper,ok,uncertain_fulltext,,low,abstract,,,,facade but abstract gives no explicit movement/optical/thermal cue
2-s2.0-85140771269,10.1109/etsaide53569.2022.9906380,Intelligent Façade Skinning System Based on Crowd-Sensing and Air-Quality Monitoring,2022 Engineering and Technology for Sustainable Architectural and Interior Design Environments Etsaide 2022,Conference Paper,ok,include,,high,abstract,unclear,unclear,none,facade + physical movement (actuator; morphing)
2-s2.0-85178623320,,Solar shading as a cost-effective means to stop rising air-conditioning needs in Europe,Eceee Summer Study Proceedings,Conference Paper,missing,uncertain_fulltext,,low,title_only,,,,facade but abstract gives no explicit movement/optical/thermal cue
2-s2.0-85132073479,10.14627/537724064,Hybrid Landscapes of India: Communicators Between the Worlds,Journal of Digital Landscape Architecture,Article,ok,include,,high,abstract,mechanical,unclear,none,facade + physical movement (kinetic facade)
2-s2.0-85161184874,10.1007/978-3-031-09695-2_12,Aesthetics and Perception: Dynamic Facade Design with Programmable Materials,Advanced Materials in Smart Building Skins for Sustainability from Nano to Macroscale,Book Chapter,ok,include,,high,abstract,material-driven,experiment,energy,facade + physical movement (shape memory)
2-s2.0-85161246225,10.1007/978-3-031-09695-2_4,Material Programming for Bio-inspired and Bio-based Hygromorphic Building Envelopes,Advanced Materials in Smart Building Skins for Sustainability from Nano to Macroscale,Book Chapter,ok,include,,high,abstract,material-driven,experiment,multiple,facade + physical movement (4d-print; actuator; compliant mechanism)
2-s2.0-85132177960,10.1117/12.2612851,Kinetic Bistable Flaps Actuated with Magneto-Active Elastomers,Proceedings of SPIE the International Society for Optical Engineering,Conference Paper,ok,include,,high,abstract,compliant,experiment,energy,facade + physical movement (actuated; actuator; bistable)
2-s2.0-85101834662,10.1080/17452007.2021.1891858,Classification criteria and markers for biomimetic building envelope within circular economy principles: a critical review,Architectural Engineering and Design Management,Review,ok,related_review,review,high,abstract,,,,review/secondary on facade topic — kept for intro/benchmark
2-s2.0-85167600805,,Techno-Economic Analysis of Dynamic Building Envelopes Comprising Phase Change Materials and Switchable Insulations,Thermal Performance of the Exterior Envelopes of Whole Buildings,Conference Paper,missing,exclude,facade_no_movement,low,title_only,,,,"thermal-dynamic, no moving part (phase change material; switchable insulation)"
2-s2.0-85140894019,10.13189/cea.2022.100719,"Parametric Hypercell Mechanism for Adaptive Building Skin: A Case Study in New Administrative Capital, Egypt",Civil Engineering and Architecture,Article,ok,uncertain_fulltext,,low,abstract,,,,facade but abstract gives no explicit movement/optical/thermal cue
2-s2.0-85125244497,10.1080/13467581.2021.2007102,Harvesting renewable energies through innovative kinetic honeycomb architectural facades: the mathematical & CFD modeling for wind turbine design optimization,Journal of Asian Architecture and Building Engineering,Article,ok,uncertain_fulltext,,low,abstract,,,,facade but abstract gives no explicit movement/optical/thermal cue
2-s2.0-85176505484,10.13124/9788860461919_06,Implementation and Calibration of a Model to Treat Naturally Ventilated Complex Fenestration Systems in TRNSYS,Building Simulation Applications,Conference Paper,ok,uncertain_fulltext,,low,abstract,,,,facade but abstract gives no explicit movement/optical/thermal cue
2-s2.0-85167711872,,Co-Simulation and Validation of Automated Shading Devices using EnergyPlus and Radiance to Optimize Building Energy Use,ASHRAE Transactions,Conference Paper,missing,uncertain_fulltext,,low,title_only,,,,facade but abstract gives no explicit movement/optical/thermal cue
2-s2.0-85151546005,10.26868/25222708.2021.30432,Advanced Control of Dynamic Facades and HVAC with Reinforcement Learning based on Standardized Co-simulation,Building Simulation Conference Proceedings,Conference Paper,ok,exclude,facade_no_movement,high,abstract,,,,"optical/material-state, no geometry (electrochrom)"
2-s2.0-85144487883,10.2478/rtuect-2022-0096,The Effect of Fresnel Lens Focal Point Location on Heat Transfer in Phase Change Material (PCM) Enhanced Dynamic Solar Facade,Environmental and Climate Technologies,Article,ok,exclude,facade_no_movement,high,abstract,,,,"thermal-dynamic, no moving part (pcm; phase change material; thermal energy storage)"
2-s2.0-85170073090,,Energy Use Sensitivity Analysis of Sensor Placement in Small Office Buildings with Dynamic Shading and Lighting,ASHRAE Transactions,Conference Paper,missing,uncertain_fulltext,,low,title_only,,,,facade but abstract gives no explicit movement/optical/thermal cue
2-s2.0-85131431101,10.37575/b/sci/210082,Assessing the Effect of Building Skin Adaptability on Energy Consumption in Hot Arid Regions,Scientific Journal of King Faisal University Basic and Applied Sciences,Article,ok,include,,high,abstract,origami-deployable,experiment,multiple,"facade + physical movement (folded morphology, providing self-shading; moveable)"
2-s2.0-85106260631,10.1080/17452007.2021.1926898,Low-energy cooling and ventilation refurbishments for buildings in a Mediterranean climate,Architectural Engineering and Design Management,Article,ok,uncertain_fulltext,,low,abstract,,,,facade but abstract gives no explicit movement/optical/thermal cue
2-s2.0-85149115511,10.2495/cmem-v10-n4-314-328,OPTIMIZATION OF AN ADAPTIVE ALGAE FAÇADE BASED ON SOLAR RADIATION SIMULATION,International Journal of Computational Methods and Experimental Measurements,Article,ok,uncertain_fulltext,,low,abstract,,,,facade but abstract gives no explicit movement/optical/thermal cue
2-s2.0-85144597442,10.1109/ccta49430.2022.9966186,A Hydroactive Facade for Rainwater Harvesting and Evaporative Cooling: Dynamic Modeling and Simplification for Application in Optimization-based Long-term Building Operation Strategy∗,2022 IEEE Conference on Control Technology and Applications Ccta 2022,Conference Paper,ok,uncertain_fulltext,,low,abstract,,,,facade but abstract gives no explicit movement/optical/thermal cue
2-s2.0-85128902624,10.1080/23744731.2021.2021742,Fast simulation of dynamic heat transfer through building envelopes via parareal algorithms,Science and Technology for the Built Environment,Article,ok,uncertain_fulltext,,low,abstract,,,,facade but abstract gives no explicit movement/optical/thermal cue
2-s2.0-85140440872,10.1007/978-3-031-16895-6_9,Kinetic Architecture and BIM: The State of Art and Future Visions,Communications in Computer and Information Science,Conference Paper,ok,include,,high,abstract,unclear,simulation,none,facade + physical movement (kinetic façade)
2-s2.0-85130888521,10.1016/b978-0-12-821053-6.00007-2,"Morphological differentiation for the environmental adaptation of biomimetic buildings: Skins, surfaces, and structures",Biomimicry for Materials Design and Habitats Innovations and Applications,Book Chapter,ok,uncertain_fulltext,,low,abstract,,,,facade but abstract gives no explicit movement/optical/thermal cue
2-s2.0-85128968605,10.1007/978-3-030-96486-3_7,An IoT-Based Framework of Indoor Air Quality Monitoring for Climate Adaptive Building Shells,Internet of Things,Book Chapter,ok,include,,high,abstract,unclear,experiment,multiple,facade + physical movement (actuator)
2-s2.0-85149879864,10.47982/jfde.2022.powerskin.2,Influence of Automated Façades on Occupants: A Review,Journal of Facade Design and Engineering,Article,ok,related_review,review,high,abstract,,,,review/secondary on facade topic — kept for intro/benchmark
2-s2.0-85151556466,10.26868/25222708.2021.30864,Radiation Control Optimization for Dynamic Glazing in Building Façade in Subtropical Climate,Building Simulation Conference Proceedings,Conference Paper,ok,exclude,facade_no_movement,high,abstract,,,,"optical/material-state, no geometry (electrochrom)"
2-s2.0-85161217213,10.1007/978-3-031-09695-2_8,Integration of Solar Technologies in Facades: Performances and Applications for Curtain Walling,Advanced Materials in Smart Building Skins for Sustainability from Nano to Macroscale,Book Chapter,ok,exclude,facade_no_movement,high,abstract,,,,"thermal-dynamic, no moving part (thermal mass)"
2-s2.0-85137052208,10.15627/jd.2022.11,The optimization of louvers shading devices and room orientation under three different sky conditions,Journal of Daylighting,Article,ok,include,,high,abstract,mechanical,simulation,multiple,"facade + physical movement (blade size, spacing, and blade rotation)"
2-s2.0-85144651522,10.1007/978-3-031-11232-4_5,Hygromorphs: Exploring Morphologies of Architectural Adaptive Systems Using Hygroscopic Properties of Wood,Advances in Science Technology and Innovation,Book Chapter,ok,include,,high,abstract,material-driven,experiment,multiple,facade + physical movement (actuator; hygromorph; hygroscopic)
2-s2.0-85106286476,10.1080/00038628.2021.1924610,Urban heat-mitigating building form and façade framework,Architectural Science Review,Article,ok,uncertain_fulltext,,low,abstract,,,,facade but abstract gives no explicit movement/optical/thermal cue
2-s2.0-85124775061,10.2220/biomedres.43.11,Diet-related changes of basal lamina fenestrations in the villous epithelium of the rat small intestine: Statistical analysis on scanning electron microscopy,Biomedical Research Japan,Article,ok,uncertain_fulltext,,low,abstract,,,,facade but abstract gives no explicit movement/optical/thermal cue
2-s2.0-85121698940,10.3390/app12010082,"Kinetic solar envelope: Performance assessment of a shape memory alloy-based autoreactive façade system for urban heat island mitigation in athens, Greece",Applied Sciences Switzerland,Article,ok,include,,high,abstract,material-driven,simulation,energy,facade + physical movement (shape memory)
2-s2.0-85161122878,10.1007/978-3-031-09695-2_11,"Design Principles, Strategies, and Environmental Interaction of Dynamic Envelopes",Advanced Materials in Smart Building Skins for Sustainability from Nano to Macroscale,Book Chapter,ok,uncertain_fulltext,,low,abstract,,,,facade but abstract gives no explicit movement/optical/thermal cue
2-s2.0-85151555038,10.26868/25222708.2021.30519,Investigating the control strategies for Breathing Walls during summer: a dynamic simulation study,Building Simulation Conference Proceedings,Conference Paper,ok,exclude,facade_no_movement,high,abstract,,,,"thermal-dynamic, no moving part (breathing wall; dynamic insulation)"
2-s2.0-85139770436,10.52842/conf.ecaade.2022.1.243,Kinetic Architecture and BIM Integration: A case study on a Bricard linkage canopy system,Proceedings of the International Conference on Education and Research in Computer Aided Architectural Design in Europe,Conference Paper,ok,exclude,not_facade,high,abstract,,,,no facade context and no movement signal
2-s2.0-85161151770,10.1007/978-3-031-09695-2_10,Material Driven Adaptive Design Model for Environmentally-Responsive Envelopes,Advanced Materials in Smart Building Skins for Sustainability from Nano to Macroscale,Book Chapter,ok,uncertain_fulltext,,low,abstract,,,,movement mechanism but facade context unclear
2-s2.0-85135734969,,Joint Optimization of HVAC and Active Insulation Control Strategies in Residential Buildings,ASHRAE Transactions,Conference Paper,missing,exclude,not_facade,low,title_only,,,,no facade context and no movement signal
2-s2.0-85146624692,10.1088/1755-1315/1113/1/012026,Comparative Analysis between different types of Responsive Design Approach: (Applicability to Use in Different Climatic Regions in Egypt),Iop Conference Series Earth and Environmental Science,Conference Paper,ok,uncertain_fulltext,,low,abstract,,,,facade but abstract gives no explicit movement/optical/thermal cue
2-s2.0-85130959963,10.1007/978-981-19-1812-4_10,Exploiting the Potential of Nature for Sustainable Building Designs: A Novel Bioinspired Framework Based on a Characterization of Living Envelopes,Environmental Footprints and Eco Design of Products and Processes,Book Chapter,ok,uncertain_fulltext,,low,abstract,,,,facade but abstract gives no explicit movement/optical/thermal cue
2-s2.0-85139777874,10.52842/conf.ecaade.2022.1.253,Comprehensive Characterization of an Open Source Approach to Design in Architectural Education.: The integration of the “Do It Yourself” process in architectural design education,Proceedings of the International Conference on Education and Research in Computer Aided Architectural Design in Europe,Conference Paper,ok,uncertain_fulltext,,low,abstract,,,,facade but abstract gives no explicit movement/optical/thermal cue
2-s2.0-85121462543,10.1088/1742-6596/2069/1/012132,Innovative approaches to thermochromic materials for adaptive building envelopes,Journal of Physics Conference Series,Conference Paper,ok,exclude,facade_no_movement,high,abstract,,,,"optical/material-state, no geometry (thermochrom)"
2-s2.0-85121448052,10.1088/1742-6596/2069/1/012024,"Performance analysis of the MICRO-V (Multifunctional, Integrated, Climate-responsive, Opaque, and Ventilated) façade with different ventilation modes",Journal of Physics Conference Series,Conference Paper,ok,exclude,facade_no_movement,high,abstract,,,,"thermal-dynamic, no moving part (phase change material)"
2-s2.0-85121425535,10.1088/1742-6596/2069/1/012131,Electrochromic window integration in adaptive building envelopes in different climates: A genetic optimization of switchable glazing parameters to reduce energy consumptions in office buildings,Journal of Physics Conference Series,Conference Paper,ok,exclude,facade_no_movement,high,abstract,,,,"optical/material-state, no geometry (electrochrom; switchable glaz)"
2-s2.0-85121439668,10.1088/1742-6596/2069/1/012089,Static and dynamic thermal characterization of facade with mineral foam insulation using a hot-box apparatus,Journal of Physics Conference Series,Conference Paper,ok,exclude,facade_no_movement,high,abstract,,,,"thermal-dynamic, no moving part (dynamic insulation)"
2-s2.0-85112425762,10.1016/j.foar.2021.07.004,Bio-inspired interactive kinetic façade: Using dynamic transitory-sensitive area to improve multiple occupants’ visual comfort,Frontiers of Architectural Research,Article,ok,include,,high,abstract,unclear,simulation,multiple,facade + physical movement (kinetic façade)
2-s2.0-85122621015,10.1016/j.mtener.2021.100874,Shape-morphing materials and structures for energy-efficient building envelopes,Materials Today Energy,Review,ok,related_review,review,high,abstract,,,,review/secondary on facade topic — kept for intro/benchmark
2-s2.0-85121628743,10.3390/buildings11120637,"Optimization of useful daylight illuminance for vertical shading fins covered by photovoltaic panels for a case study of an office room in the city of Wroclaw, Poland",Buildings,Article,ok,include,,high,abstract,mechanical,simulation,multiple,facade + physical movement (fins are kinetic and rotate)
2-s2.0-85136517576,10.3390/architecture1020007,Design and Manufacturing of Adaptive Facades in a Life Cycle Approach: A Survey on Challenges and Solutions in the Italian Building Industry,Architecture,Article,ok,uncertain_fulltext,,low,abstract,,,,facade but abstract gives no explicit movement/optical/thermal cue
2-s2.0-85114441240,10.1061/(asce)ae.1943-5568.0000504,Taxonomical Investigation of Self-Sufficient Kinetic Building Envelopes,Journal of Architectural Engineering,Article,ok,uncertain_fulltext,,low,abstract,,,,facade but abstract gives no explicit movement/optical/thermal cue
2-s2.0-85121833504,10.13189/cea.2021.090731,Biomimetic approaches for adaptive building envelopes: Applications and design considerations,Civil Engineering and Architecture,Article,ok,uncertain_fulltext,,low,abstract,,,,facade but abstract gives no explicit movement/optical/thermal cue
2-s2.0-85117858885,10.1016/j.solener.2021.10.062,Improved methodology for the characterization of thermochromic coatings for adaptive façades,Solar Energy,Article,ok,exclude,facade_no_movement,high,abstract,,,,"optical/material-state, no geometry (thermochrom)"
2-s2.0-85121099661,10.3390/en14248272,Efficient shading device as an important part of daylightophil architecture; a designerly framework of high-performance architecture for an office building in Tehran,Energies,Article,ok,uncertain_fulltext,,low,abstract,,,,facade but abstract gives no explicit movement/optical/thermal cue
2-s2.0-85120030842,10.1186/s44147-021-00037-5,Bio-algae: a study of an interactive facade for commercial buildings in populated cities,Journal of Engineering and Applied Science,Article,ok,uncertain_fulltext,,low,abstract,,,,facade but abstract gives no explicit movement/optical/thermal cue
2-s2.0-85106943950,10.1016/j.jobe.2021.102683,Heat and moisture transfer of building envelopes under dynamic and steady-state operation mode of indoor air conditioning,Journal of Building Engineering,Article,ok,exclude,facade_no_movement,high,abstract,,,,"thermal-dynamic, no moving part (latent heat)"
2-s2.0-85114672791,10.1016/j.rser.2021.111615,A review of transparent-reflective switchable glass technologies for building facades,Renewable and Sustainable Energy Reviews,Review,ok,related_review,review,high,abstract,,,,review/secondary on facade topic — kept for intro/benchmark
2-s2.0-85116428468,10.1007/s40866-021-00118-7,Development of an Improved GMPPT Based on Scanning Method for PV System Operating under a Dynamic Partial Shading Conditions,Technology and Economics of Smart Grids and Sustainable Energy,Article,ok,uncertain_fulltext,,low,abstract,,,,facade but abstract gives no explicit movement/optical/thermal cue
2-s2.0-85136643589,10.18280/ijdne.160601,Adjustable Internal Shading for Home Office Daylighting in Tropical Climates,International Journal of Design and Nature and Ecodynamics,Article,ok,include,,high,abstract,unclear,experiment,multiple,facade + physical movement (adjustable internal shading; adjustable model of internal shading)
2-s2.0-85122617272,10.18280/ijdne.160601,Adjustable Internal Shading for Home Office Daylighting in Tropical Climates,International Journal of Design and Nature and Ecodynamics,Article,ok,include,,high,abstract,unclear,experiment,multiple,facade + physical movement (adjustable internal shading; adjustable model of internal shading)
2-s2.0-85120781658,10.3390/su132413547,Reconfigurable neighborhood—mechatronisation of the urban design,Sustainability Switzerland,Article,ok,exclude,not_facade,high,abstract,,,,no facade context and no movement signal
2-s2.0-85120848775,10.1088/1742-6596/2042/1/012056,Evaporative cooling strategies in urban areas: The potential of vertical greening systems to reduce nocturnal heat stress,Journal of Physics Conference Series,Conference Paper,ok,uncertain_fulltext,,low,abstract,,,,facade but abstract gives no explicit movement/optical/thermal cue
2-s2.0-85120866533,10.1088/1742-6596/2042/1/012072,Time enhanced architectural modelling (T.E.A.M.): Virtual reality project for the planning and visualization of kinetic architecture and dynamic design,Journal of Physics Conference Series,Conference Paper,ok,uncertain_fulltext,,low,abstract,,,,facade but abstract gives no explicit movement/optical/thermal cue
2-s2.0-85113599150,10.1016/j.enbuild.2021.111342,Evaluating dynamic thermal performance of building envelope components using small-scale calibrated hot box tests,Energy and Buildings,Article,ok,uncertain_fulltext,,low,abstract,,,,facade but abstract gives no explicit movement/optical/thermal cue
2-s2.0-85120480218,10.1088/1755-1315/907/1/012012,Designing louvers toward optimum daylight performance in Indonesia: A parametric study,Iop Conference Series Earth and Environmental Science,Conference Paper,ok,uncertain_fulltext,,low,abstract,,,,facade but abstract gives no explicit movement/optical/thermal cue
2-s2.0-85119376531,10.1063/5.0068362,Surveying impacts of adaptive facades on acoustical quality of classrooms,Aip Conference Proceedings,Conference Paper,ok,uncertain_fulltext,,low,abstract,,,,facade but abstract gives no explicit movement/optical/thermal cue
2-s2.0-85122673961,10.1016/j.jobe.2021.103076,"Prototyping of 4D-printed self-shaping building skin in architecture: Design, fabrication, and investigation of a two-way shape memory composite (TWSMC) façade panel",Journal of Building Engineering,Article,ok,include,,high,abstract,material-driven,experiment,energy,facade + physical movement (4d-print; fabricated and deployed; morphing)
2-s2.0-85104906552,10.1016/j.jobe.2021.102535,Enhancing energy efficiency and comfort in buildings through model predictive control for dynamic façades with electrochromic glazing,Journal of Building Engineering,Article,ok,exclude,facade_no_movement,high,abstract,,,,"optical/material-state, no geometry (electrochrom)"
2-s2.0-85118968789,10.3390/buildings11110494,An evaluation of useful daylight illuminance in an office room with a light shelf and translucent ceiling at 51◦ n,Buildings,Article,ok,uncertain_fulltext,,low,abstract,,,,facade but abstract gives no explicit movement/optical/thermal cue
2-s2.0-85111664765,10.1016/j.jobe.2021.103027,Operation of climate-adaptive building shells utilizing machine learning under sparse data conditions,Journal of Building Engineering,Article,ok,exclude,not_facade,high,abstract,,,,no facade context and no movement signal
2-s2.0-85118508179,10.3390/polym13213767,Mono–material 4d printing of digital shape–memory components,Polymers,Article,ok,include,,high,abstract,material-driven,experiment,energy,facade + physical movement (4d print; actuated; shape-memory)
2-s2.0-85119120665,10.3390/universe7110422,Multi-component MHD model of hot jupiter envelopes,Universe,Article,ok,uncertain_fulltext,,low,abstract,,,,facade but abstract gives no explicit movement/optical/thermal cue
2-s2.0-85110071920,10.1108/ohi-02-2021-0028,4D printing of wooden actuators: encoding FDM wooden filaments for architectural responsive skins,Open House International,Article,ok,include,,high,abstract,material-driven,experiment,energy,facade + physical movement (4d print; actuated; actuator)
2-s2.0-85109390454,10.1108/ohi-02-2021-0031,"A dynamic vertical shading optimisation to improve view, visual comfort and operational energy",Open House International,Article,ok,uncertain_fulltext,,low,abstract,,,,facade but abstract gives no explicit movement/optical/thermal cue
2-s2.0-85108005602,10.1016/j.energy.2021.121165,Energy performance of integrated adaptive envelope systems for residential buildings,Energy,Article,ok,include,,high,abstract,origami-deployable,unclear,energy,facade + physical movement (movable)
2-s2.0-85109460031,10.1016/j.buildenv.2021.108092,"Design, construction and validation of MATELab: A novel outdoor chamber for investigating occupant-facade interaction",Building and Environment,Article,ok,uncertain_fulltext,,low,abstract,,,,facade but abstract gives no explicit movement/optical/thermal cue
2-s2.0-85107983070,10.1115/1.4049432,Thermal Characterization of Building Walls under Random Boundary Conditions,Journal of Thermal Science and Engineering Applications,Article,ok,uncertain_fulltext,,low,abstract,,,,facade but abstract gives no explicit movement/optical/thermal cue
2-s2.0-85117214021,10.3390/su132011307,Breathing artifacts of urban bioclimatic layers for post‐anthropocene urban environment,Sustainability Switzerland,Article,ok,exclude,facade_no_movement,high,abstract,,,,"thermal-dynamic, no moving part (breathing wall)"
2-s2.0-85107643069,10.1016/j.enbuild.2021.111138,Movable window insulation as an instantiation of the adaptive building envelope: An investigation of its cost-effectiveness in the U.S,Energy and Buildings,Article,ok,include,,high,abstract,unclear,simulation,energy,facade + physical movement (movable)
2-s2.0-85118460027,10.23919/splitech52315.2021.9566358,"Energy refurbishment of an office building by addition of a second skin: Improvement of thermal behavior, energy performance and possible conversion by PV",2021 6th International Conference on Smart and Sustainable Technologies Splitech 2021,Conference Paper,ok,uncertain_fulltext,,low,abstract,,,,facade but abstract gives no explicit movement/optical/thermal cue
2-s2.0-85096836688,10.1007/s00004-020-00538-5,The Parigi Mechanism: A Novel 1-DOF Mechanism and Its Application as a Kinetic Reciprocal System (KRS) Adaptive Facade,Nexus Network Journal,Article,ok,include,,high,abstract,unclear,unclear,daylight,facade + physical movement (actuator)
2-s2.0-85115123664,10.3390/su131810313,Sustainability‐related parameters and decision support tools for kinetic green façades,Sustainability Switzerland,Article,ok,uncertain_fulltext,,low,abstract,,,,facade but abstract gives no explicit movement/optical/thermal cue
2-s2.0-85106386626,10.1016/j.scs.2021.102979,"Review of approaches, opportunities, and future directions for improving aerodynamics of tall buildings with smart facades",Sustainable Cities and Society,Article,ok,related_review,review,high,abstract,,,,review/secondary on facade topic — kept for intro/benchmark
2-s2.0-85107134486,10.1016/j.apenergy.2021.117112,"Model predictive control for integrated control of air-conditioning and mechanical ventilation, lighting and shading systems",Applied Energy,Article,ok,uncertain_fulltext,,low,abstract,,,,facade but abstract gives no explicit movement/optical/thermal cue
2-s2.0-85108866841,10.1016/j.enbuild.2021.111034,Design processes and multi-regulation of biomimetic building skins: A comparative analysis,Energy and Buildings,Article,ok,uncertain_fulltext,,low,abstract,,,,facade but abstract gives no explicit movement/optical/thermal cue
2-s2.0-85107288885,10.1016/j.autcon.2021.103776,Scientometric mapping of smart building research: Towards a framework of human-cyber-physical system (HCPS),Automation in Construction,Review,ok,related_review,review,high,abstract,,,,review/secondary on facade topic — kept for intro/benchmark
2-s2.0-85097248742,10.1002/cae.22370,Robotics application for the advanced integration of design and technology in architecture,Computer Applications in Engineering Education,Article,ok,uncertain_fulltext,,low,abstract,,,,facade but abstract gives no explicit movement/optical/thermal cue
2-s2.0-85103393355,10.1016/j.foar.2021.02.003,Exploring expressive and functional capacities of knitted textiles exposed to wind influence,Frontiers of Architectural Research,Article,ok,uncertain_fulltext,,low,abstract,,,,facade but abstract gives no explicit movement/optical/thermal cue
2-s2.0-85112551743,10.1088/1755-1315/798/1/012001,Energy Efficient Buildings with Algae,Iop Conference Series Earth and Environmental Science,Conference Paper,ok,uncertain_fulltext,,low,abstract,,,,facade but abstract gives no explicit movement/optical/thermal cue
2-s2.0-85112492238,10.1088/1755-1315/794/1/012182,Office with Kinetic Sunshading Application on Building Envelopes at Setiabudi,Iop Conference Series Earth and Environmental Science,Conference Paper,ok,uncertain_fulltext,,low,abstract,,,,facade but abstract gives no explicit movement/optical/thermal cue
2-s2.0-85113729756,10.3390/ijerph18168870,The significance of occupants’ interaction with their environment on reducing cooling loads and dermatological distresses in east mediterranean climates,International Journal of Environmental Research and Public Health,Article,ok,include,,high,abstract,unclear,unclear,energy,facade + physical movement (movable)
2-s2.0-85112088754,10.3390/su13168701,SLICE: An innovative photovoltaic solution for adaptive envelope prototyping and testing in a relevant environment,Sustainability Switzerland,Article,ok,uncertain_fulltext,,low,abstract,,,,facade but abstract gives no explicit movement/optical/thermal cue
2-s2.0-85107745428,10.1016/j.solener.2021.06.012,Performance prediction of biomimetic adaptive building skins: Integrating multifunctionality through a novel simulation framework,Solar Energy,Article,ok,include,,high,abstract,material-driven,experiment,multiple,facade + physical movement (shape memory; sma)
2-s2.0-85108617942,10.1016/j.solener.2021.06.035,The evolution of building energy retrofit via double-skin and responsive façades: A review,Solar Energy,Article,ok,related_review,review,high,abstract,,,,review/secondary on facade topic — kept for intro/benchmark
2-s2.0-85112097850,10.3390/polym13152554,"The adaptive power of ammophila arenaria: Biomimetic study, systematic observation, parametric design, and experimental tests with bimetal",Polymers,Article,ok,uncertain_fulltext,,low,abstract,,,,facade but abstract gives no explicit movement/optical/thermal cue
2-s2.0-85113210486,10.3390/buildings11080348,"Evaluating the effect of external horizontal fixed shading devices’ geometry on internal air temperature, daylighting and energy demand in hot dry climate. Case study of ghardaïa, algeria",Buildings,Article,ok,include,,high,abstract,mechanical,experiment,multiple,"facade + physical movement (slats, the tilted)"
2-s2.0-85105498606,10.1016/j.rser.2021.111135,A novel musical chairs algorithm applied for MPPT of PV systems,Renewable and Sustainable Energy Reviews,Article,ok,uncertain_fulltext,,low,abstract,,,,facade but abstract gives no explicit movement/optical/thermal cue
2-s2.0-85104915977,10.1016/j.apenergy.2021.116904,Analysis of the impact of automatic shading control scenarios on occupant's comfort and energy load,Applied Energy,Article,ok,include,,high,abstract,unclear,simulation,multiple,facade + physical movement (actuator)
2-s2.0-85111154588,10.3390/su13147670,Parametric design and comfort optimization of dynamic shading structures,Sustainability Switzerland,Article,ok,uncertain_fulltext,,low,abstract,,,,facade but abstract gives no explicit movement/optical/thermal cue
2-s2.0-85109940032,10.3390/ma14143771,Coherent investigation on a smart kinetic wooden façade based on material passport concepts and environmental profile inquiry,Materials,Article,ok,include,,high,abstract,unclear,unclear,energy,facade + physical movement (kinetic façade)
2-s2.0-85109511276,10.3390/buildings11070274,A study on the trends for expression in Korean contemporary architectural facade design: Focusing on large buildings in the city center,Buildings,Article,ok,uncertain_fulltext,,low,abstract,,,,facade but abstract gives no explicit movement/optical/thermal cue
2-s2.0-85114738334,10.7480/jfde.2021.2.5331,Blast resilience enhancement of cable-supported Façade utilizing super-elastic shape memory alloy,Journal of Facade Design and Engineering,Article,ok,include,,high,abstract,material-driven,unclear,none,facade + physical movement (shape memory; shape-memory; sma)
2-s2.0-85100618188,10.1016/j.jobe.2021.102244,An experimental investigation of green wall bio-filter towards air temperature and humidity variation,Journal of Building Engineering,Article,ok,exclude,not_facade,high,abstract,,,,no facade context and no movement signal
2-s2.0-85079369642,10.1177/1420326x20903082,"Biophilic, photobiological and energy-efficient design framework of adaptive building façades for Northern Canada",Indoor and Built Environment,Article,ok,uncertain_fulltext,,low,abstract,,,,facade but abstract gives no explicit movement/optical/thermal cue
2-s2.0-85108017781,10.3390/en14113272,Zero energy building economic and energetic assessment with simulated and real data using photovoltaics and water flow glazing,Energies,Article,ok,uncertain_fulltext,,low,abstract,,,,facade but abstract gives no explicit movement/optical/thermal cue
2-s2.0-85105568411,10.1016/j.solener.2021.04.033,Uncertainty of solar radiation in urban canyons propagates to indoor thermo-visual comfort,Solar Energy,Article,ok,uncertain_fulltext,,low,abstract,,,,facade but abstract gives no explicit movement/optical/thermal cue
2-s2.0-85089452205,10.1007/s12273-020-0674-6,Potential annual daylighting performance of a high-efficiency daylight redirecting slat system,Building Simulation,Article,ok,uncertain_fulltext,,low,abstract,,,,facade but abstract gives no explicit movement/optical/thermal cue
2-s2.0-85105694875,10.1016/j.jweia.2021.104586,Aerodynamic shape optimization of rectangular and elliptical double-skin façades to mitigate wind-induced effects on tall buildings,Journal of Wind Engineering and Industrial Aerodynamics,Article,ok,include,,high,abstract,unclear,experiment,energy,facade + physical movement (morphing)
2-s2.0-85175823497,10.3390/electronicmat2020014,Portable Photovoltaic-Self-Powered Flexible Electrochromic Windows for Adaptive Envelopes,Electronic Materials,Article,ok,exclude,facade_no_movement,high,abstract,,,,"optical/material-state, no geometry (electrochrom)"
2-s2.0-85107426727,10.1088/1742-6596/1904/1/012014,A data-driven method to minimize sensor use for dynamic shading control,Journal of Physics Conference Series,Conference Paper,ok,uncertain_fulltext,,low,abstract,,,,facade but abstract gives no explicit movement/optical/thermal cue
2-s2.0-85104347322,10.1016/j.solener.2021.03.065,"Biophilic photobiological adaptive envelopes for sub-Arctic buildings: Exploring impacts of window sizes and shading panels’ color, reflectance, and configuration",Solar Energy,Article,ok,uncertain_fulltext,,low,abstract,,,,facade but abstract gives no explicit movement/optical/thermal cue
2-s2.0-85106885222,10.3390/en14102946,The significance of the adaptive thermal comfort practice over the structure retrofits to sustain indoor thermal comfort,Energies,Article,ok,uncertain_fulltext,,low,abstract,,,,facade but abstract gives no explicit movement/optical/thermal cue
2-s2.0-85105734919,10.3390/s21103417,Characterizing smart environments as interactive and collective platforms: A review of the key behaviors of responsive architecture,Sensors,Review,ok,related_review,review,high,abstract,,,,review/secondary on facade topic — kept for intro/benchmark
2-s2.0-85103402498,10.1016/j.jweia.2021.104601,A smart façade system controller for optimized wind-induced vibration mitigation in tall buildings,Journal of Wind Engineering and Industrial Aerodynamics,Article,ok,uncertain_fulltext,,low,abstract,,,,facade but abstract gives no explicit movement/optical/thermal cue
2-s2.0-85099208246,10.1016/j.tsep.2020.100812,Numerical investigation of indoor thermal comfort and air quality for a multi-purpose hall with various shading and glazing ratios,Thermal Science and Engineering Progress,Article,ok,uncertain_fulltext,,low,abstract,,,,facade but abstract gives no explicit movement/optical/thermal cue
2-s2.0-85100431205,10.1016/j.jclepro.2021.126117,"Development of an integrated tool based on life cycle assessment, Levelized energy, and life cycle cost analysis to choose sustainable Facade Integrated Photovoltaic Systems",Journal of Cleaner Production,Article,ok,uncertain_fulltext,,low,abstract,,,,facade but abstract gives no explicit movement/optical/thermal cue
2-s2.0-85104917961,10.7480/jfde.2021.1.5535,PAOSS : Pneumatically Actuated Origami Sun Shading,Journal of Facade Design and Engineering,Article,ok,include,,high,abstract,pneumatic-soft,unclear,multiple,facade + physical movement (actuated; origami; pneumatic)
2-s2.0-85104908798,10.7480/jfde.2021.1.5539,Smart Textile Sun Shading Development of Functional ADAPTEX Prototypes,Journal of Facade Design and Engineering,Article,ok,include,,high,abstract,material-driven,prototype,multiple,facade + physical movement (shape memory; sma)
2-s2.0-85100644431,10.1016/j.enbuild.2021.110787,Calibration of energy simulation using optimization for buildings with dynamic shading systems,Energy and Buildings,Article,ok,uncertain_fulltext,,low,abstract,,,,facade but abstract gives no explicit movement/optical/thermal cue
2-s2.0-85101168497,10.1016/j.enbuild.2021.110798,Experimental determination of the building envelope's dynamic thermal characteristics in consideration of hygrothermal modelling – Assessment of methods and sources of uncertainty,Energy and Buildings,Article,ok,uncertain_fulltext,,low,abstract,,,,facade but abstract gives no explicit movement/optical/thermal cue
2-s2.0-85106522002,10.3390/en14071799,Evaluation of building energy performance with optimal control of movable shading device integrated with pv system,Energies,Article,ok,include,,high,abstract,unclear,simulation,energy,facade + physical movement (movable)
2-s2.0-85102298720,10.1016/j.solener.2021.01.059,Optimal control of switchable ethylene-tetrafluoroethylene (ETFE) cushions for building façades,Solar Energy,Article,ok,include,,high,abstract,pneumatic-soft,simulation,energy,facade + physical movement (kinetic shad)
2-s2.0-85098986949,10.1016/j.cad.2020.102988,Integrative design and fabrication methodology for bio-inspired folding mechanisms for architectural applications,CAD Computer Aided Design,Article,ok,include,,high,abstract,pneumatic-soft,experiment,none,facade + physical movement (actuator; compliant mechanism; folding behaviour ladybug wing)
2-s2.0-85105090023,10.3390/en14082195,Life Cycle Assessment of Dynamic Water Flow Glazing Envelopes: A Case Study with Real Test Facilities,Energies,Article,ok,uncertain_fulltext,,low,abstract,,,,facade but abstract gives no explicit movement/optical/thermal cue
2-s2.0-85099257473,10.1007/s40032-020-00657-5,Simplified Model for Directional Delivery of Air Through Louvers Used in Air-Conditioning Systems,Journal of the Institution of Engineers India Series C,Article,ok,uncertain_fulltext,,low,abstract,,,,facade but abstract gives no explicit movement/optical/thermal cue
2-s2.0-85123768643,10.13128/techne-10687,Applied innovation: Technological experiments on biomimetic façade systems and solar panels,Techne,Article,ok,uncertain_fulltext,,low,abstract,,,,facade but abstract gives no explicit movement/optical/thermal cue
2-s2.0-85112087786,10.13128/techne-10699,Novel component for smart sustainable. Building Envelopes,Techne,Article,ok,include,,high,abstract,origami-deployable,prototype,energy,facade + physical movement (components tend to simplify the moving; unfold)
2-s2.0-85100081620,10.1016/j.enbuild.2021.110739,"Assessment of control strategy of adaptive façades for heating, cooling, lighting energy conservation and glare prevention",Energy and Buildings,Article,ok,include,,high,abstract,origami-deployable,case-study,multiple,facade + physical movement (façade having a movable folding; movable)
2-s2.0-85098191209,10.1016/j.energy.2020.119557,Optimal design of an Origami-inspired kinetic façade by balancing composite motion optimization for improving daylight performance and energy efficiency,Energy,Article,ok,include,,high,abstract,origami-deployable,experiment,multiple,facade + physical movement (kinetic façade; kinetic shad; origami)
2-s2.0-85099219026,10.1016/j.buildenv.2020.107570,Ten questions concerning co-simulation for performance prediction of advanced building envelopes,Building and Environment,Article,ok,uncertain_fulltext,,low,abstract,,,,facade but abstract gives no explicit movement/optical/thermal cue
2-s2.0-85098989371,10.1016/j.jobe.2020.102113,Self-shaping building skin: Comparative environmental performance investigation of shape-memory-alloy (SMA) response and artificial-intelligence (AI) kinetic control,Journal of Building Engineering,Article,ok,include,,high,abstract,material-driven,experiment,multiple,facade + physical movement (actuated; actuator; kinetic louver)
2-s2.0-85088952684,10.1016/j.asej.2020.07.007,Thermal performance optimization of parametric building envelope based on bio-mimetic inspiration,Ain Shams Engineering Journal,Review,ok,related_review,review,high,abstract,,,,review/secondary on facade topic — kept for intro/benchmark
2-s2.0-85086149629,10.1108/tr-05-2019-0173,Hospitality technology progress towards intelligent buildings: a perspective article,Tourism Review,Review,ok,related_review,review,high,abstract,,,,review/secondary on facade topic — kept for intro/benchmark
2-s2.0-85096851236,10.1016/j.applthermaleng.2020.116331,"Deployment and control of adaptive building facades for energy generation, thermal insulation, ventilation and daylighting: A review",Applied Thermal Engineering,Article,ok,related_review,review,high,abstract,,,,review/secondary on facade topic — kept for intro/benchmark
2-s2.0-85097079203,10.1016/j.autcon.2020.103464,A review of occupant-centric control strategies for adaptive facades,Automation in Construction,Review,ok,related_review,review,high,abstract,,,,review/secondary on facade topic — kept for intro/benchmark
2-s2.0-85096372838,10.1016/j.enbuild.2020.110589,Development of a performance-based design framework for multifunctional climate-responsive façades,Energy and Buildings,Article,ok,exclude,facade_no_movement,high,abstract,,,,"thermal-dynamic, no moving part (trombe)"
2-s2.0-85136112302,10.1016/b978-0-12-822477-9.00018-8,Biomimetic adaptive building skins: design and performance,Rethinking Building Skins Transformative Technologies and Research Trajectories,Book Chapter,ok,uncertain_fulltext,,low,abstract,,,,facade but abstract gives no explicit movement/optical/thermal cue
2-s2.0-85124765122,,An Autonomous Bio-Inspired Shading Façade System based on Plant Movement Principles,Proceedings of the International Conference on Education and Research in Computer Aided Architectural Design in Europe,Conference Paper,missing,uncertain_fulltext,,low,title_only,,,,facade but abstract gives no explicit movement/optical/thermal cue
2-s2.0-85124652049,10.52842/conf.ecaade.2021.1.365,Towards a Digital Workflow for Designing Bistable Kinetic Façades,Proceedings of the International Conference on Education and Research in Computer Aided Architectural Design in Europe,Conference Paper,ok,include,,high,abstract,compliant,simulation,energy,facade + physical movement (bistable; kinetic façade; kinetic shad)
2-s2.0-85112286642,10.1080/23311983.2021.1960699,A typology of adaptive façades. An empirical study based on the morphology of glazed facades,Cogent Arts and Humanities,Article,ok,uncertain_fulltext,,low,abstract,,,,facade but abstract gives no explicit movement/optical/thermal cue
2-s2.0-85101152885,10.15627/jd.2021.5,Biomimetic kinetic shading facade inspired by tree morphology for improving occupant’s daylight performance,Journal of Daylighting,Article,ok,include,,high,abstract,mechanical,simulation,multiple,facade + physical movement (kinetic façade; kinetic shad)
2-s2.0-85116026456,10.33383/2019-087,Approaches to optimization for movable shading systems: A review of optimization methods and tools,Light and Engineering,Article,ok,related_review,review,high,abstract,,,,review/secondary on facade topic — kept for intro/benchmark
2-s2.0-85136130089,10.1016/b978-0-12-822477-9.00007-3,Embedding intelligence to control adaptive building envelopes,Rethinking Building Skins Transformative Technologies and Research Trajectories,Book Chapter,ok,uncertain_fulltext,,low,abstract,,,,facade but abstract gives no explicit movement/optical/thermal cue
2-s2.0-85078011441,10.1080/17480272.2020.1713885,Programmable passive actuation for adaptive building façade design using hygroscopic properties of wood,Wood Material Science and Engineering,Article,ok,include,,high,abstract,material-driven,experiment,none,facade + physical movement (hygroscopic)
2-s2.0-85088046524,10.1016/j.jobe.2020.101554,A user detective adaptive facade towards improving visual and thermal comfort,Journal of Building Engineering,Article,ok,uncertain_fulltext,,low,abstract,,,,facade but abstract gives no explicit movement/optical/thermal cue
2-s2.0-85121792665,10.2495/sc210331,RESPONSIVE FAÇADES DESIGN USING NANOMATERIALS for OPTIMIZING BUILDINGS' ENERGY PERFORMANCE,Wit Transactions on Ecology and the Environment,Article,ok,uncertain_fulltext,,low,abstract,,,,facade but abstract gives no explicit movement/optical/thermal cue
2-s2.0-85095915818,10.1016/j.autcon.2020.103450,Design approaches and typologies of adaptive facades: A review,Automation in Construction,Review,ok,related_review,review,high,abstract,,,,review/secondary on facade topic — kept for intro/benchmark
2-s2.0-85105823271,10.35378/gujs.725902,Adaptive architecture based on environmental performance: an advanced intelligent façade (Aif) module,Gazi University Journal of Science,Article,ok,include,,high,abstract,unclear,prototype,multiple,facade + physical movement (actuator; kinetic façade)
2-s2.0-85141914528,10.1080/16874048.2021.1920138,"Utilizing dynamic shading system to achieve daylight performance according to LEED standards V.4: case study, university classrooms in Egypt",Hbrc Journal,Article,ok,uncertain_fulltext,,low,abstract,,,,facade but abstract gives no explicit movement/optical/thermal cue
2-s2.0-85101091295,10.1007/978-3-030-59328-5_26,Kinetic Adaptive Façades. A Systematic Review of Technological and Adaptive Features,Polito Springer Series,Book Chapter,ok,related_review,review,high,abstract,,,,review/secondary on facade topic — kept for intro/benchmark
2-s2.0-85106201908,10.1007/978-981-33-6560-5_22,Kinetic Façade Design to Enhance Daylight Performance for Office Building in Malaysia,Lecture Notes in Civil Engineering,Conference Paper,ok,include,,high,abstract,origami-deployable,simulation,daylight,facade + physical movement (foldability where the facade; kinetic facade; kinetic façade)
2-s2.0-85129265183,10.23967/membranes.2021.020,SWITCHING TRANSFORMATION FOR SOFT PNEUMATIC ADAPTIVE SHADING,Structural Membranes 2021 10th International Conference on Textile Composites and Inflatable Structures,Conference Paper,ok,include,,high,abstract,pneumatic-soft,unclear,none,facade + physical movement (inflat; pneumatic)
2-s2.0-85120787117,10.7712/120121.8602.18826,Adaptive bending-active modules for a tensile solar shading system,Compdyn Proceedings,Conference Paper,ok,uncertain_fulltext,,low,abstract,,,,facade but abstract gives no explicit movement/optical/thermal cue
2-s2.0-85120804451,,Geometric patterns and dynamics of foldable moduli for adaptive façades,Compdyn Proceedings,Conference Paper,missing,include,,low,title_only,origami-deployable,unclear,unclear,facade + physical movement (foldable)
2-s2.0-85130738705,10.1109/icaceh54312.2021.9768848,Using Smart Colored Windows for Improving Users' Comfort in Buildings,3rd IEEE International Conference on Architecture Construction Environment and Hydraulics 2021 Icaceh 2021,Conference Paper,ok,exclude,facade_no_movement,high,abstract,,,,"optical/material-state, no geometry (photochrom)"
2-s2.0-85124566177,10.1109/icpse53473.2021.9656867,Assessment of the Potential of Adaptive Building Envelopes in Beirut,2021 10th International Conference on Power Science and Engineering Icpse 2021,Conference Paper,ok,uncertain_fulltext,,low,abstract,,,,facade but abstract gives no explicit movement/optical/thermal cue
2-s2.0-85081920232,10.1080/00038628.2020.1742644,Design-to-fabrication with thermo-responsive shape memory polymer applications for building skins,Architectural Science Review,Article,ok,include,,high,abstract,material-driven,experiment,none,facade + physical movement (shape memory; shape-memory)
2-s2.0-85093962315,10.1016/j.buildenv.2020.107385,Design of a passive mechanical system actuated by the nitinol helical springs for shading and sustainable development purposes of the buildings☆,Building and Environment,Article,ok,include,,high,abstract,material-driven,experiment,multiple,facade + physical movement (actuated; shape memory; shape-memory)
2-s2.0-85079216383,10.1080/00038628.2020.1713042,Development of a self-sufficient dynamic façade within the context of climate change,Architectural Science Review,Article,ok,include,,high,abstract,unclear,experiment,multiple,facade + physical movement (actuator)
2-s2.0-85117696817,10.1007/978-3-030-74349-9_10,Potentials of Plant’s Strategies for an Adaptive Building Envelope,Advances in Science Technology and Innovation,Book Chapter,ok,uncertain_fulltext,,low,abstract,,,,facade but abstract gives no explicit movement/optical/thermal cue
2-s2.0-85129310067,,RETROFITTING OFFICE BUILDINGS: ENHANCING DAYLIGHTING PERFORMANCE WITH SWITCHABLE ETFE DOUBLE-SKIN FAÇADES,Structural Membranes 2021 10th International Conference on Textile Composites and Inflatable Structures,Conference Paper,missing,uncertain_fulltext,,low,title_only,,,,facade but abstract gives no explicit movement/optical/thermal cue
2-s2.0-85137868865,10.1016/b978-0-12-822477-9.00019-x,"Interactive media facades—research prototypes, application areas and future directions",Rethinking Building Skins Transformative Technologies and Research Trajectories,Book Chapter,ok,exclude,facade_no_movement,high,abstract,,,,"media/LED facade — visual only, no physical movement"
2-s2.0-85105299904,10.18848/2325-1662/cgp/v15i01/71-83,Designing an interactive and energy efficient building facade using photo voltaic panels,International Journal of Architectonic Spatial and Environmental Design,Article,ok,include,,high,abstract,unclear,simulation,multiple,facade + physical movement (facade using movable; movable)
2-s2.0-85125762052,,Design of Library Extension Featuring a Parametric/Dynamic Façade and Integrated with the Landscape in UAEU Campus,Zemch International Conference,Conference Paper,missing,uncertain_fulltext,,low,title_only,,,,facade but abstract gives no explicit movement/optical/thermal cue
2-s2.0-85100006012,10.1016/b978-0-12-823767-0.00010-0,Bioshading system design method (BSDM),Climate Change Science Causes Effects and Solutions for Global Warming,Book Chapter,ok,uncertain_fulltext,,low,abstract,,,,facade but abstract gives no explicit movement/optical/thermal cue
2-s2.0-85104797731,10.1080/24751448.2021.1863662,Notes from the Valley of Death: A Case for Entrepreneurship in Architecture,Technology Architecture and Design,Article,ok,uncertain_fulltext,,low,abstract,,,,facade but abstract gives no explicit movement/optical/thermal cue
2-s2.0-85104637043,10.52842/conf.caadria.2021.1.451,The synergy of building massing and facade: An evo-devo approach for performance-based design optimization combining facade design with building massing,Projections Proceedings of the 26th International Conference of the Association for Computer Aided Architectural Design Research in Asia Caadria 2021,Conference Paper,ok,uncertain_fulltext,,low,abstract,,,,facade but abstract gives no explicit movement/optical/thermal cue
2-s2.0-85124977232,10.1109/imcet53404.2021.9665544,On the possibility of using simple weather forecast in the adaptation of building envelopes for energy efficiency,2021 IEEE 3rd International Multidisciplinary Conference on Engineering Technology Imcet 2021,Conference Paper,ok,uncertain_fulltext,,low,abstract,,,,facade but abstract gives no explicit movement/optical/thermal cue
2-s2.0-85136160419,10.1016/b978-0-12-822477-9.00022-x,"Inverse design for advanced building envelope materials, systems and operation",Rethinking Building Skins Transformative Technologies and Research Trajectories,Book Chapter,ok,uncertain_fulltext,,low,abstract,,,,facade but abstract gives no explicit movement/optical/thermal cue
2-s2.0-85121868197,,Living cities: A dialogue between environment and construction,Sustainable Mediterranean Construction,Article,missing,exclude,not_facade,low,title_only,,,,no facade context and no movement signal
2-s2.0-85119206483,10.1080/19401493.2021.1991475,Dynamic heat transfer simulation method of building envelope based on Laguerre polynomials model order reduction,Journal of Building Performance Simulation,Article,ok,uncertain_fulltext,,low,abstract,,,,facade but abstract gives no explicit movement/optical/thermal cue
2-s2.0-85171377186,10.1016/b978-0-12-823764-9.00009-1,Biointelligent quotient house as an algae-based green building,Handbook of Algal Biofuels Aspects of Cultivation Conversion and Biorefinery,Book Chapter,ok,uncertain_fulltext,,low,abstract,,,,facade but abstract gives no explicit movement/optical/thermal cue
2-s2.0-85103482905,10.1007/978-3-030-63879-5_8,Calculation of Thermal Dynamic Characteristics of the Residential Buildings Living Walls,Lecture Notes in Civil Engineering,Conference Paper,ok,exclude,facade_no_movement,high,abstract,,,,"thermal-dynamic, no moving part (thermal mass)"
2-s2.0-85122146867,10.23967/wccm-eccomas.2020.097,Computational modeling of the mechanics of energy harvesters based on tensegrity solar faÇades,World Congress in Computational Mechanics and Eccomas Congress,Conference Paper,ok,uncertain_fulltext,,low,abstract,,,,facade but abstract gives no explicit movement/optical/thermal cue
2-s2.0-85098179020,10.1007/978-981-15-8783-2_24,Smart Materials for Adaptive Façade Systems. The Case Study of SELFIE Components,Smart Innovation Systems and Technologies,Conference Paper,ok,exclude,facade_no_movement,high,abstract,,,,"thermal-dynamic, no moving part (pcm; thermal energy storage)"
2-s2.0-85111509119,10.46754/jssm.2021.06.011,A Qualitative Study On Airflow Characteristics Across A Wooden Slotted Down Window Panel For Passive Ventilation And Façade Shading Application,Journal of Sustainability Science and Management,Article,ok,include,,high,abstract,material-driven,experiment,multiple,facade + physical movement (hygroscopic)
2-s2.0-85112712446,10.2478/rtuect-2021-0033,Laboratory Testing of Small-Scale Active Solar Façade Module,Environmental and Climate Technologies,Article,ok,exclude,facade_no_movement,high,abstract,,,,"thermal-dynamic, no moving part (phase change material)"
2-s2.0-85100042183,10.3390/biomimetics6010008,Proof of concept (Poc) 1.0—implementing a bioshading system design method,Biomimetics,Article,ok,uncertain_fulltext,,low,abstract,,,,facade but abstract gives no explicit movement/optical/thermal cue
2-s2.0-85101800826,10.1080/09613218.2021.1889950,Thermal performance of alternative binders lime hemp concrete (LHC) building: comparison with conventional building materials,Building Research and Information,Article,ok,uncertain_fulltext,,low,abstract,,,,facade but abstract gives no explicit movement/optical/thermal cue
2-s2.0-85113814258,10.14455/isec.2021.8(1).str-12,Full-scale experimental testing to investigate windwind-induced vibrations on curtain wall systems,Proceedings of International Structural Engineering and Construction,Conference Paper,ok,uncertain_fulltext,,low,abstract,,,,facade but abstract gives no explicit movement/optical/thermal cue
2-s2.0-85107476783,10.1080/09613218.2021.1934377,Thermal pleasure inside solar screened spaces: an experimental study to explore alliesthesia in architecture,Building Research and Information,Article,ok,include,,high,abstract,unclear,experiment,none,facade + physical movement (movable)
2-s2.0-85099293992,10.1080/10420150.2020.1867138,Kinetic envelope soliton in non-thermal quantum pair-ion plasma and Wigner stability,Radiation Effects and Defects in Solids,Article,ok,include,,high,abstract,unclear,experiment,none,facade + physical movement (kinetic envelope)
2-s2.0-85097823159,10.1007/978-3-030-63403-2_39,The Contribution of Great Circles for Building Retractable Polyhedra,Advances in Intelligent Systems and Computing,Conference Paper,ok,include,,high,abstract,mechanical,prototype,none,facade + physical movement (morphing; retractable)
2-s2.0-85133611540,10.24154/jhs.v16i2.986,Phytoremediation of indoor air pollutants: Harnessing the potential of plants beyond aesthetics,Journal of Horticultural Sciences,Review,ok,exclude,not_facade,high,abstract,,,,off-topic review
2-s2.0-85104604035,10.1515/cls-2021-0013,Folded surface elements coupled with planar scissor linkages: A novel hybrid type of deployable structures,Curved and Layered Structures,Article,ok,uncertain_fulltext,,low,abstract,,,,movement mechanism but facade context unclear
2-s2.0-85171538240,10.33586/hya.2019.2882,Forming process of façade panels by curved folding with combined geometric and mechanical optimisation,Hormigon Y Acero,Article,ok,include,,high,abstract,origami-deployable,simulation,none,facade + physical movement (façade panels by curved folding)
2-s2.0-85091640124,10.1016/j.jclepro.2020.123343,Potential of building integrated and attached/applied photovoltaic (BIPV/BAPV) for adaptive less energy-hungry building's skin: A comprehensive review,Journal of Cleaner Production,Review,ok,related_review,review,high,abstract,,,,review/secondary on facade topic — kept for intro/benchmark
2-s2.0-85097157612,10.1002/bapi.202000034,Exploring the potential of dynamic façade systems: an exterior shading system versus a switchable window,Bauphysik,Article,ok,exclude,facade_no_movement,high,abstract,,,,"optical/material-state, no geometry (switchable window)"
2-s2.0-85097083308,10.3390/su122310118,Development and validation of a roadmap to assist the performance-based early-stage design process of adaptive opaque facades,Sustainability Switzerland,Article,ok,uncertain_fulltext,,low,abstract,,,,facade but abstract gives no explicit movement/optical/thermal cue
2-s2.0-85092929162,10.1016/j.eng.2020.07.020,Tall Buildings with Dynamic Facade Under Winds,Engineering,Article,ok,include,,high,abstract,unclear,simulation,energy,facade + physical movement (morphing)
2-s2.0-85096679911,10.1016/j.solener.2020.11.003,Evaluation of the effectiveness of a multi-sectional facade with Venetian blinds and roller shades with automated shading control strategies,Solar Energy,Article,ok,include,,high,abstract,unclear,simulation,multiple,facade + physical movement (movable; shading state to model movable)
2-s2.0-85090706239,10.1016/j.autcon.2020.103397,A fuzzy-logic IoT lighting and shading control system for smart buildings,Automation in Construction,Article,ok,include,,high,abstract,unclear,prototype,daylight,facade + physical movement (adjusting both shading)
2-s2.0-85097335556,10.13140/rg.2.2.19636.72327,The adaptive envelope and its role in providing improvements for high-rise buildings performance,Journal of Engineering and Applied Science,Article,missing,uncertain_fulltext,,low,title_only,,,,facade but abstract gives no explicit movement/optical/thermal cue
2-s2.0-85099220530,10.1186/s43065-020-00011-0,Large-scale inflatable structures for tunnel protection: a review of the Resilient Tunnel Plug project,Journal of Infrastructure Preservation and Resilience,Review,ok,related_review,review,high,abstract,,,,review/secondary on facade topic — kept for intro/benchmark
2-s2.0-85099553034,10.1109/eeae49144.2020.9279078,The influence of solar-shading systems on an office building cooling load,2020 7th International Conference on Energy Efficiency and Agricultural Engineering EE and Ae 2020 Proceedings,Conference Paper,ok,uncertain_fulltext,,low,abstract,,,,facade but abstract gives no explicit movement/optical/thermal cue
2-s2.0-85096432051,10.1088/1757-899x/951/1/012014,Progressive Collapse of flat slab structures-key elements and connections,Iop Conference Series Materials Science and Engineering,Conference Paper,ok,uncertain_fulltext,,low,abstract,,,,facade but abstract gives no explicit movement/optical/thermal cue
2-s2.0-85089419516,10.1016/j.enbuild.2020.110377,Tunable infrared transmission for energy-efficient pneumatic building façades,Energy and Buildings,Article,ok,include,,high,abstract,pneumatic-soft,simulation,energy,facade + physical movement (pneumatic)
2-s2.0-85091204812,10.1016/j.buildenv.2020.107292,A multi-objective optimization approach for climate-adaptive building envelope design using parametric behavior maps,Building and Environment,Article,ok,uncertain_fulltext,,low,abstract,,,,facade but abstract gives no explicit movement/optical/thermal cue
2-s2.0-85087678583,10.1016/j.scs.2020.102368,Optimum design of building integrated PV module as a movable shading device,Sustainable Cities and Society,Article,ok,include,,high,abstract,mechanical,unclear,energy,facade + physical movement (module as a movable; movable)
2-s2.0-85089254762,10.1007/s40940-020-00126-6,Slumped IGU’s with large airspaces: engineering challenges and solutions,Glass Structures and Engineering,Article,ok,uncertain_fulltext,,low,abstract,,,,facade but abstract gives no explicit movement/optical/thermal cue
2-s2.0-85060331691,10.1080/17508975.2018.1562414,Factors affecting the design and development of responsive facades: a historical evolution,Intelligent Buildings International,Review,ok,related_review,review,high,abstract,,,,review/secondary on facade topic — kept for intro/benchmark
2-s2.0-85094943627,10.1088/1361-665x/abb987,"Design, prototyping, and evaluation of a concept for a shape-changing smart material building surface tile",Smart Materials and Structures,Article,ok,include,,high,abstract,material-driven,experiment,energy,facade + physical movement (shape memory)
2-s2.0-85096526581,,The impact of kinetic principles of traditional architecture in producing modern kinetic buildings,Journal of Green Engineering,Article,missing,exclude,not_facade,low,title_only,,,,no facade context and no movement signal
2-s2.0-85090335845,10.1016/j.jmsy.2020.08.017,A comprehensive adaptive approach to calculating the envelope surface of the digital models in CNC machining,Journal of Manufacturing Systems,Article,ok,uncertain_fulltext,,low,abstract,,,,facade but abstract gives no explicit movement/optical/thermal cue
2-s2.0-85084033487,10.1016/j.jobe.2020.101404,Integrating interactive kinetic façade design with colored glass to improve daylight performance based on occupants’ position,Journal of Building Engineering,Article,ok,include,,high,abstract,mechanical,simulation,multiple,facade + physical movement (kinetic facade; kinetic façade)
2-s2.0-85084830682,10.1002/ese3.725,Future trends and main concepts of adaptive facade systems,Energy Science and Engineering,Article,ok,uncertain_fulltext,,low,abstract,,,,facade but abstract gives no explicit movement/optical/thermal cue
2-s2.0-85085270237,10.1016/j.scs.2020.102232,Dynamic Climate Analysis for early design stages: a new methodological approach to detect preferable Adaptive Opaque Façade Responses,Sustainable Cities and Society,Article,ok,uncertain_fulltext,,low,abstract,,,,facade but abstract gives no explicit movement/optical/thermal cue
2-s2.0-85083000344,10.1016/j.jobe.2020.101397,Prototype of a cyber-physical façade system,Journal of Building Engineering,Article,ok,include,,high,abstract,unclear,prototype,energy,facade + physical movement (actuator)
2-s2.0-85086497914,10.1061/(asce)ae.1943-5568.0000419,New Approach in Designing a Kinetic Window Shading Using Optimization Methods,Journal of Architectural Engineering,Article,ok,uncertain_fulltext,,low,abstract,,,,facade but abstract gives no explicit movement/optical/thermal cue
2-s2.0-85090845855,10.3390/polym12091914,Shape memory polymer foam with programmable apertures,Polymers,Article,ok,include,,high,abstract,material-driven,experiment,energy,facade + physical movement (shape memory; shape-memory)
2-s2.0-85085250686,10.1061/(asce)ae.1943-5568.0000410,Simulation Workflow for Parametric Optimization of Outdoor Comfort-Based Origami Shelter,Journal of Architectural Engineering,Article,ok,include,,high,abstract,origami-deployable,simulation,comfort,facade + physical movement (origami)
2-s2.0-85087008459,10.1016/j.ejvs.2020.05.023,Early Renal Function Alterations in Renal Branches vs. Renal Fenestrations – A Dynamic Scintigraphy Based Prospective Study,European Journal of Vascular and Endovascular Surgery,Article,ok,uncertain_fulltext,,low,abstract,,,,facade but abstract gives no explicit movement/optical/thermal cue
2-s2.0-85090332201,10.1088/1757-899x/890/1/012169,Images of associative psychology as a generator of architectural education ideas,Iop Conference Series Materials Science and Engineering,Conference Paper,ok,uncertain_fulltext,,low,abstract,,,,facade but abstract gives no explicit movement/optical/thermal cue
2-s2.0-85091373991,10.1088/1757-899x/879/1/012145,Utilizing Technology of Dynamic Faces on Buildings,Iop Conference Series Materials Science and Engineering,Conference Paper,ok,uncertain_fulltext,,low,abstract,,,,facade but abstract gives no explicit movement/optical/thermal cue
2-s2.0-85086162735,10.1016/j.solener.2020.05.087,Innovative control approaches to assess energy implications of adaptive facades based on simulation using EnergyPlus,Solar Energy,Article,ok,uncertain_fulltext,,low,abstract,,,,facade but abstract gives no explicit movement/optical/thermal cue
2-s2.0-85089192606,10.1039/c9se01246j,Destructive reverse bias pinning in perovskite/silicon tandem solar modules caused by perovskite hysteresis under dynamic shading,Sustainable Energy and Fuels,Article,ok,uncertain_fulltext,,low,abstract,,,,facade but abstract gives no explicit movement/optical/thermal cue
2-s2.0-85083816257,10.1016/j.enbuild.2020.110020,Parametric behavior maps: A method for evaluating the energy performance of climate-adaptive building envelopes,Energy and Buildings,Article,ok,exclude,facade_no_movement,high,abstract,,,,"thermal-dynamic, no moving part (thermal energy storage)"
2-s2.0-85088433108,10.3389/fbuil.2020.00095,Integrating Ionic Electroactive Polymer Actuators and Sensors Into Adaptive Building Skins – Potentials and Limitations,Frontiers in Built Environment,Article,ok,include,,high,abstract,unclear,experiment,multiple,facade + physical movement (actuated; actuator)
2-s2.0-85089198087,10.3390/buildings10070114,A framework to achieve multifunctionality in biomimetic adaptive building skins,Buildings,Article,ok,uncertain_fulltext,,low,abstract,,,,facade but abstract gives no explicit movement/optical/thermal cue
2-s2.0-85083325294,10.1016/j.enbuild.2020.110050,Energy consumption of water-filled glass (WFG) hybrid building envelope,Energy and Buildings,Article,ok,uncertain_fulltext,,low,abstract,,,,facade but abstract gives no explicit movement/optical/thermal cue
2-s2.0-85088457239,10.1051/e3sconf/202017202009,Managing climate-change-induced overheating in non-residential buildings,E3s Web of Conferences,Conference Paper,ok,exclude,facade_no_movement,high,abstract,,,,"thermal-dynamic, no moving part (heat storage)"
2-s2.0-85081652116,10.1016/j.jclepro.2020.120708,An experimental study of vertical greenery systems for window shading for energy saving in summer,Journal of Cleaner Production,Article,ok,include,,high,abstract,unclear,experiment,multiple,facade + physical movement (movable)
2-s2.0-85087331408,10.1088/1755-1315/503/1/012012,Heating and Cooling Energy Savings of a Proposed Variable Thermal Resistance Envelope (Dynamic EIFS) in Office Buildings,Iop Conference Series Earth and Environmental Science,Conference Paper,ok,uncertain_fulltext,,low,abstract,,,,facade but abstract gives no explicit movement/optical/thermal cue
2-s2.0-85084736550,10.1016/j.buildenv.2020.106880,Occupant-Facade interaction: a review and classification scheme,Building and Environment,Article,ok,related_review,review,high,abstract,,,,review/secondary on facade topic — kept for intro/benchmark
2-s2.0-85083332795,10.1016/j.enbuild.2020.109968,Auto-responsive technologies for thermal renovation of opaque facades,Energy and Buildings,Article,ok,uncertain_fulltext,,low,abstract,,,,facade but abstract gives no explicit movement/optical/thermal cue
2-s2.0-85088145745,10.1088/1757-899x/809/1/012005,Research on Adaptive Facade Renovation Design of Industrial Architectural Heritage: A Case Study of Nanjing Hutchison Factory,Iop Conference Series Materials Science and Engineering,Conference Paper,ok,uncertain_fulltext,,low,abstract,,,,facade but abstract gives no explicit movement/optical/thermal cue
2-s2.0-85076254654,10.1016/j.foar.2019.10.004,A computational approach for achieving optimum daylight inside buildings through automated kinetic shading systems,Frontiers of Architectural Research,Article,ok,include,,high,abstract,mechanical,simulation,multiple,facade + physical movement (kinetic shad)
2-s2.0-85085911472,10.3390/su12114391,Performance evaluation and design of thermo-responsive SMP shading prototypes,Sustainability Switzerland,Article,ok,include,,high,abstract,material-driven,experiment,multiple,facade + physical movement (shape memory; shape-memory)
2-s2.0-85094812727,10.1109/icsmartgrid49881.2020.9144954,Modeling and Implementation of an Adaptive Facade Design for Energy Efficiently Buildings Based Biomimicry,8th International Conference on Smart Grid Icsmartgrid 2020,Conference Paper,ok,uncertain_fulltext,,low,abstract,,,,facade but abstract gives no explicit movement/optical/thermal cue
2-s2.0-85081115350,10.1016/j.autcon.2020.103151,3D-printed attachable kinetic shading device with alternate actuation: Use of shape-memory alloy (SMA) for climate-adaptive responsive architecture,Automation in Construction,Article,ok,include,,high,abstract,material-driven,prototype,none,facade + physical movement (actuator; kinetic shad; origami)
2-s2.0-85128181107,,"Wood-based Responsive Systems: A Workflow for Simulating, Predicting and Steering Material Performance in Architectural Design",Simaud 2020 Proceedings of the 11th Annual Symposium on Simulation for Architecture and Urban Design,Conference Paper,missing,uncertain_fulltext,,low,title_only,,,,facade but abstract gives no explicit movement/optical/thermal cue
2-s2.0-85140060613,,Hydrogel-Based Evaporative and Radiative Cooling Prototype for Hot-Arid Climates,Simaud 2020 Proceedings of the 11th Annual Symposium on Simulation for Architecture and Urban Design,Conference Paper,missing,exclude,not_facade,low,title_only,,,,no facade context and no movement signal
2-s2.0-85081731264,10.1016/j.buildenv.2020.106801,A review of automatic control strategies based on simulations for adaptive facades,Building and Environment,Review,ok,related_review,review,high,abstract,,,,review/secondary on facade topic — kept for intro/benchmark
2-s2.0-85081216955,10.1016/j.apenergy.2020.114797,Enhancing building energy efficiency by adaptive façade: A computational optimization approach,Applied Energy,Article,ok,uncertain_fulltext,,low,abstract,,,,facade but abstract gives no explicit movement/optical/thermal cue
2-s2.0-85081971163,10.1016/j.solener.2020.03.017,Influence of two motion types on solar transmittance and daylight performance of dynamic façades,Solar Energy,Article,ok,uncertain_fulltext,,low,abstract,,,,facade but abstract gives no explicit movement/optical/thermal cue
2-s2.0-85079325450,10.1016/j.autcon.2020.103113,Automated adaptive façade functions in practice - Case studies on office buildings,Automation in Construction,Article,ok,uncertain_fulltext,,low,abstract,,,,facade but abstract gives no explicit movement/optical/thermal cue
2-s2.0-85079685271,10.1016/j.rser.2020.109719,Simulation and experimental validation of fast adaptive particle swarm optimization strategy for photovoltaic global peak tracker under dynamic partial shading,Renewable and Sustainable Energy Reviews,Article,ok,uncertain_fulltext,,low,abstract,,,,facade but abstract gives no explicit movement/optical/thermal cue
2-s2.0-85080077231,10.1016/j.energy.2020.117190,Energy savings and daylighting evaluation of dynamic venetian blinds and lighting through full-scale experimental testing,Energy,Article,ok,uncertain_fulltext,,low,abstract,,,,facade but abstract gives no explicit movement/optical/thermal cue
2-s2.0-85077903224,10.1002/stc.2463,Explorative study on adaptive facades with superelastic antagonistic actuation,Structural Control and Health Monitoring,Article,ok,include,,high,abstract,unclear,experiment,none,facade + physical movement (actuated)
2-s2.0-85083718105,10.1371/journal.pone.0231554,Occupant-centered optimization framework to evaluate and design new dynamic shading typologies,Plos One,Article,ok,uncertain_fulltext,,low,abstract,,,,facade but abstract gives no explicit movement/optical/thermal cue
2-s2.0-85083001459,10.1016/j.mechrescom.2020.103503,Mechanics of smart origami sunscreens with energy harvesting ability,Mechanics Research Communications,Article,ok,include,,high,abstract,origami-deployable,simulation,energy,facade + physical movement (origami)
2-s2.0-85084984543,10.18280/ijdne.150210,Towards efficient green architecture and sustainable facades using novel brick design,International Journal of Design and Nature and Ecodynamics,Article,ok,uncertain_fulltext,,low,abstract,,,,facade but abstract gives no explicit movement/optical/thermal cue
2-s2.0-85083862307,10.1109/tvt.2020.2974506,Adaptive Deep Learning Aided Digital Predistorter Considering Dynamic Envelope,IEEE Transactions on Vehicular Technology,Article,ok,uncertain_fulltext,,low,abstract,,,,facade but abstract gives no explicit movement/optical/thermal cue
2-s2.0-85082575519,10.1088/1755-1315/426/1/012107,A study of an adaptive building facade in West Jakarta,Iop Conference Series Earth and Environmental Science,Conference Paper,ok,uncertain_fulltext,,low,abstract,,,,facade but abstract gives no explicit movement/optical/thermal cue
2-s2.0-85082446690,10.1088/1757-899x/753/2/022065,The Prospects of Application in Russia New Generation of Envelopes - Dynamic/Adaptive Facades,Iop Conference Series Materials Science and Engineering,Conference Paper,ok,uncertain_fulltext,,low,abstract,,,,facade but abstract gives no explicit movement/optical/thermal cue
2-s2.0-85078165861,10.1016/j.enbuild.2020.109762,An assessment of the load modifying potential of model predictive controlled dynamic facades within the California context,Energy and Buildings,Article,ok,exclude,facade_no_movement,high,abstract,,,,"optical/material-state, no geometry (electrochrom)"
2-s2.0-85101734566,10.5749/envispacplac.12.1.0110,"(In)stable Boundaries–towards Adaptive Architecture: Interrelated Changes in Architecture, Atmosphere and Human Experience",Environment Space Place,Article,ok,include,,high,abstract,unclear,unclear,daylight,facade + physical movement (kinetic façade)
2-s2.0-85076591468,10.1016/j.enbuild.2019.109661,Economic model predictive control of space heating and dynamic solar shading,Energy and Buildings,Article,ok,uncertain_fulltext,,low,abstract,,,,facade but abstract gives no explicit movement/optical/thermal cue
2-s2.0-85074022155,10.1080/23744731.2019.1642095,Body force model for simulating airflow through dynamically oscillating louvers,Science and Technology for the Built Environment,Article,ok,uncertain_fulltext,,low,abstract,,,,facade but abstract gives no explicit movement/optical/thermal cue
2-s2.0-85101809210,10.3390/buildings10020022,Evaluating the Influence of Varied External Shading Elements on Internal Daylight Illuminances,Buildings,Article,ok,include,,high,abstract,mechanical,simulation,daylight,facade + physical movement (adjusted louvers)
2-s2.0-85081231680,10.3390/app10041218,A methodology of interactive motion facades design through parametric strategies,Applied Sciences Switzerland,Article,ok,uncertain_fulltext,,low,abstract,,,,facade but abstract gives no explicit movement/optical/thermal cue
2-s2.0-85072035566,10.1007/s12273-019-0562-0,Comparison of passive cooling techniques in reducing overheating of clay-straw building in semi-arid climate,Building Simulation,Article,ok,include,,high,abstract,unclear,simulation,multiple,facade + physical movement (movable)
2-s2.0-85076808957,10.1080/13467581.2019.1696206,Design strategies and energy performance of a net-zero energy house based on natural philosophy,Journal of Asian Architecture and Building Engineering,Article,ok,uncertain_fulltext,,low,abstract,,,,facade but abstract gives no explicit movement/optical/thermal cue
2-s2.0-85184991093,,The impact of kinetic facades on building occupants Psychological state and cognitive performance,PLEA 2020 35th PLEA Conference on Passive and Low Energy Architecture Planning Post Carbon Cities Proceedings,Conference Paper,missing,include,,low,title_only,unclear,unclear,unclear,facade + physical movement (kinetic facade)
2-s2.0-85067350173,10.1007/978-3-030-20151-7_37,Dynamic Façades: Optimization of Natural Light at Workplaces,Advances in Intelligent Systems and Computing,Conference Paper,ok,uncertain_fulltext,,low,abstract,,,,facade but abstract gives no explicit movement/optical/thermal cue
2-s2.0-85085959044,10.1007/978-3-030-33570-0_19,Adaptive skins: towards new material systems,Research for Development,Book Chapter,ok,include,,high,abstract,material-driven,experiment,multiple,facade + physical movement (shape memory; soft robot)
2-s2.0-85091338421,10.52842/conf.caadria.2020.1.579,Parametric modelling and simulation of an indoor temperature responsive rotational shading system design,Re Anthropocene Design in the Age of Humans Proceedings of the 25th International Conference on Computer Aided Architectural Design Research in Asia Caadria 2020,Conference Paper,ok,include,,high,abstract,mechanical,prototype,multiple,facade + physical movement (rotational shading; shading system rotating)
2-s2.0-85097526375,10.21533/pen.v8.i3.1222,Designing a dynamic fenestration to improve visual performance in educational spaces using daylight,Periodicals of Engineering and Natural Sciences,Article,ok,uncertain_fulltext,,low,abstract,,,,facade but abstract gives no explicit movement/optical/thermal cue
2-s2.0-85128244716,10.52842/conf.ecaade.2020.1.133,Hygrosensitive Kinetic Facade: A full-scale meteorosensitive shading system based on wood's self-actuated hygroscopic behavior,Proceedings of the International Conference on Education and Research in Computer Aided Architectural Design in Europe,Conference Paper,ok,include,,high,abstract,material-driven,experiment,none,facade + physical movement (actuated; hygroscopic; kinetic facade)
2-s2.0-85088049126,10.1016/j.promfg.2020.02.212,Transformable building envelope design in architectural education,Procedia Manufacturing,Conference Paper,ok,uncertain_fulltext,,low,abstract,,,,facade but abstract gives no explicit movement/optical/thermal cue
2-s2.0-85086049751,10.1007/978-3-030-47016-6_3,Selected high-performance building envelopes,Green Energy and Technology,Book Chapter,ok,uncertain_fulltext,,low,abstract,,,,facade but abstract gives no explicit movement/optical/thermal cue
2-s2.0-85185220756,,The Impact of Static and Dynamic Solar Screens on the Indoor Thermal Environment and Predicted Thermal Comfort,PLEA 2020 35th PLEA Conference on Passive and Low Energy Architecture Planning Post Carbon Cities Proceedings,Conference Paper,missing,exclude,not_facade,low,title_only,,,,no facade context and no movement signal
2-s2.0-85085959535,10.52842/conf.caadria.2020.1.035,Thermo-shading: Digital design and additive manufacturing of SMP prototypes,Re Anthropocene Design in the Age of Humans Proceedings of the 25th International Conference on Computer Aided Architectural Design Research in Asia Caadria 2020,Conference Paper,ok,include,,high,abstract,material-driven,experiment,none,facade + physical movement (actuator)
2-s2.0-85085729836,10.1117/12.2558972,Aerodynamic mitigation of origami-inspired building structures subjected to hurricane wind loads,Proceedings of SPIE the International Society for Optical Engineering,Conference Paper,ok,include,,high,abstract,origami-deployable,experiment,none,facade + physical movement (kirigami; origami)
2-s2.0-85141912564,,"Single-Skin and Multi-Skin Building Envelopes in Extreme Sub-Arctic Climates: Biophilic, Healthy Lighting and Thermal Performance Evaluations",PLEA 2020 35th PLEA Conference on Passive and Low Energy Architecture Planning Post Carbon Cities Proceedings,Conference Paper,missing,uncertain_fulltext,,low,title_only,,,,facade but abstract gives no explicit movement/optical/thermal cue
2-s2.0-85099731186,,Dynamics of tensegrity solar FaÇades operating as mechanical energy harvesters,Proceedings of the International Conference on Structural Dynamic Eurodyn,Conference Paper,missing,uncertain_fulltext,,low,title_only,,,,facade but abstract gives no explicit movement/optical/thermal cue
2-s2.0-85103648888,,Semi-passive architecture facade design,Proceedings of the International Conference of Architectural Science Association,Conference Paper,missing,uncertain_fulltext,,low,title_only,,,,facade but abstract gives no explicit movement/optical/thermal cue
2-s2.0-85090284654,10.2478/rtuect-2020-0027,Solar Facade Module for Nearly Zero Energy Building. Extended Test Period,Environmental and Climate Technologies,Article,ok,exclude,facade_no_movement,high,abstract,,,,"thermal-dynamic, no moving part (pcm)"
2-s2.0-85089282163,10.1016/b978-0-12-819481-2.00012-x,Building integrated photobioreactor,Bio Based Materials and Biotechnologies for Eco Efficient Construction,Book Chapter,ok,uncertain_fulltext,,low,abstract,,,,facade but abstract gives no explicit movement/optical/thermal cue
2-s2.0-85104924617,10.52842/conf.acadia.2020.1.360,Adaptive textile facades through the integration of shape memory alloy,Proceedings of the 40th Annual Conference of the Association for Computer Aided Design in Architecture Distributed Proximities Acadia 2020,Conference Paper,ok,include,,high,abstract,material-driven,experiment,energy,facade + physical movement (actuator; facade deployment; shape memory)
2-s2.0-85096044479,10.7480/jfde.2020.1.4700,A novel approach to shape memory alloys applied to passive adaptive shading systems,Journal of Facade Design and Engineering,Article,ok,include,,high,abstract,material-driven,experiment,none,facade + physical movement (actuator; shape memory; shape-memory)
2-s2.0-105007397822,10.1002/9783433609613.ch37,The use of biological models for building engineering design,Physical Models their Historical and Current Use in Civil and Building Engineering Design,Book Chapter,ok,uncertain_fulltext,,low,abstract,,,,facade but abstract gives no explicit movement/optical/thermal cue
2-s2.0-85184995407,,Thermo-Spatial Performances of Eight Responsive Envelopes Simulation Studies Benchmarking Built Active Solar Shading Envelopes,PLEA 2020 35th PLEA Conference on Passive and Low Energy Architecture Planning Post Carbon Cities Proceedings,Conference Paper,missing,uncertain_fulltext,,low,title_only,,,,facade but abstract gives no explicit movement/optical/thermal cue
2-s2.0-85090259646,10.4186/ej.2020.24.4.229,Prototype of automated shading device: preliminary development,Engineering Journal,Article,ok,include,,high,abstract,mechanical,prototype,multiple,facade + physical movement (actuator; shading devices particularly movable)
2-s2.0-85083065546,10.1007/978-3-030-29041-2_35,Moving Forward to 3D/4D Printed Building Facades,Lecture Notes in Mechanical Engineering,Conference Paper,ok,include,,high,abstract,material-driven,unclear,energy,facade + physical movement (4d print; kinetic facade)
2-s2.0-85108424163,10.14455/isec.res.2020.7(1).str-36,Effect of applied interior thermal insulation systems on the energy performance of a historical/contemporary masonry,Proceedings of International Structural Engineering and Construction,Conference Paper,ok,uncertain_fulltext,,low,abstract,,,,facade but abstract gives no explicit movement/optical/thermal cue
2-s2.0-85128206398,10.52842/conf.ecaade.2020.2.641,Extending the Passive Actuation of Low-tech Architectural Adaptive Systems by Integrating Hygroscopic and Thermal Properties of Wood,Proceedings of the International Conference on Education and Research in Computer Aided Architectural Design in Europe,Conference Paper,ok,include,,high,abstract,material-driven,experiment,energy,facade + physical movement (hygroscopic)
2-s2.0-85091330349,10.52842/conf.caadria.2020.1.223,Hygro-compliant: Responsive architecture with passively actuated compliant mechanisms,Re Anthropocene Design in the Age of Humans Proceedings of the 25th International Conference on Computer Aided Architectural Design Research in Asia Caadria 2020,Conference Paper,ok,uncertain_fulltext,,low,abstract,,,,movement mechanism but facade context unclear
2-s2.0-85100391054,,The modern movement heritage: Proto-bioclimatic solutions and building elements,Rehabend,Conference Paper,missing,exclude,not_facade,low,title_only,,,,"cross-domain (music), no facade context"
2-s2.0-85105728083,,Quantifying the residential demand response participation of dynamic building envelopes,ASHRAE Transactions,Conference Paper,missing,uncertain_fulltext,,low,title_only,,,,facade but abstract gives no explicit movement/optical/thermal cue
2-s2.0-85096921942,10.14455/isec.res.2020.7(1).str-36,Effect of applied interior thermal insulation systems on the energy performance of a historical/contemporary masonry,3rd European and Mediterranean Structural Engineering and Construction Conference 2020 Euro Med Sec 2020,Conference Paper,ok,uncertain_fulltext,,low,abstract,,,,facade but abstract gives no explicit movement/optical/thermal cue
2-s2.0-85075417999,10.1016/j.energy.2019.116448,Comparison of energy conservation measures considering adaptive thermal comfort and climate change in existing Mediterranean dwellings,Energy,Article,ok,uncertain_fulltext,,low,abstract,,,,facade but abstract gives no explicit movement/optical/thermal cue
2-s2.0-85088013001,10.1016/j.promfg.2020.02.238,Bioclimatic building design theory and application,Procedia Manufacturing,Conference Paper,ok,uncertain_fulltext,,low,abstract,,,,facade but abstract gives no explicit movement/optical/thermal cue
2-s2.0-85096784584,10.1115/smasis2020-2302,Design optimization of shape memory alloy-based adaptive building skins for thermal regulation,ASME 2020 Conference on Smart Materials Adaptive Structures and Intelligent Systems Smasis 2020,Conference Paper,ok,include,,high,abstract,material-driven,simulation,energy,facade + physical movement (actuator; shape memory; shape-memory)
2-s2.0-85112202244,,Improving the Energy Efficiency Of a Mediterranean High-Rise Envelope,Ctbuh Journal,Article,missing,uncertain_fulltext,,low,title_only,,,,facade but abstract gives no explicit movement/optical/thermal cue
2-s2.0-85090829802,,Numerical and experimental characterization of the thermal behavior of complex fenestrations systems under dynamic conditions,Building Simulation Applications,Conference Paper,missing,uncertain_fulltext,,low,title_only,,,,facade but abstract gives no explicit movement/optical/thermal cue
2-s2.0-85105096140,10.1016/j.ifacol.2020.12.1585,Facade-integrated semi-active vibration control for wind-excited super-slender tall buildings,IFAC Papersonline,Conference Paper,ok,include,,high,abstract,unclear,unclear,comfort,facade + physical movement (movable)
2-s2.0-85097549274,10.3992/jgb.15.4.67,Self-adapting faÇade systems: Experimentation regarding the exploitation of thermal dilation,Journal of Green Building,Article,ok,uncertain_fulltext,,low,abstract,,,,facade but abstract gives no explicit movement/optical/thermal cue
2-s2.0-85070110145,10.1016/j.renene.2019.07.119,Carbon counter electrode mesoscopic ambient processed & characterised perovskite for adaptive BIPV fenestration,Renewable Energy,Article,ok,uncertain_fulltext,,low,abstract,,,,facade but abstract gives no explicit movement/optical/thermal cue
2-s2.0-85095409202,,Investigating the impacts of solar screens on occupant's thermal comfort: An observational field study,ASHRAE Transactions,Conference Paper,missing,exclude,not_facade,low,title_only,,,,no facade context and no movement signal
2-s2.0-85184995809,,The influence of discomfort glare on shading devices and its implications for daylit offices in tropical regions,PLEA 2020 35th PLEA Conference on Passive and Low Energy Architecture Planning Post Carbon Cities Proceedings,Conference Paper,missing,uncertain_fulltext,,low,title_only,,,,facade but abstract gives no explicit movement/optical/thermal cue
2-s2.0-85142154875,,Auto-Responsive Technologies: Criteria for usage in opaque facade thermal rehabilitation,PLEA 2020 35th PLEA Conference on Passive and Low Energy Architecture Planning Post Carbon Cities Proceedings,Conference Paper,missing,uncertain_fulltext,,low,title_only,,,,facade but abstract gives no explicit movement/optical/thermal cue
2-s2.0-85141912734,,Photobiological Climate-Based Lighting Adaptation Scenarios for High-Performance Biophilic Buildings,PLEA 2020 35th PLEA Conference on Passive and Low Energy Architecture Planning Post Carbon Cities Proceedings,Conference Paper,missing,exclude,not_facade,low,title_only,,,,no facade context and no movement signal
2-s2.0-85185001462,,Window Design and the Design of Air Flow Simulation Studies Revealing How Windows Form Air Movement,PLEA 2020 35th PLEA Conference on Passive and Low Energy Architecture Planning Post Carbon Cities Proceedings,Conference Paper,missing,uncertain_fulltext,,low,title_only,,,,facade but abstract gives no explicit movement/optical/thermal cue
2-s2.0-85160419231,,Exergy-Based Responsive Building Composites For Thermal Control Stimuli of an Adaptive Envelope,PLEA 2020 35th PLEA Conference on Passive and Low Energy Architecture Planning Post Carbon Cities Proceedings,Conference Paper,missing,uncertain_fulltext,,low,title_only,,,,facade but abstract gives no explicit movement/optical/thermal cue
2-s2.0-85091707846,,Villa Girasole,Re Anthropocene Design in the Age of Humans Proceedings of the 25th International Conference on Computer Aided Architectural Design Research in Asia Caadria 2020,Conference Paper,missing,exclude,not_facade,low,title_only,,,,no facade context and no movement signal
2-s2.0-85098010750,10.1007/978-3-030-17308-1_41,New technologies for adaptive architecture,Advances in Science Technology and Innovation,Book Chapter,ok,include,,high,abstract,unclear,unclear,energy,facade + physical movement (actuator)
2-s2.0-85098769354,,The concept of application of nanomaterials on the envelope facade of buildings in Egypt,Journal of Engineering and Applied Science,Article,missing,uncertain_fulltext,,low,title_only,,,,facade but abstract gives no explicit movement/optical/thermal cue
2-s2.0-85076982928,10.3390/en13010060,Multi-season assessment of occupant responses to manual shading and dynamic glass in a workplace environment,Energies,Article,ok,exclude,facade_no_movement,high,abstract,,,,"optical/material-state, no geometry (electrochrom; tint)"
2-s2.0-85074177314,10.1016/j.enbuild.2019.109544,Biomimetic adaptive building skins: Energy and environmental regulation in buildings,Energy and Buildings,Article,ok,uncertain_fulltext,,low,abstract,,,,facade but abstract gives no explicit movement/optical/thermal cue
2-s2.0-85074160165,10.1016/j.engstruct.2019.109839,Computational design optimization of a smart material shape changing building skin tile,Engineering Structures,Article,ok,include,,high,abstract,material-driven,simulation,energy,facade + physical movement (actuated; morphing; shape memory)
2-s2.0-85073974533,10.1016/j.enbuild.2019.109543,Modular facade retrofit with renewable energy technologies: The definition and current status in Europe,Energy and Buildings,Review,ok,related_review,review,high,abstract,,,,review/secondary on facade topic — kept for intro/benchmark
2-s2.0-85104165555,,"Dynamic vocabularies: Active facade tectonics: Sensing and reacting to the wicked, complex entanglements of building envelope architecting",Routledge Companion to Paradigms of Performativity in Design and Architecture Using Time to Craft an Enduring Resilient and Relevant Architecture,Book Chapter,missing,uncertain_fulltext,,low,title_only,,,,facade but abstract gives no explicit movement/optical/thermal cue
2-s2.0-85064130830,10.3992/1943-4618.14.1.165,Environmentally responsive kinetic faÇade for educational buildings,Journal of Green Building,Article,ok,include,,high,abstract,unclear,unclear,none,facade + physical movement (kinetic façade; moveable)
2-s2.0-85083834833,10.3390/su11247096,A Study on Multi-Objective Parametric Design Tool for Surround-Type Movable Shading Device,Sustainability Switzerland,Article,ok,include,,high,abstract,unclear,simulation,multiple,facade + physical movement (movable)
2-s2.0-85078610203,10.15627/jd.2019.14,Photobioreactors as a dynamic shading system conceived for an outdoor workspace of the state library of queensland in brisbane: Study of daylighting performances,Journal of Daylighting,Article,ok,uncertain_fulltext,,low,abstract,,,,facade but abstract gives no explicit movement/optical/thermal cue
2-s2.0-85077167867,10.1177/1478077119891840,Development of a hybrid behavioural and thermal adaptive building envelope,International Journal of Architectural Computing,Article,ok,uncertain_fulltext,,low,abstract,,,,facade but abstract gives no explicit movement/optical/thermal cue
2-s2.0-85075131861,10.1177/1478077119886528,Hybrid design method for wind-adaptive architecture,International Journal of Architectural Computing,Article,ok,uncertain_fulltext,,low,abstract,,,,facade but abstract gives no explicit movement/optical/thermal cue
2-s2.0-85065818964,10.1016/j.renene.2019.04.121,Influence of slat angle and low-emissive partitioning radiant energy veils on the thermal performance of multilayered windows for dynamic facades,Renewable Energy,Article,ok,uncertain_fulltext,,low,abstract,,,,facade but abstract gives no explicit movement/optical/thermal cue
2-s2.0-85073719492,10.1016/j.autcon.2019.102959,Self-reconfigurable façade-cleaning robot equipped with deep-learning-based crack detection based on convolutional neural networks,Automation in Construction,Article,ok,include,,high,abstract,unclear,experiment,none,facade + physical movement (reconfigurable façade)
2-s2.0-85072262008,10.1016/j.apenergy.2019.113896,Improved thermal-electrical-optical model and performance assessment of a PV-blind embedded glazing façade system with complex shading effects,Applied Energy,Article,ok,include,,high,abstract,mechanical,experiment,daylight,facade + physical movement (shading coefficient is rotating)
2-s2.0-85076256444,10.1088/1742-6596/1343/1/012162,Shaping light to influence occupants' experience of space: A kinetic shading system with composite materials,Journal of Physics Conference Series,Conference Paper,ok,include,,high,abstract,unclear,prototype,daylight,facade + physical movement (kinetic façade; kinetic shad)
2-s2.0-85076262438,10.1088/1742-6596/1343/1/012172,The energy of the green: Green facades and vertical farm as dynamic envelope for resilient building,Journal of Physics Conference Series,Conference Paper,ok,uncertain_fulltext,,low,abstract,,,,facade but abstract gives no explicit movement/optical/thermal cue
2-s2.0-85073716764,10.1016/j.solener.2019.10.021,Thermo and light-responsive building envelope: Energy analysis under different climate conditions,Solar Energy,Article,ok,exclude,facade_no_movement,high,abstract,,,,"optical/material-state, no geometry (thermochrom)"
2-s2.0-85072712874,10.1016/j.enconman.2019.112078,Novel methodology for detecting non-ideal operating conditions for grid-connected photovoltaic plants using Internet of Things architecture,Energy Conversion and Management,Article,ok,uncertain_fulltext,,low,abstract,,,,facade but abstract gives no explicit movement/optical/thermal cue
2-s2.0-85072753526,10.1016/j.enbuild.2019.109454,Evaluation of climate-based daylighting techniques for complex fenestration and shading systems,Energy and Buildings,Article,ok,uncertain_fulltext,,low,abstract,,,,facade but abstract gives no explicit movement/optical/thermal cue
2-s2.0-85077305362,10.1145/3363459.3363538,"Advanced daylight admission systems using auxetic structures in Florida, USA",Urbsys 2019 Proceedings of the 1st ACM International Workshop on Urban Building Energy Sensing Controls Big Data Analysis and Visualization Part of Buildsys 2019,Conference Paper,ok,include,,high,abstract,unclear,experiment,multiple,facade + physical movement (morphing)
2-s2.0-85071987660,10.1016/j.buildenv.2019.106396,Interactive kinetic façade: Improving visual comfort based on dynamic daylight and occupant's positions by 2D and 3D shape changes,Building and Environment,Article,ok,include,,high,abstract,unclear,simulation,multiple,facade + physical movement (kinetic façade)
2-s2.0-85071466157,10.1016/j.scs.2019.101782,Form-finding mechanism derived from plant movement in response to environmental conditions for building envelopes,Sustainable Cities and Society,Article,ok,include,,high,abstract,material-driven,experiment,energy,facade + physical movement (actuated)
2-s2.0-85068889316,10.1016/j.apenergy.2019.113506,Thermally responsive coating on building heating and cooling energy efficiency and indoor comfort improvement,Applied Energy,Article,ok,uncertain_fulltext,,low,abstract,,,,facade but abstract gives no explicit movement/optical/thermal cue
2-s2.0-85074426311,10.1088/1757-899x/609/3/032006,A test bed for thermal fluid dynamic analysis of double skin facade systems,Iop Conference Series Materials Science and Engineering,Conference Paper,ok,uncertain_fulltext,,low,abstract,,,,facade but abstract gives no explicit movement/optical/thermal cue
2-s2.0-85074712085,10.1088/1757-899x/609/7/072027,Control method for adaptive fa?ades based on energy conservation and glare protection strategies,Iop Conference Series Materials Science and Engineering,Conference Paper,ok,include,,high,abstract,origami-deployable,unclear,multiple,facade + physical movement (shading state of a dynamic folding)
2-s2.0-85074473636,10.1088/1757-899x/609/6/062003,A simulation study on the performance of double skin facąde through experimental design methods and analysis of variance,Iop Conference Series Materials Science and Engineering,Conference Paper,ok,uncertain_fulltext,,low,abstract,,,,facade but abstract gives no explicit movement/optical/thermal cue
2-s2.0-85074688353,10.1088/1757-899x/609/7/072067,The energy retrofit of building fa?ades in 22@ innovation district of Barcelona: Energy performance and cost-benefit analysis.,Iop Conference Series Materials Science and Engineering,Conference Paper,ok,exclude,facade_no_movement,high,abstract,,,,"thermal-dynamic, no moving part (pcm; phase change material; thermal energy storage)"
2-s2.0-85068161154,10.1080/23744731.2019.1620578,Numerical optimization of integrated passive heating and cooling systems yields simple protocols for building energy decarbonization,Science and Technology for the Built Environment,Article,ok,include,,high,abstract,mechanical,simulation,multiple,facade + physical movement (movable; operable shad)
2-s2.0-85069661354,10.1016/j.engstruct.2019.109415,Dynamic identification of a masonry façade from seismic response data based on an elementary Ordinary Least Squares approach,Engineering Structures,Article,ok,uncertain_fulltext,,low,abstract,,,,facade but abstract gives no explicit movement/optical/thermal cue
2-s2.0-85067042246,10.1016/j.autcon.2019.102857,Integrated parametric design of adaptive facades for user's visual comfort,Automation in Construction,Article,ok,include,,high,abstract,origami-deployable,prototype,multiple,facade + physical movement (origami)
2-s2.0-85068876939,10.1016/j.enbuild.2019.07.004,A review of heat transfer characteristics of switchable insulation technologies for thermally adaptive building envelopes,Energy and Buildings,Review,ok,related_review,review,high,abstract,,,,review/secondary on facade topic — kept for intro/benchmark
2-s2.0-85071003124,10.1016/j.solener.2019.07.027,Impact of different control strategies of perforated curved louvers on the visual comfort and energy consumption of office buildings in different climates,Solar Energy,Article,ok,include,,high,abstract,mechanical,simulation,multiple,facade + physical movement (movable; shading device made of movable)
2-s2.0-85071248411,10.1049/iet-rpg.2018.6127,Proof of concept for a novel and smart shade resilient photovoltaic module,Iet Renewable Power Generation,Article,ok,uncertain_fulltext,,low,abstract,,,,facade but abstract gives no explicit movement/optical/thermal cue
2-s2.0-85068484135,10.1016/j.foar.2019.06.001,Adaptive biomimetic facades: Enhancing energy efficiency of highly glazed buildings,Frontiers of Architectural Research,Article,ok,include,,high,abstract,origami-deployable,simulation,multiple,facade + physical movement (shading devices that can be folded)
2-s2.0-85065988691,10.1016/j.jobe.2019.100797,Structural characterisation of adaptive facades in Europe - Part II: Validity of conventional experimental testing methods and key issues,Journal of Building Engineering,Review,ok,related_review,review,high,abstract,,,,review/secondary on facade topic — kept for intro/benchmark
2-s2.0-85064955394,10.1016/j.jobe.2019.02.013,"Structural characterisation of adaptive facades in Europe – Part I: Insight on classification rules, performance metrics and design methods",Journal of Building Engineering,Review,ok,related_review,review,high,abstract,,,,review/secondary on facade topic — kept for intro/benchmark
2-s2.0-85071983862,10.3390/su11174684,A novel composite material for foldable building envelopes,Sustainability Switzerland,Article,ok,include,,high,abstract,origami-deployable,unclear,none,facade + physical movement (foldable; unfold)
2-s2.0-85072394287,10.3390/app9183688,Numerical analysis of building envelope with movable phase change materials for heating applications,Applied Sciences Switzerland,Article,ok,include,,high,abstract,unclear,experiment,energy,facade + physical movement (movable)
2-s2.0-85077528522,10.3992/1943-4618.14.4.1,Adaptive building and skin: An innovative computational workflow to design energy efficient buildings in different climate zones,Journal of Green Building,Article,ok,uncertain_fulltext,,low,abstract,,,,facade but abstract gives no explicit movement/optical/thermal cue
2-s2.0-85072123032,10.1088/1757-899x/556/1/012042,Dynamic performance analysis of façade-integrated tri-functional photovoltaic/thermal solar collector,Iop Conference Series Materials Science and Engineering,Conference Paper,ok,exclude,facade_no_movement,high,abstract,,,,"thermal-dynamic, no moving part (trombe)"
2-s2.0-85068928948,10.1038/s41560-019-0424-0,Dynamic photovoltaic building envelopes for adaptive energy and comfort management,Nature Energy,Article,ok,include,,high,abstract,unclear,prototype,multiple,facade + physical movement (actuator)
2-s2.0-85067082599,10.1016/j.buildenv.2019.106183,Evolution of all-glass nearly Zero Energy Buildings with respect to the local climate and free-cooling techniques,Building and Environment,Article,ok,uncertain_fulltext,,low,abstract,,,,facade but abstract gives no explicit movement/optical/thermal cue
2-s2.0-85068486939,10.1016/j.tej.2019.106624,Transforming our buildings for a low-carbon era: Five key strategies,Electricity Journal,Article,ok,uncertain_fulltext,,low,abstract,,,,facade but abstract gives no explicit movement/optical/thermal cue
2-s2.0-85070579362,10.1088/1755-1315/296/1/012014,Chameleon Building,Iop Conference Series Earth and Environmental Science,Conference Paper,ok,include,,high,abstract,material-driven,experiment,none,facade + physical movement (inflat)
2-s2.0-85069176656,10.1007/s40940-018-0088-3,Sustainable facade design for glazed buildings in a blast resilient urban environment,Glass Structures and Engineering,Article,ok,uncertain_fulltext,,low,abstract,,,,facade but abstract gives no explicit movement/optical/thermal cue
2-s2.0-85065639636,10.1108/jchmsd-09-2018-0066,"Assessment of the perception of cultural heritage as an adaptive re-use and sustainable development strategy: Case study of Kaunas, Lithuania",Journal of Cultural Heritage Management and Sustainable Development,Article,ok,uncertain_fulltext,,low,abstract,,,,facade but abstract gives no explicit movement/optical/thermal cue
2-s2.0-85067676489,10.1080/00038628.2019.1614902,Prototype development of responsive kinetic façade control system for the elderly based on Ambient Assisted Living,Architectural Science Review,Article,ok,include,,high,abstract,unclear,prototype,comfort,facade + physical movement (kinetic façade)
2-s2.0-85065057146,10.1016/j.solener.2019.04.069,Full-scale experimental testing of integrated dynamically-operated roller shades and lighting in perimeter office spaces,Solar Energy,Article,ok,uncertain_fulltext,,low,abstract,,,,facade but abstract gives no explicit movement/optical/thermal cue
2-s2.0-85072103736,10.1109/iwmn.2019.8805024,Sensors and control solutions for Smart-IoT façade modules,2019 IEEE International Symposium on Measurements and Networking M and N 2019 Proceedings,Conference Paper,ok,include,,high,abstract,unclear,experiment,multiple,facade + physical movement (actuator)
2-s2.0-85068756517,10.1088/1755-1315/290/1/012100,Solar Aperture of a Building Enclosure: The Case Study of a Well-Insulated Family House in Semi-Continental Climate,Iop Conference Series Earth and Environmental Science,Conference Paper,ok,include,,high,abstract,unclear,simulation,energy,facade + physical movement (movable)
2-s2.0-85068793809,10.1088/1755-1315/290/1/012080,Experimental Assessment of the Facąde-Integrated Thermoelectric Air-Conditioning Unit towards Development of the Autonomous Curtain Walling Module,Iop Conference Series Earth and Environmental Science,Conference Paper,ok,uncertain_fulltext,,low,abstract,,,,facade but abstract gives no explicit movement/optical/thermal cue
2-s2.0-85065241431,10.1016/j.buildenv.2019.04.054,Development and validation of a survey for well-being and interaction assessment by occupants in office buildings with adaptive facades,Building and Environment,Article,ok,uncertain_fulltext,,low,abstract,,,,facade but abstract gives no explicit movement/optical/thermal cue
2-s2.0-85078728789,10.18260/1-2--33053,Learning modules for geometric pattern identification and mathematical modeling of facade systems,ASEE Annual Conference and Exposition Conference Proceedings,Conference Paper,ok,uncertain_fulltext,,low,abstract,,,,facade but abstract gives no explicit movement/optical/thermal cue
2-s2.0-85062429753,10.1016/j.autcon.2019.01.014,"Dynamic shading systems: A review of design parameters, platforms and evaluation strategies",Automation in Construction,Review,ok,related_review,review,high,abstract,,,,review/secondary on facade topic — kept for intro/benchmark
2-s2.0-85064278798,10.1016/j.buildenv.2019.04.002,Building facade multi-objective optimization for daylight and aesthetical perception,Building and Environment,Article,ok,include,,high,abstract,unclear,simulation,daylight,facade + physical movement (morphing)
2-s2.0-85063787030,10.1108/ecam-11-2017-0242,Designing with pixels: parametric thinking for patterning dynamic building facades,Engineering Construction and Architectural Management,Article,ok,uncertain_fulltext,,low,abstract,,,,facade but abstract gives no explicit movement/optical/thermal cue
2-s2.0-85060948233,10.1080/19401493.2018.1561754,Opportunities and pitfalls of using building performance simulation in explorative R&D contexts,Journal of Building Performance Simulation,Article,ok,uncertain_fulltext,,low,abstract,,,,facade but abstract gives no explicit movement/optical/thermal cue
2-s2.0-85067082836,10.3390/su11092681,Rapid simulation of optimally responsive façade during schematic design phases: Use of a new hybrid metaheuristic algorithm,Sustainability Switzerland,Article,ok,uncertain_fulltext,,low,abstract,,,,facade but abstract gives no explicit movement/optical/thermal cue
2-s2.0-85063258841,10.1016/j.buildenv.2019.03.027,A photobiological approach to biophilic design in extreme climates,Building and Environment,Article,ok,uncertain_fulltext,,low,abstract,,,,facade but abstract gives no explicit movement/optical/thermal cue
2-s2.0-85064674599,10.1002/ad.2438,Pushing the envelope: Innovation and collaboration at Bloomberg’s new European headquarters,Architectural Design,Article,ok,uncertain_fulltext,,low,abstract,,,,facade but abstract gives no explicit movement/optical/thermal cue
2-s2.0-85062525032,10.1016/j.buildenv.2019.02.040,A morphological approach for kinetic façade design process to improve visual and thermal comfort: Review,Building and Environment,Review,ok,related_review,review,high,abstract,,,,review/secondary on facade topic — kept for intro/benchmark
2-s2.0-85064393213,10.1088/1755-1315/242/6/062061,Construction and Control Strategy of Dynamic Facade Model of Office Building in Severe Cold Region,Iop Conference Series Earth and Environmental Science,Conference Paper,ok,uncertain_fulltext,,low,abstract,,,,facade but abstract gives no explicit movement/optical/thermal cue
2-s2.0-85065925496,10.3390/buildings9040084,Design and fabrication of a responsive carrier component envelope,Buildings,Review,ok,related_review,review,high,abstract,,,,review/secondary on facade topic — kept for intro/benchmark
2-s2.0-85065913873,10.3390/buildings9040080,Thermal responsive performances of a Spanish balcony-based vernacular envelope,Buildings,Article,ok,include,,high,abstract,origami-deployable,simulation,multiple,facade + physical movement (foldable; rotational shutter)
2-s2.0-85061099017,10.1016/j.rser.2019.01.005,Active building envelope systems toward renewable and sustainable energy,Renewable and Sustainable Energy Reviews,Review,ok,related_review,review,high,abstract,,,,review/secondary on facade topic — kept for intro/benchmark
2-s2.0-85063378144,10.1088/1755-1315/238/1/012042,Multivariable Optimization of Dynamic Translucent Solar Screen on West-Facing Offices,Iop Conference Series Earth and Environmental Science,Conference Paper,ok,uncertain_fulltext,,low,abstract,,,,facade but abstract gives no explicit movement/optical/thermal cue
2-s2.0-85062828961,10.3390/su11051253,"Heating, cooling, and lighting energy demand simulation analysis of kinetic shading devices with automatic dimming control for Asian Countries",Sustainability Switzerland,Article,ok,include,,high,abstract,origami-deployable,experiment,multiple,"facade + physical movement (kinetic shad; rotating-type kinetic shading; shading devices, vertical-folding)"
2-s2.0-85062149950,10.1016/j.aej.2018.11.013,Adaptive building envelopes of multistory buildings as an example of high performance building skins,Alexandria Engineering Journal,Article,ok,include,,high,abstract,unclear,unclear,multiple,facade + physical movement (actuator)
2-s2.0-85057812662,10.1016/j.jobe.2018.11.008,An approach to calculate the equivalent solar heat gain coefficient of glass windows with fixed and dynamic shading in tropical climates,Journal of Building Engineering,Article,ok,uncertain_fulltext,,low,abstract,,,,facade but abstract gives no explicit movement/optical/thermal cue
2-s2.0-85072816087,,Kinetic elements in residential designs,Gazi University Journal of Science,Article,missing,uncertain_fulltext,,low,title_only,,,,facade but abstract gives no explicit movement/optical/thermal cue
2-s2.0-85062466985,10.1177/0020294019830115,Determination of the flight dynamic envelope via stable manifold,Measurement and Control United Kingdom,Article,ok,uncertain_fulltext,,low,abstract,,,,facade but abstract gives no explicit movement/optical/thermal cue
2-s2.0-85055884829,10.1002/cae.22080,Robotics and kinetic design for underrepresented minority (URM) students in building education: Challenges and opportunities,Computer Applications in Engineering Education,Article,ok,uncertain_fulltext,,low,abstract,,,,facade but abstract gives no explicit movement/optical/thermal cue
2-s2.0-85062409615,10.1088/1757-899x/471/8/082047,SWOT Analysis of Biomimicry for Sustainable Buildings - A Literature Review of the Importance of Kinetic Architecture Applications in Sustainable Construction Projects,Iop Conference Series Materials Science and Engineering,Conference Paper,ok,exclude,not_facade,high,abstract,,,,off-topic review
2-s2.0-85062415524,10.1051/e3sconf/20198504003,Solar protection influence on dynamic insulation efficiency of double skin façades,E3s Web of Conferences,Conference Paper,ok,exclude,facade_no_movement,high,abstract,,,,"thermal-dynamic, no moving part (dynamic insulation)"
2-s2.0-85062458386,10.3389/fmats.2019.00007,On the kinematics and actuation of dynamic sunscreens with tensegrity architecture,Frontiers in Materials,Article,ok,include,,high,abstract,origami-deployable,unclear,energy,facade + physical movement (morphing; origami)
2-s2.0-85061844408,10.3390/s19040843,PLUG-N-HARVEST Architecture for secure and intelligent management of near-zero energy buildings,Sensors Switzerland,Article,ok,include,,high,abstract,origami-deployable,unclear,multiple,facade + physical movement (actuator)
2-s2.0-85058955614,10.1016/j.buildenv.2018.12.045,Responsive building envelope concepts in zero emission neighborhoods and smart cities - A roadmap to implementation,Building and Environment,Article,ok,uncertain_fulltext,,low,abstract,,,,facade but abstract gives no explicit movement/optical/thermal cue
2-s2.0-85056998685,10.1016/j.apenergy.2018.11.066,An inverse modeling approach for the thermal response modeling of green façades,Applied Energy,Article,ok,uncertain_fulltext,,low,abstract,,,,facade but abstract gives no explicit movement/optical/thermal cue
2-s2.0-85056868993,10.1016/j.apenergy.2018.11.061,Dynamic building envelope with PCM for cooling purposes – Proof of concept,Applied Energy,Article,ok,exclude,facade_no_movement,high,abstract,,,,"thermal-dynamic, no moving part (pcm; phase change material)"
2-s2.0-85059378491,10.1016/j.solener.2018.12.062,Numerical investigation of energy performance and cost analysis of Moroccan's building smart walls integrating vanadium dioxide,Solar Energy,Article,ok,exclude,facade_no_movement,high,abstract,,,,"optical/material-state, no geometry (thermochrom)"
2-s2.0-85055938298,10.1007/s00040-018-0671-2,An improved approach for the collective construction of architectures inspired by wasp nests,Insectes Sociaux,Article,ok,uncertain_fulltext,,low,abstract,,,,facade but abstract gives no explicit movement/optical/thermal cue
2-s2.0-85062896429,10.1088/1402-4896/aaecb5,Wigner transform and stability of kinetic envelope soliton in an electron depleted dusty plasma with two temperature non-thermal ions,Physica Scripta,Article,ok,include,,high,abstract,unclear,simulation,none,facade + physical movement (kinetic envelope)
2-s2.0-85055534291,10.1002/dac.3829,Adaptive envelope process and minimum service curve applied to resource block allocation in the LTE downlink,International Journal of Communication Systems,Article,ok,uncertain_fulltext,,low,abstract,,,,facade but abstract gives no explicit movement/optical/thermal cue
2-s2.0-85015911326,10.1080/14733315.2017.1302658,Modelling natural ventilation for summer thermal comfort in Mediterranean dwellings,International Journal of Ventilation,Article,ok,uncertain_fulltext,,low,abstract,,,,facade but abstract gives no explicit movement/optical/thermal cue
2-s2.0-85044443630,10.1080/17508975.2018.1447437,State-of-the-art of intelligent building envelopes in the context of intelligent technical systems,Intelligent Buildings International,Review,ok,related_review,review,high,abstract,,,,review/secondary on facade topic — kept for intro/benchmark
2-s2.0-85061536141,10.1080/13602365.2018.1527385,The kinetic architecture of jean tinguely’s culture stations,Journal of Architecture,Article,ok,exclude,not_facade,high,abstract,,,,no facade context and no movement signal
2-s2.0-85150782199,,Calculation Method for Evaluating Diffuse Solar Heat Gains Through Adaptive Façades,Zemch International Conference,Conference Paper,missing,uncertain_fulltext,,low,title_only,,,,facade but abstract gives no explicit movement/optical/thermal cue
2-s2.0-85081595613,,A unified framework for optimizing the performance of a kinetic façade,Simulation Series,Conference Paper,missing,include,,low,title_only,unclear,unclear,unclear,facade + physical movement (kinetic façade)
2-s2.0-85062951783,10.33383/2018-038,A novel framework to evaluate the performance of responsive kinetic shading devices,Light and Engineering,Article,ok,include,,high,abstract,unclear,experiment,daylight,facade + physical movement (kinetic shad)
2-s2.0-85202615055,10.46855/energy-proceedings-2995,THE IMPACT OF DYNAMIC FACADE TYPOLOGY ON DAYLIGHT AND ENERGY PERFORMANCE: COMPARING ROTATION AND FOLDING MOTION,Energy Proceedings,Conference Paper,ok,include,,high,abstract,origami-deployable,simulation,multiple,facade + physical movement (façade while folding)
2-s2.0-85068360969,,Algorithmic design and performance analysis of adaptive façades,Intelligent and Informed Proceedings of the 24th International Conference on Computer Aided Architectural Design Research in Asia Caadria 2019,Conference Paper,missing,uncertain_fulltext,,low,title_only,,,,facade but abstract gives no explicit movement/optical/thermal cue
2-s2.0-85061911695,10.7480/jfde.2019.1.2778,A study on the impact of climate adaptive building shells on indoor comfort,Journal of Facade Design and Engineering,Article,ok,include,,high,abstract,unclear,simulation,multiple,facade + physical movement (actuator)
2-s2.0-85076378633,10.7480/jfde.2019.2.2467,Rethinking Adaptive Building Skins from a Life Cycle Assessment perspective,Journal of Facade Design and Engineering,Article,ok,uncertain_fulltext,,low,abstract,,,,facade but abstract gives no explicit movement/optical/thermal cue
2-s2.0-85095431782,,"Best practices for full-scale testing and energy savings, daylighting and visual comfort evaluation of dynamic shading",ASHRAE Transactions,Conference Paper,missing,uncertain_fulltext,,low,title_only,,,,facade but abstract gives no explicit movement/optical/thermal cue
2-s2.0-85061933873,10.7480/jfde.2019.1.2662,SMP Prototype Design and Fabrication for Thermo-responsive Façade Elements,Journal of Facade Design and Engineering,Article,ok,include,,high,abstract,material-driven,experiment,multiple,facade + physical movement (actuator; adjustment of façade components for shading; shape memory)
2-s2.0-85069792022,10.1117/12.2514132,Towards resilient adaptive origami-inspired diagrid building envelope,Proceedings of SPIE the International Society for Optical Engineering,Conference Paper,ok,include,,high,abstract,origami-deployable,simulation,energy,facade + physical movement (actuated; actuator; morphing)
2-s2.0-85102409665,,Switchable ETFE cushion: Designing and building a model for experimental testing,Iass Symposium 2019 60th Anniversary Symposium of the International Association for Shell and Spatial Structures Structural Membranes 2019 9th International Conference on Textile Composites and Inflatable Structures Form and Force,Conference Paper,missing,exclude,not_facade,low,title_only,,,,no facade context and no movement signal
2-s2.0-85071493486,,A study of kinetic façade modelling performance using virtual reality,Proceedings of the 36th International Symposium on Automation and Robotics in Construction Isarc 2019,Conference Paper,missing,include,,low,title_only,unclear,unclear,unclear,facade + physical movement (kinetic façade)
2-s2.0-85129452352,10.5151/proceedings-ecaadesigradi2019_459,Dynamic Façade Design Studio From sketches to microcontrollers,Proceedings of the International Conference on Education and Research in Computer Aided Architectural Design in Europe,Conference Paper,ok,uncertain_fulltext,,low,abstract,,,,facade but abstract gives no explicit movement/optical/thermal cue
2-s2.0-85076305444,10.7480/jfde.2019.2.2463,Superposition matrix for the assessment of performance-relevant adaptive façade functions,Journal of Facade Design and Engineering,Article,ok,uncertain_fulltext,,low,abstract,,,,facade but abstract gives no explicit movement/optical/thermal cue
2-s2.0-85069169883,10.5176/2301-394x_ace19.526,Wind pressure analysis of movable shading by using cfd,Proceedings of the Annual International Conference on Architecture and Civil Engineering,Conference Paper,ok,include,,high,abstract,unclear,simulation,energy,facade + physical movement (movable)
2-s2.0-85068211274,10.1007/978-981-13-8410-3_26,The Effect of Hygroscopic Design Parameters on the Programmability of Laminated Wood Composites for Adaptive Façades,Communications in Computer and Information Science,Conference Paper,ok,include,,high,abstract,material-driven,experiment,none,facade + physical movement (actuator; hygroscopic)
2-s2.0-85104811493,10.26868/25222708.2019.210517,Optimisation of controller parameters for adaptive building envelopes through a co-simulation interface: A case study,Building Simulation Conference Proceedings,Conference Paper,ok,uncertain_fulltext,,low,abstract,,,,facade but abstract gives no explicit movement/optical/thermal cue
2-s2.0-85079029446,10.7712/120119.7066.18385,Computational modeling of the dynamics of active sunscreens with tensegrity architecture,Compdyn Proceedings,Conference Paper,ok,exclude,not_facade,high,abstract,,,,"cross-domain (music), no facade context"
2-s2.0-85062462263,10.2495/arc180121,A shape grammar approach to climatically adaptable façade systems with real time performance evaluation,Wit Transactions on the Built Environment,Conference Paper,ok,uncertain_fulltext,,low,abstract,,,,facade but abstract gives no explicit movement/optical/thermal cue
2-s2.0-85063901370,10.1016/j.egypro.2019.01.822,Thermo-chromic glazing in buildings: A novel methodological framework for a multi-objective performance evaluation,Energy Procedia,Conference Paper,ok,uncertain_fulltext,,low,abstract,,,,facade but abstract gives no explicit movement/optical/thermal cue
2-s2.0-85064475717,10.1061/9780784482261.009,Daylighting and visual comfort performance of integrated dynamic roller shades and lighting controls,Aei 2019 Integrated Building Solutions the National Agenda Proceedings of the Architectural Engineering National Conference 2019,Conference Paper,ok,include,,high,abstract,unclear,experiment,multiple,facade + physical movement (adjust the height of the shade)
2-s2.0-85107425675,10.26868/25222708.2019.211013,Occupant-centred control strategies for adaptive facades: A preliminary study of the impact of shortwave solar radiation on thermal comfort,Building Simulation Conference Proceedings,Conference Paper,ok,uncertain_fulltext,,low,abstract,,,,facade but abstract gives no explicit movement/optical/thermal cue
2-s2.0-85107325243,10.26868/25222708.2019.210786,Occupant behavior modelling to support the development of adaptive facade control strategies,Building Simulation Conference Proceedings,Conference Paper,ok,uncertain_fulltext,,low,abstract,,,,facade but abstract gives no explicit movement/optical/thermal cue
2-s2.0-85103014481,,Field study of energy savings potential of dynamic façade systems using fabric attachment of different degrees of openness,Thermal Performance of the Exterior Envelopes of Whole Buildings,Conference Paper,missing,uncertain_fulltext,,low,title_only,,,,facade but abstract gives no explicit movement/optical/thermal cue
2-s2.0-85079221576,10.1201/9780429426506-171,"Manufacturing, optimization and design of electroactive cnt-actuators for adaptive building envelopes",Advances in Engineering Materials Structures and Systems Innovations Mechanics and Applications Proceedings of the 7th International Conference on Structural Engineering Mechanics and Computation 2019,Conference Paper,ok,include,,high,abstract,unclear,experiment,comfort,facade + physical movement (actuator)
2-s2.0-85107476575,10.26868/25222708.2019.210474,Dynamic thermal performance metrics for adaptive building constructions,Building Simulation Conference Proceedings,Conference Paper,ok,uncertain_fulltext,,low,abstract,,,,facade but abstract gives no explicit movement/optical/thermal cue
2-s2.0-85062896626,10.1007/978-3-030-03676-8_26,Hygroscapes: Innovative shape shifting façades,Lecture Notes in Civil Engineering,Book Chapter,ok,include,,high,abstract,material-driven,experiment,none,facade + physical movement (actuator; hygroscopic)
2-s2.0-85097978241,10.26868/25222708.2019.210898,Subjective and measured evidence for residential lighting metrics in the tropics,Building Simulation Conference Proceedings,Conference Paper,ok,uncertain_fulltext,,low,abstract,,,,facade but abstract gives no explicit movement/optical/thermal cue
2-s2.0-85079212903,10.1201/9780429426506-179,Design and control of adaptive tensegrity sunscreens,Advances in Engineering Materials Structures and Systems Innovations Mechanics and Applications Proceedings of the 7th International Conference on Structural Engineering Mechanics and Computation 2019,Conference Paper,ok,uncertain_fulltext,,low,abstract,,,,facade but abstract gives no explicit movement/optical/thermal cue
2-s2.0-85086248507,,Simulative study and potential analysis of inflatable facade elements to balance environmental disturbances,9th Eccomas Thematic Conference on Smart Structures and Materials Smart 2019,Conference Paper,missing,include,,low,title_only,pneumatic-soft,simulation,unclear,facade + physical movement (inflat)
2-s2.0-85067035642,10.18494/sam.2019.2147,Enhancing validity of green building information modeling with artificial-neural-network-supervised learning —taking construction of adaptive building envelope based on daylight simulation as an example,Sensors and Materials,Article,ok,uncertain_fulltext,,low,abstract,,,,facade but abstract gives no explicit movement/optical/thermal cue
2-s2.0-85061922057,10.7480/jfde.2019.1.2620,Auxetic structures and advanced daylight control systems,Journal of Facade Design and Engineering,Article,ok,include,,high,abstract,unclear,experiment,multiple,facade + physical movement (morphing)
2-s2.0-85107417277,10.26868/25222708.2019.211405,"EN ISO 52016-1: The new international standard to calculate building energy needs for heating and cooling, internal temperatures and heating and cooling load",Building Simulation Conference Proceedings,Conference Paper,ok,exclude,facade_no_movement,high,abstract,,,,"thermal-dynamic, no moving part (latent heat)"
2-s2.0-85085190104,,"Grid-interactive, efficient buildings: Expanding value streams through optimised control of flexible building technologies",Eceee Summer Study Proceedings,Conference Paper,missing,exclude,not_facade,low,title_only,,,,no facade context and no movement signal
2-s2.0-85073168132,,Forming process of façade panels by curved folding with combined geometric and mechanical optimisation,Proceedings of the International Fib Symposium on Conceptual Design of Structures,Conference Paper,missing,include,,low,title_only,origami-deployable,simulation,unclear,facade + physical movement (façade panels by curved folding)
2-s2.0-85067450784,10.2514/1.j057186,Dynamic behavior and gust simulation in an unsteady flow wind tunnel,AIAA Journal,Article,ok,uncertain_fulltext,,low,abstract,,,,facade but abstract gives no explicit movement/optical/thermal cue
2-s2.0-85103040589,,Transient heat transfer calculation method for multi-dimensional building envelope thermal bridges with variable insulation thicknesses,Thermal Performance of the Exterior Envelopes of Whole Buildings,Conference Paper,missing,uncertain_fulltext,,low,title_only,,,,facade but abstract gives no explicit movement/optical/thermal cue
2-s2.0-85107447089,,Seasonal optimization of a dynamic thermo-optical ETFE façade system,Building Simulation Conference Proceedings,Conference Paper,missing,uncertain_fulltext,,low,title_only,,,,facade but abstract gives no explicit movement/optical/thermal cue
2-s2.0-85134792801,,Forming process of façade panels by curved folding with combined geometric and mechanical optimisation,Fib Symposium,Conference Paper,missing,include,,low,title_only,origami-deployable,simulation,unclear,facade + physical movement (façade panels by curved folding)
2-s2.0-85104907044,10.5151/proceedings-ecaadesigradi2019_446,Material Studies for Thermal Responsive Composite Envelopes,Proceedings of the International Conference on Education and Research in Computer Aided Architectural Design in Europe,Conference Paper,ok,include,,high,abstract,unclear,experiment,energy,facade + physical movement (turn allow a material-fabric)
2-s2.0-85055440520,10.1016/j.engstruct.2018.10.061,Experimental and numerical studies on the static and the dynamic behaviors of embedded cable support (ECS) glass facade system,Engineering Structures,Article,ok,uncertain_fulltext,,low,abstract,,,,facade but abstract gives no explicit movement/optical/thermal cue
2-s2.0-85070057915,,Critical thinking in teaching sustainable architecture,World Transactions on Engineering and Technology Education,Article,missing,exclude,not_facade,low,title_only,,,,no facade context and no movement signal
2-s2.0-85091599911,10.1201/9781315229126-82,Dynamic shelter structure,Structures and Architecture Bridging the Gap and Crossing Borders Proceedings of the 4th International Conference on Structures and Architecture Icsa 2019,Conference Paper,ok,include,,high,abstract,origami-deployable,simulation,none,facade + physical movement (scissor)
2-s2.0-85071934635,,Simulation study of infiltration effects on demand controlled ventilation system with high-variant occupancy schedules,ASHRAE Transactions,Conference Paper,missing,exclude,not_facade,low,title_only,,,,no facade context and no movement signal
2-s2.0-85096316024,,Modeling of partially shaded BIPV systems - Model complexity selection for early stage design support,Building Simulation Conference Proceedings,Conference Paper,missing,exclude,not_facade,low,title_only,,,,no facade context and no movement signal
2-s2.0-85074449203,10.2749/newyork.2019.0352,Assessment of wind-induced vibration suppression and energy harvesting using facades,20th Congress of IABSE New York City 2019 the Evolving Metropolis Report,Conference Paper,ok,include,,high,abstract,unclear,simulation,energy,facade + physical movement (moving facade)
2-s2.0-85084098195,10.1115/smasis2019-5674,Developing a smart façade system controller for wind-induced vibration mitigation in tall buildings,ASME 2019 Conference on Smart Materials Adaptive Structures and Intelligent Systems Smasis 2019,Conference Paper,ok,include,,high,abstract,mechanical,experiment,comfort,facade + physical movement (morphing; slate vertically without rotation)
2-s2.0-85107421902,,Dynamic simulations for inhomogeneous components,Building Simulation Conference Proceedings,Conference Paper,missing,exclude,not_facade,low,title_only,,,,no facade context and no movement signal
2-s2.0-85107443000,,Speed-optimized simulation models for rapid performance evaluation of heating and energy management systems,Building Simulation Conference Proceedings,Conference Paper,missing,exclude,not_facade,low,title_only,,,,no facade context and no movement signal
2-s2.0-85129362464,10.5151/proceedings-ecaadesigradi2019_305,Building envelope adapting from and to the wind flow,Proceedings of the International Conference on Education and Research in Computer Aided Architectural Design in Europe,Conference Paper,ok,uncertain_fulltext,,low,abstract,,,,facade but abstract gives no explicit movement/optical/thermal cue
2-s2.0-85070740419,10.1007/978-981-13-3305-7_186,Dynamic envelope and its characteristics under scheduled control law,Lecture Notes in Electrical Engineering,Conference Paper,ok,uncertain_fulltext,,low,abstract,,,,facade but abstract gives no explicit movement/optical/thermal cue
2-s2.0-85074447310,10.2749/newyork.2019.0767,Kinetic architecture application at the shed at Hudson yards,20th Congress of IABSE New York City 2019 the Evolving Metropolis Report,Conference Paper,ok,include,,high,abstract,origami-deployable,case-study,none,facade + physical movement (movable; retractable)
2-s2.0-85065920239,10.1201/9781315229126-32,A hybrid adaptive composite based auxiliary envelope,Structures and Architecture Bridging the Gap and Crossing Borders Proceedings of the 4th International Conference on Structures and Architecture Icsa 2019,Conference Paper,ok,include,,high,abstract,mechanical,experiment,none,facade + physical movement (actuated)
2-s2.0-85089026111,10.5151/proceedings-ecaadesigradi2019_407,Responsive complex surfaces manufacturing using origami,Proceedings of the International Conference on Education and Research in Computer Aided Architectural Design in Europe,Conference Paper,ok,uncertain_fulltext,,low,abstract,,,,movement mechanism but facade context unclear
2-s2.0-85063911160,10.3390/buildings9020044,Adaptive kinetic architecture and collective behavior: A Dynamic analysis for emergency evacuation,Buildings,Article,ok,include,,high,abstract,unclear,simulation,none,facade + physical movement (move as a cohesive unit)
2-s2.0-85095438992,,Uncertainties on cooling energy based on computational indoor air modeling in sports facilities,ASHRAE Transactions,Conference Paper,missing,exclude,not_facade,low,title_only,,,,no facade context and no movement signal
2-s2.0-85107338842,10.26868/25222708.2019.210635,Evaluation of post processing analysis to determine optimal thermo-optical properties for adaptive glazing systems with quick adaptation speed,Building Simulation Conference Proceedings,Conference Paper,ok,uncertain_fulltext,,low,abstract,,,,facade but abstract gives no explicit movement/optical/thermal cue
2-s2.0-85051643393,10.1016/j.bspc.2018.08.013,Objective and subjective assessment of envelope enhancement algorithms for assistive hearing devices,Biomedical Signal Processing and Control,Article,ok,uncertain_fulltext,,low,abstract,,,,facade but abstract gives no explicit movement/optical/thermal cue
2-s2.0-85084098231,10.1115/es2019-3909,Comparison and implementation of thermally massive wall and roof models for use in simplified building energy models,ASME 2019 13th International Conference on Energy Sustainability Es 2019 Collocated with the ASME 2019 Heat Transfer Summer Conference,Conference Paper,ok,uncertain_fulltext,,low,abstract,,,,facade but abstract gives no explicit movement/optical/thermal cue
2-s2.0-85069758062,10.1117/12.2522089,Breathing skins workshop: A hands-on investigation of bio-inspired foldable structures for temperature and humidity control in buildings,Proceedings of SPIE the International Society for Optical Engineering,Conference Paper,ok,include,,high,abstract,origami-deployable,experiment,none,facade + physical movement (foldable)
2-s2.0-85053380187,10.1016/j.comnet.2018.09.008,Scheduling algorithm for the LTE downlink with F-OFDM using adaptive multifractal envelope process and minimum service curve,Computer Networks,Article,ok,uncertain_fulltext,,low,abstract,,,,facade but abstract gives no explicit movement/optical/thermal cue
2-s2.0-85050405261,10.1061/(asce)ae.1943-5568.0000323,Exploration of Adaptive Origami Shading Concepts through Integrated Dynamic Simulations,Journal of Architectural Engineering,Article,ok,include,,high,abstract,origami-deployable,simulation,multiple,facade + physical movement (origami)
2-s2.0-85061820846,10.1556/1848.2018.9.2.5,Adaptive solar shading of buildings,International Review of Applied Sciences and Engineering,Article,ok,uncertain_fulltext,,low,abstract,,,,facade but abstract gives no explicit movement/optical/thermal cue
2-s2.0-85045104638,10.1177/0040517517729385,"Multifunctional components from carbon concrete composite C3 – integrated, textile-based sensor solutions for in situ structural monitoring of adaptive building envelopes",Textile Research Journal,Article,ok,uncertain_fulltext,,low,abstract,,,,facade but abstract gives no explicit movement/optical/thermal cue
2-s2.0-85054433136,10.1016/j.foar.2018.07.003,Scenario-based design: New applications in metamorphic architecture,Frontiers of Architectural Research,Article,ok,uncertain_fulltext,,low,abstract,,,,facade but abstract gives no explicit movement/optical/thermal cue
2-s2.0-85053850250,10.1016/j.enbuild.2018.09.017,Current trends and future challenges in the performance assessment of adaptive façade systems,Energy and Buildings,Article,ok,uncertain_fulltext,,low,abstract,,,,facade but abstract gives no explicit movement/optical/thermal cue
2-s2.0-85045693815,10.1080/16864360.2018.1462566,Use of neural network supervised learning to enhance the light environment adaptation ability and validity of Green BIM,Computer Aided Design and Applications,Article,ok,uncertain_fulltext,,low,abstract,,,,facade but abstract gives no explicit movement/optical/thermal cue
2-s2.0-85051140391,10.1016/j.apenergy.2018.07.046,Optical aspects and energy performance of switchable ethylene-tetrafluoroethylene (ETFE) foil cushions,Applied Energy,Article,ok,include,,high,abstract,pneumatic-soft,simulation,multiple,facade + physical movement (kinetic shad; pneumatic)
2-s2.0-85056663195,10.1088/1757-899x/415/1/012054,"Vertical greenery systems for the energy retrofitting of buildings in Mediterranean climate: A case study in Catania, Italy",Iop Conference Series Materials Science and Engineering,Conference Paper,ok,uncertain_fulltext,,low,abstract,,,,facade but abstract gives no explicit movement/optical/thermal cue
2-s2.0-85056581823,10.1002/ad.2368,Three Main Drivers of Sustainable Design: A New Architectural Vernacular for China,Architectural Design,Article,ok,uncertain_fulltext,,low,abstract,,,,facade but abstract gives no explicit movement/optical/thermal cue
2-s2.0-85056522122,10.1109/eeeic.2018.8494565,A Novel Methodology to Optimize Visual Comfort and Energy Performance for Transparent Adaptive Façades,Proceedings 2018 IEEE International Conference on Environment and Electrical Engineering and 2018 IEEE Industrial and Commercial Power Systems Europe Eeeic I and Cps Europe 2018,Conference Paper,ok,exclude,facade_no_movement,high,abstract,,,,"optical/material-state, no geometry (thermochrom)"
2-s2.0-85052899267,10.1016/j.buildenv.2018.08.028,Qualitative analysis of promising materials and technologies for the design and evaluation of Climate Adaptive Opaque Façades,Building and Environment,Review,ok,related_review,review,high,abstract,,,,review/secondary on facade topic — kept for intro/benchmark
2-s2.0-85052106938,10.1016/j.enbuild.2018.07.040,A reflective adaptive solar façade for multi-building energy and comfort management,Energy and Buildings,Article,ok,uncertain_fulltext,,low,abstract,,,,facade but abstract gives no explicit movement/optical/thermal cue
2-s2.0-85049615913,10.1016/j.enbuild.2018.06.016,Passive cooling & climate responsive façade design exploring the limits of passive cooling strategies to improve the performance of commercial buildings in warm climates,Energy and Buildings,Article,ok,uncertain_fulltext,,low,abstract,,,,facade but abstract gives no explicit movement/optical/thermal cue
2-s2.0-85047811689,10.1016/j.autcon.2018.05.013,Performative design environment for kinetic photovoltaic architecture,Automation in Construction,Article,ok,uncertain_fulltext,,low,abstract,,,,facade but abstract gives no explicit movement/optical/thermal cue
2-s2.0-85047078564,10.1016/j.jobe.2018.05.008,Climate responsive cooling control using artificial neural networks,Journal of Building Engineering,Article,ok,uncertain_fulltext,,low,abstract,,,,facade but abstract gives no explicit movement/optical/thermal cue
2-s2.0-85049357650,10.1016/j.energy.2018.04.167,Solar facade module for nearly zero energy building,Energy,Article,ok,exclude,facade_no_movement,high,abstract,,,,"thermal-dynamic, no moving part (phase change material)"
2-s2.0-85046768748,10.1016/j.matdes.2018.04.044,Pneumatically adaptive light modulation system (PALMS) for buildings,Materials and Design,Article,ok,include,,high,abstract,pneumatic-soft,experiment,daylight,facade + physical movement (inflat; pneumatic)
2-s2.0-85047722244,10.1016/j.solener.2018.05.041,Integrating illuminance and energy evaluations of cellular automata controlled dynamic shading system using new hourly-based metrics,Solar Energy,Article,ok,uncertain_fulltext,,low,abstract,,,,facade but abstract gives no explicit movement/optical/thermal cue
2-s2.0-85048321554,10.1016/j.solener.2018.04.047,Design optimisation of solar shading systems for tropical office buildings: Challenges and future trends,Solar Energy,Review,ok,related_review,review,high,abstract,,,,review/secondary on facade topic — kept for intro/benchmark
2-s2.0-85048680487,10.1007/s12273-018-0433-0,Daylighting and visual comfort of oriental sun responsive skins: A parametric analysis,Building Simulation,Article,ok,include,,high,abstract,mechanical,simulation,multiple,"facade + physical movement (rotation, distance to facade)"
2-s2.0-85050261029,10.3390/su10072548,Performance analyses of temporary membrane structures: Energy saving and CO2 reduction through dynamic simulations of textile envelopes,Sustainability Switzerland,Article,ok,exclude,facade_no_movement,high,abstract,,,,"thermal-dynamic, no moving part (thermal mass)"
2-s2.0-85047991592,10.1108/meq-01-2018-0008,Comparison of static and dynamic shading systems for office building energy consumption and cooling load assessment,Management of Environmental Quality an International Journal,Article,ok,uncertain_fulltext,,low,abstract,,,,facade but abstract gives no explicit movement/optical/thermal cue
2-s2.0-85045117364,10.1016/j.jobe.2018.03.022,Energy efficiency optimization strategies for university research buildings with hot summer and cold winter climate of China based on the adaptive thermal comfort,Journal of Building Engineering,Article,ok,exclude,facade_no_movement,high,abstract,,,,"thermal-dynamic, no moving part (thermal mass)"
2-s2.0-85041240840,10.1109/tste.2018.2791968,An Enhanced Adaptive P&O MPPT for Fast and Efficient Tracking Under Varying Environmental Conditions,IEEE Transactions on Sustainable Energy,Article,ok,uncertain_fulltext,,low,abstract,,,,facade but abstract gives no explicit movement/optical/thermal cue
2-s2.0-85047783225,10.1016/j.cja.2018.05.006,Envelope protection for aircraft encountering upset condition based on dynamic envelope enlargement,Chinese Journal of Aeronautics,Review,ok,related_review,review,high,abstract,,,,review/secondary on facade topic — kept for intro/benchmark
2-s2.0-85051186113,,Evaluating visual comfort metrics of responsive facade systems as educational activities,ASEE Annual Conference and Exposition Conference Proceedings,Conference Paper,missing,uncertain_fulltext,,low,title_only,,,,facade but abstract gives no explicit movement/optical/thermal cue
2-s2.0-85053584841,10.1007/978-3-319-79099-2_18,Biomechanics and functional morphology of plants-inspiration for biomimetic materials and structures,Plant Biomechanics from Structure to Function at Multiple Scales,Book Chapter,ok,uncertain_fulltext,,low,abstract,,,,facade but abstract gives no explicit movement/optical/thermal cue
2-s2.0-85047517360,10.1177/1477153516675392,"Prototyping a façade-mounted, dynamic, dual-axis daylight redirection system",Lighting Research and Technology,Article,ok,uncertain_fulltext,,low,abstract,,,,facade but abstract gives no explicit movement/optical/thermal cue
2-s2.0-85049243228,10.1556/1848.2018.9.1.6,Prevention of summer overheating of buildings with added convex windows,International Review of Applied Sciences and Engineering,Article,ok,include,,high,abstract,unclear,experiment,energy,facade + physical movement (movable)
2-s2.0-85050697437,10.1088/1757-899x/362/1/012011,A Methodology for Evaluating the Hygroscopic Behavior of Wood in Adaptive Building Skins using Motion Grammar,Iop Conference Series Materials Science and Engineering,Conference Paper,ok,include,,high,abstract,material-driven,experiment,none,facade + physical movement (hygroscopic; kinetic facade)
2-s2.0-85034626698,10.1080/17508975.2017.1394808,Exploring design principles of biological and living building envelopes: what can we learn from plant cell walls?,Intelligent Buildings International,Article,ok,uncertain_fulltext,,low,abstract,,,,facade but abstract gives no explicit movement/optical/thermal cue
2-s2.0-85041433117,10.1007/s12273-017-0406-8,“Adaptive radiation” optimization for climate adaptive building facade design strategy,Building Simulation,Article,ok,uncertain_fulltext,,low,abstract,,,,facade but abstract gives no explicit movement/optical/thermal cue
2-s2.0-85040938076,10.1007/s00004-017-0365-5,"Architecture In-Play, Future Challenges",Nexus Network Journal,Article,ok,include,,high,abstract,origami-deployable,experiment,none,facade + physical movement (foldable; origami)
2-s2.0-85044427208,10.1088/1755-1315/126/1/012023,Dynamic facade module prototype development for solar radiation prevention in high rise building,Iop Conference Series Earth and Environmental Science,Conference Paper,ok,uncertain_fulltext,,low,abstract,,,,facade but abstract gives no explicit movement/optical/thermal cue
2-s2.0-85041484887,10.1016/j.enbuild.2017.12.015,Thermal and optical characterisation of dynamic shading systems with PCMs through laboratory experimental measurements,Energy and Buildings,Article,ok,exclude,facade_no_movement,high,abstract,,,,"thermal-dynamic, no moving part (latent heat; pcm; phase change material)"
2-s2.0-85041382639,10.1016/j.solener.2018.01.082,Developing an advanced daylight model for building energy tool to simulate dynamic shading device,Solar Energy,Article,ok,uncertain_fulltext,,low,abstract,,,,facade but abstract gives no explicit movement/optical/thermal cue
2-s2.0-85033789403,10.1016/j.apenergy.2017.08.115,Simulation of a biomimetic façade using TRNSYS,Applied Energy,Article,ok,uncertain_fulltext,,low,abstract,,,,facade but abstract gives no explicit movement/optical/thermal cue
2-s2.0-85076246643,10.1007/s40518-018-0103-y,Dynamic Shading in Buildings: a Review of Testing Methods and Recent Research Findings,Current Sustainable Renewable Energy Reports,Review,ok,related_review,review,high,abstract,,,,review/secondary on facade topic — kept for intro/benchmark
2-s2.0-85051750668,10.3992/1943-4618.13.2.145,Modeling and fabrication of a kinetic solar energy-absorbing window as a green idea for sustainable future buildings,Journal of Green Building,Article,ok,uncertain_fulltext,,low,abstract,,,,facade but abstract gives no explicit movement/optical/thermal cue
2-s2.0-85037045743,10.1007/s12273-017-0380-1,Natural ventilation strategies for indoor thermal comfort in Mediterranean apartments,Building Simulation,Article,ok,uncertain_fulltext,,low,abstract,,,,facade but abstract gives no explicit movement/optical/thermal cue
2-s2.0-85041002961,10.1088/1755-1315/109/1/012039,Adaptive Façade: Variant-Finding using Shape Grammar,Iop Conference Series Earth and Environmental Science,Conference Paper,ok,uncertain_fulltext,,low,abstract,,,,facade but abstract gives no explicit movement/optical/thermal cue
2-s2.0-85041080940,10.1063/1.5019104,Dynamic wind action on façade scaffoldings,Aip Conference Proceedings,Conference Paper,ok,uncertain_fulltext,,low,abstract,,,,facade but abstract gives no explicit movement/optical/thermal cue
2-s2.0-85056079306,10.52842/conf.caadria.2018.2.083,Adaptive façades: An evaluation of cellular automata controlled dynamic shading system using new hourly-based metrics,Caadria 2018 23rd International Conference on Computer Aided Architectural Design Research in Asia Learning Prototyping and Adapting,Conference Paper,ok,uncertain_fulltext,,low,abstract,,,,facade but abstract gives no explicit movement/optical/thermal cue
2-s2.0-85056346941,10.7480/jfde.2018.3.2530,A redesign procedure to manufacture adaptive façades with standard products,Journal of Facade Design and Engineering,Article,ok,uncertain_fulltext,,low,abstract,,,,facade but abstract gives no explicit movement/optical/thermal cue
2-s2.0-85056090386,,Design optimum responsive façade based on visual comfort and energy performance,Caadria 2018 23rd International Conference on Computer Aided Architectural Design Research in Asia Learning Prototyping and Adapting,Conference Paper,missing,uncertain_fulltext,,low,title_only,,,,facade but abstract gives no explicit movement/optical/thermal cue
2-s2.0-85056342945,10.7480/jfde.2018.3.2564,Towards new metrics for the characterisation of the dynamic performance of adaptive façade systems,Journal of Facade Design and Engineering,Article,ok,exclude,facade_no_movement,high,abstract,,,,"thermal-dynamic, no moving part (thermal energy storage; thermal mass)"
2-s2.0-85085932186,,Climate-adaptive facade design with smart materials: Evaluation and strategies of thermo-responsive smart material applications for building skins in Seoul,PLEA 2018 Smart and Healthy within the Two Degree Limit Proceedings of the 34th International Conference on Passive and Low Energy Architecture,Conference Paper,missing,uncertain_fulltext,,low,title_only,,,,facade but abstract gives no explicit movement/optical/thermal cue
2-s2.0-85056076335,10.52842/conf.caadria.2018.2.143,Pneumatic skin with adaptive openings: Adaptive façade with opening control integrated with CFD for natural ventilation,Caadria 2018 23rd International Conference on Computer Aided Architectural Design Research in Asia Learning Prototyping and Adapting,Conference Paper,ok,include,,high,abstract,pneumatic-soft,simulation,multiple,facade + physical movement (pneumatic)
2-s2.0-85117689569,10.7480/jfde.2018.1.1865,Using parametric BIM integration for prototyping future responsive façades,Journal of Facade Design and Engineering,Article,ok,include,,high,abstract,origami-deployable,experiment,daylight,facade + physical movement (kinetic facade; kinetic façade)
2-s2.0-85056302357,10.7480/jfde.2018.3.2574,The role of geometry for adaptability: Comparison of shading systems and biological role models,Journal of Facade Design and Engineering,Article,ok,uncertain_fulltext,,low,abstract,,,,facade but abstract gives no explicit movement/optical/thermal cue
2-s2.0-85056342669,10.7480/jfde.2018.3.2464,Post-occupancy evaluation for adaptive façades,Journal of Facade Design and Engineering,Article,ok,uncertain_fulltext,,low,abstract,,,,facade but abstract gives no explicit movement/optical/thermal cue
2-s2.0-85054651394,10.7480/cgc.6.2133,Movable thin glass elements in façades,Challenging Glass 6 Conference on Architectural and Structural Applications of Glass Cgc 2018 Proceedings,Conference Paper,ok,include,,high,abstract,origami-deployable,unclear,energy,facade + physical movement (actuated; foldable; kinetic façade)
2-s2.0-85081578185,,Development of an adaptive passive façade: A replicable approach for managing multiple design solutions,PLEA 2018 Smart and Healthy within the Two Degree Limit Proceedings of the 34th International Conference on Passive and Low Energy Architecture,Conference Paper,missing,uncertain_fulltext,,low,title_only,,,,facade but abstract gives no explicit movement/optical/thermal cue
2-s2.0-85048316260,10.7480/jfde.2018.2.2216,Exploring the potential of smart and multifunctional materials in adaptive opaque façade systems,Journal of Facade Design and Engineering,Article,ok,include,,high,abstract,unclear,unclear,energy,facade + physical movement (actuator)
2-s2.0-85032437374,10.1016/j.autcon.2017.10.006,An innovative building envelope (kinetic façade) with Shape Memory Alloys used as actuators and sensors,Automation in Construction,Article,ok,include,,high,abstract,material-driven,prototype,energy,facade + physical movement (actuated; actuator; kinetic façade)
2-s2.0-85054607143,10.7480/cgc.6.2129,Flexible transparency - A study on adaptive thin glass façade panels,Challenging Glass 6 Conference on Architectural and Structural Applications of Glass Cgc 2018 Proceedings,Conference Paper,ok,uncertain_fulltext,,low,abstract,,,,facade but abstract gives no explicit movement/optical/thermal cue
2-s2.0-85056361471,10.7480/jfde.2018.3.2478,What is an adaptive façade? Analysis of recent terms and definitions from an international perspective,Journal of Facade Design and Engineering,Article,ok,uncertain_fulltext,,low,abstract,,,,facade but abstract gives no explicit movement/optical/thermal cue
2-s2.0-85058961035,10.26687/archnet-ijar.v12i3.1607,Proposing a novel kinetic skin for building facades using scissor-like-element structures,Archnet Ijar International Journal of Architectural Research,Article,ok,include,,high,abstract,origami-deployable,experiment,comfort,facade + physical movement (kinetic facade; kinetic skin; movable)
2-s2.0-85071365967,10.1080/24751448.2018.1420964,Snapping Facades: Exploring Elastic Instability for the Building Envelope,Technology Architecture and Design,Article,ok,uncertain_fulltext,,low,abstract,,,,facade but abstract gives no explicit movement/optical/thermal cue
2-s2.0-85056656080,10.22360/simaud.2018.simaud.010,Multivalent analysis of double-­skin envelope dynamic hygrothermal louver system,Simulation Series,Conference Paper,ok,uncertain_fulltext,,low,abstract,,,,facade but abstract gives no explicit movement/optical/thermal cue
2-s2.0-85035038023,10.1016/j.enbuild.2017.11.025,The mediterranean smart adaptive wall. An experimental design of a smart and adaptive facade module for the mediterranean climate,Energy and Buildings,Article,ok,exclude,facade_no_movement,high,abstract,,,,"thermal-dynamic, no moving part (pcm; phase change material)"
2-s2.0-85056332504,10.7480/jfde.2018.3.2475,Smart and multifunctional materials and their possible application in façade systems,Journal of Facade Design and Engineering,Article,ok,uncertain_fulltext,,low,abstract,,,,facade but abstract gives no explicit movement/optical/thermal cue
2-s2.0-85056337481,10.7480/jfde.2018.3.2602,Study of a BIPV adaptive system: Combining timber and photovoltaic technologies,Journal of Facade Design and Engineering,Article,ok,include,,high,abstract,material-driven,simulation,energy,facade + physical movement (hygromorph)
2-s2.0-85056574509,10.13128/techne-22702,The SELFIE façade system. From smart buildings to smart grid,Techne,Article,ok,uncertain_fulltext,,low,abstract,,,,facade but abstract gives no explicit movement/optical/thermal cue
2-s2.0-85061125576,10.13128/techne-23108,Development of a curtain wall prototype with dynamic behaviour (SmartSkin),Techne,Article,ok,uncertain_fulltext,,low,abstract,,,,facade but abstract gives no explicit movement/optical/thermal cue
2-s2.0-85045672511,10.1088/1748-3190/aa979c,Hindwings of insects as concept generator for hingeless foldable shading systems,Bioinspiration and Biomimetics,Article,ok,include,,high,abstract,origami-deployable,prototype,energy,facade + physical movement (compliant mechanism; deployable; foldable)
2-s2.0-85038610561,10.1088/1361-665x/aa9c2f,Flectofold - A biomimetic compliant shading device for complex free form facades,Smart Materials and Structures,Article,ok,include,,high,abstract,pneumatic-soft,experiment,none,facade + physical movement (compliant mechanism; pneumatic)
2-s2.0-85088354718,,Adaptive façade screens: The design of bimetallic façade screens for passive climate control,PLEA 2018 Smart and Healthy within the Two Degree Limit Proceedings of the 34th International Conference on Passive and Low Energy Architecture,Conference Paper,missing,uncertain_fulltext,,low,title_only,,,,facade but abstract gives no explicit movement/optical/thermal cue
2-s2.0-85048333744,10.7480/jfde.2018.1.1781,Numerical investigation of capabilities for dynamic self-shading through shape changing building surface tiles,Journal of Facade Design and Engineering,Article,ok,include,,high,abstract,unclear,simulation,energy,facade + physical movement (morphing)
2-s2.0-85047448725,10.24425/118966,Dynamical analysis of steel point connectors used for fixation of glass façades,Archives of Metallurgy and Materials,Article,ok,uncertain_fulltext,,low,abstract,,,,facade but abstract gives no explicit movement/optical/thermal cue
2-s2.0-85096578319,,Self-regulating solar shading system for the building envelope based on thermal shape memory effect,Actuator 2018 16th International Conference and Exhibition on New Actuators and Drive Systems Conference Proceedings,Conference Paper,missing,include,,low,title_only,material-driven,unclear,unclear,facade + physical movement (shape memory)
2-s2.0-85056076637,10.52842/conf.caadria.2018.2.185,Modulating natural ventilation to enhance resilience through modifying nozzle profiles: Exploring rapid prototyping through 3D-printing,Caadria 2018 23rd International Conference on Computer Aided Architectural Design Research in Asia Learning Prototyping and Adapting,Conference Paper,ok,uncertain_fulltext,,low,abstract,,,,movement mechanism but facade context unclear
2-s2.0-85049954445,10.2480/agrmet.d-17-00047,Shading and electric performance of a prototype greenhouse blind system based on semi-transparent photovoltaic technology,Journal of Agricultural Meteorology,Article,ok,uncertain_fulltext,,low,abstract,,,,facade but abstract gives no explicit movement/optical/thermal cue
2-s2.0-85086487453,10.1201/9780429506208-81,Richard neutra and the history of the vertical louvered solar control system,Building Knowledge Constructing Histories,Conference Paper,ok,include,,high,abstract,mechanical,unclear,daylight,facade + physical movement (movable)
2-s2.0-85040784002,,Stretch controlled shading capabilities of special elastomeric silicone films,8th International Conference on Textile Composites and Inflatable Structures Structural Membranes 2017,Conference Paper,missing,uncertain_fulltext,,low,title_only,,,,facade but abstract gives no explicit movement/optical/thermal cue
2-s2.0-85056357118,10.7480/jfde.2018.3.2531,Opportunities and challenges for performance prediction of dynamic complex fenestration systems (CFS),Journal of Facade Design and Engineering,Article,ok,uncertain_fulltext,,low,abstract,,,,facade but abstract gives no explicit movement/optical/thermal cue
2-s2.0-85055828942,10.18720/mce.81.5,Productivity of microalgae as biofuel for bioadaptive systems of facades,Magazine of Civil Engineering,Article,ok,uncertain_fulltext,,low,abstract,,,,facade but abstract gives no explicit movement/optical/thermal cue
2-s2.0-85056350435,10.7480/jfde.2018.3.2477,Thermal assessment of glass façade panels under radiant heating: Experimental and preliminary numerical studies,Journal of Facade Design and Engineering,Article,ok,uncertain_fulltext,,low,abstract,,,,facade but abstract gives no explicit movement/optical/thermal cue
2-s2.0-85032392500,10.1016/j.enbuild.2017.10.042,An autonomous shading system based on coupled wood bilayer elements,Energy and Buildings,Article,ok,uncertain_fulltext,,low,abstract,,,,facade but abstract gives no explicit movement/optical/thermal cue
2-s2.0-85063397155,,The influence of building envelope design on the thermal comfort of high-rise residential buildings in Hong Kong,Proceedings of 10th Windsor Conference Rethinking Comfort,Conference Paper,missing,uncertain_fulltext,,low,title_only,,,,facade but abstract gives no explicit movement/optical/thermal cue
2-s2.0-85030667780,10.1016/j.enbuild.2017.10.008,Indoor daylight distribution in a room with integrated dynamic solar concentrating facade,Energy and Buildings,Article,ok,uncertain_fulltext,,low,abstract,,,,facade but abstract gives no explicit movement/optical/thermal cue
2-s2.0-85058219946,10.1016/j.egypro.2018.09.133,"Balancing urban density, energy performance and environmental quality in the Mediterranean: A typological evaluation based on photovoltaic potential",Energy Procedia,Conference Paper,ok,uncertain_fulltext,,low,abstract,,,,facade but abstract gives no explicit movement/optical/thermal cue
2-s2.0-85064618582,10.1016/j.prostr.2018.11.004,A specific out-of-plane model for the dynamic analysis of masonry façades and estimation of cumulative seismic damage,Procedia Structural Integrity,Conference Paper,ok,uncertain_fulltext,,low,abstract,,,,facade but abstract gives no explicit movement/optical/thermal cue
2-s2.0-85051483920,10.18720/mce.80.6,The seismic stability of facade system with facing by composite panels,Magazine of Civil Engineering,Article,ok,uncertain_fulltext,,low,abstract,,,,facade but abstract gives no explicit movement/optical/thermal cue
2-s2.0-85064169626,,Towards holistic building optimization using a computing environment that enables interoperability between numerical tools,ECOS 2018 Proceedings of the 31st International Conference on Efficiency Cost Optimization Simulation and Environmental Impact of Energy Systems,Conference Paper,missing,uncertain_fulltext,,low,title_only,,,,facade but abstract gives no explicit movement/optical/thermal cue
2-s2.0-85056173627,10.2514/6.2018-5135,Kinetic architecture of extensible work platforms for rocket assembly,2018 AIAA Space and Astronautics Forum and Exposition,Conference Paper,ok,exclude,not_facade,high,abstract,,,,no facade context and no movement signal
2-s2.0-85127834047,10.52842/conf.ecaade.2018.1.605,Kinetic Architecture Reinterpreting Persian Mathematics and Astronomy,Proceedings of the International Conference on Education and Research in Computer Aided Architectural Design in Europe,Conference Paper,ok,uncertain_fulltext,,low,abstract,,,,facade but abstract gives no explicit movement/optical/thermal cue
2-s2.0-85049957264,10.1117/12.2295363,Optimization of dynamic envelope measurement system for high speed train based on monocular vision,Proceedings of SPIE the International Society for Optical Engineering,Conference Paper,ok,uncertain_fulltext,,low,abstract,,,,facade but abstract gives no explicit movement/optical/thermal cue
2-s2.0-85049949177,10.1117/12.2304291,Research on an optoelectronic measurement system of dynamic envelope measurement for China Railway high-speed train,Proceedings of SPIE the International Society for Optical Engineering,Conference Paper,ok,uncertain_fulltext,,low,abstract,,,,facade but abstract gives no explicit movement/optical/thermal cue
2-s2.0-85056107558,,Analysis and applications of theo jansen's linkage Mechanism: Theo Jansen's linkage mechanism on kinetic architecture,Caadria 2018 23rd International Conference on Computer Aided Architectural Design Research in Asia Learning Prototyping and Adapting,Conference Paper,missing,exclude,not_facade,low,title_only,,,,no facade context and no movement signal
2-s2.0-85060388021,10.1115/imece2018-87050,3D construction of a tilted cuboid mechanical metamaterial,ASME International Mechanical Engineering Congress and Exposition Proceedings Imece,Conference Paper,ok,exclude,not_facade,high,abstract,,,,no facade context and no movement signal
2-s2.0-85028744742,10.1016/j.renene.2017.07.079,Environmental assessment of an integrated adaptive system for the improvement of indoor visual comfort of existing buildings,Renewable Energy,Article,ok,include,,high,abstract,unclear,simulation,multiple,facade + physical movement (movable)
2-s2.0-85105618539,10.26375/disegno.2.2018.10,About the ‘cape’. Considerations on geometries of the maurizio sacripanti’s osaka pavilion roof,Disegno,Article,ok,uncertain_fulltext,,low,abstract,,,,facade but abstract gives no explicit movement/optical/thermal cue
2-s2.0-85037095419,10.3390/su9122244,Energy toolbox-Framework for the development of a tool for the primary design of Zero Emission Buildings in European and Asian cities,Sustainability Switzerland,Article,ok,exclude,facade_no_movement,high,abstract,,,,"thermal-dynamic, no moving part (thermal storage)"
2-s2.0-85039788581,10.1038/s41598-017-08555-0,Atomic Force Microscopy Reveals the Dynamic Morphology of Fenestrations in Live Liver Sinusoidal Endothelial Cells,Scientific Reports,Article,ok,uncertain_fulltext,,low,abstract,,,,facade but abstract gives no explicit movement/optical/thermal cue
2-s2.0-85023636842,10.1002/eqe.2927,A numerical study on the cumulative out-of-plane damage to church masonry façades due to a sequence of strong ground motions,Earthquake Engineering and Structural Dynamics,Article,ok,uncertain_fulltext,,low,abstract,,,,facade but abstract gives no explicit movement/optical/thermal cue
2-s2.0-85033597030,10.1016/j.buildenv.2017.10.017,Daylight and thermal harvesting performance evaluation of a liquid filled prismatic façade using the Radiance five-phase method and EnergyPlus,Building and Environment,Article,ok,uncertain_fulltext,,low,abstract,,,,facade but abstract gives no explicit movement/optical/thermal cue
2-s2.0-85034241425,10.3390/su9112096,Retrofits for energy efficient office buildings: Integration of optimized photovoltaics in the form of responsive shading devices,Sustainability Switzerland,Article,ok,uncertain_fulltext,,low,abstract,,,,facade but abstract gives no explicit movement/optical/thermal cue
2-s2.0-85050452741,10.1145/3137133.3141442,Poster: An energy-harvesting facade optimization system for built environments,Buildsys 2017 Proceedings of the 4th ACM International Conference on Systems for Energy Efficient Built Environments,Conference Paper,ok,uncertain_fulltext,,low,abstract,,,,facade but abstract gives no explicit movement/optical/thermal cue
2-s2.0-85033719769,10.1088/1757-899x/245/4/042073,Reasons for Implementing Movement in Kinetic Architecture,Iop Conference Series Materials Science and Engineering,Conference Paper,ok,uncertain_fulltext,,low,abstract,,,,facade but abstract gives no explicit movement/optical/thermal cue
2-s2.0-85045188353,,Learning by designing: Investigating new didactic methods to learn architectural design,Turkish Online Journal of Educational Technology,Article,missing,uncertain_fulltext,,low,title_only,,,,facade but abstract gives no explicit movement/optical/thermal cue
2-s2.0-85028822074,10.1016/j.enbuild.2017.07.028,Improved methods for the calorimetric determination of the solar factor in outdoor test cell facilities,Energy and Buildings,Article,ok,exclude,not_facade,high,abstract,,,,no facade context and no movement signal
2-s2.0-105007936422,10.1007/978-3-319-60919-5_10,Encoding gesture-oriented human behaviour for the development and control of an adaptive building skin,Computational Morphologies Design Rules Between Organic Models and Responsive Architecture,Book Chapter,ok,uncertain_fulltext,,low,abstract,,,,facade but abstract gives no explicit movement/optical/thermal cue
2-s2.0-85040312853,10.3390/en10101672,"Building applications, opportunities and challenges of active shading systems: A state-of-the-art review",Energies,Review,ok,related_review,review,high,abstract,,,,review/secondary on facade topic — kept for intro/benchmark
2-s2.0-85020826686,10.1016/j.enbuild.2017.06.030,Lighting and cooling energy assessment of multi-purpose control strategies for external movable shading devices by using shaded fraction,Energy and Buildings,Article,ok,include,,high,abstract,unclear,prototype,multiple,facade + physical movement (movable; shaded fraction external movable)
2-s2.0-85021349707,10.1016/j.enbuild.2017.05.067,Energy assessment of a novel dynamic PCMs based solar shading: results from an experimental campaign,Energy and Buildings,Article,ok,exclude,facade_no_movement,high,abstract,,,,"thermal-dynamic, no moving part (pcm; phase change material)"
2-s2.0-85044304598,10.2514/1.c034258,Dynamic envelope determination based on differential manifold theory,Journal of Aircraft,Article,ok,uncertain_fulltext,,low,abstract,,,,facade but abstract gives no explicit movement/optical/thermal cue
2-s2.0-85027711885,10.3390/su9081449,Method of deriving shaded fraction according to shading movements of kinetic façade,Sustainability Switzerland,Article,ok,include,,high,abstract,mechanical,unclear,energy,facade + physical movement (kinetic façade; movable)
2-s2.0-85029605831,10.17660/actahortic.2017.1170.115,Evaluating environmental conditions in open-roof greenhouses,Acta Horticulturae,Conference Paper,ok,include,,high,abstract,mechanical,experiment,energy,facade + physical movement (movable)
2-s2.0-85021871705,10.1080/00038628.2017.1337558,The impacts of dynamic façade shading typologies on building energy performance and occupant’s multi-comfort,Architectural Science Review,Article,ok,uncertain_fulltext,,low,abstract,,,,facade but abstract gives no explicit movement/optical/thermal cue
2-s2.0-85022208992,10.1016/j.jobe.2017.06.013,NEST HiLo: Investigating lightweight construction and adaptive energy systems,Journal of Building Engineering,Article,ok,include,,high,abstract,pneumatic-soft,experiment,multiple,facade + physical movement (actuated; actuator)
2-s2.0-85044530680,10.1109/wsc.2017.8247978,Hybrid metaheuristic experiments of real-time adaptive optimization of parametric shading design through remote data transfer,Proceedings Winter Simulation Conference,Conference Paper,ok,include,,high,abstract,unclear,experiment,daylight,facade + physical movement (kinetic shad)
2-s2.0-85049567313,10.1109/ifws.2017.8245973,Daylighting simulation and analysis of buildings with dynamic photovoltaic window shading elements,2017 14th China International Forum on Solid State Lighting International Forum on Wide Bandgap Semiconductors China Sslchina Ifws 2017,Conference Paper,ok,uncertain_fulltext,,low,abstract,,,,facade but abstract gives no explicit movement/optical/thermal cue
2-s2.0-85030633674,10.1109/icis.2017.7960082,3D architecture facade optimization based on genetic algorithm and neural network,Proceedings 16th IEEE Acis International Conference on Computer and Information Science Icis 2017,Conference Paper,ok,uncertain_fulltext,,low,abstract,,,,facade but abstract gives no explicit movement/optical/thermal cue
2-s2.0-85030535920,10.18260/1-2--28052,Comparative analysis of technologies used in responsive building facades,ASEE Annual Conference and Exposition Conference Proceedings,Conference Paper,ok,include,,high,abstract,unclear,unclear,multiple,facade + physical movement (actuator)
2-s2.0-85017550986,10.1016/j.enbuild.2017.04.021,Daylight-linked synchronized shading operation using simplified model-based control,Energy and Buildings,Article,ok,include,,high,abstract,unclear,experiment,multiple,facade + physical movement (shades move)
2-s2.0-85014643345,10.1007/s12273-016-0327-y,Fast simulation of dynamic heat transfer through building envelope via model order reduction,Building Simulation,Article,ok,uncertain_fulltext,,low,abstract,,,,facade but abstract gives no explicit movement/optical/thermal cue
2-s2.0-85045850892,10.15627/jd.2017.1,Solar shading in low energy office buildings - design strategy and user perception,Journal of Daylighting,Article,ok,include,,high,abstract,unclear,simulation,multiple,facade + physical movement (moveable)
2-s2.0-85020262455,10.3390/buildings7020040,Form follows environment: Biomimetic approaches to building envelope design for environmental adaptation,Buildings,Article,ok,uncertain_fulltext,,low,abstract,,,,facade but abstract gives no explicit movement/optical/thermal cue
2-s2.0-85017288064,10.1080/00038628.2017.1300132,"Adaptive heating, ventilation and solar shading for dwellings",Architectural Science Review,Article,ok,uncertain_fulltext,,low,abstract,,,,facade but abstract gives no explicit movement/optical/thermal cue
2-s2.0-85009513850,10.1080/17452007.2016.1274252,The impact of refurbished windows on Portuguese old school buildings,Architectural Engineering and Design Management,Article,ok,uncertain_fulltext,,low,abstract,,,,facade but abstract gives no explicit movement/optical/thermal cue
2-s2.0-84978473795,10.1080/15397734.2016.1165117,A proposal for a convertible stadium roof structure derived from Watt-I linkage,Mechanics Based Design of Structures and Machines,Article,ok,uncertain_fulltext,,low,abstract,,,,movement mechanism but facade context unclear
2-s2.0-85018592600,10.1145/3024969.3024981,Interactive architecture: Exploring and unwrapping the potentials of organic user interfaces,Tei 2017 Proceedings of the 11th International Conference on Tangible Embedded and Embodied Interaction,Conference Paper,ok,uncertain_fulltext,,low,abstract,,,,movement mechanism but facade context unclear
2-s2.0-85015954497,10.3390/su9030435,Sustainable materialisation of responsive architecture,Sustainability Switzerland,Article,ok,include,,high,abstract,material-driven,experiment,none,facade + physical movement (hygromorph)
2-s2.0-85010756942,10.1016/j.enbuild.2017.01.018,Influence of orientation and the impact of external window shading on building thermal performance in tropical climate,Energy and Buildings,Article,ok,include,,high,abstract,unclear,experiment,energy,facade + physical movement (movable)
2-s2.0-84961198385,10.1080/19401493.2016.1152303,"Review of current status, requirements and opportunities for building performance simulation of adaptive facades†",Journal of Building Performance Simulation,Review,ok,related_review,review,high,abstract,,,,review/secondary on facade topic — kept for intro/benchmark
2-s2.0-85006868342,10.1080/00038628.2016.1266991,External shading in buildings: comparative analysis of daylighting performance in static and kinetic operation scenarios,Architectural Science Review,Article,ok,include,,high,abstract,mechanical,experiment,daylight,facade + physical movement (adjusted and dynamic external shading; adjusted and dynamic louver)
2-s2.0-84976864030,10.1080/17452007.2016.1203676,"Understanding kinetic architecture: typology, classification, and design strategy",Architectural Engineering and Design Management,Article,ok,uncertain_fulltext,,low,abstract,,,,facade but abstract gives no explicit movement/optical/thermal cue
2-s2.0-85005977744,10.1002/advs.201600362,Ultrathin fluidic laminates for large-area Façade integration and smart windows,Advanced Science,Article,ok,exclude,facade_no_movement,high,abstract,,,,"thermal-dynamic, no moving part (heat storage)"
2-s2.0-85002125636,10.1016/j.buildenv.2016.09.035,FAST energy and daylight optimization of an office with fixed and movable shading devices,Building and Environment,Article,ok,include,,high,abstract,origami-deployable,simulation,multiple,facade + physical movement (deployable; movable)
2-s2.0-85000624359,10.1016/j.cad.2016.10.002,Computational modelling methods for pliable structures based on curved-line folding,CAD Computer Aided Design,Article,ok,exclude,not_facade,high,abstract,,,,no facade context and no movement signal
2-s2.0-85012864563,10.1088/1748-3190/12/1/011001,Plant-inspired adaptive structures and materials for morphing and actuation: A review,Bioinspiration and Biomimetics,Article,ok,related_review,review,high,abstract,,,,review/secondary on facade topic — kept for intro/benchmark
2-s2.0-85000843749,10.1016/j.enbuild.2016.11.053,"The effect of dynamic solar shading on energy, daylighting and thermal comfort in a nearly zero-energy loft room in Rome and Copenhagen",Energy and Buildings,Article,ok,uncertain_fulltext,,low,abstract,,,,facade but abstract gives no explicit movement/optical/thermal cue
2-s2.0-84958538161,10.1080/19401493.2015.1134669,Development and verification of the Fraunhofer attic thermal model,Journal of Building Performance Simulation,Article,ok,uncertain_fulltext,,low,abstract,,,,facade but abstract gives no explicit movement/optical/thermal cue
2-s2.0-85020483075,10.1016/j.rser.2017.05.028,Biomimetic building skins: An adaptive approach,Renewable and Sustainable Energy Reviews,Review,ok,related_review,review,high,abstract,,,,review/secondary on facade topic — kept for intro/benchmark
2-s2.0-85029904068,10.1016/j.egypro.2017.07.319,Sensitivity of Building Properties and Use Types for the Application of Adaptive Photovoltaic Shading Systems,Energy Procedia,Conference Paper,ok,uncertain_fulltext,,low,abstract,,,,facade but abstract gives no explicit movement/optical/thermal cue
2-s2.0-85045560985,,Adaptive tensegrity structures for dynamic facades of energy efficient buildings,Aimeta 2017 Proceedings of the 23rd Conference of the Italian Association of Theoretical and Applied Mechanics,Conference Paper,missing,uncertain_fulltext,,low,title_only,,,,facade but abstract gives no explicit movement/optical/thermal cue
2-s2.0-85042330837,10.7712/120117.5700.17756,Innovative structures for Dynamic Solar Façades,Compdyn 2017 Proceedings of the 6th International Conference on Computational Methods in Structural Dynamics and Earthquake Engineering,Conference Paper,ok,uncertain_fulltext,,low,abstract,,,,facade but abstract gives no explicit movement/optical/thermal cue
2-s2.0-85020266180,10.1016/j.apenergy.2017.05.083,Optimising building net energy demand with dynamic BIPV shading,Applied Energy,Article,ok,uncertain_fulltext,,low,abstract,,,,facade but abstract gives no explicit movement/optical/thermal cue
2-s2.0-85086311531,,"Taxonomy of sustainable, responsive and adaptive Façades",Proceedings of 33rd PLEA International Conference Design to Thrive PLEA 2017,Conference Paper,missing,uncertain_fulltext,,low,title_only,,,,facade but abstract gives no explicit movement/optical/thermal cue
2-s2.0-85202061046,,REVIEW OF KINETIC SHADING SYSTEMS IN THE UAE; CHALLENGES AND OPPORTUNITIES,Zemch International Conference,Conference Paper,missing,related_review,review,low,title_only,,,,review/secondary on facade topic — kept for intro/benchmark
2-s2.0-85085919393,,Multi-zone adaptive building envelope: A pilot study,Proceedings of 33rd PLEA International Conference Design to Thrive PLEA 2017,Conference Paper,missing,uncertain_fulltext,,low,title_only,,,,facade but abstract gives no explicit movement/optical/thermal cue
2-s2.0-85063474676,,Responsive plant-inspired skins: A review,Proceedings of 33rd PLEA International Conference Design to Thrive PLEA 2017,Conference Paper,missing,exclude,not_facade,low,title_only,,,,off-topic review
2-s2.0-85127839403,10.52842/conf.ecaade.2017.2.231,Kinetic Shading System as a means for Optimizing Energy Load A Parametric Approach to Optimize Daylight Performance for an Office Building in Rome,Proceedings of the International Conference on Education and Research in Computer Aided Architectural Design in Europe,Conference Paper,ok,include,,high,abstract,unclear,experiment,multiple,facade + physical movement (kinetic facade; kinetic shad)
2-s2.0-85020515078,10.1016/j.proeng.2017.04.289,"Adaptive Facades, Developed with Innovative Nanomaterials, for a Sustainable Architecture in the Mediterranean Area",Procedia Engineering,Conference Paper,ok,uncertain_fulltext,,low,abstract,,,,facade but abstract gives no explicit movement/optical/thermal cue
2-s2.0-85029898447,10.1016/j.egypro.2017.07.380,"Adaptive Box Window, developed with innovative nanomaterial, for a sustainable architecture in the Mediterranean area",Energy Procedia,Conference Paper,ok,uncertain_fulltext,,low,abstract,,,,facade but abstract gives no explicit movement/optical/thermal cue
2-s2.0-85046699823,10.3233/fde-171645,"Biomimetic inspired, natural ventilated facade A conceptual study",Journal of Facade Design and Engineering,Article,ok,uncertain_fulltext,,low,abstract,,,,facade but abstract gives no explicit movement/optical/thermal cue
2-s2.0-85043390304,10.7480/jfde.2017.2.1737,Directions for the design of energy efficient kinematics in adaptive solar building envelopes,Journal of Facade Design and Engineering,Article,ok,include,,high,abstract,origami-deployable,unclear,energy,facade + physical movement (origami)
2-s2.0-85085924374,,The improvement potential on building performance using seasonal adaptable facades - The context of residential buildings with high thermal load in humid subtropical climates,Proceedings of 33rd PLEA International Conference Design to Thrive PLEA 2017,Conference Paper,missing,uncertain_fulltext,,low,title_only,,,,facade but abstract gives no explicit movement/optical/thermal cue
2-s2.0-85085927179,,Natural versus artificial lighting use in an office building under clear sunny skies,Proceedings of 33rd PLEA International Conference Design to Thrive PLEA 2017,Conference Paper,missing,uncertain_fulltext,,low,title_only,,,,facade but abstract gives no explicit movement/optical/thermal cue
2-s2.0-85040001217,10.1016/j.egypro.2017.11.006,A Review on Interaction of Innovative Building Envelope Technologies and Solar Energy Gain,Energy Procedia,Conference Paper,ok,related_review,review,high,abstract,,,,review/secondary on facade topic — kept for intro/benchmark
2-s2.0-85072232827,,"Passive design with affordances: Natural ventilation and adaptive shading for Comfort, Churachandpur",Proceedings of 33rd PLEA International Conference Design to Thrive PLEA 2017,Conference Paper,missing,uncertain_fulltext,,low,title_only,,,,facade but abstract gives no explicit movement/optical/thermal cue
2-s2.0-85061365436,10.22360/simaud.2017.simaud.023,Geometry-material coordination for passive adaptive solar morphing envelopes,Simulation Series,Conference Paper,ok,include,,high,abstract,material-driven,unclear,none,facade + physical movement (actuated; actuator; morphing)
2-s2.0-85048591225,,Architecture and time,Chaos and Complexity in the Arts and Architecture Research in Progress,Book Chapter,missing,exclude,not_facade,low,title_only,,,,no facade context and no movement signal
2-s2.0-85029908446,10.1016/j.egypro.2017.07.347,Evaluation of a solar thermal glass façade with adjustable transparency in cold and hot climates,Energy Procedia,Conference Paper,ok,include,,high,abstract,unclear,simulation,multiple,facade + physical movement (façade with adjustable)
2-s2.0-85085924063,,Optimizing the performance of variable geometry shading screens for occupant's comfort,Proceedings of 33rd PLEA International Conference Design to Thrive PLEA 2017,Conference Paper,missing,uncertain_fulltext,,low,title_only,,,,facade but abstract gives no explicit movement/optical/thermal cue
2-s2.0-85127871191,10.52842/conf.ecaade.2017.2.165,Sun Shades About Designing Adaptable Solar Facades,Proceedings of the International Conference on Education and Research in Computer Aided Architectural Design in Europe,Conference Paper,ok,uncertain_fulltext,,low,abstract,,,,facade but abstract gives no explicit movement/optical/thermal cue
2-s2.0-85017299328,10.1016/j.solener.2017.04.001,Designing an integrated daylighting system for deep-plan spaces in Malaysian low-rise buildings,Solar Energy,Article,ok,uncertain_fulltext,,low,abstract,,,,facade but abstract gives no explicit movement/optical/thermal cue
2-s2.0-85061370026,10.22360/simaud.2017.simaud.027,Assisting the development of innovative responsive façade elements using building performance simulation,Simulation Series,Conference Paper,ok,exclude,facade_no_movement,high,abstract,,,,"thermal-dynamic, no moving part (thermal mass)"
2-s2.0-85060706299,10.1007/978-981-10-1391-1_5,Cellular Automaton-Based Shading System Prototypes,Springerbriefs in Architectural Design and Technology,Book Chapter,ok,exclude,facade_no_movement,high,abstract,,,,"optical/material-state, no geometry (liquid crystal)"
2-s2.0-85107349753,10.26868/25222708.2017.530,Sensitivity analysis of visual and thermal parameters for energy savings: combining illuminance and temperature set-points for possible trade-offs,Building Simulation Conference Proceedings,Conference Paper,ok,uncertain_fulltext,,low,abstract,,,,facade but abstract gives no explicit movement/optical/thermal cue
2-s2.0-85086303872,,Climate-responsive Façade design for office buildings in London,Proceedings of 33rd PLEA International Conference Design to Thrive PLEA 2017,Conference Paper,missing,uncertain_fulltext,,low,title_only,,,,facade but abstract gives no explicit movement/optical/thermal cue
2-s2.0-85043703955,10.7480/jfde.2017.1.1421,Optimised parametric model of a modular multifunctional climate adaptive façade for shopping centres retrofitting,Journal of Facade Design and Engineering,Conference Paper,ok,include,,high,abstract,mechanical,simulation,multiple,"facade + physical movement (movable; shading lamellas, tilt)"
2-s2.0-85020429698,10.1108/ohi-01-2017-b0003,A comparative study of the building energy performance of thermotropic windows,Open House International,Article,ok,include,,high,abstract,unclear,unclear,multiple,facade + physical movement (movable)
2-s2.0-85021961684,10.7480/jfde.2017.1.1425,Multi-active façade for Swedish multi-family homes renovation - Evaluating the potentials of passive design measures,Journal of Facade Design and Engineering,Conference Paper,ok,include,,high,abstract,unclear,experiment,multiple,facade + physical movement (moveable)
2-s2.0-85027232772,10.4028/www.scientific.net/kem.742.689,"Fiber-reinforced plastics with locally adapted stiffness for bio-inspired hingeless, deployable architectural systems",Key Engineering Materials,Conference Paper,ok,include,,high,abstract,origami-deployable,prototype,none,facade + physical movement (deployable)
2-s2.0-85029762543,,Technical planning tasks and participants involved in planning adaptive buildings,Proceedings of the International Conference on Engineering Design Iced,Conference Paper,missing,uncertain_fulltext,,low,title_only,,,,facade but abstract gives no explicit movement/optical/thermal cue
2-s2.0-85033366955,10.1016/j.egypro.2017.10.001,Experimental and Numerical Analysis of Modelling of Solar Shading,Energy Procedia,Conference Paper,ok,uncertain_fulltext,,low,abstract,,,,facade but abstract gives no explicit movement/optical/thermal cue
2-s2.0-85032707601,10.1016/j.egypro.2017.09.543,The role of shading devices to improve thermal and visual comfort in existing glazed buildings,Energy Procedia,Conference Paper,ok,include,,high,abstract,unclear,unclear,multiple,facade + physical movement (movable)
2-s2.0-85015913446,10.1016/j.solener.2016.10.015,Solar shading performance of window with constant and dynamic shading function in different climate zones,Solar Energy,Article,ok,uncertain_fulltext,,low,abstract,,,,facade but abstract gives no explicit movement/optical/thermal cue
2-s2.0-85016626917,10.1016/j.energy.2017.03.083,Design and control optimisation of adaptive insulation systems for office buildings. Part 1: Adaptive technologies and simulation framework,Energy,Article,ok,uncertain_fulltext,,low,abstract,,,,facade but abstract gives no explicit movement/optical/thermal cue
2-s2.0-85000819173,10.1016/j.isprsjprs.2016.11.008,A hierarchical methodology for urban facade parsing from TLS point clouds,ISPRS Journal of Photogrammetry and Remote Sensing,Article,ok,uncertain_fulltext,,low,abstract,,,,facade but abstract gives no explicit movement/optical/thermal cue
2-s2.0-85043376079,10.7480/jfde.2017.2.1678,E2VENT - Design and integration of an adaptable module for residential building renovation,Journal of Facade Design and Engineering,Article,ok,exclude,facade_no_movement,high,abstract,,,,"thermal-dynamic, no moving part (phase change material)"
2-s2.0-85007137545,10.1016/j.apenergy.2016.11.110,Coupling energy systems with lightweight structures for a net plus energy building,Applied Energy,Article,ok,uncertain_fulltext,,low,abstract,,,,facade but abstract gives no explicit movement/optical/thermal cue
2-s2.0-84988602755,10.1016/j.rser.2016.09.076,A comprehensive review on solar PV maximum power point tracking techniques,Renewable and Sustainable Energy Reviews,Review,ok,related_review,review,high,abstract,,,,review/secondary on facade topic — kept for intro/benchmark
2-s2.0-85041324911,10.1557/adv.2017.429,Superporous Intelligent Hydrogels for Environmentally Adaptive Building Skins,MRS Advances,Conference Paper,ok,include,,high,abstract,unclear,prototype,multiple,facade + physical movement (actuator)
2-s2.0-85018751847,10.1016/j.apenergy.2017.04.046,An integrated thermal and lighting simulation tool to support the design process of complex fenestration systems for office buildings,Applied Energy,Article,ok,include,,high,abstract,mechanical,simulation,multiple,facade + physical movement (movable)
2-s2.0-85016504898,10.1016/j.renene.2017.03.082,Experimental evaluation of the airflow behaviour in horizontal and vertical Open Joint Ventilated Facades using Stereo-PIV,Renewable Energy,Article,ok,uncertain_fulltext,,low,abstract,,,,facade but abstract gives no explicit movement/optical/thermal cue
2-s2.0-85040310055,10.1016/j.egypro.2017.11.121,Analytical modelling of Breathing Walls: Experimental verification by means of the Dual Air Vented Thermal Box lab facility,Energy Procedia,Conference Paper,ok,exclude,facade_no_movement,high,abstract,,,,"thermal-dynamic, no moving part (breathing wall; dynamic insulation)"
2-s2.0-105026079548,10.1002/9781118887226.wbcha164,Yokohama Ferry Terminal: Foa,Companions to the History of Architecture,Book Chapter,ok,uncertain_fulltext,,low,abstract,,,,facade but abstract gives no explicit movement/optical/thermal cue
2-s2.0-85127848453,10.52842/conf.ecaade.2017.1.327,ROAMNITURE Multi-Stable Soft Robotic Structures,Proceedings of the International Conference on Education and Research in Computer Aided Architectural Design in Europe,Conference Paper,ok,uncertain_fulltext,,low,abstract,,,,movement mechanism but facade context unclear
2-s2.0-85063105240,10.5593/sgem2017h/63/s27.115,Kinetic principles of dynamic architecture and housing,International Multidisciplinary Scientific Geoconference Surveying Geology and Mining Ecology Management Sgem,Conference Paper,ok,uncertain_fulltext,,low,abstract,,,,facade but abstract gives no explicit movement/optical/thermal cue
2-s2.0-85021767299,10.52842/conf.caadria.2017.521,Prototyping responsive carrier-component envelopes,Caadria 2017 22nd International Conference on Computer Aided Architectural Design Research in Asia Protocols Flows and Glitches,Conference Paper,ok,uncertain_fulltext,,low,abstract,,,,facade but abstract gives no explicit movement/optical/thermal cue
2-s2.0-85029901904,10.1016/j.egypro.2017.07.474,Cooling oculus for desert climate-dynamic structure for evaporative downdraft and night sky cooling,Energy Procedia,Conference Paper,ok,exclude,not_facade,high,abstract,,,,no facade context and no movement signal
2-s2.0-85085929351,,Incorporating biomimicry principles into building envelopes: An overview on developed examples,Proceedings of 33rd PLEA International Conference Design to Thrive PLEA 2017,Conference Paper,missing,uncertain_fulltext,,low,title_only,,,,facade but abstract gives no explicit movement/optical/thermal cue
2-s2.0-85021131107,,Sunlight as an arranging factor of forming dynamic architecture,Light and Engineering,Article,missing,exclude,not_facade,low,title_only,,,,no facade context and no movement signal
2-s2.0-85070240714,10.2495/cmem-v5-n4-607-618,"Kinetic behavior, the dynamic potential through architecture and design",International Journal of Computational Methods and Experimental Measurements,Article,ok,uncertain_fulltext,,low,abstract,,,,facade but abstract gives no explicit movement/optical/thermal cue
2-s2.0-85021282836,10.1016/j.solener.2017.06.029,Responsive glazing systems: Characterisation methods and winter performance,Solar Energy,Article,ok,exclude,facade_no_movement,high,abstract,,,,"thermal-dynamic, no moving part (pcm; phase change material)"
2-s2.0-85010208983,10.1016/j.solener.2017.01.022,Energy conservation and renewable technologies for buildings to face the impact of the climate change and minimize the use of cooling,Solar Energy,Article,ok,exclude,facade_no_movement,high,abstract,,,,"thermal-dynamic, no moving part (breathing wall; dynamic insulation; phase change material)"
2-s2.0-84977571278,10.1016/j.optcom.2016.06.064,Integration of variable-rate OWC with OFDM-PON for hybrid optical access based on adaptive envelope modulation,Optics Communications,Article,ok,uncertain_fulltext,,low,abstract,,,,facade but abstract gives no explicit movement/optical/thermal cue
2-s2.0-84993967103,10.1016/j.seta.2016.10.001,Compensation of voltage sag caused by partial shading in grid-connected PV system through the three-level SVM inverter,Sustainable Energy Technologies and Assessments,Article,ok,uncertain_fulltext,,low,abstract,,,,facade but abstract gives no explicit movement/optical/thermal cue
2-s2.0-84994043992,10.1016/j.energy.2016.10.022,Optimal control of indoor-air cooling in buildings using a reduced order model,Energy,Article,ok,uncertain_fulltext,,low,abstract,,,,facade but abstract gives no explicit movement/optical/thermal cue
2-s2.0-85006707436,10.1109/powercon.2016.7754039,Sustainable building design based on building information modeling (BIM),2016 IEEE International Conference on Power System Technology Powercon 2016,Conference Paper,ok,uncertain_fulltext,,low,abstract,,,,facade but abstract gives no explicit movement/optical/thermal cue
2-s2.0-84991056263,10.1016/j.energy.2016.08.095,On detailed thermal response modeling of vertical greenery systems as cooling measure for buildings and cities in summer conditions,Energy,Article,ok,exclude,facade_no_movement,high,abstract,,,,"thermal-dynamic, no moving part (latent heat)"
2-s2.0-84992304030,10.1016/j.solmat.2016.04.017,Life cycle assessment of dynamic building integrated photovoltaics,Solar Energy Materials and Solar Cells,Article,ok,include,,high,abstract,unclear,simulation,multiple,facade + physical movement (actuator)
2-s2.0-85020515917,10.3390/en9110926,Modeling and experimental validation of a low-cost radiation sensor based on the photovoltaic effect for building applications,Energies,Article,ok,uncertain_fulltext,,low,abstract,,,,facade but abstract gives no explicit movement/optical/thermal cue
2-s2.0-85010800525,10.1016/j.egypro.2016.11.120,"Energy Performance Assessment of the Heating System Refurbishment on a School Building in Modena, Italy",Energy Procedia,Conference Paper,ok,uncertain_fulltext,,low,abstract,,,,facade but abstract gives no explicit movement/optical/thermal cue
2-s2.0-84995545793,10.1109/icaipr.2016.7585202,Application of intelligence of swarm in architecture,2016 3rd International Conference on Artificial Intelligence and Pattern Recognition Aipr 2016,Conference Paper,ok,exclude,not_facade,high,abstract,,,,no facade context and no movement signal
2-s2.0-84973450862,10.1016/j.engstruct.2016.05.032,Integrated analysis of kinematic form active structures for architectural applications: Experimental verification,Engineering Structures,Article,ok,uncertain_fulltext,,low,abstract,,,,facade but abstract gives no explicit movement/optical/thermal cue
2-s2.0-84973440905,10.1016/j.engstruct.2016.05.051,Dynamic response of double skin façades under blast loads,Engineering Structures,Article,ok,uncertain_fulltext,,low,abstract,,,,facade but abstract gives no explicit movement/optical/thermal cue
2-s2.0-84990929260,10.3390/su8090883,Evaluating thermal and lighting energy performance of shading devices on kinetic façades,Sustainability Switzerland,Article,ok,include,,high,abstract,unclear,case-study,multiple,facade + physical movement (kinetic façade; movable)
2-s2.0-85016450269,,The thermal performance of residential building integrated with adaptive kinetic shading system,International Energy Journal,Article,missing,include,,low,title_only,unclear,unclear,unclear,facade + physical movement (kinetic shad)
2-s2.0-84969584417,10.1016/j.solener.2016.04.026,Model-based shading and lighting controls considering visual comfort and energy use,Solar Energy,Article,ok,uncertain_fulltext,,low,abstract,,,,facade but abstract gives no explicit movement/optical/thermal cue
2-s2.0-84991045159,10.3844/ajeassp.2016.713.723,Review on the use of FRP composites for façades and building skins,American Journal of Engineering and Applied Sciences,Review,ok,related_review,review,high,abstract,,,,review/secondary on facade topic — kept for intro/benchmark
2-s2.0-84988378431,10.1109/eeeic.2016.7555768,"Adaptive control for lighting, shading and HVAC systems in near zero energy buildings",Eeeic 2016 International Conference on Environment and Electrical Engineering,Conference Paper,ok,uncertain_fulltext,,low,abstract,,,,facade but abstract gives no explicit movement/optical/thermal cue
2-s2.0-84974571292,10.1016/j.enbuild.2016.05.044,"MATRIX, a multi activity test-room for evaluating the energy performances of 'building/HVAC' systems in Mediterranean climate: Experimental set-up and CFD/BPS numerical modeling",Energy and Buildings,Article,ok,uncertain_fulltext,,low,abstract,,,,facade but abstract gives no explicit movement/optical/thermal cue
2-s2.0-84963938624,10.1016/j.solener.2016.03.044,"Experimental analysis of the energy performance of an ACTive, RESponsive and Solar (ACTRESS) façade module",Solar Energy,Article,ok,uncertain_fulltext,,low,abstract,,,,facade but abstract gives no explicit movement/optical/thermal cue
2-s2.0-84984537140,10.1063/1.4959379,Biomimicry as an approach for sustainable architecture case of arid regions with hot and dry climate,Aip Conference Proceedings,Conference Paper,ok,uncertain_fulltext,,low,abstract,,,,facade but abstract gives no explicit movement/optical/thermal cue
2-s2.0-84936971957,10.1080/19401493.2015.1058421,GlareShade: a visual comfort-based approach to occupant-centric shading systems,Journal of Building Performance Simulation,Article,ok,uncertain_fulltext,,low,abstract,,,,facade but abstract gives no explicit movement/optical/thermal cue
2-s2.0-84957548628,10.1016/j.rser.2015.12.246,Dynamic operation of daylighting and shading systems: A literature review,Renewable and Sustainable Energy Reviews,Review,ok,related_review,review,high,abstract,,,,review/secondary on facade topic — kept for intro/benchmark
2-s2.0-84975299252,10.1109/lmwc.2016.2574825,Adaptive Envelope Shaping for Low and Medium Power Amplifiers with Dynamic Supply,IEEE Microwave and Wireless Components Letters,Article,ok,uncertain_fulltext,,low,abstract,,,,facade but abstract gives no explicit movement/optical/thermal cue
2-s2.0-84977548584,10.1109/icra.2016.7487700,SoRo-Track: A two-axis soft robotic platform for solar tracking and building-integrated photovoltaic applications,Proceedings IEEE International Conference on Robotics and Automation,Conference Paper,ok,include,,high,abstract,pneumatic-soft,experiment,none,facade + physical movement (actuator; pneumatic; soft robot)
2-s2.0-85006210711,10.1016/j.foar.2016.03.002,The Adaptive Solar Facade: From concept to prototypes,Frontiers of Architectural Research,Article,ok,uncertain_fulltext,,low,abstract,,,,facade but abstract gives no explicit movement/optical/thermal cue
2-s2.0-85008198676,10.1002/wat2.1143,How large is a river? Conceptualizing river landscape signatures and envelopes in four dimensions,Wiley Interdisciplinary Reviews Water,Review,ok,related_review,review,high,abstract,,,,review/secondary on facade topic — kept for intro/benchmark
2-s2.0-84968877311,10.1016/b978-0-08-100263-6.00018-6,Smart coatings for textiles in architecture,Active Coatings for Smart Textiles,Book Chapter,ok,include,,high,abstract,unclear,unclear,energy,facade + physical movement (actuator)
2-s2.0-84955320928,10.1016/j.enbuild.2016.01.006,A structured approach to overall environmental satisfaction in high-rise residential buildings,Energy and Buildings,Article,ok,uncertain_fulltext,,low,abstract,,,,facade but abstract gives no explicit movement/optical/thermal cue
2-s2.0-84954232103,10.1016/j.solener.2015.12.039,Parametric-based designs for kinetic facades to optimize daylight performance: Comparing rotation and translation kinetic motion for hexagonal facade patterns,Solar Energy,Article,ok,include,,high,abstract,mechanical,experiment,daylight,facade + physical movement (kinetic facade; rotation and translat; rotational and translat)
2-s2.0-84948134987,10.1016/j.rser.2015.10.086,Shape morphing solar shadings: A review,Renewable and Sustainable Energy Reviews,Review,ok,related_review,review,high,abstract,,,,review/secondary on facade topic — kept for intro/benchmark
2-s2.0-84954063411,10.1109/mias.2015.2459097,A Fuzzy-Based Building Automation Control System: Optimizing the Level of Energy Performance and Comfort in an Office Space by Taking Advantage of Building Automation Systems and Solar Energy,IEEE Industry Applications Magazine,Article,ok,uncertain_fulltext,,low,abstract,,,,facade but abstract gives no explicit movement/optical/thermal cue
2-s2.0-85007134380,10.1002/ese3.115,Parametric analysis and systems design of dynamic photovoltaic shading modules,Energy Science and Engineering,Article,ok,uncertain_fulltext,,low,abstract,,,,facade but abstract gives no explicit movement/optical/thermal cue
2-s2.0-84951733541,10.1016/j.apenergy.2015.10.123,New equivalent parameters for thermal characterization of opaque building envelope components under dynamic conditions,Applied Energy,Article,ok,uncertain_fulltext,,low,abstract,,,,facade but abstract gives no explicit movement/optical/thermal cue
2-s2.0-84930357742,10.1080/17512549.2015.1040071,Adaptation of London's social housing to climate change through retrofit: a holistic evaluation approach,Advances in Building Energy Research,Article,ok,include,,high,abstract,mechanical,simulation,energy,facade + physical movement (movable)
2-s2.0-85006059028,10.1016/j.egypro.2016.06.218,"Adaptive Façade: Concept, Applications, Research Questions",Energy Procedia,Conference Paper,ok,uncertain_fulltext,,low,abstract,,,,facade but abstract gives no explicit movement/optical/thermal cue
2-s2.0-84978285990,10.1007/978-3-319-40542-1_72,Sync-BIM: The interactive BIM-based platform for controlling data-driven kinetic façade,Communications in Computer and Information Science,Conference Paper,ok,include,,high,abstract,unclear,prototype,multiple,facade + physical movement (kinetic façade)
2-s2.0-84973538521,10.52842/conf.caadria.2016.259,Adaptive building facade optimisation : An integrated Green-BIM approach,Caadria 2016 21st International Conference on Computer Aided Architectural Design Research in Asia Living Systems and Micro Utopias Towards Continuous Designing,Conference Paper,ok,uncertain_fulltext,,low,abstract,,,,facade but abstract gives no explicit movement/optical/thermal cue
2-s2.0-85125468288,,Origami Explorations A Generative Parametric Technique For kinetic cellular façade to optimize Daylight Performance,Proceedings of the International Conference on Education and Research in Computer Aided Architectural Design in Europe,Conference Paper,missing,include,,low,title_only,origami-deployable,simulation,daylight,facade + physical movement (origami)
2-s2.0-84973526839,10.52842/conf.caadria.2016.425,Adaptive decorative building skin,Caadria 2016 21st International Conference on Computer Aided Architectural Design Research in Asia Living Systems and Micro Utopias Towards Continuous Designing,Conference Paper,ok,uncertain_fulltext,,low,abstract,,,,facade but abstract gives no explicit movement/optical/thermal cue
2-s2.0-84973549990,,The development of kinetic façade units with BIM-based active control system for the adaptive building energy performance service,Caadria 2016 21st International Conference on Computer Aided Architectural Design Research in Asia Living Systems and Micro Utopias Towards Continuous Designing,Conference Paper,missing,include,,low,title_only,unclear,unclear,energy,facade + physical movement (kinetic façade)
2-s2.0-85067901098,,A method of energy simulation for dynamic building envelopes,ASHRAE and Ibpsa Usa Building Simulation Conference,Conference Paper,missing,exclude,facade_no_movement,low,title_only,,,,"thermal-dynamic, no moving part (dynamic insulation)"
2-s2.0-84960221188,10.4324/9781315775869,Architecture of change: Adaptive building skins,Routledge Companion for Architecture Design and Practice Established and Emerging Trends,Book Chapter,ok,uncertain_fulltext,,low,abstract,,,,facade but abstract gives no explicit movement/optical/thermal cue
2-s2.0-85127769591,10.52842/conf.ecaade.2016.1.639,Material Active Geometry Constituting Programmable Materials for Responsive Building Skins,Proceedings of the International Conference on Education and Research in Computer Aided Architectural Design in Europe,Conference Paper,ok,uncertain_fulltext,,low,abstract,,,,facade but abstract gives no explicit movement/optical/thermal cue
2-s2.0-85119252021,10.1002/sdtp.10687,Liquid Crystal Windows for Adaptive Facades,Digest of Technical Papers SID International Symposium,Conference Paper,ok,exclude,facade_no_movement,high,abstract,,,,"optical/material-state, no geometry (liquid crystal)"
2-s2.0-84992428115,10.1016/j.proeng.2016.08.029,The Sustainability of Adaptive Envelopes: Developments of Kinetic Architecture,Procedia Engineering,Conference Paper,ok,uncertain_fulltext,,low,abstract,,,,facade but abstract gives no explicit movement/optical/thermal cue
2-s2.0-85015006307,10.1201/b20891-86,An oak composite thermal dynamic envelope,Structures and Architecture Proceedings of the 3rd International Conference on Structures and Architecture Icsa 2016,Conference Paper,ok,uncertain_fulltext,,low,abstract,,,,facade but abstract gives no explicit movement/optical/thermal cue
2-s2.0-85127763144,10.52842/conf.ecaade.2016.1.529,Using Tensegrity and Folding to Generate Soft Responsive Architectural Skins,Proceedings of the International Conference on Education and Research in Computer Aided Architectural Design in Europe,Conference Paper,ok,include,,high,abstract,material-driven,prototype,daylight,facade + physical movement (shape memory; shape-memory)
2-s2.0-84958952705,10.1007/978-94-017-7515-1_26,Optimization of a wood plastic composite to produce a new dynamic shading system,Rilem Bookseries,Conference Paper,ok,uncertain_fulltext,,low,abstract,,,,facade but abstract gives no explicit movement/optical/thermal cue
2-s2.0-84968903143,10.3130/jaabe.15.335,Fundamental study on the optimal design of a folding shading device: Solar radiation model & potential cooling load saving,Journal of Asian Architecture and Building Engineering,Article,ok,include,,high,abstract,origami-deployable,simulation,energy,facade + physical movement (folding shading; shade can also be adjusted)
2-s2.0-85015265028,10.3762/bjnano.7.200,"The cleaner, the greener? Product sustainability assessment of the biomimetic façade paint Lotusan® in comparison to the conventional façade paint Jumbosil®",Beilstein Journal of Nanotechnology,Article,ok,uncertain_fulltext,,low,abstract,,,,facade but abstract gives no explicit movement/optical/thermal cue
2-s2.0-85015184129,10.1109/wf-iot.2016.7845436,Adaptive building-skin components as context-aware nodes in an extended cyber-physical network,2016 IEEE 3rd World Forum on Internet of Things Wf Iot 2016,Conference Paper,ok,include,,high,abstract,unclear,simulation,comfort,facade + physical movement (actuator)
2-s2.0-85048216619,,Machine learning integration for adaptive building envelopes,Acadia 2016 Posthuman Frontiers Data Designers and Cognitive Machines Proceedings of the 36th Annual Conference of the Association for Computer Aided Design in Architecture,Conference Paper,missing,uncertain_fulltext,,low,title_only,,,,facade but abstract gives no explicit movement/optical/thermal cue
2-s2.0-84986880469,,Prismatic glazings for façade envelopes,Cesb 2016 Central Europe Towards Sustainable Building 2016 Innovations for Sustainable Future,Conference Paper,missing,uncertain_fulltext,,low,title_only,,,,facade but abstract gives no explicit movement/optical/thermal cue
2-s2.0-85011266617,10.12989/eas.2016.11.6.983,Evaluation of the effect of smart façade systems in reducing dynamic response of structures subjected to seismic loads,Earthquake and Structures,Article,ok,include,,high,abstract,unclear,unclear,energy,facade + physical movement (facade system as a dissipative movable; movable; moveable)
2-s2.0-84992422423,10.1016/j.proeng.2016.08.031,Kinetic Roof Structure: Msheireb Heart of Doha,Procedia Engineering,Conference Paper,ok,include,,high,abstract,mechanical,unclear,none,facade + physical movement (movable; retractable)
2-s2.0-85018960635,10.1016/j.proeng.2016.08.031,Kinetic roof structure: Msheireb heart of Doha,IABSE Congress Stockholm 2016 Challenges in Design and Construction of an Innovative and Sustainable Built Environment,Conference Paper,ok,include,,high,abstract,mechanical,unclear,none,facade + physical movement (movable; retractable)
2-s2.0-85010991418,,Wooden bilayers for innovative climate adaptive shading and tracking systems,Wcte 2016 World Conference on Timber Engineering,Conference Paper,missing,uncertain_fulltext,,low,title_only,,,,facade but abstract gives no explicit movement/optical/thermal cue
2-s2.0-85006077950,10.1016/j.egypro.2016.06.261,S.M.O Solution: An Innovative Design Approach to Optimize the Output of BIPV Systems Located in Dense Urban Environments,Energy Procedia,Conference Paper,ok,uncertain_fulltext,,low,abstract,,,,facade but abstract gives no explicit movement/optical/thermal cue
2-s2.0-85053830714,,New developments in dynamic glass: Towards a new era in sustainable construction,Challenging Glass Conference Proceedings Challenging Glass 5 Conference on Architectural and Structural Applications of Glass Cgc 2016,Conference Paper,missing,exclude,not_facade,low,title_only,,,,no facade context and no movement signal
2-s2.0-85006410982,10.1016/j.egypro.2016.09.173,Study of Natural Ventilation in wind Tunnels and Influence of the Position of Ventilation Modules and Types of Grids on a Modular Façade System,Energy Procedia,Conference Paper,ok,include,,high,abstract,unclear,experiment,energy,facade + physical movement (façade system proposed is movable)
2-s2.0-84979578586,10.1016/j.proeng.2016.06.384,Thermal Environment Dynamic Simulation of Double Skin Façade with Middle Shading Device in Summer,Procedia Engineering,Conference Paper,ok,uncertain_fulltext,,low,abstract,,,,facade but abstract gives no explicit movement/optical/thermal cue
2-s2.0-84991069386,10.3844/ajeassp.2016.505.519,Investigating the dynamic thermal behavior of building envelope in summer conditions by means of in-field continuous monitoring,American Journal of Engineering and Applied Sciences,Article,ok,exclude,facade_no_movement,high,abstract,,,,"thermal-dynamic, no moving part (thermal mass)"
2-s2.0-84986889098,,Dynamic thermal performance of the conventional and alterative building envelope materials,Cesb 2016 Central Europe Towards Sustainable Building 2016 Innovations for Sustainable Future,Conference Paper,missing,uncertain_fulltext,,low,title_only,,,,facade but abstract gives no explicit movement/optical/thermal cue
2-s2.0-84994591823,,The glass walls of the Brazilian palace of Congress,Proceedings of the 14th International Docomomo Conference Adaptive Reuse the Modern Movement Towards the Future,Conference Paper,missing,exclude,not_facade,low,title_only,,,,no facade context and no movement signal
2-s2.0-85053668997,,Field demonstration of superior performance of advanced building envelope technologies,Thermal Performance of the Exterior Envelopes of Whole Buildings,Conference Paper,missing,uncertain_fulltext,,low,title_only,,,,facade but abstract gives no explicit movement/optical/thermal cue
2-s2.0-85127753607,10.52842/conf.ecaade.2016.1.213,Magnet-based Interactive Kinetic Bricks,Proceedings of the International Conference on Education and Research in Computer Aided Architectural Design in Europe,Conference Paper,ok,uncertain_fulltext,,low,abstract,,,,facade but abstract gives no explicit movement/optical/thermal cue
2-s2.0-85015661313,10.1109/edpc.2016.7851338,Concept for a virtual process data linkage of assembly stations and a dynamic envelope curve for process monitoring,2016 6th International Electric Drives Production Conference Edpc 2016 Proceedings,Conference Paper,ok,uncertain_fulltext,,low,abstract,,,,facade but abstract gives no explicit movement/optical/thermal cue
2-s2.0-84992397202,10.1016/j.proeng.2016.08.040,Performance Analyses of the D'aDif Pavilion,Procedia Engineering,Conference Paper,ok,uncertain_fulltext,,low,abstract,,,,facade but abstract gives no explicit movement/optical/thermal cue
2-s2.0-84973577793,,Breathing skins for wind modulation through morphology : Toward integrating turbulence studies within tectonic scale for design of façade components,Caadria 2016 21st International Conference on Computer Aided Architectural Design Research in Asia Living Systems and Micro Utopias Towards Continuous Designing,Conference Paper,missing,uncertain_fulltext,,low,title_only,,,,facade but abstract gives no explicit movement/optical/thermal cue
2-s2.0-84947240752,10.1061/(asce)ey.1943-7897.0000225,Dynamic Commercial Façades versus Traditional Construction: Energy Performance and Comparative Analysis,Journal of Energy Engineering,Article,ok,uncertain_fulltext,,low,abstract,,,,facade but abstract gives no explicit movement/optical/thermal cue
2-s2.0-84947982808,10.1016/j.solener.2015.11.003,Integrated control of dynamic facades and distributed energy resources for energy cost minimization in commercial buildings,Solar Energy,Article,ok,exclude,facade_no_movement,high,abstract,,,,"optical/material-state, no geometry (electrochrom)"
2-s2.0-84940670082,10.1016/j.conbuildmat.2015.08.136,Hygromorphic materials for sustainable responsive architecture,Construction and Building Materials,Article,ok,include,,high,abstract,material-driven,unclear,energy,facade + physical movement (hygromorph)
2-s2.0-84962619718,10.1016/j.egypro.2015.11.210,"Dynamic facades, the smart way of meeting the energy requirements",Energy Procedia,Conference Paper,ok,uncertain_fulltext,,low,abstract,,,,facade but abstract gives no explicit movement/optical/thermal cue
2-s2.0-84962598356,10.1016/j.egypro.2015.11.302,A simulation framework for the evaluation of next generation Responsive Building Envelope technologies,Energy Procedia,Conference Paper,ok,uncertain_fulltext,,low,abstract,,,,facade but abstract gives no explicit movement/optical/thermal cue
2-s2.0-84962553287,10.1016/j.egypro.2015.11.675,Lighting and energy performance of an adaptive shading and daylighting system for arid climates,Energy Procedia,Conference Paper,ok,uncertain_fulltext,,low,abstract,,,,facade but abstract gives no explicit movement/optical/thermal cue
2-s2.0-84962562998,10.1016/j.egypro.2015.11.138,Daylighting and energy analysis of multi-sectional facades,Energy Procedia,Conference Paper,ok,uncertain_fulltext,,low,abstract,,,,facade but abstract gives no explicit movement/optical/thermal cue
2-s2.0-84962500327,10.1016/j.egypro.2015.11.125,Experimental analysis of an external dynamic solar shading integrating PCMs: First results,Energy Procedia,Conference Paper,ok,exclude,facade_no_movement,high,abstract,,,,"thermal-dynamic, no moving part (pcm)"
2-s2.0-84962526751,10.1016/j.egypro.2015.11.670,A novel concept of a responsive transparent façade module: Optimization of energy performance through parametric design,Energy Procedia,Conference Paper,ok,exclude,facade_no_movement,high,abstract,,,,"thermal-dynamic, no moving part (pcm)"
2-s2.0-84962484386,10.1016/j.egypro.2015.11.186,Modelling natural ventilation in double skin facade,Energy Procedia,Conference Paper,ok,uncertain_fulltext,,low,abstract,,,,facade but abstract gives no explicit movement/optical/thermal cue
2-s2.0-84962543672,10.1016/j.egypro.2015.11.677,Effect from a Variable U-Value in Adaptive Building Components with Controlled Internal Air Pressure,Energy Procedia,Conference Paper,ok,exclude,not_facade,high,abstract,,,,no facade context and no movement signal
2-s2.0-84962493861,10.1016/j.egypro.2015.11.108,A Hydro-Thermal Study of the Bionic Leaf - A Basic Structural Element of the Bionic Façade Inspired by Vertical Greenery,Energy Procedia,Conference Paper,ok,uncertain_fulltext,,low,abstract,,,,facade but abstract gives no explicit movement/optical/thermal cue
2-s2.0-84962522336,10.1016/j.egypro.2015.11.663,Shaping an origami shading device through visual and thermal simulations,Energy Procedia,Conference Paper,ok,include,,high,abstract,material-driven,simulation,multiple,facade + physical movement (actuator; origami; shape memory)
2-s2.0-84962586906,10.1016/j.egypro.2015.11.119,Dynamic thermal performance of a PCM window system: Characterization using large scale measurements,Energy Procedia,Conference Paper,ok,exclude,facade_no_movement,high,abstract,,,,"thermal-dynamic, no moving part (latent heat; pcm; phase change material)"
2-s2.0-84962624715,10.1016/j.egypro.2015.11.721,Thermal and filtration performance assessment of a dynamic insulation system,Energy Procedia,Conference Paper,ok,exclude,facade_no_movement,high,abstract,,,,"thermal-dynamic, no moving part (dynamic insulation)"
2-s2.0-84962552696,10.1016/j.egypro.2015.11.783,Integrated evaluation of CO2eq emission and thermal dynamic simulation for different façade solutions for a typical office building,Energy Procedia,Conference Paper,ok,uncertain_fulltext,,low,abstract,,,,facade but abstract gives no explicit movement/optical/thermal cue
2-s2.0-84962567016,10.1016/j.egypro.2015.11.331,A new methodology for quantifying the impact of direct and diffuse solar radiation on energy savings in commercial office spaces,Energy Procedia,Conference Paper,ok,uncertain_fulltext,,low,abstract,,,,facade but abstract gives no explicit movement/optical/thermal cue
2-s2.0-84970966420,10.1016/j.egypro.2015.11.564,Effect of Air Space Thickness within the External Walls on the Dynamic Thermal Behaviour of Building Envelopes for Energy Efficient Building Construction,Energy Procedia,Conference Paper,ok,uncertain_fulltext,,low,abstract,,,,facade but abstract gives no explicit movement/optical/thermal cue
2-s2.0-84942088214,10.1177/1420326x14536066,The effects of direct sunlight on light shelf performance under tropical sky,Indoor and Built Environment,Article,ok,uncertain_fulltext,,low,abstract,,,,facade but abstract gives no explicit movement/optical/thermal cue
2-s2.0-84948123832,10.1017/s0890060415000463,Notes on the design process of a responsive sun-shading system: A case study of designer and user explorations supported by computational tools,Artificial Intelligence for Engineering Design Analysis and Manufacturing AIEDAM,Conference Paper,ok,include,,high,abstract,mechanical,simulation,multiple,facade + physical movement (shading system based on the use of rotating)
2-s2.0-84936094030,10.1016/j.apenergy.2015.05.065,The optimal thermo-optical properties and energy saving potential of adaptive glazing technologies,Applied Energy,Article,ok,uncertain_fulltext,,low,abstract,,,,facade but abstract gives no explicit movement/optical/thermal cue
2-s2.0-84945957814,10.1016/j.cja.2015.08.013,Dynamic attack zone of air-to-air missile after being launched in random wind field,Chinese Journal of Aeronautics,Review,ok,related_review,review,high,abstract,,,,review/secondary on facade topic — kept for intro/benchmark
2-s2.0-84960894739,10.1109/iccis.2015.7274607,Rapid prototyping for kinetic architecture,Proceedings of the 2015 7th IEEE International Conference on Cybernetics and Intelligent Systems Cis 2015 and Robotics Automation and Mechatronics Ram 2015,Conference Paper,ok,uncertain_fulltext,,low,abstract,,,,facade but abstract gives no explicit movement/optical/thermal cue
2-s2.0-84942929411,10.1088/0964-1726/24/10/105032,On the use of tensegrity structures for kinetic solar facades of smart buildings,Smart Materials and Structures,Article,ok,include,,high,abstract,mechanical,unclear,none,facade + physical movement (morphing)
2-s2.0-85066277310,10.1007/978-3-319-17777-9_65,Smart envelope for nearly zero energy schools. The case study of Vallisneri Secondary School in Lucca,Renewable Energy in the Service of Mankind,Book Chapter,ok,include,,high,abstract,unclear,case-study,multiple,facade + physical movement (movable)
2-s2.0-84944088873,,Dynamic and adaptive building envelopes,Consulting Specifying Engineer,Article,missing,uncertain_fulltext,,low,title_only,,,,facade but abstract gives no explicit movement/optical/thermal cue
2-s2.0-84941051807,10.1002/ad.1965,Actualising (overlooked) material capacities,Architectural Design,Article,ok,uncertain_fulltext,,low,abstract,,,,facade but abstract gives no explicit movement/optical/thermal cue
2-s2.0-85012260247,,Use of kinetic facades to enhance daylight performance in office buildings with emphasis on Egypt climates,Journal of Engineering and Applied Science,Article,missing,include,,low,title_only,unclear,unclear,daylight,facade + physical movement (kinetic facade)
2-s2.0-85027938817,10.1109/lmwc.2015.2440652,A Highly Efficient CMOS Envelope Tracking Power Amplifier Using All Bias Node Controls,IEEE Microwave and Wireless Components Letters,Article,ok,uncertain_fulltext,,low,abstract,,,,facade but abstract gives no explicit movement/optical/thermal cue
2-s2.0-84940927271,10.1109/acc.2015.7171091,Adaptive envelope control design for a Buoyant Airborne wind energy system,Proceedings of the American Control Conference,Conference Paper,ok,uncertain_fulltext,,low,abstract,,,,facade but abstract gives no explicit movement/optical/thermal cue
2-s2.0-84941299810,10.1371/journal.pone.0133519,Effects of adaptation rate and noise suppression on the intelligibility of compressed-envelope based speech,Plos One,Article,ok,uncertain_fulltext,,low,abstract,,,,facade but abstract gives no explicit movement/optical/thermal cue
2-s2.0-84935016179,10.1016/j.enbuild.2015.05.040,Toward mitigating urban heat island effects: Investigating the thermal-energy impact of bio-inspired retro-reflective building envelopes in dense urban settings,Energy and Buildings,Article,ok,uncertain_fulltext,,low,abstract,,,,facade but abstract gives no explicit movement/optical/thermal cue
2-s2.0-84943534728,10.4324/9781315763279,"Dynamic, adaptive building envelopes",Building Dynamics Exploring Architecture of Change,Book Chapter,ok,include,,high,abstract,unclear,unclear,none,facade + physical movement (actuator)
2-s2.0-84943523876,10.4324/9781315763279,"Adaptive, responsive building skins",Building Dynamics Exploring Architecture of Change,Book Chapter,ok,include,,high,abstract,unclear,unclear,none,facade + physical movement (actuator)
2-s2.0-84942626398,10.1109/wamicon.2015.7120372,High efficiency multi-band envelope tracking power amplifier with tunable output frequency bands,2015 IEEE 16th Annual Wireless and Microwave Technology Conference Wamicon 2015,Conference Paper,ok,uncertain_fulltext,,low,abstract,,,,facade but abstract gives no explicit movement/optical/thermal cue
2-s2.0-84930620620,10.1016/j.enbuild.2015.05.018,"Impact of façade window design on energy, daylighting and thermal comfort in nearly zero-energy houses",Energy and Buildings,Article,ok,uncertain_fulltext,,low,abstract,,,,facade but abstract gives no explicit movement/optical/thermal cue
2-s2.0-84926646955,10.1016/j.applthermaleng.2015.03.039,Dynamic insulation of the building envelope: Numerical modeling under transient conditions and coupling with nocturnal free cooling,Applied Thermal Engineering,Article,ok,exclude,facade_no_movement,high,abstract,,,,"thermal-dynamic, no moving part (dynamic insulation)"
2-s2.0-84950303118,10.1260/1478-0771.13.2.143,Computational and physical modeling for multi-cellular pneumatic envelope assemblies,International Journal of Architectural Computing,Article,ok,include,,high,abstract,pneumatic-soft,prototype,energy,facade + physical movement (pneumatic)
2-s2.0-84936869055,,Polar method to design foldable plate structures,Journal of the International Association for Shell and Spatial Structures,Article,missing,uncertain_fulltext,,low,title_only,,,,movement mechanism but facade context unclear
2-s2.0-84951037925,10.1260/0266-3511.30.2.85,Translational method for designing folded plate structures,International Journal of Space Structures,Article,ok,uncertain_fulltext,,low,abstract,,,,movement mechanism but facade context unclear
2-s2.0-84928922788,10.1016/j.enbuild.2014.11.012,Numerical investigation of the Castle of Zena energy needs and a feasibility study for the implementation of electric and gas driven heat pump,Energy and Buildings,Article,ok,uncertain_fulltext,,low,abstract,,,,facade but abstract gives no explicit movement/optical/thermal cue
2-s2.0-84937635937,10.3791/52698,A standardized method for the analysis of liver sinusoidal endothelial cells and their fenestrations by scanning electron microscopy,Journal of Visualized Experiments,Article,ok,uncertain_fulltext,,low,abstract,,,,facade but abstract gives no explicit movement/optical/thermal cue
2-s2.0-84925933649,10.1111/1744-7941.12056,The totalitarian dynamic behind HRM's democratic façade,Asia Pacific Journal of Human Resources,Article,ok,uncertain_fulltext,,low,abstract,,,,facade but abstract gives no explicit movement/optical/thermal cue
2-s2.0-84925133553,10.1260/1478-0771.13.1.1,A computational design framework supporting human interaction with environmentally-responsive building envelopes,International Journal of Architectural Computing,Conference Paper,ok,uncertain_fulltext,,low,abstract,,,,facade but abstract gives no explicit movement/optical/thermal cue
2-s2.0-84928104984,,Textile and film based building envelopes - Lightweight and adaptive,Journal of the International Association for Shell and Spatial Structures,Conference Paper,missing,uncertain_fulltext,,low,title_only,,,,facade but abstract gives no explicit movement/optical/thermal cue
2-s2.0-84939979019,10.1007/s11465-015-0326-1,A rate-dependent Prandtl-Ishlinskii model for piezoelectric actuators using the dynamic envelope function based play operator,Frontiers of Mechanical Engineering,Article,ok,include,,high,abstract,unclear,experiment,none,facade + physical movement (actuated; actuator)
2-s2.0-84924301156,10.1109/isicir.2014.7029564,Effect of adaptive envelope compression in simulated electric hearing in reverberation,Proceedings of the 14th International Symposium on Integrated Circuits Isic 2014,Conference Paper,ok,uncertain_fulltext,,low,abstract,,,,facade but abstract gives no explicit movement/optical/thermal cue
2-s2.0-84919926610,10.1007/s12273-014-0194-3,External shading optimal control macros for 1- and 2-piece automated blinds in European climates,Building Simulation,Article,ok,include,,high,abstract,mechanical,simulation,multiple,facade + physical movement (shading adjustment)
2-s2.0-84921320262,10.3130/jaabe.14.213,Thermal performance evaluation of a dynamic insulation technology applied to a timber framework house in a real environment,Journal of Asian Architecture and Building Engineering,Article,ok,exclude,facade_no_movement,high,abstract,,,,"thermal-dynamic, no moving part (dynamic insulation)"
2-s2.0-84917736224,,Next-generation smart building using eco-friendly responsive kinetic facade,Icic Express Letters,Article,missing,include,,low,title_only,unclear,unclear,unclear,facade + physical movement (kinetic facade)
2-s2.0-85127884673,10.52842/conf.ecaade.2015.2.669,Real-Time Multi-Zone Building Performance Impacts of Occupant Interaction with Dynamic Façade Systems,Proceedings of the International Conference on Education and Research in Computer Aided Architectural Design in Europe,Conference Paper,ok,uncertain_fulltext,,low,abstract,,,,facade but abstract gives no explicit movement/optical/thermal cue
2-s2.0-85048315643,,Parametric BIM-based Energy Simulation for Buildings with Complex Kinetic Façades,Proceedings of the International Conference on Education and Research in Computer Aided Architectural Design in Europe,Conference Paper,missing,include,,low,title_only,unclear,simulation,energy,facade + physical movement (kinetic façade)
2-s2.0-84966644085,,Dynamic faÇades: Exploring responsive building skins in a comprehensive design studio,44th Ases National Solar Conference Solar 2015 Expanding Horizons Shaping the New Energy Economy,Conference Paper,missing,uncertain_fulltext,,low,title_only,,,,facade but abstract gives no explicit movement/optical/thermal cue
2-s2.0-84983464091,10.1007/978-3-662-47386-3_10,Dynamic façades and computation: Towards an inclusive categorization of high performance kinetic façade systems,Communications in Computer and Information Science,Conference Paper,ok,include,,high,abstract,unclear,simulation,none,facade + physical movement (kinetic façade)
2-s2.0-84934911039,10.1007/978-3-319-09287-4_5,Bio-inspired adaptive building skins,Biotechnologies and Biomimetics for Civil Engineering,Book Chapter,ok,uncertain_fulltext,,low,abstract,,,,facade but abstract gives no explicit movement/optical/thermal cue
2-s2.0-84976439530,,Simulation driven design for kinetic system; optimize kaleidocycle façade configuration for daylighting adequacy in hot arid climates,14th International Conference of Ibpsa Building Simulation 2015 Bs 2015 Conference Proceedings,Conference Paper,missing,uncertain_fulltext,,low,title_only,,,,facade but abstract gives no explicit movement/optical/thermal cue
2-s2.0-85046073479,10.52842/conf.ecaade.2015.2.715,A Design Framework and a Digital Toolset Supporting the Early-Stage Explorations of Responsive Kinetic Building Skin Concepts,Proceedings of the International Conference on Education and Research in Computer Aided Architectural Design in Europe,Conference Paper,ok,uncertain_fulltext,,low,abstract,,,,facade but abstract gives no explicit movement/optical/thermal cue
2-s2.0-84928679214,10.3390/en8042358,Design and energy performance of a buoyancy driven exterior shading device for building application in Taiwan,Energies,Article,ok,uncertain_fulltext,,low,abstract,,,,facade but abstract gives no explicit movement/optical/thermal cue
2-s2.0-84936096856,,Phototropism of tensile façade system through material agency,Caadria 2015 20th International Conference on Computer Aided Architectural Design Research in Asia Emerging Experiences in the Past Present and Future of Digital Architecture,Conference Paper,missing,uncertain_fulltext,,low,title_only,,,,facade but abstract gives no explicit movement/optical/thermal cue
2-s2.0-84994787800,10.1016/j.egypro.2015.02.174,Kinetic Solar Skin: A Responsive Folding Technique,Energy Procedia,Conference Paper,ok,include,,high,abstract,material-driven,experiment,none,facade + physical movement (actuator; deployable; origami)
2-s2.0-84970016205,,A second skin for responsive chemical biological protection,Fiber Society 2015 Fall Meeting and Technical Conference Fibers Where Tradition Meets Innovation,Conference Paper,missing,uncertain_fulltext,,low,title_only,,,,facade but abstract gives no explicit movement/optical/thermal cue
2-s2.0-84976340671,,The potential opaque adaptive façades for office buildings in a temperate climate,14th International Conference of Ibpsa Building Simulation 2015 Bs 2015 Conference Proceedings,Conference Paper,missing,uncertain_fulltext,,low,title_only,,,,facade but abstract gives no explicit movement/optical/thermal cue
2-s2.0-84948390542,10.1016/j.proeng.2015.08.521,The use of Dynamic Environmental Control Systems (DECS) in Cavities of Double Skin Facades for Energy Savings,Procedia Engineering,Conference Paper,ok,uncertain_fulltext,,low,abstract,,,,facade but abstract gives no explicit movement/optical/thermal cue
2-s2.0-84985982408,10.1557/opl.2015.688,Human-facade-interaction: Constructing augmented reality simulations for cooptimizing dynamic building skin performance,Materials Research Society Symposium Proceedings,Conference Paper,ok,uncertain_fulltext,,low,abstract,,,,facade but abstract gives no explicit movement/optical/thermal cue
2-s2.0-84976403014,10.26868/25222708.2015.2185,Smart windows with dynamic spectral selectivity - A scoping study,14th International Conference of Ibpsa Building Simulation 2015 Bs 2015 Conference Proceedings,Conference Paper,ok,exclude,facade_no_movement,high,abstract,,,,"optical/material-state, no geometry (switchable glaz)"
2-s2.0-84954026281,10.1080/17512549.2015.1050694,Coupling TRNSYS 17 and CONTAM: Simulation of a naturally ventilated double-skin façade,Advances in Building Energy Research,Article,ok,uncertain_fulltext,,low,abstract,,,,facade but abstract gives no explicit movement/optical/thermal cue
2-s2.0-84926125566,10.1016/j.aei.2014.09.008,"Dynamic shading of a building envelope based on rotating polarized film system controlled by one-dimensional cellular automata in regular tessellations (triangular, square and hexagonal)",Advanced Engineering Informatics,Article,ok,exclude,facade_no_movement,high,abstract,,,,"optical/material-state, no geometry (liquid crystal)"
2-s2.0-84942288016,10.7712/120115.3644.637,Renewable energy tensegrity structures,Compdyn 2015 5th Eccomas Thematic Conference on Computational Methods in Structural Dynamics and Earthquake Engineering,Conference Paper,ok,exclude,not_facade,high,abstract,,,,no facade context and no movement signal
2-s2.0-84954027964,10.1080/17512549.2015.1014839,Multi-criteria energy and daylighting optimization for an office with fixed and moveable shading devices,Advances in Building Energy Research,Article,ok,include,,high,abstract,unclear,simulation,multiple,facade + physical movement (moveable)
2-s2.0-84926500777,10.1061/9780784479070.028,"The balance between daylighting and thermal performance based on exploiting the kaleidocycle typology in hot arid climate of Aswan, Egypt",Aei 2015 Birth and Life of the Integrated Building Proceedings of the Aei Conference 2015,Conference Paper,ok,include,,high,abstract,origami-deployable,simulation,multiple,facade + physical movement (origami)
2-s2.0-84957885080,10.1016/j.proeng.2015.09.149,Fast Simulation Methods for Dynamic Heat Transfer through Building Envelope Based on Model-order-Reduction,Procedia Engineering,Conference Paper,ok,uncertain_fulltext,,low,abstract,,,,facade but abstract gives no explicit movement/optical/thermal cue
2-s2.0-84983504522,10.1007/978-3-662-47386-3_31,The geometry of chuck hoberman: As the basis for the development of dynamic experimental structures,Communications in Computer and Information Science,Conference Paper,ok,include,,high,abstract,origami-deployable,experiment,energy,facade + physical movement (articulated facade; retractable)
2-s2.0-84983089561,,Influence of varying mix proportions on thermal performance of soil-cement blocks,Building Simulation Applications,Conference Paper,missing,exclude,not_facade,low,title_only,,,,no facade context and no movement signal
2-s2.0-85051341139,,Coupling dynamic energy and daylighting simulations for complex fenestration systems,Building Simulation Applications,Conference Paper,missing,uncertain_fulltext,,low,title_only,,,,facade but abstract gives no explicit movement/optical/thermal cue
2-s2.0-84948406512,10.1016/j.proeng.2015.08.474,A Biophysical Framework of Heat Regulation Strategies for the Design of Biomimetic Building Envelopes,Procedia Engineering,Conference Paper,ok,uncertain_fulltext,,low,abstract,,,,facade but abstract gives no explicit movement/optical/thermal cue
2-s2.0-84915774886,10.1016/j.cad.2014.02.010,Meteorosensitive architecture: Biomimetic building skins based on materially embedded and hygroscopically enabled responsiveness,CAD Computer Aided Design,Article,ok,include,,high,abstract,material-driven,prototype,none,facade + physical movement (hygroscopic)
2-s2.0-84921894183,10.3992/1943-4618-9.4.125,Effect of a novel internal roller shading system on energy performance,Journal of Green Building,Article,ok,include,,high,abstract,unclear,experiment,energy,facade + physical movement (movable)
2-s2.0-84939481406,,Control of wind-induced motion of tall buildings using smart façade systems,Electronic Journal of Structural Engineering,Article,missing,uncertain_fulltext,,low,title_only,,,,facade but abstract gives no explicit movement/optical/thermal cue
2-s2.0-84976413619,,Daylighting as a sustainable approach for high-rise office in tropics,Proceedings of the 26th International Business Information Management Association Conference Innovation Management and Sustainable Economic Competitive Advantage from Regional Development to Global Growth Ibima 2015,Conference Paper,missing,uncertain_fulltext,,low,title_only,,,,facade but abstract gives no explicit movement/optical/thermal cue
2-s2.0-84957877062,10.1016/j.proeng.2015.09.053,Dynamic Performance of the Shading-type Building-Integrated Photovoltaic Claddings,Procedia Engineering,Conference Paper,ok,uncertain_fulltext,,low,abstract,,,,facade but abstract gives no explicit movement/optical/thermal cue
2-s2.0-84955572973,10.1016/j.renene.2015.01.036,Decision methodology for the development of an expert system applied in an adaptable energy retrofit façade system for residential buildings,Renewable Energy,Article,ok,uncertain_fulltext,,low,abstract,,,,facade but abstract gives no explicit movement/optical/thermal cue
2-s2.0-84983132737,,Towards an integrated decision tool for evaluation of energy performance during building and plant design,Eg ICE 2015 22nd Workshop of the European Group of Intelligent Computing in Engineering,Conference Paper,missing,uncertain_fulltext,,low,title_only,,,,facade but abstract gives no explicit movement/optical/thermal cue
2-s2.0-85016771258,10.18462/iir.icr.2015.0069,Dynamic thermal behavior of double-skin façade and adjacent interior comfort,Refrigeration Science and Technology,Conference Paper,ok,uncertain_fulltext,,low,abstract,,,,facade but abstract gives no explicit movement/optical/thermal cue
2-s2.0-84937400597,10.5555/2873021.2873027,Development of a modeling strategy for adaptive multifunctional solar energy building envelope systems,Simulation Series,Conference Paper,ok,uncertain_fulltext,,low,abstract,,,,facade but abstract gives no explicit movement/optical/thermal cue
2-s2.0-85114434219,,Thermal Activated Envelope A Method and Model for Embedding Behaviour in a Responsive Envelope by Bi-Materials,Proceedings of the International Conference on Education and Research in Computer Aided Architectural Design in Europe,Conference Paper,missing,uncertain_fulltext,,low,title_only,,,,facade but abstract gives no explicit movement/optical/thermal cue
2-s2.0-84928232788,10.1007/978-3-319-09411-3_18,Kinematic design of a reconfigurable deployable canopy,Mechanisms and Machine Science,Conference Paper,ok,uncertain_fulltext,,low,abstract,,,,movement mechanism but facade context unclear
2-s2.0-84940094435,10.1117/12.2193570,A design of cylindrical lens for linear CCD used in dynamic envelope curve measurement of high-speed train,Proceedings of SPIE the International Society for Optical Engineering,Conference Paper,ok,uncertain_fulltext,,low,abstract,,,,facade but abstract gives no explicit movement/optical/thermal cue
2-s2.0-85034848863,10.1558/jca.v2i1.27129,Kinetic architecture and aerial rides: Towards a media archaeology of the revolving restaurant view,Journal of Contemporary Archaeology,Article,ok,uncertain_fulltext,,low,abstract,,,,facade but abstract gives no explicit movement/optical/thermal cue
2-s2.0-84940069270,10.1117/12.2193564,Field calibration of binocular stereo vision based on fast reconstruction of 3D control field,Proceedings of SPIE the International Society for Optical Engineering,Conference Paper,ok,uncertain_fulltext,,low,abstract,,,,facade but abstract gives no explicit movement/optical/thermal cue
2-s2.0-84924973550,10.1109/ias.2014.6978480,Simulation and sensitivity analysis of a fuzzy-based building automation control system,2014 IEEE Industry Application Society Annual Meeting IAS 2014,Conference Paper,ok,uncertain_fulltext,,low,abstract,,,,facade but abstract gives no explicit movement/optical/thermal cue
2-s2.0-85058721082,10.1016/j.applthermaleng.2014.08.007,Optimal topology of urban buildings for maximization of annual solar irradiation availability using a genetic algorithm,Applied Thermal Engineering,Article,ok,uncertain_fulltext,,low,abstract,,,,facade but abstract gives no explicit movement/optical/thermal cue
2-s2.0-84921915622,10.3844/ajassp.2014.1766.1772,Dynamic daylight and solar control in tropical climate,American Journal of Applied Sciences,Article,ok,uncertain_fulltext,,low,abstract,,,,facade but abstract gives no explicit movement/optical/thermal cue
2-s2.0-84910683434,10.1061/(asce)ey.1943-7897.0000149,Exergy management between a building and its environment for residential hvac,Journal of Energy Engineering,Article,ok,exclude,facade_no_movement,high,abstract,,,,"thermal-dynamic, no moving part (dynamic insulation)"
2-s2.0-84906838780,10.1016/j.engstruct.2014.08.023,Exploratory numerical analysis of two-way straight cable-net façades subjected to air blast loads,Engineering Structures,Article,ok,uncertain_fulltext,,low,abstract,,,,facade but abstract gives no explicit movement/optical/thermal cue
2-s2.0-85027957287,10.1016/j.energy.2014.08.028,Simulation-based method to determine climatic energy strategies of an adaptable building retrofit façade system,Energy,Article,ok,uncertain_fulltext,,low,abstract,,,,facade but abstract gives no explicit movement/optical/thermal cue
2-s2.0-84908541747,10.3390/s141120320,Multi-Fault detection of rolling element bearings under harsh working condition using imf-based adaptive envelope order analysis,Sensors Switzerland,Article,ok,uncertain_fulltext,,low,abstract,,,,facade but abstract gives no explicit movement/optical/thermal cue
2-s2.0-84911407048,10.1109/cvpr.2014.410,Efficient structured parsing of facades using dynamic programming,Proceedings of the IEEE Computer Society Conference on Computer Vision and Pattern Recognition,Conference Paper,ok,uncertain_fulltext,,low,abstract,,,,facade but abstract gives no explicit movement/optical/thermal cue
2-s2.0-84906259400,10.1088/0957-0233/25/9/095004,An adaptive envelope spectrum technique for bearing fault detection,Measurement Science and Technology,Article,ok,uncertain_fulltext,,low,abstract,,,,facade but abstract gives no explicit movement/optical/thermal cue
2-s2.0-84908149011,10.2514/1.a32382,Dynamic-envelope analysis of clamp-band joint considering pyroshock of satellite separation,Journal of Spacecraft and Rockets,Article,ok,uncertain_fulltext,,low,abstract,,,,facade but abstract gives no explicit movement/optical/thermal cue
2-s2.0-85016433689,10.1051/e3sconf/20140301007,Biomimetic Architecture in Building Envelope Maintenance (A Literature),E3s Web of Conferences,Conference Paper,ok,uncertain_fulltext,,low,abstract,,,,facade but abstract gives no explicit movement/optical/thermal cue
2-s2.0-84908406878,10.1162/leon_a_00839,"Nervous Ether: Soft Aggregates, Interactive Skins",Leonardo,Article,ok,include,,high,abstract,pneumatic-soft,experiment,none,facade + physical movement (pneumatic)
2-s2.0-84924011894,,Intelligent façade deployable multilayer adaptive membrane for sun-shading and insulation control and optimisation,11th World Congress on Computational Mechanics Wccm 2014 5th European Conference on Computational Mechanics Eccm 2014 and 6th European Conference on Computational Fluid Dynamics Ecfd 2014,Conference Paper,missing,include,,low,title_only,origami-deployable,simulation,unclear,facade + physical movement (façade deployable)
2-s2.0-84943011198,10.1016/j.foar.2014.03.002,Responsive envelope tessellation and stochastic rotation of 4-fold penttiles,Frontiers of Architectural Research,Article,ok,include,,high,abstract,origami-deployable,experiment,multiple,facade + physical movement (facade components with rotation; rotation of individual panels; rotation of tessellated component)
2-s2.0-84893169082,10.1016/j.solener.2014.01.008,The dynamic impact of window characteristics on shading factor and energy consumption,Solar Energy,Article,ok,uncertain_fulltext,,low,abstract,,,,facade but abstract gives no explicit movement/optical/thermal cue
2-s2.0-84894186566,10.1007/978-3-642-39578-9_3,Energy performance assessment of advanced integrated Façades by means of synthetic metrics,Lecture Notes in Electrical Engineering,Conference Paper,ok,include,,high,abstract,unclear,unclear,energy,facade + physical movement (moving toward advanced integrated façade)
2-s2.0-84892452345,10.1128/jvi.02017-13,Hypervariable region 1 deletion and required adaptive envelope mutations confer decreased dependency on scavenger receptor class B type I and low-density lipoprotein receptor for hepatitis C virus,Journal of Virology,Article,ok,uncertain_fulltext,,low,abstract,,,,facade but abstract gives no explicit movement/optical/thermal cue
2-s2.0-84891597750,10.4028/www.scientific.net/amr.855.52,The impact of the dynamic facade elements on the energy balance of the reference building in winter,Advanced Materials Research,Conference Paper,ok,uncertain_fulltext,,low,abstract,,,,facade but abstract gives no explicit movement/optical/thermal cue
2-s2.0-84887981105,10.4028/www.scientific.net/kem.572.225,Parametric camshaft mechanism for adaptive building envelope and kinetic building ornaments,Key Engineering Materials,Article,ok,uncertain_fulltext,,low,abstract,,,,facade but abstract gives no explicit movement/optical/thermal cue
2-s2.0-85051970214,,Using physical testing to design and evaluate the acclimatisation of kinetic façades for daylight and thermal heat performance,Acadia 2014 Design Agency Proceedings of the 34th Annual Conference of the Association for Computer Aided Design in Architecture,Conference Paper,missing,include,,low,title_only,unclear,unclear,daylight,facade + physical movement (kinetic façade)
2-s2.0-85088358810,,The triple bottom line benefits of climate-responsive dynamic façades,30th International PLEA Conference Sustainable Habitat for Developing Societies Choosing the Way Forward Proceedings,Conference Paper,missing,uncertain_fulltext,,low,title_only,,,,facade but abstract gives no explicit movement/optical/thermal cue
2-s2.0-84923525105,10.1016/j.egypro.2014.12.390,Towards an ideal adaptive glazed façade for office buildings,Energy Procedia,Conference Paper,ok,uncertain_fulltext,,low,abstract,,,,facade but abstract gives no explicit movement/optical/thermal cue
2-s2.0-85203479433,10.1115/1.4027154,Evaluation of impact of shading devices on energy consumption of buildings in tropical regions,Journal of Energy Resources Technology Transactions of the ASME,Article,ok,include,,high,abstract,unclear,simulation,energy,facade + physical movement (movable)
2-s2.0-84899830699,10.1016/j.buildenv.2014.04.007,User satisfaction and interaction with automated dynamic facades: A pilot study,Building and Environment,Article,ok,uncertain_fulltext,,low,abstract,,,,facade but abstract gives no explicit movement/optical/thermal cue
2-s2.0-84904682271,10.52842/conf.caadria.2014.055,An adaptive decision-making framework for designing material behaviours,Rethinking Comprehensive Design Speculative Counterculture Proceedings of the 19th International Conference on Computer Aided Architectural Design Research in Asia Caadria 2014,Conference Paper,ok,uncertain_fulltext,,low,abstract,,,,facade but abstract gives no explicit movement/optical/thermal cue
2-s2.0-85037166977,10.52842/conf.acadia.2014.281,Harvest shade screens programming material for optimal energy building skins,Acadia 2014 Design Agency Proceedings of the 34th Annual Conference of the Association for Computer Aided Design in Architecture,Conference Paper,ok,include,,high,abstract,material-driven,prototype,energy,facade + physical movement (actuator; kinetic shad; shape memory)
2-s2.0-84907483520,10.1016/j.enbuild.2014.07.040,The influence of shading control strategies on the visual comfort and energy demand of office buildings,Energy and Buildings,Article,ok,uncertain_fulltext,,low,abstract,,,,facade but abstract gives no explicit movement/optical/thermal cue
2-s2.0-84901823324,10.5555/2664323.2664329,Acacia: A simulation platform for highly responsive smart facades,Simulation Series,Conference Paper,ok,exclude,facade_no_movement,high,abstract,,,,"optical/material-state, no geometry (electrochrom)"
2-s2.0-84903825447,10.1109/eeeic.2014.6835853,Design of a fuzzy-based control system for energy saving and users comfort,2014 14th International Conference on Environment and Electrical Engineering Eeeic 2014 Conference Proceedings,Conference Paper,ok,uncertain_fulltext,,low,abstract,,,,facade but abstract gives no explicit movement/optical/thermal cue
2-s2.0-84896841578,10.4028/www.scientific.net/amm.534.125,Adaptive system development for secondary skin,Applied Mechanics and Materials,Conference Paper,ok,include,,high,abstract,unclear,simulation,none,facade + physical movement (actuator)
2-s2.0-84890119885,10.1016/j.enbuild.2013.08.066,Experimental assessment of the energy performance of an advanced responsive multifunctional façade module,Energy and Buildings,Article,ok,uncertain_fulltext,,low,abstract,,,,facade but abstract gives no explicit movement/optical/thermal cue
2-s2.0-84887384538,10.1016/j.buildenv.2013.10.003,Developing a weather responsive internal shading system for atrium spaces of a commercial building in tropical climates,Building and Environment,Article,ok,uncertain_fulltext,,low,abstract,,,,facade but abstract gives no explicit movement/optical/thermal cue
2-s2.0-84901463928,10.1051/epjconf/20146800037,Daylight adaptive shading using parametric camshaft mechanism for SOHO in Jakarta,EPJ Web of Conferences,Conference Paper,ok,uncertain_fulltext,,low,abstract,,,,facade but abstract gives no explicit movement/optical/thermal cue
2-s2.0-84907056781,10.2495/arc140281,Contribution of linear thermal bridges to the overall thermal performance of the building envelope: Dynamic analysis,Wit Transactions on the Built Environment,Conference Paper,ok,uncertain_fulltext,,low,abstract,,,,facade but abstract gives no explicit movement/optical/thermal cue
2-s2.0-85101090706,10.1016/j.egypro.2014.10.427,The Impact of an Ideal Dynamic Building Envelope on the Energy Performance of Low Energy Office Buildings,Energy Procedia,Conference Paper,ok,uncertain_fulltext,,low,abstract,,,,facade but abstract gives no explicit movement/optical/thermal cue
2-s2.0-84906247403,10.1068/b38121,The dynamic façade pattern grammar,Environ Plann B Plann Des,Article,ok,exclude,facade_no_movement,high,abstract,,,,"optical/material-state, no geometry (electrochrom)"
2-s2.0-85030536726,10.52842/conf.ecaade.2014.2.179,Designing Resilient Buildings with Emergent Materials,Proceedings of the International Conference on Education and Research in Computer Aided Architectural Design in Europe,Conference Paper,ok,uncertain_fulltext,,low,abstract,,,,movement mechanism but facade context unclear
2-s2.0-84915749440,,A new elasto-plastic material model for coated fabric in membrane structures,16th European Conference on Composite Materials Eccm 2014,Conference Paper,missing,exclude,not_facade,low,title_only,,,,no facade context and no movement signal
2-s2.0-85063810226,,"Parametric design for technological and ""smart"" system. Adaptive and optimized skin",30th International PLEA Conference Sustainable Habitat for Developing Societies Choosing the Way Forward Proceedings,Conference Paper,missing,uncertain_fulltext,,low,title_only,,,,facade but abstract gives no explicit movement/optical/thermal cue
2-s2.0-84888295460,10.1111/nph.12474,"More cells, bigger cells or simply reorganization? Alternative mechanisms leading to changed internode architecture under contrasting stress regimes",New Phytologist,Article,ok,uncertain_fulltext,,low,abstract,,,,facade but abstract gives no explicit movement/optical/thermal cue
2-s2.0-84901408016,10.1016/j.enbuild.2014.04.045,Framework for assessing the performance potential of seasonally adaptable facades using multi-objective optimization,Energy and Buildings,Article,ok,uncertain_fulltext,,low,abstract,,,,facade but abstract gives no explicit movement/optical/thermal cue
2-s2.0-85088355797,,"Environmental performance of adaptive building envelope design: Urban housing in Seoul, Korea",30th International PLEA Conference Sustainable Habitat for Developing Societies Choosing the Way Forward Proceedings,Conference Paper,missing,uncertain_fulltext,,low,title_only,,,,facade but abstract gives no explicit movement/optical/thermal cue
2-s2.0-84903840062,10.1109/igbsg.2014.6835241,WSN-based intelligent visual performance management in tropical buildings,Proceedings of 2014 International Conference on Intelligent Green Building and Smart Grid Igbsg 2014,Conference Paper,ok,uncertain_fulltext,,low,abstract,,,,facade but abstract gives no explicit movement/optical/thermal cue
2-s2.0-84904663253,,Controlling kinetic cladding components in building façades: A case for autonomous movement,Rethinking Comprehensive Design Speculative Counterculture Proceedings of the 19th International Conference on Computer Aided Architectural Design Research in Asia Caadria 2014,Conference Paper,missing,uncertain_fulltext,,low,title_only,,,,facade but abstract gives no explicit movement/optical/thermal cue
2-s2.0-84903122488,10.2495/mar140121,The design and physical modelling of deployable structures based on curved-line folding,Wit Transactions on the Built Environment,Conference Paper,ok,uncertain_fulltext,,low,abstract,,,,movement mechanism but facade context unclear
2-s2.0-84898997636,10.1016/j.egypro.2014.02.143,Energy performance assessment of and advanced integrated façade through experimental data analysis,Energy Procedia,Conference Paper,ok,uncertain_fulltext,,low,abstract,,,,facade but abstract gives no explicit movement/optical/thermal cue
2-s2.0-84906901718,10.3390/en7085201,Dialectic form finding of passive and adaptive shading enclosures,Energies,Article,ok,uncertain_fulltext,,low,abstract,,,,facade but abstract gives no explicit movement/optical/thermal cue
2-s2.0-84897866302,10.2495/eq140501,Development of an integrated passive cooling façade technology for office buildings in hot arid regions,Wit Transactions on Ecology and the Environment,Article,ok,uncertain_fulltext,,low,abstract,,,,facade but abstract gives no explicit movement/optical/thermal cue
2-s2.0-84898977977,10.1016/j.egypro.2014.02.173,Retrofit of an existing school in Italy with high energy standards,Energy Procedia,Conference Paper,ok,include,,high,abstract,unclear,experiment,energy,facade + physical movement (moveable)
2-s2.0-84949133204,10.1016/j.proeng.2014.10.533,Development of a first prototype of a liquid-shaded dynamic glazed facade for buildings,Procedia Engineering,Conference Paper,ok,exclude,facade_no_movement,high,abstract,,,,"media/LED facade — visual only, no physical movement"
2-s2.0-84906536114,10.1016/j.enbuild.2014.07.086,Daylighting and solar shading performances of an innovative automated reflective louvre system,Energy and Buildings,Article,ok,include,,high,abstract,unclear,unclear,daylight,facade + physical movement (movable)
2-s2.0-84924673672,,Operative temperature and thermal comfort in the sun - Implementation and verification of a model for IDA ICE,Indoor Air 2014 13th International Conference on Indoor Air Quality and Climate,Conference Paper,missing,uncertain_fulltext,,low,title_only,,,,facade but abstract gives no explicit movement/optical/thermal cue
2-s2.0-84898864189,10.4028/www.scientific.net/amm.541-542.954,Potential Analysis of Architectural Application of Solar Energy Resource in Panzhihua,Applied Mechanics and Materials,Conference Paper,ok,include,,high,abstract,unclear,unclear,multiple,facade + physical movement (movable)
2-s2.0-84898948983,10.1016/j.egypro.2014.02.144,Experimental analysis of an advanced dynamic glazing prototype integrating PCM and thermotropic layers,Energy Procedia,Conference Paper,ok,exclude,facade_no_movement,high,abstract,,,,"thermal-dynamic, no moving part (pcm; phase change material)"
2-s2.0-85202486153,,INTELLIGENT BUILDING ENVELOPE TO OPTIMISE THE EXPLOITATION OF SOLAR RADIATION,Zemch International Conference,Conference Paper,missing,uncertain_fulltext,,low,title_only,,,,facade but abstract gives no explicit movement/optical/thermal cue
2-s2.0-84912570607,10.22260/isarc2014/0011,Control of an adaptive light shelf using multi-objective optimization,31st International Symposium on Automation and Robotics in Construction and Mining Isarc 2014 Proceedings,Conference Paper,ok,uncertain_fulltext,,low,abstract,,,,facade but abstract gives no explicit movement/optical/thermal cue
2-s2.0-84899624067,10.1080/14786451.2013.796943,A new test cell for the evaluation of thermo-physical performance of facades building components,International Journal of Sustainable Energy,Article,ok,exclude,facade_no_movement,high,abstract,,,,"thermal-dynamic, no moving part (phase change material)"
2-s2.0-84912096470,10.1088/1742-6596/547/1/012013,Spectrophotometric evaluation of optical performances of polarizing technologies for smart window applications,Journal of Physics Conference Series,Conference Paper,ok,uncertain_fulltext,,low,abstract,,,,facade but abstract gives no explicit movement/optical/thermal cue
2-s2.0-84885455549,10.1016/j.buildenv.2013.09.011,"An investigation into the impact of movable solar shades on energy, indoor thermal and visual comfort improvements",Building and Environment,Article,ok,include,,high,abstract,unclear,experiment,multiple,facade + physical movement (movable; shading performance of movable)
2-s2.0-84904497008,10.1145/2611009.2611036,Smart citizen sentiment dashboard: A case study into media architectural interfaces,Perdis 2014 Proceedings 3rd ACM International Symposium on Pervasive Displays 2014,Conference Paper,ok,exclude,facade_no_movement,high,abstract,,,,"media/LED facade — visual only, no physical movement"
2-s2.0-84904395903,10.1016/j.scs.2014.02.003,Parametric analysis of environmentally responsive strategies for building envelopes specific for hot hyperarid regions,Sustainable Cities and Society,Article,ok,uncertain_fulltext,,low,abstract,,,,facade but abstract gives no explicit movement/optical/thermal cue
2-s2.0-84903214072,10.1016/j.enbuild.2014.05.017,Effect of dynamic characteristics of building envelope on thermal-energy performance in winter conditions: In field experiment,Energy and Buildings,Article,ok,uncertain_fulltext,,low,abstract,,,,facade but abstract gives no explicit movement/optical/thermal cue
2-s2.0-84898814645,10.1177/1744259113496388,Numerical evaluation of a phase change material-shutter using solar energy for winter nighttime indoor heating,Journal of Building Physics,Article,ok,include,,high,abstract,unclear,simulation,energy,facade + physical movement (movable)
2-s2.0-84910049142,10.21437/interspeech.2014-120,An adaptive envelope compression strategy for speech processing in cochlear implants,Proceedings of the Annual Conference of the International Speech Communication Association Interspeech,Conference Paper,ok,uncertain_fulltext,,low,abstract,,,,facade but abstract gives no explicit movement/optical/thermal cue
2-s2.0-84902805510,10.1115/jrc2014-3744,Effect of dynamic envelope pavement markings on vehicle driver behavior at a highway-rail grade crossing,2014 Joint Rail Conference Jrc 2014,Conference Paper,ok,uncertain_fulltext,,low,abstract,,,,facade but abstract gives no explicit movement/optical/thermal cue
2-s2.0-84944730050,,A parametric simulation study on kinetic envelopes,43rd Ases National Solar Conference 2014 Solar 2014 Including the 39th National Passive Solar Conference and the 2nd Meeting of Young and Emerging Professionals in Renewable Energy,Conference Paper,missing,uncertain_fulltext,,low,title_only,,,,movement mechanism but facade context unclear
2-s2.0-84904627935,10.52842/conf.caadria.2014.931,Analysing and visualizing the moving mechanisms of kinetic architecture,Rethinking Comprehensive Design Speculative Counterculture Proceedings of the 19th International Conference on Computer Aided Architectural Design Research in Asia Caadria 2014,Conference Paper,missing,exclude,not_facade,low,title_only,,,,no facade context and no movement signal
2-s2.0-84929431279,10.2749/222137814814069048,Structural mechanization of giant observation wheels,Engineering for Progress Nature and People,Conference Paper,ok,uncertain_fulltext,,low,abstract,,,,facade but abstract gives no explicit movement/optical/thermal cue
2-s2.0-84900562357,10.1145/2559206.2581286,Whirlstools: Kinetic furniture with adaptive affordance,Conference on Human Factors in Computing Systems Proceedings,Conference Paper,ok,uncertain_fulltext,,low,abstract,,,,facade but abstract gives no explicit movement/optical/thermal cue
2-s2.0-84899018727,10.1177/0143624413490177,Effect of building envelope on thermal environmental conditions of a naturally ventilated building block in tropical climate,Building Services Engineering Research and Technology,Article,ok,uncertain_fulltext,,low,abstract,,,,facade but abstract gives no explicit movement/optical/thermal cue
2-s2.0-84890952775,10.1145/2542266.2542282,Computing with matter,SIGGRAPH Asia 2013 Courses SA 2013,Conference Paper,ok,include,,high,abstract,unclear,simulation,none,facade + physical movement (actuator)
2-s2.0-84889564144,,Responsive façades: Parametric control of moveable tilings,Pertanika Journal of Science and Technology,Article,missing,include,,low,title_only,unclear,simulation,unclear,facade + physical movement (moveable)
2-s2.0-84894123318,,Bio-inspired adaptive stadium façades,Open Systems Proceedings of the 18th International Conference on Computer Aided Architectural Design Research in Asia Caadria 2013,Conference Paper,missing,uncertain_fulltext,,low,title_only,,,,facade but abstract gives no explicit movement/optical/thermal cue
2-s2.0-84891276408,,Multifunctional adaptive façade at iba 2013; design studies for an integral energy harvesting façade shading system,Textile Composites and Inflatable Structures Vi Proceedings of the 6th International Conference on Textile Composites and Inflatable Structures Structures Membranes 2013,Conference Paper,missing,uncertain_fulltext,,low,title_only,,,,facade but abstract gives no explicit movement/optical/thermal cue
2-s2.0-84894140792,,Information storm,Open Systems Proceedings of the 18th International Conference on Computer Aided Architectural Design Research in Asia Caadria 2013,Conference Paper,missing,exclude,not_facade,low,title_only,,,,no facade context and no movement signal
2-s2.0-84891277845,,Advantages of lightweight tensioned coated fabrics and foils façades for the building sector,Textile Composites and Inflatable Structures Vi Proceedings of the 6th International Conference on Textile Composites and Inflatable Structures Structures Membranes 2013,Conference Paper,missing,uncertain_fulltext,,low,title_only,,,,facade but abstract gives no explicit movement/optical/thermal cue
2-s2.0-84891274736,,Textile and film based building envelopes - Light weight and adaptive,Textile Composites and Inflatable Structures Vi Proceedings of the 6th International Conference on Textile Composites and Inflatable Structures Structures Membranes 2013,Conference Paper,missing,uncertain_fulltext,,low,title_only,,,,facade but abstract gives no explicit movement/optical/thermal cue
2-s2.0-84891276041,,Responsive textiles,Textile Composites and Inflatable Structures Vi Proceedings of the 6th International Conference on Textile Composites and Inflatable Structures Structures Membranes 2013,Conference Paper,missing,exclude,not_facade,low,title_only,,,,no facade context and no movement signal
2-s2.0-84886676476,10.26868/25222708.2013.1400,Occupant-proof buildings: Can we design buildings that are robust against occupant behaviour?,Proceedings of Bs 2013 13th Conference of the International Building Performance Simulation Association,Conference Paper,ok,include,,high,abstract,unclear,unclear,multiple,facade + physical movement (movable)
2-s2.0-84886701395,,Definition of a reference office for standardized evaluations of dynamic façade and lighting technologies,Proceedings of Bs 2013 13th Conference of the International Building Performance Simulation Association,Conference Paper,missing,uncertain_fulltext,,low,title_only,,,,facade but abstract gives no explicit movement/optical/thermal cue
2-s2.0-84886712908,10.26868/25222708.2013.1000,Mechanical cooling energy reduction for commercial buildings in hot climates: Effective use of external solar shading incorporating effects on daylight contribution,Proceedings of Bs 2013 13th Conference of the International Building Performance Simulation Association,Conference Paper,ok,uncertain_fulltext,,low,abstract,,,,facade but abstract gives no explicit movement/optical/thermal cue
2-s2.0-84886643381,,Ec-co-gen: An evolutionary simulation assisted design tool for energy rating of buildings in early design stage to optimize the building form Philippe Marin,Proceedings of Bs 2013 13th Conference of the International Building Performance Simulation Association,Conference Paper,missing,exclude,not_facade,low,title_only,,,,no facade context and no movement signal
2-s2.0-84885744168,10.4067/s0717-69962013000200015,Transparent facades: Active and passive,Arq,Article,ok,uncertain_fulltext,,low,abstract,,,,facade but abstract gives no explicit movement/optical/thermal cue
2-s2.0-84885625875,10.1109/ie.2013.23,No-mech kinetic responsive architecture: Kinetic responsive architecture with no mechanical parts,Proceedings 9th International Conference on Intelligent Environments Ie 2013,Conference Paper,ok,uncertain_fulltext,,low,abstract,,,,facade but abstract gives no explicit movement/optical/thermal cue
2-s2.0-84885225206,10.1145/2493432.2494263,Lumina: A soft kinetic material for morphing architectural skins and organic user interfaces,Ubicomp 2013 Proceedings of the 2013 ACM International Joint Conference on Pervasive and Ubiquitous Computing,Conference Paper,ok,include,,high,abstract,unclear,prototype,daylight,facade + physical movement (actuator; morphing)
2-s2.0-84885224603,10.1145/2494091.2499224,EmoTicSpace: When the built environments get emotional,Ubicomp 2013 Adjunct Adjunct Publication of the 2013 ACM Conference on Ubiquitous Computing,Conference Paper,ok,uncertain_fulltext,,low,abstract,,,,facade but abstract gives no explicit movement/optical/thermal cue
2-s2.0-84884572348,10.1016/j.enbuild.2013.08.027,Facade design principles for nearly zero energy buildings in a cold climate,Energy and Buildings,Article,ok,uncertain_fulltext,,low,abstract,,,,facade but abstract gives no explicit movement/optical/thermal cue
2-s2.0-84884551487,10.1108/ohi-03-2013-b0003,Mass-customized net energy-positive housing for the great lakes region,Open House International,Article,ok,uncertain_fulltext,,low,abstract,,,,facade but abstract gives no explicit movement/optical/thermal cue
2-s2.0-84884329851,10.1016/j.enbuild.2013.08.033,Energy performance analysis of a solar-cooled building in Tunisia: Passive strategies impact and improvement techniques,Energy and Buildings,Article,ok,include,,high,abstract,unclear,simulation,energy,facade + physical movement (movable)
2-s2.0-84883866070,10.1117/12.2022026,Prismatic louver active façades for natural illumination and thermal energy gain in high-rise and commercial buildings,Proceedings of SPIE the International Society for Optical Engineering,Conference Paper,ok,include,,high,abstract,mechanical,unclear,multiple,facade + physical movement (rotate the prismatic louvers)
2-s2.0-84879495105,10.1016/j.buildenv.2013.05.016,Comparative control strategies for roller shades with respect to daylighting and energy performance,Building and Environment,Article,ok,uncertain_fulltext,,low,abstract,,,,facade but abstract gives no explicit movement/optical/thermal cue
2-s2.0-84881185942,,Application of flexible façade systems in reducing the lateral displacement of concrete frames subjected to seismic loads,From Materials to Structures Advancement Through Innovation Proceedings of the 22nd Australasian Conference on the Mechanics of Structures and Materials Acmsm 2012,Conference Paper,missing,uncertain_fulltext,,low,title_only,,,,facade but abstract gives no explicit movement/optical/thermal cue
2-s2.0-84881176254,10.1201/b15320-75,Dynamic behaviour of flexible facade systems in tall buildings subjected to wind loads,From Materials to Structures Advancement Through Innovation Proceedings of the 22nd Australasian Conference on the Mechanics of Structures and Materials Acmsm 2012,Conference Paper,ok,uncertain_fulltext,,low,abstract,,,,facade but abstract gives no explicit movement/optical/thermal cue
2-s2.0-84940646839,10.1093/ijlct/ctt015,Adaptive façade design for the daylighting performance in an office building: The investigation of an opening design strategy with cellular automata,International Journal of Low Carbon Technologies,Article,ok,uncertain_fulltext,,low,abstract,,,,facade but abstract gives no explicit movement/optical/thermal cue
2-s2.0-85138413676,10.1201/b15267-165,An innovative proposal for a deployable shading system,Structures and Architecture New Concepts Applications and Challenges,Book Chapter,ok,include,,high,abstract,origami-deployable,unclear,none,facade + physical movement (deployable; shading system deployable)
2-s2.0-84879110265,10.1016/j.enbuild.2013.05.017,Performance of a daylight-redirecting glass-shading system,Energy and Buildings,Article,ok,uncertain_fulltext,,low,abstract,,,,facade but abstract gives no explicit movement/optical/thermal cue
2-s2.0-84880299383,10.1260/1478-0771.11.2.183,Designing a connected sustainable living environment,International Journal of Architectural Computing,Article,ok,include,,high,abstract,origami-deployable,prototype,none,facade + physical movement (reconfigurable façade)
2-s2.0-84883729570,10.1260/0266-3511.28.2.101,Shapes of miura mesh mechanism with mobility one,International Journal of Space Structures,Article,ok,uncertain_fulltext,,low,abstract,,,,movement mechanism but facade context unclear
2-s2.0-84876850882,10.5555/2500004.2500006,Evaluating the performance robustness of fixed and movable shading devices against diverse occupant behaviors,Simulation Series,Conference Paper,ok,include,,high,abstract,unclear,simulation,multiple,facade + physical movement (movable)
2-s2.0-84876865688,10.5555/2500004.2500022,Simulating nonlinear nano-to-micro scaled material properties and effects at the architectural scale,Simulation Series,Conference Paper,ok,uncertain_fulltext,,low,abstract,,,,facade but abstract gives no explicit movement/optical/thermal cue
2-s2.0-84876820824,10.5555/2500004.2500018,Choreographic architecture: Inscribing instructions in an auxetic based material system,Simulation Series,Conference Paper,ok,uncertain_fulltext,,low,abstract,,,,movement mechanism but facade context unclear
2-s2.0-84874785714,10.1002/eqe.2224,Nonlinear analysis of out-of-plane masonry façades: Full dynamic versus pushover methods by rigid body and spring model,Earthquake Engineering and Structural Dynamics,Article,ok,uncertain_fulltext,,low,abstract,,,,facade but abstract gives no explicit movement/optical/thermal cue
2-s2.0-84875697527,10.1016/j.conbuildmat.2013.02.056,The thermal performance of walls under actual service conditions: Evaluating the results of climatic chamber tests,Construction and Building Materials,Article,ok,uncertain_fulltext,,low,abstract,,,,facade but abstract gives no explicit movement/optical/thermal cue
2-s2.0-84876714561,10.1016/s1672-6529(13)60213-9,An Experimental Study on a Microclimatic Layer of a Bionic Façade Inspired by Vertical Greenery,Journal of Bionic Engineering,Article,ok,uncertain_fulltext,,low,abstract,,,,facade but abstract gives no explicit movement/optical/thermal cue
2-s2.0-84874592305,10.4028/www.scientific.net/amr.660.222,Construction of smart building skins with flow and bend split products,Advanced Materials Research,Conference Paper,ok,include,,high,abstract,origami-deployable,experiment,energy,facade + physical movement (foldable)
2-s2.0-84872398016,10.1016/j.buildenv.2012.10.003,Manually-operated window shade patterns in office buildings: A critical review,Building and Environment,Review,ok,related_review,review,high,abstract,,,,review/secondary on facade topic — kept for intro/benchmark
2-s2.0-84884993770,10.1007/978-3-642-40840-3_2,Collaborative responsive façade design using sensor and actuator network,Lecture Notes in Computer Science Including Subseries Lecture Notes in Artificial Intelligence and Lecture Notes in Bioinformatics,Conference Paper,ok,include,,high,abstract,unclear,prototype,daylight,facade + physical movement (actuator)
2-s2.0-84894119546,10.52842/conf.caadria.2013.945,Responsive building envelope as a material system of autonomous agents,Open Systems Proceedings of the 18th International Conference on Computer Aided Architectural Design Research in Asia Caadria 2013,Conference Paper,ok,include,,high,abstract,unclear,simulation,none,facade + physical movement (actuator)
2-s2.0-84887907216,10.1201/b15267-164,An innovative proposal for a deployable shading system,Structures and Architecture Concepts Applications and Challenges Proceedings of the 2nd International Conference on Structures and Architecture Icsa 2013,Conference Paper,ok,include,,high,abstract,origami-deployable,unclear,none,facade + physical movement (deployable)
2-s2.0-85048220892,,Energy and daylighting interaction in offices with shading devices,Building Simulation Applications,Conference Paper,missing,uncertain_fulltext,,low,title_only,,,,facade but abstract gives no explicit movement/optical/thermal cue
2-s2.0-84880083431,10.1201/b15002-95,An irregular discretization process for climate-responsive façades,Green Design Materials and Manufacturing Processes Proceedings of the 2nd International Conference on Sustainable Intelligent Manufacturing Sim 2013,Conference Paper,ok,include,,high,abstract,unclear,simulation,daylight,facade + physical movement (moving or static component)
2-s2.0-85127876385,,ARCS Architectural Chameleon Skin A swarm-based architectural installation,Proceedings of the International Conference on Education and Research in Computer Aided Architectural Design in Europe,Conference Paper,missing,uncertain_fulltext,,low,title_only,,,,facade but abstract gives no explicit movement/optical/thermal cue
2-s2.0-84879466311,,Energy performance of shading devices for thermal and lighting comfort in offices,Building Simulation Applications,Conference Paper,missing,uncertain_fulltext,,low,title_only,,,,facade but abstract gives no explicit movement/optical/thermal cue
2-s2.0-84885014497,10.1007/978-3-642-40840-3_31,Interactive decision making environment for the design optimization of climate adaptive building shells,Lecture Notes in Computer Science Including Subseries Lecture Notes in Artificial Intelligence and Lecture Notes in Bioinformatics,Conference Paper,ok,include,,high,abstract,unclear,simulation,daylight,facade + physical movement (kinetic facade)
2-s2.0-84884370237,10.3130/jaabe.12.237,Interactive kinetic media facades: A pedagogical design system to support an integrated virtual-physical prototyping environment in the design process of media facades,Journal of Asian Architecture and Building Engineering,Article,ok,exclude,facade_no_movement,high,abstract,,,,"media/LED facade — visual only, no physical movement"
2-s2.0-84983531049,10.1201/b15685,Study for the rehabilitation of vernacular architecture with sustainable criteria,Vernacular Heritage and Earthen Architecture,Book Chapter,ok,uncertain_fulltext,,low,abstract,,,,facade but abstract gives no explicit movement/optical/thermal cue
2-s2.0-84933533905,,Assessment of movable insulation panels' energy and lighting potential for adaptive façades in architecture,42nd Ases National Solar Conference 2013 Solar 2013 Including 42nd Ases Annual Conference and 38th National Passive Solar Conference,Conference Paper,missing,include,,low,title_only,unclear,unclear,multiple,facade + physical movement (movable)
2-s2.0-105025318037,,Responsive Building Envelopes: Characteristics and Evolving Paradigms,Design and Construction of High Performance Homes Building Envelopes Renewable Energies and Integrated Practice,Book Chapter,missing,uncertain_fulltext,,low,title_only,,,,facade but abstract gives no explicit movement/optical/thermal cue
2-s2.0-84966550363,,Characterizing thermal performance of buildings using dynamic model identification,Thermal Performance of the Exterior Envelopes of Whole Buildings 12th International Conference,Conference Paper,missing,exclude,not_facade,low,title_only,,,,no facade context and no movement signal
2-s2.0-84933573742,,Combined solar power production and dynamic shading with energy harvesting electrochromic windows (EH-ECWs),42nd Ases National Solar Conference 2013 Solar 2013 Including 42nd Ases Annual Conference and 38th National Passive Solar Conference,Conference Paper,missing,exclude,facade_no_movement,low,title_only,,,,"optical/material-state, no geometry (electrochrom)"
2-s2.0-84912544649,,Adaptive [skins]-Use of genetic algorithms for actuation system optimization,European Group for Intelligent Computing in Engineering Eg ICE 2013 20th International Workshop Intelligent Computing in Engineering,Conference Paper,missing,exclude,not_facade,low,title_only,,,,no facade context and no movement signal
2-s2.0-84878797097,10.1201/b14563-19,Structural design of blast enhanced cable net facades,COST Action Tu0905 Mid Term Conference on Structural Glass Proceedings of COST Action Tu0905 Mid Term Conference on Structural Glass,Conference Paper,ok,uncertain_fulltext,,low,abstract,,,,facade but abstract gives no explicit movement/optical/thermal cue
2-s2.0-84870279087,10.1080/10407782.2013.730422,On-site building walls characterization,Numerical Heat Transfer Part A Applications,Article,ok,uncertain_fulltext,,low,abstract,,,,facade but abstract gives no explicit movement/optical/thermal cue
2-s2.0-85048244442,,Energy simulation and design of a hot box suitable for dynamic tests of building envelope opaque components,Building Simulation Applications,Conference Paper,missing,uncertain_fulltext,,low,title_only,,,,facade but abstract gives no explicit movement/optical/thermal cue
2-s2.0-84896322281,10.1115/smasis2013-3001,SMA actuated vertical blade louver system: Part 1 performance requirements and design,ASME 2013 Conference on Smart Materials Adaptive Structures and Intelligent Systems Smasis 2013,Conference Paper,ok,include,,high,abstract,material-driven,prototype,energy,facade + physical movement (actuated; actuator; rotation of the blades)
2-s2.0-84885652681,10.7873/date.2013.191,Capital cost-aware design and partial shading-aware architecture optimization of a reconfigurable photovoltaic system,Proceedings Design Automation and Test in Europe Date,Conference Paper,ok,uncertain_fulltext,,low,abstract,,,,facade but abstract gives no explicit movement/optical/thermal cue
2-s2.0-84897048301,,Acoustic optimization of windows and doors through sound intensity measurements,20th International Congress on Sound and Vibration 2013 Icsv 2013,Conference Paper,missing,uncertain_fulltext,,low,title_only,,,,facade but abstract gives no explicit movement/optical/thermal cue
2-s2.0-85048228738,,"Daylight harvesting: A multivariate regression linear model for predicting the impact on lighting, cooling and heating",Building Simulation Applications,Conference Paper,missing,uncertain_fulltext,,low,title_only,,,,facade but abstract gives no explicit movement/optical/thermal cue
2-s2.0-105025296222,,North House: Climate-Responsive Envelope and Control Systems,Design and Construction of High Performance Homes Building Envelopes Renewable Energies and Integrated Practice,Book Chapter,missing,uncertain_fulltext,,low,title_only,,,,facade but abstract gives no explicit movement/optical/thermal cue
2-s2.0-84904633574,10.52842/conf.acadia.2013.437,Kinetic architecture matrix,Acadia 2013 Adaptive Architecture Proceedings of the 33rd Annual Conference of the Association for Computer Aided Design in Architecture,Conference Paper,ok,exclude,not_facade,high,abstract,,,,no facade context and no movement signal
2-s2.0-84903650549,10.1533/9780857093530.3.468,Architectural applications of smart textiles,Multidisciplinary Know how for Smart Textiles Developers,Book Chapter,ok,include,,high,abstract,material-driven,unclear,energy,facade + physical movement (actuator; shape memory)
2-s2.0-84880088533,10.4305/metu.jfa.2013.1.5,Compatibility assessment of exterior finish coats for insulated walls,Metu Journal of the Faculty of Architecture,Article,ok,exclude,not_facade,high,abstract,,,,no facade context and no movement signal
2-s2.0-85048323583,10.52842/conf.acadia.2013.243,Responsive materiality for morphing architectural skins,Acadia 2013 Adaptive Architecture Proceedings of the 33rd Annual Conference of the Association for Computer Aided Design in Architecture,Conference Paper,ok,include,,high,abstract,material-driven,experiment,multiple,facade + physical movement (morphing; shape memory)
2-s2.0-85048328980,10.52842/conf.acadia.2013.109,Adaptation as a framework for reconsidering high-performance residential design: A case study,Acadia 2013 Adaptive Architecture Proceedings of the 33rd Annual Conference of the Association for Computer Aided Design in Architecture,Conference Paper,ok,include,,high,abstract,unclear,prototype,energy,facade + physical movement (kinetic envelope)
2-s2.0-84871874052,10.1016/j.apenergy.2012.10.045,Development of polynomial regression models for composite dynamic envelopes' thermal performance forecasting,Applied Energy,Article,ok,uncertain_fulltext,,low,abstract,,,,facade but abstract gives no explicit movement/optical/thermal cue
2-s2.0-84871554288,10.4028/www.scientific.net/amm.232.919,Adaptive building envelope system using parametric camshaft mechanism for sustainable building,Applied Mechanics and Materials,Conference Paper,ok,uncertain_fulltext,,low,abstract,,,,facade but abstract gives no explicit movement/optical/thermal cue
2-s2.0-84871549544,,From static to kinetic: A review of acclimated kinetic building envelopes,World Renewable Energy Forum Wref 2012 Including World Renewable Energy Congress Xii and Colorado Renewable Energy Society Cres Annual Conferen,Conference Paper,missing,related_review,review,low,title_only,,,,review/secondary on facade topic — kept for intro/benchmark
2-s2.0-84870494719,10.2495/su120261,Progressive collapse analysis of a high-rise building considering the effect of an outriggerbelt lateral load resisting system,Wit Transactions on the Built Environment,Conference Paper,ok,uncertain_fulltext,,low,abstract,,,,facade but abstract gives no explicit movement/optical/thermal cue
2-s2.0-84875251530,10.52842/conf.caadria.2012.253,Envelope tesselation with stochastic rotation of 4-fold penttiles,Beyond Codes and Pixels Proceedings of the 17th International Conference on Computer Aided Architectural Design Research in Asia Caadria 2012,Conference Paper,ok,include,,high,abstract,origami-deployable,simulation,energy,facade + physical movement (moveable)
2-s2.0-84874249257,10.1260/1478-0771.10.4.613,Computational design of a bio inspired responsive architectural Façade system,International Journal of Architectural Computing,Conference Paper,ok,include,,high,abstract,mechanical,simulation,none,facade + physical movement (unfold)
2-s2.0-84876527219,,A visual - Performative language of façade patterns for the connected sustainable home,Simulation Series,Conference Paper,missing,uncertain_fulltext,,low,title_only,,,,facade but abstract gives no explicit movement/optical/thermal cue
2-s2.0-84875265672,10.52842/conf.caadria.2012.465,Responsive architectural surface design from nonlinear systems biology: Responsive architectural design by computational methods,Beyond Codes and Pixels Proceedings of the 17th International Conference on Computer Aided Architectural Design Research in Asia Caadria 2012,Conference Paper,ok,include,,high,abstract,unclear,simulation,none,facade + physical movement (unfold)
2-s2.0-84893266540,10.4017/gt.2012.11.02.519.00,An integrated automatic wall concreting system,2012 Proceedings of the 29th International Symposium of Automation and Robotics in Construction Isarc 2012,Conference Paper,ok,include,,high,abstract,pneumatic-soft,unclear,energy,facade + physical movement (pneumatic)
2-s2.0-84863467109,10.1016/j.buildenv.2012.06.009,Cross ventilation with small openings: Measurements in a multi-zone test building,Building and Environment,Article,ok,uncertain_fulltext,,low,abstract,,,,facade but abstract gives no explicit movement/optical/thermal cue
2-s2.0-84865622141,10.1016/j.enbuild.2012.07.020,"Retrofitting using a dynamic envelope to ensure thermal comfort, energy savings and low environmental impact in Mediterranean climates",Energy and Buildings,Article,ok,uncertain_fulltext,,low,abstract,,,,facade but abstract gives no explicit movement/optical/thermal cue
2-s2.0-84865759357,10.2495/hpsm120441,Analysing the applicability of deployable scissor structures in responsive building skins,Wit Transactions on the Built Environment,Conference Paper,ok,include,,high,abstract,origami-deployable,unclear,none,facade + physical movement (deployable; scissor)
2-s2.0-84865596200,10.1007/978-3-642-32609-7_17,Communication between physical and virtual models in designing smart buildings,Lecture Notes in Computer Science Including Subseries Lecture Notes in Artificial Intelligence and Lecture Notes in Bioinformatics,Conference Paper,ok,uncertain_fulltext,,low,abstract,,,,facade but abstract gives no explicit movement/optical/thermal cue
2-s2.0-84861569230,10.1016/j.engstruct.2012.04.023,Viscoelastic spider connectors for the mitigation of cable-supported façades subjected to air blast loading,Engineering Structures,Article,ok,uncertain_fulltext,,low,abstract,,,,facade but abstract gives no explicit movement/optical/thermal cue
2-s2.0-84872838848,10.1260/1478-0771.10.3.377,"The agency of responsive envelopes: Interaction, politics and interconnected systems",International Journal of Architectural Computing,Article,ok,uncertain_fulltext,,low,abstract,,,,facade but abstract gives no explicit movement/optical/thermal cue
2-s2.0-84862523171,,Innovative strategies for adaptive buildings in large cities,International Journal for Housing Science and Its Applications,Article,missing,uncertain_fulltext,,low,title_only,,,,facade but abstract gives no explicit movement/optical/thermal cue
2-s2.0-84858710403,10.1016/j.engstruct.2012.02.006,Elastoplastic dissipative devices for the mitigation of blast resisting cable-supported glazing façades,Engineering Structures,Article,ok,uncertain_fulltext,,low,abstract,,,,facade but abstract gives no explicit movement/optical/thermal cue
2-s2.0-84861838567,10.1016/j.enbuild.2012.02.048,Building-plant system energy sustainability. An approach for transient thermal performance analysis,Energy and Buildings,Article,ok,uncertain_fulltext,,low,abstract,,,,facade but abstract gives no explicit movement/optical/thermal cue
2-s2.0-84860810606,10.4028/www.scientific.net/amm.164.85,A comparative study on building energy performance between movable and fixed shading materials,Applied Mechanics and Materials,Conference Paper,ok,include,,high,abstract,unclear,simulation,energy,facade + physical movement (movable)
2-s2.0-84859443262,10.1016/j.solener.2012.02.031,Dynamic performance of a façade-based solar loop heat pipe water heating system,Solar Energy,Article,ok,uncertain_fulltext,,low,abstract,,,,facade but abstract gives no explicit movement/optical/thermal cue
2-s2.0-84956702328,10.1002/stab.201290074,The future of energy-active and adaptive building envelopes,Stahlbau,Article,ok,uncertain_fulltext,,low,abstract,,,,facade but abstract gives no explicit movement/optical/thermal cue
2-s2.0-84858679523,10.1002/ad.1379,Material capacity: Embedded responsiveness,Architectural Design,Article,ok,uncertain_fulltext,,low,abstract,,,,facade but abstract gives no explicit movement/optical/thermal cue
2-s2.0-84859464539,10.1260/1478-0771.10.1.67,Kinetic hybrid structure development and simulation,International Journal of Architectural Computing,Article,ok,exclude,not_facade,high,abstract,,,,no facade context and no movement signal
2-s2.0-84855243888,10.1016/j.enbuild.2011.11.022,Experimental estimation of the solar properties of a switchable liquid shading system for glazed facades,Energy and Buildings,Article,ok,uncertain_fulltext,,low,abstract,,,,facade but abstract gives no explicit movement/optical/thermal cue
2-s2.0-84860799273,10.1080/10789669.2011.615001,Total energy use in air conditioned buildings: Analysis of main influencing factors,HVAC and R Research,Conference Paper,ok,uncertain_fulltext,,low,abstract,,,,facade but abstract gives no explicit movement/optical/thermal cue
2-s2.0-84855814331,10.1016/j.solener.2011.11.016,Daylighting and energy analysis of private offices with automated interior roller shades,Solar Energy,Article,ok,uncertain_fulltext,,low,abstract,,,,facade but abstract gives no explicit movement/optical/thermal cue
2-s2.0-85083950415,10.52842/conf.ecaade.2012.2.629,Design Considerations for Adopting Kinetic Facades in Building Practice,Proceedings of the International Conference on Education and Research in Computer Aided Architectural Design in Europe,Conference Paper,ok,include,,high,abstract,unclear,unclear,none,facade + physical movement (kinetic facade)
2-s2.0-85127846958,,Integration of Digital Simulation Tools With Parametric Designs to Evaluate Kinetic Façades for Daylight Performance,Proceedings of the International Conference on Education and Research in Computer Aided Architectural Design in Europe,Conference Paper,missing,include,,low,title_only,unclear,simulation,daylight,facade + physical movement (kinetic façade)
2-s2.0-85127888997,10.52842/conf.ecaade.2012.2.561,Time as a Designing Factor in Architecture Creation Application of parametric design in dynamic facades,Proceedings of the International Conference on Education and Research in Computer Aided Architectural Design in Europe,Conference Paper,ok,uncertain_fulltext,,low,abstract,,,,facade but abstract gives no explicit movement/optical/thermal cue
2-s2.0-84886708590,10.1016/j.egypro.2012.11.121,An algorithm for designing dynamic solar shading system,Energy Procedia,Conference Paper,ok,uncertain_fulltext,,low,abstract,,,,facade but abstract gives no explicit movement/optical/thermal cue
2-s2.0-84865033966,,The impact of a combined dynamic shading system on the thermal performance of building perimeter zones,ASHRAE Transactions,Conference Paper,missing,uncertain_fulltext,,low,title_only,,,,facade but abstract gives no explicit movement/optical/thermal cue
2-s2.0-84900857642,,"MFREE-S Closed Cavity Façade: Cost-effective, clean, environmental",Asia Ascending Age of the Sustainable Skyscraper City A Collection of State of the Art Multi Disciplinary Papers on Tall Buildings and Sustainable Cities Proc of the Ctbuh 9th World Congress,Conference Paper,missing,uncertain_fulltext,,low,title_only,,,,facade but abstract gives no explicit movement/optical/thermal cue
2-s2.0-84865874416,10.2752/204191212x13232577462574,The interior experience of daylighting technologies: Histories and potential futures,Interiors Design Architecture Culture,Article,ok,uncertain_fulltext,,low,abstract,,,,facade but abstract gives no explicit movement/optical/thermal cue
2-s2.0-84897086942,10.1016/j.egypro.2012.11.112,A control algorithm for optimal energy performance of a solarium/greenhouse with combined interior and exterior motorized shading,Energy Procedia,Conference Paper,ok,include,,high,abstract,mechanical,simulation,energy,facade + physical movement (moveable)
2-s2.0-84886044487,10.1109/cewit.2012.6606981,A methodology for daylight optimisation of facades: An investigation of the opening design strategy with cellular automata for an office building,2012 9th International Conference and Expo on Emerging Technologies for A Smarter World Cewit 2012,Conference Paper,ok,uncertain_fulltext,,low,abstract,,,,facade but abstract gives no explicit movement/optical/thermal cue
2-s2.0-84872040764,,A simulation and experimental study of the impact of passive and active façade systems on the energy performance of building perimeter zones,ASHRAE Transactions,Conference Paper,missing,uncertain_fulltext,,low,title_only,,,,facade but abstract gives no explicit movement/optical/thermal cue
2-s2.0-84873347851,10.1520/jai104124,Potential of dynamic-mechanical analysis toward a complementary material and system testing approach for structural glazing,ASTM Special Technical Publication,Conference Paper,ok,uncertain_fulltext,,low,abstract,,,,facade but abstract gives no explicit movement/optical/thermal cue
2-s2.0-84857407540,10.1016/j.apenergy.2012.02.006,Energy optimization of building design for different housing units in apartment buildings,Applied Energy,Article,ok,include,,high,abstract,unclear,simulation,energy,facade + physical movement (movable)
2-s2.0-84900872911,,The parametric design of Shanghai Tower's form and façade,Asia Ascending Age of the Sustainable Skyscraper City A Collection of State of the Art Multi Disciplinary Papers on Tall Buildings and Sustainable Cities Proc of the Ctbuh 9th World Congress,Conference Paper,missing,uncertain_fulltext,,low,title_only,,,,facade but abstract gives no explicit movement/optical/thermal cue
2-s2.0-82555201440,10.4028/www.scientific.net/amm.141.359,Modeling and simulation of clamp band dynamic envelope in A LV/SC separation system,Applied Mechanics and Materials,Conference Paper,ok,uncertain_fulltext,,low,abstract,,,,facade but abstract gives no explicit movement/optical/thermal cue
2-s2.0-85048345811,10.52842/conf.acadia.2012.401,An exploration into computational optimization for motive architecture,Acadia 2012 Synthetic Digital Ecologies Proceedings of the 32nd Annual Conference of the Association for Computer Aided Design in Architecture,Conference Paper,ok,uncertain_fulltext,,low,abstract,,,,facade but abstract gives no explicit movement/optical/thermal cue
2-s2.0-85022140158,10.52842/conf.ecaade.2012.2.391,Exploration of Eco-Kinetic Systems in Architecture Development of dynamic interactive building elements,Proceedings of the International Conference on Education and Research in Computer Aided Architectural Design in Europe,Conference Paper,ok,include,,high,abstract,unclear,experiment,daylight,facade + physical movement (moveable)
2-s2.0-84855963275,10.1080/15397734.2011.590775,Design of a 2-DOF 8R linkage for transformable hypar structure,Mechanics Based Design of Structures and Machines,Article,ok,uncertain_fulltext,,low,abstract,,,,facade but abstract gives no explicit movement/optical/thermal cue
2-s2.0-84873864839,10.18086/swc.2011.17.30,Affect: Adaptive fenestration for emission-free cladding technology,30th Ises Biennial Solar World Congress 2011 Swc 2011,Conference Paper,missing,uncertain_fulltext,,low,title_only,,,,facade but abstract gives no explicit movement/optical/thermal cue
2-s2.0-84860247255,,Structural dynamic façade,Structural Membranes 2011 5th International Conference on Textile Composites and Inflatable Structures,Conference Paper,missing,uncertain_fulltext,,low,title_only,,,,facade but abstract gives no explicit movement/optical/thermal cue
2-s2.0-84870170502,,Modelling and optimisation of a biomimetic façade based on animal fur,Proceedings of Building Simulation 2011 12th Conference of International Building Performance Simulation Association,Conference Paper,missing,uncertain_fulltext,,low,title_only,,,,facade but abstract gives no explicit movement/optical/thermal cue
2-s2.0-84864141000,,Effect of two exterior louver systems on solar transmittance and indoor thermal conditions: Experiment and simulations,PLEA 2011 Architecture and Sustainable Development Conference Proceedings of the 27th International Conference on Passive and Low Energy Architecture,Conference Paper,missing,uncertain_fulltext,,low,title_only,,,,facade but abstract gives no explicit movement/optical/thermal cue
2-s2.0-84867009270,,Automated and manual solar shading and glare control: A design framework for meeting occupant comfort and realized energy performance,40th Ases National Solar Conference 2011 Solar 2011,Conference Paper,missing,uncertain_fulltext,,low,title_only,,,,facade but abstract gives no explicit movement/optical/thermal cue
2-s2.0-85024275352,10.1145/2070781.2024218,Adaptive Partitioning of Urban Facades,ACM Transactions on Graphics,Article,ok,uncertain_fulltext,,low,abstract,,,,facade but abstract gives no explicit movement/optical/thermal cue
2-s2.0-84855426634,10.1145/2024156.2024218,Adaptive partitioning of urban facades,Proceedings of the 2011 SIGGRAPH Asia Conference SA 11,Conference Paper,ok,uncertain_fulltext,,low,abstract,,,,facade but abstract gives no explicit movement/optical/thermal cue
2-s2.0-84867033340,,Harvesting energy with solar panels and adaptive shading for building skins. A case study of an office building in Saudi Arabia,40th Ases National Solar Conference 2011 Solar 2011,Conference Paper,missing,uncertain_fulltext,,low,title_only,,,,facade but abstract gives no explicit movement/optical/thermal cue
2-s2.0-84856997036,10.1260/1478-0771.9.4.397,Designing architectural morphing skins with elastic modular systems,International Journal of Architectural Computing,Article,ok,include,,high,abstract,unclear,experiment,multiple,facade + physical movement (morphing)
2-s2.0-79959812162,,Predictive control of radiant floor heating and transmitted irradiance in a room with high solar gains,ASHRAE Transactions,Conference Paper,missing,exclude,not_facade,low,title_only,,,,no facade context and no movement signal
2-s2.0-84870192612,,Inverse modelling for the assessment of energy performance: Estimation of envelope thermal characteristics,Proceedings of Building Simulation 2011 12th Conference of International Building Performance Simulation Association,Conference Paper,missing,uncertain_fulltext,,low,title_only,,,,facade but abstract gives no explicit movement/optical/thermal cue
2-s2.0-84863734969,10.22260/isarc2011/0043,HVAC integrated control for energy saving and comfort enhancement,Proceedings of the 28th International Symposium on Automation and Robotics in Construction Isarc 2011,Conference Paper,ok,uncertain_fulltext,,low,abstract,,,,facade but abstract gives no explicit movement/optical/thermal cue
2-s2.0-84864135568,,The poetics of contemplative light in the Church of Notre-Dame-du-Haut designed by Le Corbusier,PLEA 2011 Architecture and Sustainable Development Conference Proceedings of the 27th International Conference on Passive and Low Energy Architecture,Conference Paper,missing,exclude,not_facade,low,title_only,,,,no facade context and no movement signal
2-s2.0-81255170216,10.1109/ie.2011.64,Network of epidermic/kinetic/systems,Proceedings 2011 7th International Conference on Intelligent Environments Ie 2011,Conference Paper,ok,uncertain_fulltext,,low,abstract,,,,facade but abstract gives no explicit movement/optical/thermal cue
2-s2.0-80055022185,10.4028/www.scientific.net/amm.71-78.621,Kinetic building envelopes for energy efficiency: Modeling and products,Applied Mechanics and Materials,Conference Paper,ok,uncertain_fulltext,,low,abstract,,,,facade but abstract gives no explicit movement/optical/thermal cue
2-s2.0-81255151169,10.1002/ad.1329,The adaptive building initiative: The functional aesthetic of adaptivity,Architectural Design,Article,ok,uncertain_fulltext,,low,abstract,,,,facade but abstract gives no explicit movement/optical/thermal cue
2-s2.0-81255146361,10.1002/ad.1317,Feedback architecture,Architectural Design,Article,ok,uncertain_fulltext,,low,abstract,,,,facade but abstract gives no explicit movement/optical/thermal cue
2-s2.0-80054808693,10.1145/2037715.2037773,Second skin: Motion capture with actuated feedback for motor learning,ACM SIGGRAPH 2011 Posters SIGGRAPH 11,Conference Paper,ok,include,,high,abstract,mechanical,unclear,none,facade + physical movement (actuated)
2-s2.0-80052570730,10.1016/j.scs.2011.07.004,Kinetic systems in architecture: New approach for environmental control systems and context-sensitive buildings,Sustainable Cities and Society,Article,ok,uncertain_fulltext,,low,abstract,,,,facade but abstract gives no explicit movement/optical/thermal cue
2-s2.0-80051593755,10.1016/j.solener.2011.04.028,Energy performance of an open-joint ventilated façade compared with a conventional sealed cavity façade,Solar Energy,Article,ok,uncertain_fulltext,,low,abstract,,,,facade but abstract gives no explicit movement/optical/thermal cue
2-s2.0-79959349592,10.1016/j.jtcvs.2010.07.081,Endovascular fenestration in aortic dissection with acute malperfusion syndrome: Immediate and late follow-up,Journal of Thoracic and Cardiovascular Surgery,Article,ok,uncertain_fulltext,,low,abstract,,,,facade but abstract gives no explicit movement/optical/thermal cue
2-s2.0-79955892373,10.1117/12.885720,Dynamic window daylighting systems: Electropolymeric technology for solar responsive building envelopes,Proceedings of SPIE the International Society for Optical Engineering,Conference Paper,ok,uncertain_fulltext,,low,abstract,,,,facade but abstract gives no explicit movement/optical/thermal cue
2-s2.0-79954573806,10.1016/j.solener.2011.01.010,Quantifying the potential of automated dynamic solar shading in office buildings through integrated simulations of energy and daylight,Solar Energy,Article,ok,uncertain_fulltext,,low,abstract,,,,facade but abstract gives no explicit movement/optical/thermal cue
2-s2.0-79959579260,10.5281/zenodo.1072214,Evaluation of the energy performance of shading devices based on incremental costs,World Academy of Science Engineering and Technology,Article,ok,include,,high,abstract,unclear,simulation,energy,facade + physical movement (movable)
2-s2.0-79952338837,10.1061/(asce)em.1943-7889.0000211,Distributed Mass Damper System for Integrating Structural and Environmental Controls in Buildings,Journal of Engineering Mechanics,Article,ok,uncertain_fulltext,,low,abstract,,,,facade but abstract gives no explicit movement/optical/thermal cue
2-s2.0-79959990081,10.1260/1478-0771.9.1.77,Architectronics: Towards a responsive environment,International Journal of Architectural Computing,Conference Paper,ok,include,,high,abstract,unclear,experiment,none,facade + physical movement (actuator)
2-s2.0-78651404478,10.4028/www.scientific.net/amr.163-167.165,Seismic response of cable net facade,Advanced Materials Research,Conference Paper,ok,uncertain_fulltext,,low,abstract,,,,facade but abstract gives no explicit movement/optical/thermal cue
2-s2.0-84860725100,10.52842/conf.acadia.2011.170,Building skin intelligence: A parametric and algorithmic tool for daylighting performance design integration,Integration Through Computation Proceedings of the 31st Annual Conference of the Association for Computer Aided Design in Architecture Acadia 2011,Conference Paper,ok,include,,high,abstract,mechanical,simulation,daylight,facade + physical movement (louvers of varying tilt)
2-s2.0-84870586182,,Madrid's landscape through its cornice 1. from a façade to a kinetic section,Ega Revista De Expresion Grafica Arquitectonica,Article,missing,uncertain_fulltext,,low,title_only,,,,facade but abstract gives no explicit movement/optical/thermal cue
2-s2.0-84870158832,,Performance of a daylight redirecting glass shading system demonstration in an office building,Proceedings of Building Simulation 2011 12th Conference of International Building Performance Simulation Association,Conference Paper,missing,uncertain_fulltext,,low,title_only,,,,facade but abstract gives no explicit movement/optical/thermal cue
2-s2.0-84860745253,10.52842/conf.acadia.2011.334,Soft responsive kinetic system: An elastic transformable architectural skin for climatic and visual control,Integration Through Computation Proceedings of the 31st Annual Conference of the Association for Computer Aided Design in Architecture Acadia 2011,Conference Paper,ok,include,,high,abstract,unclear,experiment,multiple,facade + physical movement (actuator)
2-s2.0-84865532062,10.2495/sdp110181,Integrating passive cooling techniques for sustainable building performance in hot climates with reference to the UAE,Wit Transactions on Ecology and the Environment,Article,ok,exclude,facade_no_movement,high,abstract,,,,"thermal-dynamic, no moving part (thermal mass)"
2-s2.0-84863759442,10.22260/isarc2011/0177,Modeling and operating robotic environments using Gazebo/ROS,Proceedings of the 28th International Symposium on Automation and Robotics in Construction Isarc 2011,Conference Paper,ok,exclude,not_facade,high,abstract,,,,no facade context and no movement signal
2-s2.0-85127881002,10.52842/conf.ecaade.2011.619,When form really follows function Developing the prototype of a responsive exhibition pavilion,Proceedings of the International Conference on Education and Research in Computer Aided Architectural Design in Europe,Conference Paper,ok,exclude,not_facade,high,abstract,,,,no facade context and no movement signal
2-s2.0-85145654987,10.1007/978-94-007-0425-1_1,"Mobile Phone Transmitters for Wireless Standards: Systems, Architectures and Technologies",Analog Circuits and Signal Processing,Book Chapter,ok,uncertain_fulltext,,low,abstract,,,,facade but abstract gives no explicit movement/optical/thermal cue
2-s2.0-77956157476,10.1109/cesce.2010.285,Parametric design based on building information modeling for sustainable buildings,International Conference on Challenges in Environmental Science and Computer Engineering Cesce 2010,Conference Paper,ok,include,,high,abstract,unclear,simulation,energy,facade + physical movement (kinetic envelope)
2-s2.0-80052989352,,Responsive shading intelligent façade systems,Life in Formation on Responsive Information and Variations in Architecture Proceedings of the 30th Annual Conference of the Association for Computer Aided Design in Architecture Acadia 2010,Conference Paper,missing,uncertain_fulltext,,low,title_only,,,,facade but abstract gives no explicit movement/optical/thermal cue
2-s2.0-80053018888,10.52842/conf.acadia.2010.243,Performative responsive architecture powered by climate,Life in Formation on Responsive Information and Variations in Architecture Proceedings of the 30th Annual Conference of the Association for Computer Aided Design in Architecture Acadia 2010,Conference Paper,ok,uncertain_fulltext,,low,abstract,,,,facade but abstract gives no explicit movement/optical/thermal cue
2-s2.0-84856652365,,"A dynamic analysis of the Ruins of St. Paul's, Macau",Structures and Architecture Proceedings of the 1st International Conference on Structures and Architecture Icsa 2010,Conference Paper,missing,exclude,not_facade,low,title_only,,,,no facade context and no movement signal
2-s2.0-84867267320,,Dynamic solar shading and glare control for human comfort and energy efficiency at UCSD: Integrated design and simulation strategies,39th Ases National Solar Conference 2010 Solar 2010,Conference Paper,missing,uncertain_fulltext,,low,title_only,,,,facade but abstract gives no explicit movement/optical/thermal cue
2-s2.0-78649933023,10.1088/0964-1726/19/12/124011,Adaptive building skin structures,Smart Materials and Structures,Article,ok,include,,high,abstract,pneumatic-soft,simulation,energy,facade + physical movement (deployable; inflat; morphing)
2-s2.0-84867267682,,Fluid filled window system for passive cooling and heating,39th Ases National Solar Conference 2010 Solar 2010,Conference Paper,missing,uncertain_fulltext,,low,title_only,,,,facade but abstract gives no explicit movement/optical/thermal cue
2-s2.0-79959924602,,Robo studio: Towards architectronics? Kinetic architecture on control systems: A responsive environment,New Frontiers Proceedings of the 15th International Conference on Computer Aided Architectural Design in Asia Caadria 2010,Conference Paper,missing,exclude,not_facade,low,title_only,,,,no facade context and no movement signal
2-s2.0-77955566485,10.1016/j.enbuild.2010.05.024,The energy savings potential of using dynamic external louvers in an office building,Energy and Buildings,Article,ok,uncertain_fulltext,,low,abstract,,,,facade but abstract gives no explicit movement/optical/thermal cue
2-s2.0-77956093499,10.1109/mace.2010.5535819,Dynamic object-oriented louver fin-and-tube heat exchanger model for vehicle cooling system,2010 International Conference on Mechanic Automation and Control Engineering Mace2010,Conference Paper,ok,uncertain_fulltext,,low,abstract,,,,facade but abstract gives no explicit movement/optical/thermal cue
2-s2.0-77957842040,10.1111/j.1531-314x.2010.01100.x,Ice cycle house: From functional accessory to performative envelope,Journal of Architectural Education,Review,ok,related_review,review,high,abstract,,,,review/secondary on facade topic — kept for intro/benchmark
2-s2.0-77957897485,10.1080/09613218.2010.496556,A simulation of solar shading control on UK office energy use,Building Research and Information,Article,ok,include,,high,abstract,unclear,simulation,multiple,facade + physical movement (moveable)
2-s2.0-77951096129,10.1016/j.patrec.2009.12.031,Approximation-free running SVD and its application to motion detection,Pattern Recognition Letters,Article,ok,uncertain_fulltext,,low,abstract,,,,facade but abstract gives no explicit movement/optical/thermal cue
2-s2.0-77951112026,10.1016/j.enbuild.2010.02.006,Thermofluid-dynamic analysis of ventilated facades,Energy and Buildings,Article,ok,uncertain_fulltext,,low,abstract,,,,facade but abstract gives no explicit movement/optical/thermal cue
2-s2.0-84870034647,10.1109/appeec.2010.5449511,Bio-inspired kinetic envelopes for building energy efficiency based on parametric design of building information modeling,Asia Pacific Power and Energy Engineering Conference Appeec,Conference Paper,ok,include,,high,abstract,unclear,simulation,multiple,facade + physical movement (kinetic envelope)
2-s2.0-77956470232,,Dynamic performance of cable net facade with consideration of glass panels under earthquake,Journal of Harbin Institute of Technology New Series,Article,missing,uncertain_fulltext,,low,title_only,,,,facade but abstract gives no explicit movement/optical/thermal cue
2-s2.0-77952604014,10.1080/19401490903580759,Adaptive actions on shading devices in response to local visual stimuli,Journal of Building Performance Simulation,Article,ok,uncertain_fulltext,,low,abstract,,,,facade but abstract gives no explicit movement/optical/thermal cue
2-s2.0-77952740301,10.1109/vr.2010.5444760,Second skin: Motion capture with actuated feedback for motor learning,Proceedings IEEE Virtual Reality,Conference Paper,ok,include,,high,abstract,mechanical,unclear,daylight,facade + physical movement (actuated)
2-s2.0-77649238846,10.1016/j.solener.2009.12.006,Energy efficiency of a dynamic glazing system,Solar Energy,Article,ok,uncertain_fulltext,,low,abstract,,,,facade but abstract gives no explicit movement/optical/thermal cue
2-s2.0-77952281279,10.1057/jba.2010.5,Sustainable vision of kinetic architecture,Journal of Building Appraisal,Article,ok,include,,high,abstract,unclear,unclear,none,facade + physical movement (morphing)
2-s2.0-84964724193,,Glass works,Challenging Glass 2 Conference on Architectural and Structural Applications of Glass Cgc 2010,Conference Paper,missing,exclude,not_facade,low,title_only,,,,no facade context and no movement signal
2-s2.0-70249119591,10.1016/j.buildenv.2009.05.003,Shading performance of a vertical deciduous climbing plant canopy,Building and Environment,Article,ok,uncertain_fulltext,,low,abstract,,,,facade but abstract gives no explicit movement/optical/thermal cue
2-s2.0-79251501676,10.3992/jgb.5.4.121,"Towards an active, responsive, and solar building envelope",Journal of Green Building,Article,ok,uncertain_fulltext,,low,abstract,,,,facade but abstract gives no explicit movement/optical/thermal cue
2-s2.0-77950302167,10.3109/00313021003636469,The effect of feeding and fasting on fenestrations in the liver sinusoidal endothelial cell,Pathology,Article,ok,uncertain_fulltext,,low,abstract,,,,facade but abstract gives no explicit movement/optical/thermal cue
2-s2.0-77949534319,10.1002/ad.1026,Dynamic light the media facades of realities: United,Architectural Design,Article,ok,exclude,facade_no_movement,high,abstract,,,,"media/LED facade — visual only, no physical movement"
2-s2.0-84898475278,10.1061/41130(369)186,Inelastic dynamic finite-element design of light gauge metal stud façade systems for blast loading,Structures Congress 2010,Conference Paper,ok,uncertain_fulltext,,low,abstract,,,,facade but abstract gives no explicit movement/optical/thermal cue
2-s2.0-78449270430,10.2495/dn100451,Skin in architecture: Towards bioinspired facades,Wit Transactions on Ecology and the Environment,Article,ok,uncertain_fulltext,,low,abstract,,,,facade but abstract gives no explicit movement/optical/thermal cue
2-s2.0-84926522419,,Dynamic thermally disconnected building envelopes-A new paradigm for walls and roofs in low-energy buildings,Thermal Performance of the Exterior Envelopes of Whole Buildings 11th International Conference,Conference Paper,missing,uncertain_fulltext,,low,title_only,,,,facade but abstract gives no explicit movement/optical/thermal cue
2-s2.0-78449292725,10.2495/dn100441,Challenging the engineering view: Comparative analysis of technological and biological functions targeting energy efficient facade systems,Wit Transactions on Ecology and the Environment,Article,ok,uncertain_fulltext,,low,abstract,,,,facade but abstract gives no explicit movement/optical/thermal cue
2-s2.0-77953076867,10.21273/horttech.20.2.283,Effects of shading using a retractable liquid foam technology on greenhouse and plant microclimates,Horttechnology,Article,ok,include,,high,abstract,mechanical,experiment,none,facade + physical movement (movable; retractable; shading using a retractable)
2-s2.0-72049123736,10.2495/str090311,Non-destructive methods as a tool in the assessment of monumental buildings condition,Wit Transactions on the Built Environment,Conference Paper,ok,exclude,not_facade,high,abstract,,,,no facade context and no movement signal
2-s2.0-84863970931,,A morphology of pattern for kinetic facades,Joining Languages Cultures and Visions Caadfutures 2009 Proceedings of the 13th International Caad Futures Conference,Conference Paper,missing,include,,low,title_only,unclear,unclear,unclear,facade + physical movement (kinetic facade)
2-s2.0-78149400279,,Energy saving potential of double-skin façade buildings with active adaptive operation in winter,Proceedings 6th International Symposium on Heating Ventilating and Air Conditioning Ishvac 2009,Conference Paper,missing,uncertain_fulltext,,low,title_only,,,,facade but abstract gives no explicit movement/optical/thermal cue
2-s2.0-77951003787,10.1109/computationworld.2009.24,Adaptive building skin systems: A morphogenomic framework for developing real-time interactive building skin systems,Computation World Future Computing Service Computation Adaptive Content Cognitive Patterns Computationworld 2009,Conference Paper,ok,uncertain_fulltext,,low,abstract,,,,facade but abstract gives no explicit movement/optical/thermal cue
2-s2.0-84895303108,,Intelligence and energy saving in building,Energy Efficiency Research,Book Chapter,missing,exclude,not_facade,low,title_only,,,,no facade context and no movement signal
2-s2.0-84870234199,,Establishing a simplified correlation between a proposed double skin façade and a thermally equivalent single skin façade for dynamic building energy modelling,Ibpsa 2009 International Building Performance Simulation Association 2009,Conference Paper,missing,uncertain_fulltext,,low,title_only,,,,facade but abstract gives no explicit movement/optical/thermal cue
2-s2.0-74549219376,10.1109/cssim.2009.53,Integration of thermal dynamics and lighting in buildings with object oriented multi-domain approach,Cssim 2009 1st International Conference on Computational Intelligence Modelling and Simulation,Conference Paper,ok,uncertain_fulltext,,low,abstract,,,,facade but abstract gives no explicit movement/optical/thermal cue
2-s2.0-68849121973,10.1016/j.jcsr.2009.06.020,Dynamic performance of cable net facades,Journal of Constructional Steel Research,Article,ok,uncertain_fulltext,,low,abstract,,,,facade but abstract gives no explicit movement/optical/thermal cue
2-s2.0-84870183199,,Integrated building energy and lighting simulation in the framework of EU PV-light project,Ibpsa 2009 International Building Performance Simulation Association 2009,Conference Paper,missing,exclude,not_facade,low,title_only,,,,no facade context and no movement signal
2-s2.0-84866024950,,Estimating instrument spectral envelopes for polyphonic music transcription in a music scene-adaptive approach,126th Audio Engineering Society Convention 2009,Conference Paper,missing,exclude,not_facade,low,title_only,,,,"cross-domain (music), no facade context"
2-s2.0-70349136564,10.1145/1517664.1517671,Shutters: A permeable surface for environmental control and communication,Proceedings of the 3rd International Conference on Tangible and Embedded Interaction Tei 09,Conference Paper,ok,include,,high,abstract,mechanical,unclear,daylight,facade + physical movement (actuated)
2-s2.0-70349091052,10.1115/rtdf2008-74025,Numerical simulation of freight railcar dynamic clearance envelopes,American Society of Mechanical Engineers Rail Transportation Division Publication RTD,Conference Paper,ok,uncertain_fulltext,,low,abstract,,,,facade but abstract gives no explicit movement/optical/thermal cue
2-s2.0-60249088365,10.1016/j.buildenv.2008.08.005,Double skin façades for warm climate regions: Analysis of a solution with an integrated movable shading system,Building and Environment,Article,ok,include,,high,abstract,unclear,experiment,energy,facade + physical movement (façade equipped with integrated movable; movable)
2-s2.0-66249105694,,Achieving complete integration,Building Engineer,Article,missing,exclude,not_facade,low,title_only,,,,no facade context and no movement signal
2-s2.0-59849095281,10.1016/j.solener.2008.08.015,An investigation of the potential for natural ventilation and building orientation to achieve thermal comfort in warm and humid climates,Solar Energy,Article,ok,uncertain_fulltext,,low,abstract,,,,facade but abstract gives no explicit movement/optical/thermal cue
2-s2.0-60549112398,,Advanced façades,Building Engineer,Article,missing,uncertain_fulltext,,low,title_only,,,,facade but abstract gives no explicit movement/optical/thermal cue
2-s2.0-70749085882,10.1080/14733315.2009.11683853,Natural ventilation with dynamic Façades,International Journal of Ventilation,Conference Paper,ok,uncertain_fulltext,,low,abstract,,,,facade but abstract gives no explicit movement/optical/thermal cue
2-s2.0-70349189141,10.1145/1520340.1520696,Second Skin: Motion capture with actuated feedback for motor learning,Conference on Human Factors in Computing Systems Proceedings,Conference Paper,ok,include,,high,abstract,mechanical,unclear,none,facade + physical movement (actuated)
2-s2.0-84873496184,10.52842/conf.caadria.2009.195,Novel transformations of foldable structures,2009 Taiwan Caadria Between Man and Machine Integration Intuition Intelligence Proceedings of the 14th Conference on Computer Aided Architectural Design Research in Asia,Conference Paper,ok,include,,high,abstract,origami-deployable,prototype,none,facade + physical movement (foldable)
2-s2.0-57749111641,10.1145/1166253.1166301,User interface façades: Towards fully adaptable user interfaces,UIST 2006 Proceedings of the 19th Annual ACM Symposium on User Interface Software and Technology,Conference Paper,ok,uncertain_fulltext,,low,abstract,,,,facade but abstract gives no explicit movement/optical/thermal cue
2-s2.0-57549110009,,Openings in façades and adaptable dwelling space,Open House International,Article,missing,uncertain_fulltext,,low,title_only,,,,facade but abstract gives no explicit movement/optical/thermal cue
2-s2.0-57349083190,10.1109/mwsym.2008.4633153,Vector and harmonic amplitude/phase corrected multi-envelope stimulus response measurements of nonlinear devices,IEEE MTT S International Microwave Symposium Digest,Conference Paper,ok,uncertain_fulltext,,low,abstract,,,,facade but abstract gives no explicit movement/optical/thermal cue
2-s2.0-77957915950,10.1007/s12273-008-8126-8,"Prospective techniques of effective daylight harvesting in commercial buildings by employing window glazing, dynamic shading devices and dimming control—a literature review",Building Simulation,Review,ok,related_review,review,high,abstract,,,,review/secondary on facade topic — kept for intro/benchmark
2-s2.0-79956341778,,Object oriented modelling of variable envelope properties in buildings,Wseas Transactions on Systems and Control,Article,missing,uncertain_fulltext,,low,title_only,,,,facade but abstract gives no explicit movement/optical/thermal cue
2-s2.0-55549117496,10.1074/jbc.m801470200,The dynamic envelope of a fusion class II virus: E3 domain of glycoprotein E2 precursor in semliki forest virus provides a unique contact with the fusion protein E1,Journal of Biological Chemistry,Article,ok,uncertain_fulltext,,low,abstract,,,,facade but abstract gives no explicit movement/optical/thermal cue
2-s2.0-39649108871,10.2749/101686608783726641,"The retractable roof and movable field at University of Phoenix Stadium, Arizona",Structural Engineering International Journal of the International Association for Bridge and Structural Engineering IABSE,Article,ok,uncertain_fulltext,,low,abstract,,,,movement mechanism but facade context unclear
2-s2.0-37349104661,10.1016/j.enbuild.2007.02.025,Double versus single skin facades in hot arid areas,Energy and Buildings,Article,ok,uncertain_fulltext,,low,abstract,,,,facade but abstract gives no explicit movement/optical/thermal cue
2-s2.0-67349234405,10.1080/19401490701868299,Efficient calculation of daylight coefficients for rooms with dissimilar complex fenestration systems,Journal of Building Performance Simulation,Article,ok,include,,high,abstract,unclear,simulation,daylight,facade + physical movement (movable)
2-s2.0-84858815862,10.52842/conf.acadia.2008.246,Implementation of cellular automata for dynamic shading of building façade,Acadia 08 Silicon Skin Biological Processes and Computation Proceedings of the 28th Annual Conference of the Association for Computer Aided Design in Architecture,Conference Paper,ok,uncertain_fulltext,,low,abstract,,,,facade but abstract gives no explicit movement/optical/thermal cue
2-s2.0-70349407764,10.1061/41016(314)205,Retractable stadium roofs & flooring,Proceedings of the 2008 Structures Congress Structures Congress 2008 Crossing the Borders,Conference Paper,ok,include,,high,abstract,origami-deployable,prototype,none,facade + physical movement (fabric to be deployed; retractable)
2-s2.0-37249005312,10.1115/es2007-36256,Energy consumption simulation for residential buildings with shading devices in different regions,Proceedings of the Energy Sustainability Conference 2007,Conference Paper,ok,uncertain_fulltext,,low,abstract,,,,facade but abstract gives no explicit movement/optical/thermal cue
2-s2.0-84858839195,10.52842/conf.acadia.2007.182,Rapid Craft: Material experiments towards an integrated sensing skin system,Expanding Bodies Art Cities Environment Proceedings of the Acadia 2007 Conference,Conference Paper,ok,include,,high,abstract,pneumatic-soft,experiment,none,facade + physical movement (inflat)
2-s2.0-84865487569,,Luminous efficacy based on fuzzy controlled roller blind positioning,Research in Architectural Engineering Series,Conference Paper,missing,uncertain_fulltext,,low,title_only,,,,facade but abstract gives no explicit movement/optical/thermal cue
2-s2.0-84858806571,10.52842/conf.acadia.2007.284,Evolving cooperative behaviour in a reflexive membrane,Expanding Bodies Art Cities Environment Proceedings of the Acadia 2007 Conference,Conference Paper,ok,uncertain_fulltext,,low,abstract,,,,facade but abstract gives no explicit movement/optical/thermal cue
2-s2.0-84869768076,,The daylight coefficient method and complex fenestration,Ibpsa 2007 International Building Performance Simulation Association 2007,Conference Paper,missing,uncertain_fulltext,,low,title_only,,,,facade but abstract gives no explicit movement/optical/thermal cue
2-s2.0-46449134855,10.1109/imsccs.2007.4392657,Improved genetic identification algorithms on moisture absorption and desorption on building materials surface,Proceedings 2nd International Multi Symposiums on Computer and Computational Sciences Imsccs 07,Conference Paper,ok,uncertain_fulltext,,low,abstract,,,,facade but abstract gives no explicit movement/optical/thermal cue
2-s2.0-67649803259,10.1049/cp:20070350,Identifying criteria for the design of affective and socially engaging kinetic architectural structures,Iet Conference Publications,Conference Paper,ok,uncertain_fulltext,,low,abstract,,,,facade but abstract gives no explicit movement/optical/thermal cue
2-s2.0-84900104582,10.4018/978-1-59904-328-9.ch014,An integrative approach to teaching 3D modelling in architecture,Enhancing Learning Through Human Computer Interaction,Book Chapter,ok,exclude,not_facade,high,abstract,,,,no facade context and no movement signal
2-s2.0-34548665030,10.1016/j.aquatox.2007.08.002,"Defense against environmental ammonia toxicity in the African lungfish, Protopterus aethiopicus: Bimodal breathing, skin ammonia permeability and urea synthesis",Aquatic Toxicology,Article,ok,uncertain_fulltext,,low,abstract,,,,facade but abstract gives no explicit movement/optical/thermal cue
2-s2.0-35348880855,10.1177/1420326x07082497,Determining photosensor conditions of a daylight dimming control system using different double-skin envelope configurations,Indoor and Built Environment,Article,ok,include,,high,abstract,mechanical,experiment,multiple,facade + physical movement (retractable)
2-s2.0-37649005375,10.1260/136943307783239327,FEM analysis and experimental study on monolayer cable net for glass facades: Dynamic properties,Advances in Structural Engineering,Article,ok,uncertain_fulltext,,low,abstract,,,,facade but abstract gives no explicit movement/optical/thermal cue
2-s2.0-34247101823,,Natural ventilation brings a breath of fresh air to shopping centres,Building Engineer,Article,missing,exclude,not_facade,low,title_only,,,,no facade context and no movement signal
2-s2.0-34250305562,10.1074/jbc.m609125200,The dynamic envelope of a fusion Class II virus: Prefusion stages of Semliki Forest virus revealed by electron cryomicroscopy,Journal of Biological Chemistry,Article,ok,uncertain_fulltext,,low,abstract,,,,facade but abstract gives no explicit movement/optical/thermal cue
2-s2.0-84858985841,10.1007/978-1-4020-6528-6_34,A framework for the design of kinetic façades,Computer Aided Architectural Design Futures Caadfutures 2007 Proceedings of the 12th International Caadfutures Conference,Conference Paper,ok,include,,high,abstract,unclear,prototype,none,facade + physical movement (kinetic façade)
2-s2.0-36048932964,10.1260/026635107782218877,3D adaptable building skin: Adaptive space as a guide through a corridor,International Journal of Space Structures,Conference Paper,ok,include,,high,abstract,pneumatic-soft,unclear,none,facade + physical movement (inflat)
2-s2.0-85072420664,10.4271/2007-01-3056,Natural and environmentally responsive building envelopes,SAE Technical Papers,Conference Paper,ok,uncertain_fulltext,,low,abstract,,,,facade but abstract gives no explicit movement/optical/thermal cue
2-s2.0-85128384784,,Soft façade: Steps into the definition of a responsive etfe façade for high-rise buildings work in progress,Proceedings of the International Conference on Education and Research in Computer Aided Architectural Design in Europe,Conference Paper,missing,uncertain_fulltext,,low,title_only,,,,facade but abstract gives no explicit movement/optical/thermal cue
2-s2.0-77954811888,,Fab finding towards a methodology of material guided digital fabrication,Proceedings of the International Conference on Education and Research in Computer Aided Architectural Design in Europe,Conference Paper,missing,exclude,not_facade,low,title_only,,,,no facade context and no movement signal
2-s2.0-85103035355,,Pressure equalized insulated glass units in exterior building envelopes,Thermal Performance of the Exterior Envelopes of Whole Buildings,Conference Paper,missing,uncertain_fulltext,,low,title_only,,,,facade but abstract gives no explicit movement/optical/thermal cue
2-s2.0-84898873405,,Bionic breathing skin for buildings,Portugal Sb 2007 Sustainable Construction Materials and Practices Challenge of the Industry for the New Millennium,Conference Paper,missing,uncertain_fulltext,,low,title_only,,,,facade but abstract gives no explicit movement/optical/thermal cue
2-s2.0-34547333417,10.1145/1166253.1166301,User interface façades: Towards fully adaptable user interfaces,UIST Proceedings of the Annual ACM Symposium on User Interface Softaware and Technology,Conference Paper,ok,uncertain_fulltext,,low,abstract,,,,facade but abstract gives no explicit movement/optical/thermal cue
2-s2.0-34248137404,10.1049/cp:20060703,Exploring kinesthetic spatial experiences in the 'active room',Iet Conference Publications,Conference Paper,ok,exclude,not_facade,high,abstract,,,,no facade context and no movement signal
2-s2.0-33750892442,10.1017/s1431927606067109,The dynamic envelope of a fusion type 2 virus - Reorganizations observed during prefusion stages in semliki forest virus,Microscopy and Microanalysis,Conference Paper,missing,uncertain_fulltext,,low,title_only,,,,facade but abstract gives no explicit movement/optical/thermal cue
2-s2.0-33746883534,,Greening the glasshouse,Fabric Architecture,Article,missing,exclude,not_facade,low,title_only,,,,no facade context and no movement signal
2-s2.0-33646513708,10.1016/j.enbuild.2006.03.018,Modelling indoor illumination by complex fenestration systems based on bidirectional photometric data,Energy and Buildings,Article,ok,uncertain_fulltext,,low,abstract,,,,facade but abstract gives no explicit movement/optical/thermal cue
2-s2.0-33646733918,,Electronically tintable glazing constantly changing for the better,Construction Specifier,Review,missing,related_review,review,low,title_only,,,,review/secondary on facade topic — kept for intro/benchmark
2-s2.0-84857737228,10.7148/2006-0466,On line adaptation to variable conditions with variable envelope structure in future buildings,20th European Conference on Modelling and Simulation Modelling Methodologies and Simulation Key Technologies in Academia and Industry Ecms 2006,Conference Paper,ok,include,,high,abstract,mechanical,experiment,none,facade + physical movement (movable; retractable)
2-s2.0-85134002790,10.52842/conf.ecaade.2006.636,Mediated Space and Kinetic Architecture: The Synergy of Co-development,Proceedings of the International Conference on Education and Research in Computer Aided Architectural Design in Europe,Conference Paper,ok,uncertain_fulltext,,low,abstract,,,,facade but abstract gives no explicit movement/optical/thermal cue
2-s2.0-84864548144,,Double-skin façades on high-rise office buildings in São Paulo a possible environmental efficient solution?,22nd International Conference PLEA 2005 Passive and Low Energy Architecture Environmental Sustainability the Challenge of Awareness in Developing Societies Proceedings,Conference Paper,missing,uncertain_fulltext,,low,title_only,,,,facade but abstract gives no explicit movement/optical/thermal cue
2-s2.0-77954033468,,Static and dynamic daylight control systems: Shading devices and electrochromic windows,Ibpsa 2005 International Building Performance Simulation Association 2005,Conference Paper,missing,exclude,facade_no_movement,low,title_only,,,,"optical/material-state, no geometry (electrochrom)"
2-s2.0-33749248368,10.1109/mwsym.2005.1516992,A predistortion linearization system for high power amplifiers with low frequency envelope memory effects,IEEE MTT S International Microwave Symposium Digest,Conference Paper,ok,uncertain_fulltext,,low,abstract,,,,facade but abstract gives no explicit movement/optical/thermal cue
2-s2.0-29144494121,,Façades get dynamic,HAC,Review,missing,related_review,review,low,title_only,,,,review/secondary on facade topic — kept for intro/benchmark
2-s2.0-14644395606,10.1016/j.ergon.2004.08.010,A new evaluation method for daylight discomfort glare,International Journal of Industrial Ergonomics,Article,ok,uncertain_fulltext,,low,abstract,,,,facade but abstract gives no explicit movement/optical/thermal cue
2-s2.0-17044376679,,Shading for sustainable advantage,Fabric Architecture,Article,missing,uncertain_fulltext,,low,title_only,,,,facade but abstract gives no explicit movement/optical/thermal cue
2-s2.0-84860272213,10.52842/conf.acadia.2005.128,Adaptive kinetic architecture: A portal to digital prototyping,Acadia 2005 Conference Smart Architecture,Conference Paper,ok,exclude,not_facade,high,abstract,,,,no facade context and no movement signal
2-s2.0-4344716399,10.1016/j.enbuild.2004.03.008,"Reduced linear state model of hollow blocks walls, validation using hot box measurements",Energy and Buildings,Article,ok,uncertain_fulltext,,low,abstract,,,,facade but abstract gives no explicit movement/optical/thermal cue
2-s2.0-2342512945,10.1016/j.enbuild.2004.01.048,"Experimental work on a linked, dynamic and ventilated, wall component",Energy and Buildings,Conference Paper,ok,exclude,facade_no_movement,high,abstract,,,,"thermal-dynamic, no moving part (dynamic insulation)"
2-s2.0-11144284617,10.2749/101686604777963711,"Milwaukee Art Museum addition, Wisconsin, USA",Structural Engineering International Journal of the International Association for Bridge and Structural Engineering IABSE,Article,missing,exclude,not_facade,low,title_only,,,,no facade context and no movement signal
2-s2.0-0347337985,10.1109/tcsii.2003.820237,Adaptive Filter Design Subject to Output Envelope Constraints and Bounded Input Noise,IEEE Transactions on Circuits and Systems II Analog and Digital Signal Processing,Article,ok,uncertain_fulltext,,low,abstract,,,,facade but abstract gives no explicit movement/optical/thermal cue
2-s2.0-0041592505,10.1109/mwsym.2003.1212484,A novel behavorial model of power amplifier based on a dynamic envelope gain approach for the system level simulation and design,IEEE MTT S International Microwave Symposium Digest,Conference Paper,ok,uncertain_fulltext,,low,abstract,,,,facade but abstract gives no explicit movement/optical/thermal cue
2-s2.0-77954110421,10.17660/actahortic.2003.614.55,An innovative greenhouse with complete roof opening and external movable shading,Acta Horticulturae,Conference Paper,ok,include,,high,abstract,mechanical,experiment,none,facade + physical movement (movable)
2-s2.0-84947287914,10.1109/ipdps.2003.1213269,RMIX: A multiprotocol RMI framework for Java,Proceedings International Parallel and Distributed Processing Symposium IPDPS 2003,Conference Paper,ok,uncertain_fulltext,,low,abstract,,,,facade but abstract gives no explicit movement/optical/thermal cue
2-s2.0-0141630685,,Adaptive envelope-constrained filtering,ICASSP IEEE International Conference on Acoustics Speech and Signal Processing Proceedings,Conference Paper,missing,uncertain_fulltext,,low,title_only,,,,facade but abstract gives no explicit movement/optical/thermal cue
2-s2.0-0346936510,10.3141/1838-04,Delineation of dynamic envelope of light rail transit cars and trains,Transportation Research Record,Article,ok,uncertain_fulltext,,low,abstract,,,,facade but abstract gives no explicit movement/optical/thermal cue
2-s2.0-60950059590,10.2307/991783,Movable façades: Palladio's plan for the church of San Giorgio Maggiore in Venice and its successive vicissitudes,Journal of the Society of Architectural Historians,Review,ok,related_review,review,high,abstract,,,,review/secondary on facade topic — kept for intro/benchmark
2-s2.0-0036640514,10.1080/09613210210132919,German developments in daylight guidance systems: An overview,Building Research and Information,Review,ok,related_review,review,high,abstract,,,,review/secondary on facade topic — kept for intro/benchmark
2-s2.0-0036643156,10.1016/s0045-7906(00)00048-3,Adaptive envelope-constrained filtering algorithms for noisy input signals,Computers and Electrical Engineering,Article,ok,uncertain_fulltext,,low,abstract,,,,facade but abstract gives no explicit movement/optical/thermal cue
2-s2.0-0036611752,10.1109/tsp.2002.1003066,Mean square convergence of adaptive envelope-constrained filtering,IEEE Transactions on Signal Processing,Article,ok,uncertain_fulltext,,low,abstract,,,,facade but abstract gives no explicit movement/optical/thermal cue
2-s2.0-0036532734,10.1016/s0378-7788(01)00116-5,Development of a control algorithm to optimize airflow rates through variable size windows,Energy and Buildings,Article,ok,uncertain_fulltext,,low,abstract,,,,facade but abstract gives no explicit movement/optical/thermal cue
2-s2.0-0035414642,,Improved gain for a dynamic envelope tracking amplifier in cellular radio handsets,Microwave Journal,Article,missing,uncertain_fulltext,,low,title_only,,,,facade but abstract gives no explicit movement/optical/thermal cue
2-s2.0-0035330810,10.1109/81.922471,Application of cubic constraint approximation in the recursive design of FIR filters subject to output envelope constraints,IEEE Transactions on Circuits and Systems I Fundamental Theory and Applications,Article,ok,uncertain_fulltext,,low,abstract,,,,facade but abstract gives no explicit movement/optical/thermal cue
2-s2.0-0035245919,10.1109/82.917789,Design of adaptive envelope-constrained filters in the presence of impulsive noise,IEEE Transactions on Circuits and Systems II Analog and Digital Signal Processing,Article,ok,uncertain_fulltext,,low,abstract,,,,facade but abstract gives no explicit movement/optical/thermal cue
2-s2.0-0034937117,10.1590/s0100-73862001000200004,Numerical and experimental investigation of thermal louvers for space applications,Revista Brasileira De Ciencias Mecanicas Journal of the Brazilian Society of Mechanical Sciences,Article,ok,include,,high,abstract,mechanical,experiment,none,"facade + physical movement (louver with movable; louvers, using movable or rotating)"
2-s2.0-0034781545,,Membranes offer space age solutions,Industrial Textiles,Article,missing,exclude,not_facade,low,title_only,,,,no facade context and no movement signal
2-s2.0-0034825789,,Indoor air quality and hygroscopically active materials,ASHRAE Transactions,Conference Paper,missing,uncertain_fulltext,,low,title_only,,,,movement mechanism but facade context unclear
2-s2.0-1842539574,,Indoor Air Quality and Hygroscopically Active Materials,ASHRAE Winter Meeting Cd Technical and Symposium Papers,Conference Paper,missing,uncertain_fulltext,,low,title_only,,,,movement mechanism but facade context unclear
2-s2.0-0035686438,10.1109/mwsym.2001.967189,High-efficiency high-level modulator for use in dynamic envelope tracking CDMA RF power amplifiers,IEEE MTT S International Microwave Symposium Digest,Article,ok,uncertain_fulltext,,low,abstract,,,,facade but abstract gives no explicit movement/optical/thermal cue
2-s2.0-0034437862,10.1080/00039890009603419,Effect of ventilation systems on prevalence of symptoms associated with “sick buildings” in brazilian commercial establishments,Archives of Environmental Health,Article,ok,uncertain_fulltext,,low,abstract,,,,facade but abstract gives no explicit movement/optical/thermal cue
2-s2.0-85072426197,10.4271/2000-01-2463,Dynamic and responsive building envelopes,SAE Technical Papers,Conference Paper,ok,uncertain_fulltext,,low,abstract,,,,facade but abstract gives no explicit movement/optical/thermal cue
2-s2.0-0033874541,10.1080/01430750.2000.9675350,Building heating requirement calculation: A critical analysis of the new European standards,International Journal of Ambient Energy,Article,ok,uncertain_fulltext,,low,abstract,,,,facade but abstract gives no explicit movement/optical/thermal cue
2-s2.0-0034175344,10.1080/002077200291000,The effect of noise on adaptive envelope-constrained filters,International Journal of Systems Science,Article,ok,uncertain_fulltext,,low,abstract,,,,facade but abstract gives no explicit movement/optical/thermal cue
2-s2.0-0033682309,10.1109/iscas.2000.858694,Adaptive envelope-constrained filter design,Proceedings IEEE International Symposium on Circuits and Systems,Conference Paper,ok,uncertain_fulltext,,low,abstract,,,,facade but abstract gives no explicit movement/optical/thermal cue
2-s2.0-0033694135,10.1109/mwsym.2000.863319,High efficiency CDMA RF power amplifier using dynamic envelope tracking technique,IEEE MTT S International Microwave Symposium Digest,Article,ok,uncertain_fulltext,,low,abstract,,,,facade but abstract gives no explicit movement/optical/thermal cue
2-s2.0-0032217999,,Adaptive shape from shading,Turkish Journal of Electrical Engineering and Computer Sciences,Article,missing,uncertain_fulltext,,low,title_only,,,,facade but abstract gives no explicit movement/optical/thermal cue
2-s2.0-0032449495,10.1111/j.1460-9568.1998.00293.x,Neuronal coding of interaural transient envelope disparities,European Journal of Neuroscience,Article,ok,uncertain_fulltext,,low,abstract,,,,facade but abstract gives no explicit movement/optical/thermal cue
2-s2.0-0042357526,10.1016/s0960-1481(98)00190-6,The application of dynamic insulation in buildings,Renewable Energy,Article,ok,exclude,facade_no_movement,high,abstract,,,,"thermal-dynamic, no moving part (breathing wall; dynamic insulation)"
2-s2.0-0032186683,10.1016/s0378-7788(98)00023-1,Office worker response to an automated venetian blind and electric lighting system: A pilot study,Energy and Buildings,Article,ok,uncertain_fulltext,,low,abstract,,,,facade but abstract gives no explicit movement/optical/thermal cue
2-s2.0-0031635886,10.1109/iscas.1998.694438,Efficient approach to noise suppression in adaptive filtering subject to output envelope constraints,Proceedings IEEE International Symposium on Circuits and Systems,Conference Paper,ok,uncertain_fulltext,,low,abstract,,,,facade but abstract gives no explicit movement/optical/thermal cue
2-s2.0-0032305060,10.1016/s0378-7788(98)00035-8,Thermal and daylighting performance of an automated venetian blind and lighting system in a full-scale private office,Energy and Buildings,Article,ok,uncertain_fulltext,,low,abstract,,,,facade but abstract gives no explicit movement/optical/thermal cue
2-s2.0-0030674305,,Development of a wind load cycle for testing commercial building envelopes,Structures Congress Proceedings,Conference Paper,missing,uncertain_fulltext,,low,title_only,,,,facade but abstract gives no explicit movement/optical/thermal cue
2-s2.0-5844399231,10.1080/01425919708914330,Solar control research activities undertaken in the framework of PASCOOL,International Journal of Solar Energy,Article,ok,include,,high,abstract,mechanical,experiment,daylight,facade + physical movement (movable; retractable; tilting slats)
2-s2.0-0030718713,,New look at adaptive envelope-constrained filtering via the constraint approximation,Proceedings IEEE International Symposium on Circuits and Systems,Conference Paper,missing,uncertain_fulltext,,low,title_only,,,,facade but abstract gives no explicit movement/optical/thermal cue
2-s2.0-0031539248,10.1080/00994480.1997.10748175,Developing a dynamic envelope/lighting control system with field measurements,Journal of the Illuminating Engineering Society,Article,ok,uncertain_fulltext,,low,abstract,,,,facade but abstract gives no explicit movement/optical/thermal cue
2-s2.0-0030354432,,Design of adaptive envelope-constrained filters using the cubic smoothing function,Proceedings of the International Symposium on Signal Processing and Its Applications Isspa,Conference Paper,missing,uncertain_fulltext,,low,title_only,,,,facade but abstract gives no explicit movement/optical/thermal cue
2-s2.0-0030258329,10.1109/81.538993,Application of Simplified Line Searches in the Design of Adaptive Envelope-Constrained Filters,IEEE Transactions on Circuits and Systems I Fundamental Theory and Applications,Article,ok,uncertain_fulltext,,low,abstract,,,,facade but abstract gives no explicit movement/optical/thermal cue
2-s2.0-0030292257,10.1016/s0038-092x(96)00112-0,Seasonal shading of vertical south-facades with prismatic panes,Solar Energy,Article,ok,uncertain_fulltext,,low,abstract,,,,facade but abstract gives no explicit movement/optical/thermal cue
2-s2.0-0030283817,10.1016/0360-1323(96)00022-4,Analytical investigation of the steady-state behaviour of dynamic and diffusive building envelopes,Building and Environment,Article,ok,uncertain_fulltext,,low,abstract,,,,facade but abstract gives no explicit movement/optical/thermal cue
2-s2.0-0029667147,10.1016/0168-1923(95)02246-5,A simple climagraph for characterizing regional suitability for greenhouse cropping in Greece,Agricultural and Forest Meteorology,Article,ok,uncertain_fulltext,,low,abstract,,,,facade but abstract gives no explicit movement/optical/thermal cue
2-s2.0-84904818588,10.1061/40177(207)125,First mars outpost architectural study,Engineering Construction and Operations in Space V,Conference Paper,ok,uncertain_fulltext,,low,abstract,,,,facade but abstract gives no explicit movement/optical/thermal cue
2-s2.0-0029697466,,Fast convergence algorithms for the adaptive envelope-constrained filter design,Proceedings IEEE International Symposium on Circuits and Systems,Conference Paper,missing,uncertain_fulltext,,low,title_only,,,,facade but abstract gives no explicit movement/optical/thermal cue
2-s2.0-0029721340,10.1061/40177(207)125,First Mars outpost architectural study,Proceedings of the International Conference on Engineering Construction and Operations in Space,Conference Paper,ok,uncertain_fulltext,,low,abstract,,,,facade but abstract gives no explicit movement/optical/thermal cue
2-s2.0-84970417746,10.1177/109719639501800306,Dynamic Evaluation of the Building Envelope for Wind and Wind-Driven Rain Performance,Journal of Thermal Envelope and Building Science,Article,ok,uncertain_fulltext,,low,abstract,,,,facade but abstract gives no explicit movement/optical/thermal cue
2-s2.0-0029235106,10.1177/109719639501800306,Dynamic evaluation of the building envelope for wind and wind-driven rain performance,Journal of Thermal Insulation and Building Envelopes,Article,ok,uncertain_fulltext,,low,abstract,,,,facade but abstract gives no explicit movement/optical/thermal cue
2-s2.0-0029212466,10.2172/1416948,Design and evaluation of integrated envelope and lighting control strategies for commercial buildings,ASHRAE Transactions,Conference Paper,ok,exclude,facade_no_movement,high,abstract,,,,"optical/material-state, no geometry (electrochrom)"
2-s2.0-58149363285,10.1016/0097-8493(95)00044-5,A scalable architecture for volume rendering,Computers and Graphics,Article,ok,include,,high,abstract,unclear,unclear,none,facade + physical movement (moveable)
2-s2.0-84963565522,10.2312/eggh/eggh94/058-069,A Scalable Architecture for Volume Rendering,Eggh 1994 Eurographics Workshop on Graphics Hardware 1994,Conference Paper,ok,include,,high,abstract,unclear,unclear,none,facade + physical movement (moveable)
2-s2.0-0028175578,10.1016/0360-1323(94)90049-3,A comparison of passive cooling techniques,Building and Environment,Article,ok,include,,high,abstract,unclear,simulation,energy,facade + physical movement (movable)
2-s2.0-0027835967,,Conceptual framework for dynamic control of daylighting and electric lighting systems,Conference Record IAS Annual Meeting IEEE Industry Applications Society,Conference Paper,missing,uncertain_fulltext,,low,title_only,,,,facade but abstract gives no explicit movement/optical/thermal cue
2-s2.0-0027708724,,Numerical behavior envelopes for qualitative models,Proceedings of the National Conference on Artificial Intelligence,Conference Paper,missing,exclude,not_facade,low,title_only,,,,no facade context and no movement signal
2-s2.0-85002213781,,A new method facilitating design calculations of passively or actively movable louvers,AIAA 28th Thermophysics Conference 1993,Conference Paper,missing,include,,low,title_only,mechanical,unclear,unclear,facade + physical movement (movable)
2-s2.0-34250074213,10.1007/bf02302333,"Completing the ""One line proof"" of the dynamic envelope theorem",Atlantic Economic Journal,Article,ok,uncertain_fulltext,,low,abstract,,,,facade but abstract gives no explicit movement/optical/thermal cue
2-s2.0-0026995097,,Dynamic evaluation of thermal bridges in a typical office building,ASHRAE Transactions,Conference Paper,missing,exclude,not_facade,low,title_only,,,,no facade context and no movement signal
2-s2.0-0027003042,,Method of measurement nighttime U-values using the mobile window thermal test facility,ASHRAE Transactions,Conference Paper,missing,uncertain_fulltext,,low,title_only,,,,facade but abstract gives no explicit movement/optical/thermal cue
2-s2.0-0026223932,10.1007/bf01815304,"Surface reconstruction from stereoscopy and ""shape from shading"" in SEM images",Machine Vision and Applications,Article,ok,uncertain_fulltext,,low,abstract,,,,facade but abstract gives no explicit movement/optical/thermal cue
2-s2.0-0026158977,,Use of nonlinear envelope feedback to linearize the characteristics of power amplifiers,Telecommunications and Radio Engineering English Translation of Elektrosvyaz and Radiotekhnika,Article,missing,uncertain_fulltext,,low,title_only,,,,facade but abstract gives no explicit movement/optical/thermal cue
2-s2.0-0000345064,10.1016/0165-1889(91)90018-v,The envelope theorem in dynamic optimization,Journal of Economic Dynamics and Control,Article,ok,uncertain_fulltext,,low,abstract,,,,facade but abstract gives no explicit movement/optical/thermal cue
2-s2.0-0024721103,,"Microcomputer-based system for 3D reconstruction, analysis and 3D animation of the heart and its coronary arteries",Computers in Cardiology,Conference Paper,missing,exclude,not_facade,low,title_only,,,,no facade context and no movement signal
2-s2.0-85024441095,10.2150/jlve.11.2_49,Movable Shade Louver,Journal of Light and Visual Environment,Article,ok,include,,high,abstract,mechanical,unclear,none,facade + physical movement (movable)
2-s2.0-84997674074,10.2514/6.1987-1568,"Predicting the performance of solar illuminated thermal louvers for the goes I, J, K instruments",AIAA 22nd Thermophysics Conference 1987,Conference Paper,ok,include,,high,abstract,mechanical,unclear,none,facade + physical movement (actuated)
2-s2.0-0021633305,,INTERNAL PRESSURES IN LOW-RISE BUILDINGS.,undefined,Conference Paper,missing,exclude,not_facade,low,title_only,,,,no facade context and no movement signal
2-s2.0-0021543170,10.2739/kurumemedj.31.309,Dynamic Changes of Fenestrations in Choriocapillaries,Kurume Medical Journal,Article,ok,uncertain_fulltext,,low,abstract,,,,facade but abstract gives no explicit movement/optical/thermal cue
2-s2.0-0020221635,,PERFORMANCE CALCULATIONS OF MOVABLE LOUVERS AND HEAT PIPES.,undefined,Conference Paper,missing,include,,low,title_only,mechanical,unclear,unclear,facade + physical movement (movable)
2-s2.0-0018543391,10.2514/3.28018,Analytical studies on design optimization of movable louvers for space use,Journal of Spacecraft and Rockets,Article,ok,include,,high,abstract,mechanical,simulation,none,facade + physical movement (movable)
2-s2.0-34250285884,10.1007/bf00642581,Kinetic envelope solitons in turbulent plasmas,Astrophysics and Space Science,Article,ok,include,,high,abstract,unclear,unclear,none,facade + physical movement (kinetic envelope)
2-s2.0-0014481458,10.3181/00379727-130-33710,Respiratory Influence on Skin Potential and Sweating,Proceedings of the Society for Experimental Biology and Medicine,Article,ok,uncertain_fulltext,,low,abstract,,,,facade but abstract gives no explicit movement/optical/thermal cue
2-s2.0-85003273891,10.2514/3.27686,Analysis of movable louvers for temperature control,Journal of Spacecraft and Rockets,Article,ok,include,,high,abstract,mechanical,unclear,none,facade + physical movement (movable)
2-s2.0-77954387152,10.1093/oxfordjournals.aob.a083384,Physiological and ecological studies in the analysis of plant environment: IX. Adaptive changes in the vegetative growth and development of helianthus annuus induced by an alteration in light level,Annals of Botany,Article,ok,uncertain_fulltext,,low,abstract,,,,facade but abstract gives no explicit movement/optical/thermal cue
