eid,doi,doi_url,title,source
2-s2.0-105039829141,10.1016/j.autcon.2026.107051,https://doi.org/10.1016/j.autcon.2026.107051,3D-to-4D printing technologies in construction: Roadmap review of current status and potential applications,Automation in Construction
2-s2.0-105039967513,10.1016/j.enbuild.2026.117682,https://doi.org/10.1016/j.enbuild.2026.117682,"Systematic review of nanocoatings for building envelopes: thermal, radiative, and durability trends across materials and climatic contexts",Energy and Buildings
2-s2.0-105039813460,10.1016/j.enbuild.2026.117660,https://doi.org/10.1016/j.enbuild.2026.117660,Optimization of thermally variable solar collection walls integrated with flat plate gravity heat pipes,Energy and Buildings
2-s2.0-105024140128,10.1016/j.foar.2025.09.007,https://doi.org/10.1016/j.foar.2025.09.007,Energy harvest and daylighting performance of dynamic photovoltaic shading system-a comparison study in various climate zones of China,Frontiers of Architectural Research
2-s2.0-105039786699,10.1016/j.buildenv.2026.114752,https://doi.org/10.1016/j.buildenv.2026.114752,Wind-driven rain mitigation effects of building facade shading systems: insights from comparative field measurements,Building and Environment
2-s2.0-105037745526,10.1016/j.energy.2026.141160,https://doi.org/10.1016/j.energy.2026.141160,"Spatiotemporal dynamics of thermal comfort, energy consumption, and carbon emissions in climate-adaptive MPCMs used for building envelopes across 11 cities with continental climate",Energy
2-s2.0-105038742714,10.1016/j.buildenv.2026.114718,https://doi.org/10.1016/j.buildenv.2026.114718,Real-time optimization of a dynamic solar PV integrated shading design with data-driven reactive control and spatial daylighting prediction,Building and Environment
2-s2.0-105037445983,10.1016/j.energy.2026.141166,https://doi.org/10.1016/j.energy.2026.141166,"Experimentally validated numerical model of adaptive envelopes with macroencapsulated PCMs under real conditions, including the effects of the capsule and indoor temperature variation",Energy
2-s2.0-105032991932,10.1016/j.susmat.2026.e01957,https://doi.org/10.1016/j.susmat.2026.e01957,Bio-inspired 4D printing of earthen soil composites for structural living wall applications,Sustainable Materials and Technologies
2-s2.0-105038814362,10.1016/j.buildenv.2026.114744,https://doi.org/10.1016/j.buildenv.2026.114744,Green facades and building energy performance: a multi-climate perspective,Building and Environment
2-s2.0-105037762368,10.1016/j.applthermaleng.2026.131205,https://doi.org/10.1016/j.applthermaleng.2026.131205,"Comprehensive evaluation of building energy load, power generation, and shading effects of vertical single-axis tracking PV louver systems",Applied Thermal Engineering
2-s2.0-105037440667,10.1016/j.enbuild.2026.117493,https://doi.org/10.1016/j.enbuild.2026.117493,Climate-responsive envelope design for educational buildings: A comparative simulation study between the UK and Egypt,Energy and Buildings
2-s2.0-105032881431,10.1016/j.conengprac.2026.106893,https://doi.org/10.1016/j.conengprac.2026.106893,Observer-based robust MPC for trajectory tracking of autonomous vehicles with dynamic envelopes,Control Engineering Practice
2-s2.0-105036251755,10.1016/j.buildenv.2026.114615,https://doi.org/10.1016/j.buildenv.2026.114615,Impacts of balconies on air quality within idealized building array: CFD modelling with solar radiation,Building and Environment
2-s2.0-105035264470,10.1016/j.energy.2026.140990,https://doi.org/10.1016/j.energy.2026.140990,"Digital twin and AI-driven smart adaptive walls for energy, comfort and carbon optimization in intelligent green buildings",Energy
2-s2.0-105034360495,10.1016/j.buildenv.2026.114541,https://doi.org/10.1016/j.buildenv.2026.114541,"Predicting emotional impact of adaptive façades through Machine Learning, A VR-based study with PAD assessment",Building and Environment
2-s2.0-105034627643,10.1016/j.jweia.2026.106394,https://doi.org/10.1016/j.jweia.2026.106394,Cyber-physical smart morphing facades driven by reinforcement learning for wind-induced vibration control in tall buildings,Journal of Wind Engineering and Industrial Aerodynamics
2-s2.0-105025022388,10.1016/j.egyr.2025.12.042,https://doi.org/10.1016/j.egyr.2025.12.042,"Impact of microalgae-integrated windows on building performance: Energy, daylight, and carbon analysis using an innovative simulation method",Energy Reports
2-s2.0-105035254581,10.1016/j.enbuild.2026.117351,https://doi.org/10.1016/j.enbuild.2026.117351,Building robustness: measuring climate-responsive performance with information theory,Energy and Buildings
2-s2.0-105024611275,10.1016/j.sftr.2025.101599,https://doi.org/10.1016/j.sftr.2025.101599,Multi-objective optimization framework to achieve near-zero energy building in the Czech Republic for future climatic conditions,Sustainable Futures
2-s2.0-105026452555,10.1016/j.egyr.2025.109017,https://doi.org/10.1016/j.egyr.2025.109017,Hourly solar irradiance estimation and building-surface solar potential assessment via remote sensing and machine learning for data-scarce mountainous regions,Energy Reports
2-s2.0-105031629892,10.1016/j.precisioneng.2026.02.017,https://doi.org/10.1016/j.precisioneng.2026.02.017,Real-time monitoring of grinding wheel using a dynamic envelope model,Precision Engineering
2-s2.0-105035388547,10.1016/j.buildenv.2026.114479,https://doi.org/10.1016/j.buildenv.2026.114479,3D façade geometry as a dual passive control in hot urban canyons: reducing street MRT and cooling loads,Building and Environment
2-s2.0-105035055152,10.1016/j.enbuild.2026.117393,https://doi.org/10.1016/j.enbuild.2026.117393,Climate-adaptive energy performance of green facades in a composite climate,Energy and Buildings
2-s2.0-105033708421,10.1016/j.buildenv.2026.114519,https://doi.org/10.1016/j.buildenv.2026.114519,Segmented dynamic photovoltaic shading façade based on kiri-origami: Multi-objective decision-making and interpretable machine learning analysis,Building and Environment
2-s2.0-105031895975,10.1016/j.applthermaleng.2026.130448,https://doi.org/10.1016/j.applthermaleng.2026.130448,Design development and characterization of thermotropic façade system with honeycomb construction,Applied Thermal Engineering
2-s2.0-105034579858,10.1016/j.renene.2026.125415,https://doi.org/10.1016/j.renene.2026.125415,"Design, experimental testing, and numerical investigation of a ventilated semi-transparent photovoltaic facade integrated with supply-air conditioning in summer",Renewable Energy
2-s2.0-105032104928,10.1016/j.enbuild.2026.117258,https://doi.org/10.1016/j.enbuild.2026.117258,Smart thermal energy storage system integrated into the building envelope for photovoltaic surplus management,Energy and Buildings
2-s2.0-105031172632,10.1016/j.enbuild.2026.117192,https://doi.org/10.1016/j.enbuild.2026.117192,RHpT: Bioclimatic framework for passive climate-adaptive bio-façades in urban contexts,Energy and Buildings
2-s2.0-105033239035,10.1016/j.buildenv.2026.114475,https://doi.org/10.1016/j.buildenv.2026.114475,Surrogate model-based design optimization of modular façades under multifunctional scenarios,Building and Environment
2-s2.0-105031888860,10.1016/j.enbuild.2026.117222,https://doi.org/10.1016/j.enbuild.2026.117222,"High-performance envelopes in the Mediterranean: Energy and comfort effects of BIPVs, shading devices, and green walls",Energy and Buildings
2-s2.0-105031735170,10.1016/j.enconman.2026.121306,https://doi.org/10.1016/j.enconman.2026.121306,Adaptive photonic films for fenestration-integrated PV technology to enhance energy saving and thermal comfort: Concept and theoretical investigation,Energy Conversion and Management
2-s2.0-105030483087,10.1016/j.rser.2026.116836,https://doi.org/10.1016/j.rser.2026.116836,"Self-adaptive radiative cooling for building envelopes: Principles, materials, applications, and perspectives",Renewable and Sustainable Energy Reviews
2-s2.0-105034725653,10.1016/j.conbuildmat.2026.146124,https://doi.org/10.1016/j.conbuildmat.2026.146124,Drying process in a 3D-printed multilayer wall system: An experimental and numerical analysis,Construction and Building Materials
2-s2.0-105029653511,10.1016/j.enbuild.2026.117104,https://doi.org/10.1016/j.enbuild.2026.117104,Bio-jaali: Reimagining vernacular passive cooling screens with mycelium-based composites,Energy and Buildings
2-s2.0-105029647797,10.1016/j.enbuild.2026.117129,https://doi.org/10.1016/j.enbuild.2026.117129,Evaluation of smart glazing properties for net positive windows in commercial buildings,Energy and Buildings
2-s2.0-105029367098,10.1016/j.enbuild.2026.117116,https://doi.org/10.1016/j.enbuild.2026.117116,A Non-Invasive stacked ensemble framework with shadow correction for Cost-Effective daylight illuminance prediction in buildings,Energy and Buildings
2-s2.0-105032533589,10.1016/j.jobe.2026.115816,https://doi.org/10.1016/j.jobe.2026.115816,Mimosa pudica-inspired phase change-driven reversible building facades for zero-energy thermal management,Journal of Building Engineering
2-s2.0-105029256420,10.1016/j.applthermaleng.2026.129995,https://doi.org/10.1016/j.applthermaleng.2026.129995,An experimental study on thermal effects in building integrated semi transparent double skin façades for a nearly zero energy building,Applied Thermal Engineering
2-s2.0-105029086300,10.1016/j.enbuild.2026.117066,https://doi.org/10.1016/j.enbuild.2026.117066,Self-Powered dynamic Façades using thermoelectric generators and phase change materials,Energy and Buildings
2-s2.0-105028592145,10.1016/j.buildenv.2026.114295,https://doi.org/10.1016/j.buildenv.2026.114295,From greenwashing to grounded practice: A context-specific biophilic design framework for hot arid climates,Building and Environment
2-s2.0-105029407767,10.1016/j.energy.2026.140161,https://doi.org/10.1016/j.energy.2026.140161,Improved superhydrophobic surface for new phase-change thermal diode in building thermal management,Energy
2-s2.0-105028922736,10.1016/j.enbuild.2026.117021,https://doi.org/10.1016/j.enbuild.2026.117021,Performance optimization of parametric hexagonal façade openings for natural ventilation and cooling load reduction in high-rise buildings,Energy and Buildings
2-s2.0-105030487037,10.1016/j.rineng.2026.109601,https://doi.org/10.1016/j.rineng.2026.109601,The FlectoLine module: Transferring glass fiber-reinforced polymer/elastomer hybrid composites to responsive architectural outdoor applications,Results in Engineering
2-s2.0-105027279474,10.1016/j.enbuild.2025.116940,https://doi.org/10.1016/j.enbuild.2025.116940,Integrating greenery systems and active insulation into adaptive building envelopes for enhanced sustainability and thermal resilience,Energy and Buildings
2-s2.0-105033891051,10.1016/j.istruc.2026.111089,https://doi.org/10.1016/j.istruc.2026.111089,Dynamic performance of façade systems during lifting and transportation in prefabricated modules,Structures
2-s2.0-105026129649,10.1016/j.solener.2025.114279,https://doi.org/10.1016/j.solener.2025.114279,Optimizing building integrated photovoltaic facades: A parametric approach for enhanced energy efficiency and daylighting performance,Solar Energy
2-s2.0-105025476275,10.1016/j.enbuild.2025.116895,https://doi.org/10.1016/j.enbuild.2025.116895,Numerical analysis of a glassed dynamic PCMs solar wall,Energy and Buildings
2-s2.0-105025372668,10.1016/j.enbuild.2025.116861,https://doi.org/10.1016/j.enbuild.2025.116861,"Optimizing building energy efficiency through microalgae façades: impact of cell density, biomass, and panel thickness on solar heat gain and light transmittance",Energy and Buildings
2-s2.0-105022659001,10.1016/j.buildenv.2025.114018,https://doi.org/10.1016/j.buildenv.2025.114018,Comprehensive review on the impact of building envelopes on indoor thermal comfort in office buildings: Balancing occupant comfort and energy efficiency,Building and Environment
2-s2.0-105023821177,10.1016/j.enbuild.2025.116801,https://doi.org/10.1016/j.enbuild.2025.116801,Learning personalized visual comfort: A data-driven adaptive shading control framework using artificial intelligence,Energy and Buildings
2-s2.0-105024887111,10.1016/j.buildenv.2025.114051,https://doi.org/10.1016/j.buildenv.2025.114051,Mitigation effects of building facade buffer zones on wind-driven rain: Insights from field measurements,Building and Environment
2-s2.0-105027156887,10.1016/j.jobe.2026.115230,https://doi.org/10.1016/j.jobe.2026.115230,Optimizing bio-based phase change materials in operable façade cavities to enhance cooling energy efficiency,Journal of Building Engineering
2-s2.0-105021344387,10.1016/j.jvscit.2025.102015,https://doi.org/10.1016/j.jvscit.2025.102015,Laser fenestration and shape memory polymer embolization of type II endoleaks,Journal of Vascular Surgery Cases Innovations and Techniques
2-s2.0-105023149306,10.1016/j.enbuild.2025.116753,https://doi.org/10.1016/j.enbuild.2025.116753,Movement optimization of a movable façade using bimetal as actuators for enhanced indoor airflow,Energy and Buildings
2-s2.0-105021472577,10.1016/j.buildenv.2025.113948,https://doi.org/10.1016/j.buildenv.2025.113948,Evaluating permeable pavements' impact on the thermal environment in street canyons through outdoor experiments under hot and humid background climate,Building and Environment
2-s2.0-105022661726,10.1016/j.buildenv.2025.114040,https://doi.org/10.1016/j.buildenv.2025.114040,Assessing cooling–lighting trade-offs in a low-income Jordanian housing archetype under climate change and heat waves,Building and Environment
2-s2.0-105022288003,10.1016/j.buildenv.2025.113983,https://doi.org/10.1016/j.buildenv.2025.113983,Effects of building shading on outdoor adaptive thermal comfort and the development of predictive models,Building and Environment
2-s2.0-105021081103,10.1016/j.applthermaleng.2025.128924,https://doi.org/10.1016/j.applthermaleng.2025.128924,Thermal performance and climate applicability analysis of multiple building envelopes,Applied Thermal Engineering
2-s2.0-105021080659,10.1016/j.enbuild.2025.116677,https://doi.org/10.1016/j.enbuild.2025.116677,Smart Readiness Indicator metric for building envelope structures,Energy and Buildings
2-s2.0-105018669060,10.1016/j.buildenv.2025.113861,https://doi.org/10.1016/j.buildenv.2025.113861,Energy performance and optimal design of three typical dynamic photovoltaic façade systems for office buildings in hot-summer- cold-winter climate zone,Building and Environment
2-s2.0-105034407954,10.1016/j.foar.2026.01.009,https://doi.org/10.1016/j.foar.2026.01.009,"Optimising thermal performance of steel façades through self-shading: Calibration, sensitivity analysis, and climatic implications",Frontiers of Architectural Research
2-s2.0-105034936501,10.1016/j.enbenv.2026.02.006,https://doi.org/10.1016/j.enbenv.2026.02.006,Targeting integrated daylighting comfort in deep office by multi-objective optimization using partial vertical deployment of adaptive corrugated shadings,Energy and Built Environment
2-s2.0-105020939510,10.1016/j.enbuild.2025.116629,https://doi.org/10.1016/j.enbuild.2025.116629,A variable thermal transmittance adaptive wall: comparison between CFD simulations and experimental tests,Energy and Buildings
2-s2.0-105029271876,10.1016/j.enbenv.2025.09.001,https://doi.org/10.1016/j.enbenv.2025.09.001,Human-shading interaction in shared offices: An experimental study,Energy and Built Environment
2-s2.0-105035815215,10.1016/j.jare.2026.04.011,https://doi.org/10.1016/j.jare.2026.04.011,Natural flavonoids inhibit plasmid conjugation via iron chelation and zinc-responsive envelope stress,Journal of Advanced Research
2-s2.0-105025373625,10.1016/j.trip.2025.101800,https://doi.org/10.1016/j.trip.2025.101800,Space for cycling: A scoping review of recent evidence on the dynamic envelope for bicycle riding,Transportation Research Interdisciplinary Perspectives
2-s2.0-105018307628,10.1016/j.apenergy.2025.126860,https://doi.org/10.1016/j.apenergy.2025.126860,"Adaptive BIPV shading optimization for electricity generation and building electricity management, sDA, and DGP using multi-objective algorithms",Applied Energy
2-s2.0-105018904481,10.1016/j.enbuild.2025.116593,https://doi.org/10.1016/j.enbuild.2025.116593,Machine learning-optimized porous thermally responsive SS-PCM with switchable transparency for adaptive building envelope coatings,Energy and Buildings
2-s2.0-105014520687,10.1016/j.enconman.2025.120409,https://doi.org/10.1016/j.enconman.2025.120409,Real-time adaptive algae bioreactor facades: a novel method for dynamic daylight and thermal efficiency optimization in buildings,Energy Conversion and Management
2-s2.0-105014430935,10.1016/j.solcom.2025.100139,https://doi.org/10.1016/j.solcom.2025.100139,Dynamic solar shadings: Redefining the building envelope,Solar Compass
2-s2.0-105016999242,10.1016/j.egyr.2025.09.038,https://doi.org/10.1016/j.egyr.2025.09.038,Month-by-month prioritization of heating and ventilation from an adaptive mechanically-ventilated double-skin façade,Energy Reports
2-s2.0-105022195387,10.1016/j.rineng.2025.107518,https://doi.org/10.1016/j.rineng.2025.107518,Impact of Window-to-Wall Ratio (WWR) and shading on energy demand in a residential building across five distinct climates,Results in Engineering
2-s2.0-105017673516,10.1016/j.est.2025.118654,https://doi.org/10.1016/j.est.2025.118654,Controlled ventilated phase change material façades for climate-responsive buildings,Journal of Energy Storage
2-s2.0-105016222839,10.1016/j.rineng.2025.107235,https://doi.org/10.1016/j.rineng.2025.107235,Climate-resilient office buildings: Energy and comfort in japan's future (2090s),Results in Engineering
2-s2.0-105016872513,10.1016/j.buildenv.2025.113749,https://doi.org/10.1016/j.buildenv.2025.113749,A hybrid framework for optimal design and control strategies of retractable roof stadium based on CNN-LSTM and NSGA-II,Building and Environment
2-s2.0-105017841864,10.1016/j.jobe.2025.114325,https://doi.org/10.1016/j.jobe.2025.114325,A novel adaptive façade using cable-driven compliant mechanisms,Journal of Building Engineering
2-s2.0-105014006634,10.1016/j.enbuild.2025.116319,https://doi.org/10.1016/j.enbuild.2025.116319,A comprehensive approach to evaluate environmentally adaptive façade concepts through the use of fundamental environmental conditions,Energy and Buildings
2-s2.0-105013636408,10.1016/j.enbuild.2025.116290,https://doi.org/10.1016/j.enbuild.2025.116290,Influence of automated façades on comfort and energy: A critical review,Energy and Buildings
2-s2.0-105019742966,10.1016/j.jobe.2025.114475,https://doi.org/10.1016/j.jobe.2025.114475,A field-based evaluation of blackboard visibility in daylit classrooms,Journal of Building Engineering
2-s2.0-105018641167,10.1016/j.jobe.2025.114258,https://doi.org/10.1016/j.jobe.2025.114258,Field monitoring and numerical analysis of thermal behavior of the National Stadium under solar radiation,Journal of Building Engineering
2-s2.0-105011949210,10.1016/j.enbuild.2025.116188,https://doi.org/10.1016/j.enbuild.2025.116188,Cactus-inspired multifunctional Bio-kinetic façade for energy performance improvement assessed by a novel energy simulation framework,Energy and Buildings
2-s2.0-105010957276,10.1016/j.tws.2025.113702,https://doi.org/10.1016/j.tws.2025.113702,Simulation and optimisation of frames subjected to torsion for buckling-induced morphing of shading modules,Thin Walled Structures
2-s2.0-105011737870,10.1016/j.enbuild.2025.116180,https://doi.org/10.1016/j.enbuild.2025.116180,Comprehensive assessment of dynamic shading devices for daylighting and energy management in Saudi Arabian hot-arid buildings,Energy and Buildings
2-s2.0-105013586180,10.1016/j.autcon.2025.106474,https://doi.org/10.1016/j.autcon.2025.106474,AI-driven control algorithm using machine learning and genetic optimization for enhancing visual comfort in adaptive façades,Automation in Construction
2-s2.0-105009414425,10.1016/j.rser.2025.115988,https://doi.org/10.1016/j.rser.2025.115988,Liquid flow window: Technology review and future trends,Renewable and Sustainable Energy Reviews
2-s2.0-105012275280,10.1016/j.enbuild.2025.116223,https://doi.org/10.1016/j.enbuild.2025.116223,Navigating the built environment energy transition in the Netherlands: A tool for energy-oriented design and planning,Energy and Buildings
2-s2.0-105020925192,10.1016/j.jobe.2025.114097,https://doi.org/10.1016/j.jobe.2025.114097,"An incremental, thermally optimised, and low-carbon shelter model for refugee housing in diverse climates",Journal of Building Engineering
2-s2.0-105013366575,10.1016/j.buildenv.2025.113542,https://doi.org/10.1016/j.buildenv.2025.113542,Enhancing thermal performance of subtropical low-income housing through passive and behaviour-guided adaptive design,Building and Environment
2-s2.0-105014465252,10.1016/j.est.2025.118179,https://doi.org/10.1016/j.est.2025.118179,Design and thermal performance analysis of a dynamic shading device incorporating phase change materials,Journal of Energy Storage
2-s2.0-105010473513,10.1016/j.enbuild.2025.116105,https://doi.org/10.1016/j.enbuild.2025.116105,Bio-adaptive reflective photovoltaic (BARP) facade system: a multimodal energy-saving solution based on light reflection,Energy and Buildings
2-s2.0-105010478985,10.1016/j.enbuild.2025.116125,https://doi.org/10.1016/j.enbuild.2025.116125,Utilizing a three-zone control model of adaptive concentrating photovoltaic facade to enhance visual comfort and energy benefits,Energy and Buildings
2-s2.0-105013796800,10.1016/j.jobe.2025.113797,https://doi.org/10.1016/j.jobe.2025.113797,Understanding the visco-thermo-mechanical behavior of nitinol for climate-adaptive window shading devices,Journal of Building Engineering
2-s2.0-105012617905,10.1016/j.dibe.2025.100707,https://doi.org/10.1016/j.dibe.2025.100707,Model-free online reinforcement learning control for responsive building envelope,Developments in the Built Environment
2-s2.0-105016356228,10.1016/j.nxmate.2025.101226,https://doi.org/10.1016/j.nxmate.2025.101226,"Next-generation building envelopes: Smart materials, energy efficiency and environmental impact",Next Materials
2-s2.0-105007295168,10.1016/j.rser.2025.115930,https://doi.org/10.1016/j.rser.2025.115930,"Impacts of agrivoltaic systems on microclimate, water use efficiency, and crop yield: A systematic review",Renewable and Sustainable Energy Reviews
2-s2.0-105017812952,10.1016/j.nxener.2025.100446,https://doi.org/10.1016/j.nxener.2025.100446,Modeling and simulation-based performance study of a DC-DC power processing circuit for building-attached photovoltaic systems,Next Energy
2-s2.0-105008155170,10.1016/j.solener.2025.113692,https://doi.org/10.1016/j.solener.2025.113692,"Kirigami-inspired novel photovoltaic shading facade: multi-objective optimization of energy consumption, daylighting, thermal comfort, visual comfort, and landscape view",Solar Energy
2-s2.0-105008944128,10.1016/j.energy.2025.137294,https://doi.org/10.1016/j.energy.2025.137294,Energy saving performance of dual-mode adaptive wall with phase change material and dynamic louver,Energy
2-s2.0-105007061909,10.1016/j.jobe.2025.112994,https://doi.org/10.1016/j.jobe.2025.112994,Optimizing bio-inspired macro-structures for enhanced thermal efficiency in multi-skin facade buildings,Journal of Building Engineering
2-s2.0-105010842104,10.1016/j.buildenv.2025.113408,https://doi.org/10.1016/j.buildenv.2025.113408,Investigating tree shading and thermal variations in a subtropical zone: Single Tree to Urban Squares,Building and Environment
2-s2.0-105008441616,10.1016/j.rineng.2025.105608,https://doi.org/10.1016/j.rineng.2025.105608,"A novel method for simulating dynamic facades to analysing, and optimizing daylight and visual comfort in office buildings",Results in Engineering
2-s2.0-105004414522,10.1016/j.renene.2025.123143,https://doi.org/10.1016/j.renene.2025.123143,"Design of Building-Installed PV system, with consideration given to the size and position of the building",Renewable Energy
2-s2.0-105008873289,10.1016/j.istruc.2025.109524,https://doi.org/10.1016/j.istruc.2025.109524,livMatS biomimetic shell: Structural advancements of segmented timber shells towards permanent building constructions,Structures
2-s2.0-105010124010,10.1016/j.buildenv.2025.113399,https://doi.org/10.1016/j.buildenv.2025.113399,Vertical greenery as natural shading of glass facades: Bioshading coefficients for 4 climbing plant species for assessment of shading performance,Building and Environment
2-s2.0-105009764615,10.1016/j.buildenv.2025.113359,https://doi.org/10.1016/j.buildenv.2025.113359,Machine learning-based adaptive control of PV shading for residential energy and visual comfort optimization,Building and Environment
2-s2.0-105005854246,10.1016/j.autcon.2025.106295,https://doi.org/10.1016/j.autcon.2025.106295,Two-stage optimization of infinite rotation-freedom façade systems using machine learning surrogate models,Automation in Construction
2-s2.0-105005761786,10.1016/j.buildenv.2025.113187,https://doi.org/10.1016/j.buildenv.2025.113187,An innovative adaptive double-skin wall system integrating a phase change material layer: comprehensive performances across different climate zones for heating,Building and Environment
2-s2.0-105009376508,10.1016/j.xcrp.2025.102668,https://doi.org/10.1016/j.xcrp.2025.102668,Demonstration and characterization of insertable passive thermal switches for dynamic building envelopes,Cell Reports Physical Science
2-s2.0-105002391504,10.1016/j.jobe.2025.112566,https://doi.org/10.1016/j.jobe.2025.112566,"Artificial intelligence algorithms, simulation tools and software for optimization of adaptive facades: A systematic literature review",Journal of Building Engineering
2-s2.0-105003243841,10.1016/j.enbuild.2025.115776,https://doi.org/10.1016/j.enbuild.2025.115776,Enhancing EnergyPlus capabilities to model dynamic building envelopes using python plugin,Energy and Buildings
2-s2.0-105005070435,10.1016/j.buildenv.2025.113141,https://doi.org/10.1016/j.buildenv.2025.113141,Enhancing building envelope performance via dynamic PCM Integration in biomaterial concrete walls: A numerical evaluation and multi-objective optimization study,Building and Environment
2-s2.0-105002776077,10.1016/j.engstruct.2025.120362,https://doi.org/10.1016/j.engstruct.2025.120362,Tensile self-locking behavior of reconfigurable origami structure,Engineering Structures
2-s2.0-105000865212,10.1016/j.jobe.2025.112415,https://doi.org/10.1016/j.jobe.2025.112415,Integration of bio-inspired adaptive systems for optimizing daylight performance and glare control,Journal of Building Engineering
2-s2.0-105010701100,10.1016/j.jtherbio.2025.104212,https://doi.org/10.1016/j.jtherbio.2025.104212,"Future climate impacts on urban office Buildings: Energy, comfort, and passive solutions in Osaka, Japan",Journal of Thermal Biology
2-s2.0-105003811207,10.1016/j.buildenv.2025.113048,https://doi.org/10.1016/j.buildenv.2025.113048,Biomimetic self-shading walls via 3D-printing for reduced heat gain: Multiscale learning using graph neural networks to predict solar radiation absorption,Building and Environment
2-s2.0-105000918728,10.1016/j.jobe.2025.112104,https://doi.org/10.1016/j.jobe.2025.112104,"Optimal daylighting design for standard photopic and melanopic equivalent daylight illuminance, and glare minimization in Tehran classrooms",Journal of Building Engineering
2-s2.0-105005767296,10.1016/j.cscm.2025.e04805,https://doi.org/10.1016/j.cscm.2025.e04805,Dynamic mechanical properties of nanoparticle-stabilized foam concrete (NFC),Case Studies in Construction Materials
2-s2.0-105006665733,10.1016/j.scs.2025.106484,https://doi.org/10.1016/j.scs.2025.106484,Tabular prior-data fitted network for urban air temperature inference and high temperature risk assessment,Sustainable Cities and Society
2-s2.0-105003802281,10.1016/j.rineng.2025.105000,https://doi.org/10.1016/j.rineng.2025.105000,Achieving operational synergy between different adaptive façade technologies,Results in Engineering
2-s2.0-105001272856,10.1016/j.egyr.2025.03.021,https://doi.org/10.1016/j.egyr.2025.03.021,Kinetic facades as a solution for educational buildings: A multi-objective optimization simulation-based study,Energy Reports
2-s2.0-86000610528,10.1016/j.rser.2025.115586,https://doi.org/10.1016/j.rser.2025.115586,"Biomimetic adaptive solar building envelopes: Trends, challenges, and opportunities for sustainable applications",Renewable and Sustainable Energy Reviews
2-s2.0-105004260509,10.1016/j.egyr.2025.04.064,https://doi.org/10.1016/j.egyr.2025.04.064,On the use of dynamic film to improve the thermal and solar performance of multiple glazing units. Preliminary testing and assessment,Energy Reports
2-s2.0-105001330352,10.1016/j.enbuild.2025.115594,https://doi.org/10.1016/j.enbuild.2025.115594,Prescriptive tool for zero-emissions building fenestration design using hybrid metaheuristic algorithms,Energy and Buildings
2-s2.0-86000790700,10.1016/j.enbuild.2025.115546,https://doi.org/10.1016/j.enbuild.2025.115546,Design optimization of climate-responsive rural residences in solar rich areas considering sustainability and occupant comfort,Energy and Buildings
2-s2.0-85216645086,10.1016/j.jobe.2025.111813,https://doi.org/10.1016/j.jobe.2025.111813,A method for achieving optimal thermal performance of adaptive opaque facades based on monthly loads across China,Journal of Building Engineering
2-s2.0-85217060741,10.1016/j.jobe.2025.111943,https://doi.org/10.1016/j.jobe.2025.111943,Investigation of climate-adaptive thermal effects of a double-sided hydronic loop embedded in an opaque building envelope,Journal of Building Engineering
2-s2.0-85218992312,10.1016/j.enbuild.2025.115491,https://doi.org/10.1016/j.enbuild.2025.115491,An advanced numerical model for dynamic daylight and energy consumption analysis of thermal-responsive complex fenestration system with adaptive solar absorption,Energy and Buildings
2-s2.0-85218637971,10.1016/j.enbuild.2025.115488,https://doi.org/10.1016/j.enbuild.2025.115488,Comprehensive impact of two advanced thermotropic façades designs on building daylight and energy performance,Energy and Buildings
2-s2.0-86000784109,10.1016/j.solener.2025.113268,https://doi.org/10.1016/j.solener.2025.113268,"Suitable transition temperature on thermo-adaptive reflectance for opaque facades: Influence of climate, solar orientation, and facade material",Solar Energy
2-s2.0-85214011602,10.1016/j.jobe.2024.111701,https://doi.org/10.1016/j.jobe.2024.111701,A review on adaptive and non-adaptive shading devices for sustainable buildings,Journal of Building Engineering
2-s2.0-85204870157,10.1016/j.foar.2024.08.002,https://doi.org/10.1016/j.foar.2024.08.002,A systematic method of generating hinged tessellations by adding hinged plates based on dual graphs,Frontiers of Architectural Research
2-s2.0-85218120860,10.1016/j.buildenv.2025.112724,https://doi.org/10.1016/j.buildenv.2025.112724,An integrated adaptive façade system using a glass block filled with phase change material: Cooling energy load and performance enhancement,Building and Environment
2-s2.0-85214140676,10.1016/j.tws.2024.112886,https://doi.org/10.1016/j.tws.2024.112886,Experimental study on harnessing torsion-induced buckling of frames for adaptive shading modules,Thin Walled Structures
2-s2.0-85213535470,10.1016/j.jobe.2024.111643,https://doi.org/10.1016/j.jobe.2024.111643,Energy-efficient building façades: A comprehensive review of innovative technologies and sustainable strategies,Journal of Building Engineering
2-s2.0-85217063442,10.1016/j.enbuild.2025.115431,https://doi.org/10.1016/j.enbuild.2025.115431,Fully exploiting solar energy with building envelops: Experimental study on an adjustable photovoltaic green facade,Energy and Buildings
2-s2.0-105001572160,10.1016/j.seta.2025.104297,https://doi.org/10.1016/j.seta.2025.104297,Comprehensive performance analysis of semitransparent CdTe PV windows in static and dynamic facades: A real ship case study,Sustainable Energy Technologies and Assessments
2-s2.0-85212953481,10.1016/j.jobe.2024.111645,https://doi.org/10.1016/j.jobe.2024.111645,Investigations for the daylighting performance of trapezoid profile shadings using multi-objective optimization,Journal of Building Engineering
2-s2.0-85215966151,10.1016/j.solener.2025.113306,https://doi.org/10.1016/j.solener.2025.113306,Thermo-responsive hydrogel-based building envelopes for building energy-saving,Solar Energy
2-s2.0-85217044784,10.1016/j.tsep.2025.103336,https://doi.org/10.1016/j.tsep.2025.103336,Assessing the thermal performance of building walls containing eco-friendly composite materials: A combined numerical and simulation approach,Thermal Science and Engineering Progress
2-s2.0-85214505558,10.1016/j.buildenv.2024.112409,https://doi.org/10.1016/j.buildenv.2024.112409,User interaction with smart glazing: Effect of switching speed under overcast sky condition,Building and Environment
2-s2.0-85209902839,10.1016/j.tws.2024.112739,https://doi.org/10.1016/j.tws.2024.112739,Design and photothermal coupling analysis of Kresling origami-based intelligent dynamic shading system,Thin Walled Structures
2-s2.0-85208399934,10.1016/j.apenergy.2024.124787,https://doi.org/10.1016/j.apenergy.2024.124787,Experimental energy performance assessment of a smart controlled water-flow glazing adaptive facade in heating demand conditions,Applied Energy
2-s2.0-105011098115,10.1016/j.eng.2025.07.008,https://doi.org/10.1016/j.eng.2025.07.008,Material and Structural Optimization of Novel Phase-Change Thermal Diode for Dynamic Building Envelope,Engineering
2-s2.0-85209555632,10.1016/j.enbuild.2024.115072,https://doi.org/10.1016/j.enbuild.2024.115072,Optimizing the tilt angle of kinetic photovoltaic shading devices considering energy consumption and power Generation— Hong Kong case,Energy and Buildings
2-s2.0-85205459706,10.1016/j.buildenv.2024.112163,https://doi.org/10.1016/j.buildenv.2024.112163,Fusing Transformer and diffusion for high-resolution prediction of daylight illuminance and glare based on sparse ceiling-mounted input,Building and Environment
2-s2.0-85212313638,10.1016/j.energy.2024.134205,https://doi.org/10.1016/j.energy.2024.134205,Study on the application of a dynamic photovoltaic integrated light shelf for office buildings,Energy
2-s2.0-85210657291,10.1016/j.conbuildmat.2024.139147,https://doi.org/10.1016/j.conbuildmat.2024.139147,Multiaxial characterisation and nonlinear thermoviscoelastic isotropic and orthotropic constitutive models of ETFE membranes,Construction and Building Materials
2-s2.0-85211184888,10.1016/j.jobe.2024.111472,https://doi.org/10.1016/j.jobe.2024.111472,Adaptive facades for emotionally enriching indoor environments,Journal of Building Engineering
2-s2.0-85209399497,10.1016/j.jobe.2024.111310,https://doi.org/10.1016/j.jobe.2024.111310,"Review of dynamic façade typologies, physical performance and control methods: Towards smarter and cleaner zero-energy buildings",Journal of Building Engineering
2-s2.0-85208768810,10.1016/j.renene.2024.121846,https://doi.org/10.1016/j.renene.2024.121846,Design and application optimization of static and dynamic shading technologies in multi-climate based on parameter simulation,Renewable Energy
2-s2.0-85204708792,10.1016/j.esd.2024.101563,https://doi.org/10.1016/j.esd.2024.101563,Efficient daylighting and thermal performance through tessellation of geometric patterns in building façade: A systematic review,Energy for Sustainable Development
2-s2.0-85207023604,10.1016/j.enbuild.2024.114927,https://doi.org/10.1016/j.enbuild.2024.114927,Evaluation of a Kirigami-inspired double-skin adaptive façade for natural ventilation and solar harvesting to enhance indoor environment and energy performance,Energy and Buildings
2-s2.0-85208287543,10.1016/j.jobe.2024.111266,https://doi.org/10.1016/j.jobe.2024.111266,Effectiveness of a dynamic living wall system of plants on indoor thermal environment in summer - An experimental study,Journal of Building Engineering
2-s2.0-85206235983,10.1016/j.jobe.2024.111039,https://doi.org/10.1016/j.jobe.2024.111039,Machine-learning to analyze human-building interactions: How do people use mobile solar protections?,Journal of Building Engineering
2-s2.0-85206656325,10.1016/j.enbuild.2024.114884,https://doi.org/10.1016/j.enbuild.2024.114884,Dynamically transparent microfluidic layers for adaptive thermal management and energy efficiency in smart façades and windows,Energy and Buildings
2-s2.0-85205930214,10.1016/j.enbuild.2024.114877,https://doi.org/10.1016/j.enbuild.2024.114877,An adaptive architecture for strategic Enhancement of energy yield in shading sensitive Building-Applied Photovoltaic systems under Real-Time environments,Energy and Buildings
2-s2.0-85205309418,10.1016/j.enbuild.2024.114824,https://doi.org/10.1016/j.enbuild.2024.114824,Biomimetic design synthesis and digital optimization of building shading skin: A novel conceptual framework for enhanced energy efficiency,Energy and Buildings
2-s2.0-85206247474,10.1016/j.solener.2024.112969,https://doi.org/10.1016/j.solener.2024.112969,Performance of BIPV system under partial shading condition,Solar Energy
2-s2.0-85205365049,10.1016/j.solener.2024.112971,https://doi.org/10.1016/j.solener.2024.112971,Research on the solar performance of folded dynamic BIPV shading,Solar Energy
2-s2.0-85202354380,10.1016/j.jobe.2024.110462,https://doi.org/10.1016/j.jobe.2024.110462,Investigating perforated egg crates as dynamic shading systems for open-plan offices in tropical climates,Journal of Building Engineering
2-s2.0-85204058100,10.1016/j.seta.2024.103972,https://doi.org/10.1016/j.seta.2024.103972,Building performance modelling approaches for a detached vertical green trellis: A case study in a tropical climate,Sustainable Energy Technologies and Assessments
2-s2.0-85206684932,10.1016/j.ufug.2024.128546,https://doi.org/10.1016/j.ufug.2024.128546,Adaptive shading: How microclimates and surface types amplify tree cooling effects?,Urban Forestry and Urban Greening
2-s2.0-85199326987,10.1016/j.jobe.2024.110204,https://doi.org/10.1016/j.jobe.2024.110204,Thermal performance assessment of exterior building walls under intermittent air-conditioning operation in China's hot summer and cold winter zone,Journal of Building Engineering
2-s2.0-85196763817,10.1016/j.jobe.2024.109810,https://doi.org/10.1016/j.jobe.2024.109810,"An integrated design methodology for extrinsic adaptive façades – Process model, standards, and case study",Journal of Building Engineering
2-s2.0-85201145172,10.1016/j.renene.2024.121124,https://doi.org/10.1016/j.renene.2024.121124,Solar radiation on naturally ventilated double skin facade in real climates: The impact of solar incidence angle,Renewable Energy
2-s2.0-85197311150,10.1016/j.epsr.2024.110728,https://doi.org/10.1016/j.epsr.2024.110728,Network-secure aggregator operating regions with flexible dispatch envelopes in unbalanced systems,Electric Power Systems Research
2-s2.0-85197624699,10.1016/j.spc.2024.07.004,https://doi.org/10.1016/j.spc.2024.07.004,Mastering complexity in Life Cycle Assessment for product development: Evaluating the impacts of adaptive façades,Sustainable Production and Consumption
2-s2.0-85199407952,10.1016/j.seta.2024.103914,https://doi.org/10.1016/j.seta.2024.103914,Climate-responsive building façade design: Inspirations from historic buildings in semi-cold climate zone,Sustainable Energy Technologies and Assessments
2-s2.0-85195308006,10.1016/j.engstruct.2024.118367,https://doi.org/10.1016/j.engstruct.2024.118367,Design and multiphysical modeling of SMA-driven bi-stable structures with efficient energy consumption,Engineering Structures
2-s2.0-85198328600,10.1016/j.buildenv.2024.111816,https://doi.org/10.1016/j.buildenv.2024.111816,Evaluating the impact of high-resolution irradiation data on the daylight performance assessment of adaptive solar shading systems,Building and Environment
2-s2.0-85198028654,10.1016/j.buildenv.2024.111818,https://doi.org/10.1016/j.buildenv.2024.111818,Control algorithm for dynamic solar shadings: A simulation study for office buildings based on ISO 52016-3,Building and Environment
2-s2.0-85195181008,10.1016/j.applthermaleng.2024.123552,https://doi.org/10.1016/j.applthermaleng.2024.123552,Modeling the thermally adaptive performance of building exterior walls with linear temperature-dependent thermal conductivity,Applied Thermal Engineering
2-s2.0-85191238297,10.1016/j.jobe.2024.109322,https://doi.org/10.1016/j.jobe.2024.109322,A simulation-based performance evaluation of new generation dynamic shading devices with multi-objective optimization,Journal of Building Engineering
2-s2.0-85193508532,10.1016/j.eng.2024.01.014,https://doi.org/10.1016/j.eng.2024.01.014,A New Dynamic and Vertical Photovoltaic Integrated Building Envelope for High-Rise Glaze-Facade Buildings,Engineering
2-s2.0-85196655882,10.1016/j.ast.2024.109267,https://doi.org/10.1016/j.ast.2024.109267,Longitudinal dynamic envelope solution and transition path optimization based on reachability analysis for fixed-wing VTOL UAVs,Aerospace Science and Technology
2-s2.0-85190986013,10.1016/j.jobe.2024.109423,https://doi.org/10.1016/j.jobe.2024.109423,"Development of ReShadS, a climate-responsive shading system: Conception, design, fabrication, and small-scale testing",Journal of Building Engineering
2-s2.0-85197068505,10.1016/j.solener.2024.112736,https://doi.org/10.1016/j.solener.2024.112736,Evaluation of static and dynamic PV-Integrated shading systems for office spaces in Australia,Solar Energy
2-s2.0-85192065452,10.1016/j.rser.2024.114474,https://doi.org/10.1016/j.rser.2024.114474,"Dynamic façades in buildings: A systematic review across thermal comfort, energy efficiency and daylight performance",Renewable and Sustainable Energy Reviews
2-s2.0-85193234126,10.1016/j.enbuild.2024.114222,https://doi.org/10.1016/j.enbuild.2024.114222,From layer to building: Multiscale modeling of thermo-optical properties in 3D-printed facades,Energy and Buildings
2-s2.0-85189759893,10.1016/j.jobe.2024.109167,https://doi.org/10.1016/j.jobe.2024.109167,Optimizing a courtyard microclimate with adaptable shading and evaporative cooling in a hot mediterranean climate,Journal of Building Engineering
2-s2.0-85194958593,10.1016/j.egyr.2024.05.047,https://doi.org/10.1016/j.egyr.2024.05.047,"Dynamic facades for sustainable buildings: A review of classification, applications, prospects and challenges",Energy Reports
2-s2.0-85191352548,10.1016/j.enbuild.2024.114193,https://doi.org/10.1016/j.enbuild.2024.114193,Summer thermal performance analysis of an Opaque ventilated Façade operating under the dynamic insulation principle,Energy and Buildings
2-s2.0-85189941591,10.1016/j.enbuild.2024.114150,https://doi.org/10.1016/j.enbuild.2024.114150,Concept analysis of an adaptive building envelope with thin-film photovoltaic modules,Energy and Buildings
2-s2.0-85189942734,10.1016/j.enconman.2024.118401,https://doi.org/10.1016/j.enconman.2024.118401,Dynamic integration of phase change material in walls for enhancing building thermal performance—A novel self-adaptive method for moving PCM layer,Energy Conversion and Management
2-s2.0-85189040494,10.1016/j.energy.2024.131049,https://doi.org/10.1016/j.energy.2024.131049,Semi-experimental investigation on the energy performance of photovoltaic double skin façade with different façade materials,Energy
2-s2.0-85185193593,10.1016/j.jobe.2024.108616,https://doi.org/10.1016/j.jobe.2024.108616,A simulation-based workflow to calculate overall thermal transfer value when implementing daylighting-oriented shading control,Journal of Building Engineering
2-s2.0-85187241288,10.1016/j.applthermaleng.2024.122610,https://doi.org/10.1016/j.applthermaleng.2024.122610,Thermal performance of an advanced smart fenestration systems for low-energy buildings,Applied Thermal Engineering
2-s2.0-85178996662,10.1016/j.jobe.2023.108227,https://doi.org/10.1016/j.jobe.2023.108227,A review of and taxonomy for elastic kinetic building envelopes,Journal of Building Engineering
2-s2.0-85189749021,10.1016/j.dibe.2024.100372,https://doi.org/10.1016/j.dibe.2024.100372,FlectoSol – A pneumatically activable PV-functionalized façade shading module with bending motion in two directions for solar tracking,Developments in the Built Environment
2-s2.0-85149849761,10.1016/j.enbenv.2022.09.004,https://doi.org/10.1016/j.enbenv.2022.09.004,"Dynamic Shading and Glazing Technologies: Improve Energy, Visual, and Thermal Performance",Energy and Built Environment
2-s2.0-85187205056,10.1016/j.matdes.2024.112807,https://doi.org/10.1016/j.matdes.2024.112807,Kinetic module in bimetal: A biomimetic approach adapting the kinetic behavior of bimetal for adaptive Façades,Materials and Design
2-s2.0-85184843752,10.1016/j.jweia.2024.105667,https://doi.org/10.1016/j.jweia.2024.105667,Kirigami-inspired wind steering for natural ventilation,Journal of Wind Engineering and Industrial Aerodynamics
2-s2.0-85181014575,10.1016/j.apples.2023.100174,https://doi.org/10.1016/j.apples.2023.100174,Mechanical response of tensegrity-origami solar modules,Applications in Engineering Science
2-s2.0-85181676089,10.1016/j.buildenv.2023.111123,https://doi.org/10.1016/j.buildenv.2023.111123,Review of adaptive opaque façades and laboratory tests for the dynamic thermal performance characterization,Building and Environment
2-s2.0-85179495151,10.1016/j.buildenv.2023.111095,https://doi.org/10.1016/j.buildenv.2023.111095,Experimental and numerical study of adaptive ventilation and sunlight regulation building envelope combining variable transparency shape-stabilized phase change material,Building and Environment
2-s2.0-85177830939,10.1016/j.buildenv.2023.111052,https://doi.org/10.1016/j.buildenv.2023.111052,Light-responsive kinetic façade system inspired by the Gazania flower: A biomimetic approach in parametric design for daylighting,Building and Environment
2-s2.0-85182254345,10.1016/j.enconman.2023.117907,https://doi.org/10.1016/j.enconman.2023.117907,Adaptive building envelope combining variable transparency shape-stabilized PCM and reflective film: Parameter and energy performance optimization in different climate conditions,Energy Conversion and Management
2-s2.0-105000576167,10.1016/B978-0-323-90386-8.00107-8,https://doi.org/10.1016/B978-0-323-90386-8.00107-8,Thermal Performance of Building Envelopes,Encyclopedia of Sustainable Technologies Second Edition Volumes 1 4
2-s2.0-85171331771,10.1016/j.autcon.2023.105093,https://doi.org/10.1016/j.autcon.2023.105093,Machine-learned kinetic Façade: Construction and artificial intelligence enabled predictive control for visual comfort,Automation in Construction
2-s2.0-85175145895,10.1016/j.rser.2023.113847,https://doi.org/10.1016/j.rser.2023.113847,Smart materials for biomimetic building envelopes: current trends and potential applications,Renewable and Sustainable Energy Reviews
2-s2.0-85175349177,10.1016/j.jobe.2023.107656,https://doi.org/10.1016/j.jobe.2023.107656,Improving aerodynamic response of tall buildings using smart morphing facades,Journal of Building Engineering
2-s2.0-85177607076,10.1016/j.jobe.2023.108014,https://doi.org/10.1016/j.jobe.2023.108014,Draw to shade: A personalized daylighting regulation method through user-involved paintings for enhanced indoor visual comfort and aesthetics experience,Journal of Building Engineering
2-s2.0-85174678233,10.1016/j.enbuild.2023.113664,https://doi.org/10.1016/j.enbuild.2023.113664,A cross-climate assessment of the visual and energy performance of flexible photochromic films for in-situ window retrofits,Energy and Buildings
2-s2.0-85176407845,10.1016/j.jobe.2023.107979,https://doi.org/10.1016/j.jobe.2023.107979,A retrofitting framework for improving curtain wall performance by the integration of adaptive technologies,Journal of Building Engineering
2-s2.0-85171480738,10.1016/j.renene.2023.119278,https://doi.org/10.1016/j.renene.2023.119278,A novel building envelope combined with jumping-droplet thermal diode: From theory to practice,Renewable Energy
2-s2.0-85165606815,10.1016/j.energy.2023.128257,https://doi.org/10.1016/j.energy.2023.128257,On-site testing of dynamic facade system with the solar energy storage,Energy
2-s2.0-85170421177,10.1016/j.enbuild.2023.113481,https://doi.org/10.1016/j.enbuild.2023.113481,An evaluation of the demand response potential of integrated dynamic window and HVAC systems,Energy and Buildings
2-s2.0-85170405680,10.1016/j.enbuild.2023.113420,https://doi.org/10.1016/j.enbuild.2023.113420,Combining point cloud and surface methods for modeling partial shading impacts of trees on urban solar irradiance,Energy and Buildings
2-s2.0-85167783854,10.1016/j.jobe.2023.107521,https://doi.org/10.1016/j.jobe.2023.107521,Pneufin: A switchable foil cushion inspired soft pneumatic adaptive shading,Journal of Building Engineering
2-s2.0-85168003403,10.1016/j.enbuild.2023.113432,https://doi.org/10.1016/j.enbuild.2023.113432,Evaluation of the effects of cut design parameters on the environmental performance of a kirigami-inspired façade concept,Energy and Buildings
2-s2.0-85163866442,10.1016/j.scs.2023.104740,https://doi.org/10.1016/j.scs.2023.104740,Origami-based adaptive facade for reducing reflected solar radiation in outdoor urban environments,Sustainable Cities and Society
2-s2.0-85164688708,10.1016/j.jobe.2023.106995,https://doi.org/10.1016/j.jobe.2023.106995,An innovative multifunctional biomimetic adaptive building envelope based on a novel integrated methodology of merging biological mechanisms,Journal of Building Engineering
2-s2.0-85171620926,10.1016/j.enbuild.2023.113391,https://doi.org/10.1016/j.enbuild.2023.113391,A state-space model to control an adaptive facade prototype using data-driven techniques,Energy and Buildings
2-s2.0-85164364748,10.1016/j.foar.2023.05.010,https://doi.org/10.1016/j.foar.2023.05.010,A design framework for a kinetic shading device system for building envelopes,Frontiers of Architectural Research
2-s2.0-85165353988,10.1016/j.enbuild.2023.113320,https://doi.org/10.1016/j.enbuild.2023.113320,Adaptive Façades Strategy: An architect-friendly computational approach based on co-simulation and white-box models for the early design stage,Energy and Buildings
2-s2.0-85169019778,10.1016/j.buildenv.2023.110751,https://doi.org/10.1016/j.buildenv.2023.110751,Optimal temperature-actuated control of a thermally-insulated roller blind,Building and Environment
2-s2.0-85162256640,10.1016/j.energy.2023.128052,https://doi.org/10.1016/j.energy.2023.128052,Experimental assessment of the energy performance of microfluidic glazing components: The first results of a monitoring campaign carried out in an outdoor test facility,Energy
2-s2.0-85162103987,10.1016/j.rser.2023.113458,https://doi.org/10.1016/j.rser.2023.113458,Static and dynamic regulations of photovoltaic double skin facades towards building sustainability: A review,Renewable and Sustainable Energy Reviews
2-s2.0-85162847924,10.1016/j.istruc.2023.06.070,https://doi.org/10.1016/j.istruc.2023.06.070,Frequency calculation method and wind-induced dynamic response of cable net façades considering the façade stiffness,Structures
2-s2.0-85164710412,10.1016/j.applthermaleng.2023.121032,https://doi.org/10.1016/j.applthermaleng.2023.121032,An online learning framework for self-adaptive dynamic thermal modeling of building envelopes,Applied Thermal Engineering
2-s2.0-85163062642,10.1016/j.conbuildmat.2023.132028,https://doi.org/10.1016/j.conbuildmat.2023.132028,Magnetic actuation of bistable flaps for kinetic building shades,Construction and Building Materials
2-s2.0-85159225348,10.1016/j.jobe.2023.106800,https://doi.org/10.1016/j.jobe.2023.106800,Parametric design of an automated kinetic building façade using BIM: A case study perspective,Journal of Building Engineering
2-s2.0-85151370881,10.1016/j.foar.2023.02.005,https://doi.org/10.1016/j.foar.2023.02.005,Modular responsive facade proposals based on semi-regular and demi-regular tessellation: daylighting and visual comfort,Frontiers of Architectural Research
2-s2.0-85150371652,10.1016/j.jobe.2023.106241,https://doi.org/10.1016/j.jobe.2023.106241,Enhancing visual comfort with Miura-ori-based responsive facade model,Journal of Building Engineering
2-s2.0-85150336122,10.1016/j.jobe.2023.106118,https://doi.org/10.1016/j.jobe.2023.106118,Targeting modular adaptive façade personalization in a shared office space using fuzzy logic and genetic optimization,Journal of Building Engineering
2-s2.0-85153574391,10.1016/j.enbuild.2023.113056,https://doi.org/10.1016/j.enbuild.2023.113056,Energy flexibility of building systems in future scenarios: optimization of the control strategy of a dynamic shading system and definition of a new energy flexibility metric,Energy and Buildings
2-s2.0-85150448155,10.1016/j.jobe.2023.106101,https://doi.org/10.1016/j.jobe.2023.106101,Optimal design method for photovoltaic shading devices (PVSDs) by combining geometric optimization and adaptive control model,Journal of Building Engineering
2-s2.0-85154620492,10.1016/j.buildenv.2023.110339,https://doi.org/10.1016/j.buildenv.2023.110339,Thermal comfort and passive survivability in earthen buildings,Building and Environment
2-s2.0-85156145141,10.1016/j.seta.2023.103259,https://doi.org/10.1016/j.seta.2023.103259,Comparative analysis of different MPPT techniques using boost converter for photovoltaic systems under dynamic shading conditions,Sustainable Energy Technologies and Assessments
2-s2.0-85149789328,10.1016/j.seta.2023.103124,https://doi.org/10.1016/j.seta.2023.103124,Multivariate optimization towards energy balance with geometric constraints of building design and urban space intensity,Sustainable Energy Technologies and Assessments
2-s2.0-85148689706,10.1016/j.jobe.2023.105998,https://doi.org/10.1016/j.jobe.2023.105998,Near-optimal adaptive predictive control model study for roller shades in office spaces,Journal of Building Engineering
2-s2.0-85153672084,10.1016/j.buildenv.2023.110336,https://doi.org/10.1016/j.buildenv.2023.110336,"Optimizing overheating, lighting, and heating energy performances in Canadian school for climate change adaptation: Sensitivity analysis and multi-objective optimization methodology",Building and Environment
2-s2.0-85147607160,10.1016/j.jobe.2023.106043,https://doi.org/10.1016/j.jobe.2023.106043,The integrated design process of adaptive façades – A comprehensive perspective,Journal of Building Engineering
2-s2.0-85151884739,10.1016/j.solener.2023.03.042,https://doi.org/10.1016/j.solener.2023.03.042,Comparison of control parameters for roller blinds,Solar Energy
2-s2.0-85151018182,10.1016/j.buildenv.2023.110195,https://doi.org/10.1016/j.buildenv.2023.110195,Implementation of ISO/DIS 52016-3 for adaptive façades: A case study of an office building,Building and Environment
2-s2.0-85149867129,10.1016/j.enbuild.2023.112912,https://doi.org/10.1016/j.enbuild.2023.112912,Semi-automated vs manually controlled dynamic facades: assessment through a field study on multi-domain occupant satisfaction,Energy and Buildings
2-s2.0-85149366089,10.1016/j.enbuild.2023.112928,https://doi.org/10.1016/j.enbuild.2023.112928,Adaptive dynamic building envelope integrated with phase change material to enhance the heat storage and release efficiency: A state-of-the-art review,Energy and Buildings
2-s2.0-85148544560,10.1016/j.enbuild.2023.112881,https://doi.org/10.1016/j.enbuild.2023.112881,Multi-domain model-based control of an adaptive façade based on a flexible double skin system,Energy and Buildings
2-s2.0-85150033000,10.1016/j.buildenv.2023.110153,https://doi.org/10.1016/j.buildenv.2023.110153,Significance of dynamic over static solar screens on thermal perception in perimeter offices under different sky conditions,Building and Environment
2-s2.0-85144819052,10.1016/j.jobe.2022.105712,https://doi.org/10.1016/j.jobe.2022.105712,Experimental identification and verification of a moveable facade element for energy harvesting and vibration control,Journal of Building Engineering
2-s2.0-85144630997,10.1016/j.jobe.2022.105709,https://doi.org/10.1016/j.jobe.2022.105709,A comprehensive optimization framework for the design of high-performance building systems,Journal of Building Engineering
2-s2.0-85147606550,10.1016/j.enbuild.2023.112850,https://doi.org/10.1016/j.enbuild.2023.112850,A responsive double-skin façade for the retrofit of existing buildings: Analysis on an office building in a Mediterranean climate,Energy and Buildings
2-s2.0-85149323451,10.1016/j.ufug.2023.127886,https://doi.org/10.1016/j.ufug.2023.127886,Effect of green infrastructures supported by adaptative solar shading systems on livability in open spaces,Urban Forestry and Urban Greening
2-s2.0-85147604019,10.1016/j.buildenv.2023.110069,https://doi.org/10.1016/j.buildenv.2023.110069,Why are adaptive facades not widely used in practice? Identifying ecological and economical benefits with life cycle assessment,Building and Environment
2-s2.0-85146098882,10.1016/j.buildenv.2023.109984,https://doi.org/10.1016/j.buildenv.2023.109984,Selection of spatial sensitivity curve and installation location of photosensors for daylight-linked control systems in space with dynamic shading devices,Building and Environment
2-s2.0-85144597353,10.1016/j.est.2022.106375,https://doi.org/10.1016/j.est.2022.106375,Photothermal performance of plastic greenhouse embedded with phase change materials in translucent envelopes: A dynamic experimental study,Journal of Energy Storage
2-s2.0-85142220025,10.1016/j.engstruct.2022.115152,https://doi.org/10.1016/j.engstruct.2022.115152,A novel mechanism - smart morphing façade system - to mitigate wind-induced vibration of tall buildings,Engineering Structures
2-s2.0-85142729559,10.1016/j.enbuild.2022.112665,https://doi.org/10.1016/j.enbuild.2022.112665,Thermodynamic responses of adaptive mechanisms in BiPV façade systems coupled with latent thermal energy storage,Energy and Buildings
2-s2.0-85140404295,10.1016/j.energy.2022.125699,https://doi.org/10.1016/j.energy.2022.125699,Optimal energy performance of dynamic sliding and insulated shades for residential buildings,Energy
2-s2.0-85141781427,10.1016/j.autcon.2022.104660,https://doi.org/10.1016/j.autcon.2022.104660,Flexural biomimetic responsive building façade using a hybrid soft robot actuator and fabric membrane,Automation in Construction
2-s2.0-85141922105,10.1016/j.jobe.2022.105535,https://doi.org/10.1016/j.jobe.2022.105535,Energy performance of integrated adaptive envelope technologies for commercial buildings,Journal of Building Engineering
2-s2.0-85141527652,10.1016/j.enbuild.2022.112637,https://doi.org/10.1016/j.enbuild.2022.112637,Low-carbon assessment of building facades using dynamic CO2 intensity of electricity generation in Japan,Energy and Buildings
2-s2.0-85142149818,10.1016/j.jobe.2022.105498,https://doi.org/10.1016/j.jobe.2022.105498,Auto-responsive technologies on opaque facades: Worldwide climatic suitability under current and future weather conditions,Journal of Building Engineering
2-s2.0-85136534272,10.1016/j.tws.2022.109941,https://doi.org/10.1016/j.tws.2022.109941,Novel shading modules with buckling as driver for shape morphing,Thin Walled Structures
2-s2.0-85140906999,10.1016/j.buildenv.2022.109704,https://doi.org/10.1016/j.buildenv.2022.109704,Modelling and validation of a single-storey flexible double-skin façade system with a building energy simulation tool,Building and Environment
2-s2.0-85139353810,10.1016/j.enbuild.2022.112495,https://doi.org/10.1016/j.enbuild.2022.112495,Modeling and demand-based control of responsive building envelope with integrated thermal mass and active thermal insulations,Energy and Buildings
2-s2.0-85138105517,10.1016/j.jobe.2022.105233,https://doi.org/10.1016/j.jobe.2022.105233,Experimental performance evaluation of a climate-responsive ventilated building façade,Journal of Building Engineering
2-s2.0-85132223720,10.1016/j.foar.2022.05.006,https://doi.org/10.1016/j.foar.2022.05.006,Design and mechanism of building responsive skins: State-of-the-art and systematic analysis,Frontiers of Architectural Research
2-s2.0-85140907867,10.1016/j.ecmx.2022.100315,https://doi.org/10.1016/j.ecmx.2022.100315,Optical evaluation of a smart transparent insulation material for window application,Energy Conversion and Management X
2-s2.0-85140295917,10.1016/j.egyr.2022.10.222,https://doi.org/10.1016/j.egyr.2022.10.222,The incidence of smart windows in building energy saving and future climate projections,Energy Reports
2-s2.0-85136141964,10.1016/j.scs.2022.104109,https://doi.org/10.1016/j.scs.2022.104109,Optimal design of complex dynamic shadings: Towards sustainable built environment,Sustainable Cities and Society
2-s2.0-85138058442,10.1016/j.rser.2022.112850,https://doi.org/10.1016/j.rser.2022.112850,A critical review of biomimetic building envelopes: towards a bio-adaptive model from nature to architecture,Renewable and Sustainable Energy Reviews
2-s2.0-85134890855,10.1016/j.tws.2022.109749,https://doi.org/10.1016/j.tws.2022.109749,"Functionalising buckling for structural morphing in kinetic façades: Concepts, strategies and applications",Thin Walled Structures
2-s2.0-85136203135,10.1016/j.jobe.2022.105027,https://doi.org/10.1016/j.jobe.2022.105027,General morphological analysis of Orosi windows and morpho butterfly wing's principles for improving occupant's daylight performance through interactive kinetic façade,Journal of Building Engineering
2-s2.0-85143490994,10.1016/j.eml.2022.101909,https://doi.org/10.1016/j.eml.2022.101909,Effect of crease curvature on the bistability of the origami waterbomb base,Extreme Mechanics Letters
2-s2.0-85136676224,10.1016/j.enbuild.2022.112419,https://doi.org/10.1016/j.enbuild.2022.112419,Method for dynamic thermal insulation design revealing almost real heat transfer characteristics of building envelopes in different Chinese regions,Energy and Buildings
2-s2.0-85137267858,10.1016/j.enbuild.2022.112403,https://doi.org/10.1016/j.enbuild.2022.112403,Energy saving through building automation systems: Experimental and numerical study of a smart glass with liquid crystal and its control logics in summertime,Energy and Buildings
2-s2.0-85132765919,10.1016/j.rser.2022.112647,https://doi.org/10.1016/j.rser.2022.112647,"Dynamic façades design typologies, technologies, measurement techniques, and physical performances across thermal, optical, ventilation, and electricity generation outlooks",Renewable and Sustainable Energy Reviews
2-s2.0-85133409780,10.1016/j.tws.2022.109626,https://doi.org/10.1016/j.tws.2022.109626,Buckling shape control in metal plates via material distribution,Thin Walled Structures
2-s2.0-85136512525,10.1016/j.solener.2022.08.008,https://doi.org/10.1016/j.solener.2022.08.008,Energy modelling and saving potential of polymeric solar-responsive thermochromic window films,Solar Energy
2-s2.0-85136601993,10.1016/j.buildenv.2022.109479,https://doi.org/10.1016/j.buildenv.2022.109479,"Multi-criteria decision making for adaptive façade optimal design in varied climates: Energy, daylight, occupants’ comfort, and outdoor view analysis",Building and Environment
2-s2.0-85135903937,10.1016/j.renene.2022.07.073,https://doi.org/10.1016/j.renene.2022.07.073,Efficient heating of buildings by passive solar energy utilizing an innovative dynamic building envelope incorporating phase change material,Renewable Energy
2-s2.0-85133354865,10.1016/j.enbuild.2022.112268,https://doi.org/10.1016/j.enbuild.2022.112268,Dynamic insulation systems of building envelopes: A review,Energy and Buildings
2-s2.0-85134432535,10.1016/j.buildenv.2022.109386,https://doi.org/10.1016/j.buildenv.2022.109386,Human-centred performance criteria for adaptive façade design: Based on the results of a user experience survey,Building and Environment
2-s2.0-85135782780,10.1016/j.buildenv.2022.109436,https://doi.org/10.1016/j.buildenv.2022.109436,Adaptive building roof combining variable transparency shape-stabilized phase change material: Application potential and adaptability in different climate zones,Building and Environment
2-s2.0-85134432171,10.1016/j.buildenv.2022.109382,https://doi.org/10.1016/j.buildenv.2022.109382,Investigating the micro-scale thermal effects of natural underlying surfaces on adjacent spaces in a subtropical zone with an optimized method,Building and Environment
2-s2.0-85129685137,10.1016/j.jobe.2022.104408,https://doi.org/10.1016/j.jobe.2022.104408,Kinetic facades: An evolutionary-based performance evaluation framework,Journal of Building Engineering
2-s2.0-85133905882,10.1016/j.buildenv.2022.109265,https://doi.org/10.1016/j.buildenv.2022.109265,Quantifying potential dynamic façade energy savings in early design using constrained optimization,Building and Environment
2-s2.0-85123351704,10.1016/j.seta.2021.101894,https://doi.org/10.1016/j.seta.2021.101894,Thermal and energy performance of a user-responsive microalgae bioreactive façade for climate adaptability,Sustainable Energy Technologies and Assessments
2-s2.0-85123836021,10.1016/j.seta.2022.102001,https://doi.org/10.1016/j.seta.2022.102001,Sustainability performance by ten representative intelligent Façade technologies: A systematic review,Sustainable Energy Technologies and Assessments
2-s2.0-85131225204,10.1016/j.enbuild.2022.112209,https://doi.org/10.1016/j.enbuild.2022.112209,"An environment-adaptive wall: concept, implementation and effects on the energy performance of a residential building",Energy and Buildings
2-s2.0-85128505195,10.1016/j.autcon.2022.104246,https://doi.org/10.1016/j.autcon.2022.104246,Simulation-based personalized real-time control of adaptive facades in shared office spaces,Automation in Construction
2-s2.0-85127054209,10.1016/j.enbuild.2022.112024,https://doi.org/10.1016/j.enbuild.2022.112024,Characterization of a naturally ventilated double-skin façade through the design of experiments (DOE) methodology in a controlled environment,Energy and Buildings
2-s2.0-85125417925,10.1016/j.energy.2022.123544,https://doi.org/10.1016/j.energy.2022.123544,Adaptive envelope protection control of wind turbines under varying operational conditions,Energy
2-s2.0-85126597439,10.1016/j.enbuild.2022.112019,https://doi.org/10.1016/j.enbuild.2022.112019,Analysis of dynamic louver control with prism redirecting fenestrations for office daylighting optimization,Energy and Buildings
2-s2.0-85123267436,10.1016/j.jobe.2021.103942,https://doi.org/10.1016/j.jobe.2021.103942,Shape-programmable fluid bubbles for responsive building skins,Journal of Building Engineering
2-s2.0-85125474253,10.1016/j.buildenv.2022.108907,https://doi.org/10.1016/j.buildenv.2022.108907,An occupant-centric adaptive façade based on real-time and contactless glare and thermal discomfort estimation using deep learning algorithm,Building and Environment
2-s2.0-85120816290,10.1016/j.energy.2021.122778,https://doi.org/10.1016/j.energy.2021.122778,Realization of bi-level optimization of adaptive building envelope with a finite-difference model featuring short execution time and versatility,Energy
2-s2.0-85123959420,10.1016/j.applthermaleng.2021.117923,https://doi.org/10.1016/j.applthermaleng.2021.117923,Parametric optimization of multifunctional integrated climate-responsive opaque and ventilated façades using CFD simulations,Applied Thermal Engineering
2-s2.0-85123181369,10.1016/j.buildenv.2021.108703,https://doi.org/10.1016/j.buildenv.2021.108703,Dynamic façades – An exploratory campaign to assess occupant multi-domain environmental satisfaction and façade interaction,Building and Environment
2-s2.0-85121308536,10.1016/j.seta.2021.101878,https://doi.org/10.1016/j.seta.2021.101878,A combined scheme for maximising the output power of a Photovoltaic array under partial shading conditions,Sustainable Energy Technologies and Assessments
2-s2.0-85119679814,10.1016/j.mattod.2021.10.029,https://doi.org/10.1016/j.mattod.2021.10.029,Interfacing DNA hydrogels with ceramics for biofunctional architectural materials,Materials Today
2-s2.0-85122358876,10.1016/j.buildenv.2021.108700,https://doi.org/10.1016/j.buildenv.2021.108700,Laboratory testbed and methods for flexible characterization of thermal and fluid dynamic behaviour of double skin facades,Building and Environment
2-s2.0-85121212735,10.1016/j.buildenv.2021.108650,https://doi.org/10.1016/j.buildenv.2021.108650,Switching daylight: Performance prediction of climate adaptive ETFE foil façades,Building and Environment
2-s2.0-85120481344,10.1016/j.enbuild.2021.111679,https://doi.org/10.1016/j.enbuild.2021.111679,Passive house renovation of a block of flats – Measured performance and energy signature analysis,Energy and Buildings
2-s2.0-85122913377,10.1016/j.buildenv.2021.108634,https://doi.org/10.1016/j.buildenv.2021.108634,Performance of smart glazed overhang systems for US residential buildings,Building and Environment
2-s2.0-85119919525,10.1016/j.enbuild.2021.111650,https://doi.org/10.1016/j.enbuild.2021.111650,Impact of active façade control parameters and sensor network complexity on comfort and efficiency: A residential Italian case-study,Energy and Buildings
2-s2.0-85120399897,10.1016/j.buildenv.2021.108624,https://doi.org/10.1016/j.buildenv.2021.108624,Dynamic compartmentalization of double-skin façade for an office building with single-sided ventilation,Building and Environment
2-s2.0-85117376650,10.1016/j.enbuild.2021.111546,https://doi.org/10.1016/j.enbuild.2021.111546,Optimizing the modular adaptive façade control strategy in open office space using integer programming and surrogate modelling,Energy and Buildings
2-s2.0-85118529507,10.1016/j.jobe.2021.103384,https://doi.org/10.1016/j.jobe.2021.103384,Experimental-simulation methodology for estimation of thermal parameters of adaptive facades in mild climate conditions: A water-flow glazing case study,Journal of Building Engineering
2-s2.0-85130888521,10.1016/B978-0-12-821053-6.00007-2,https://doi.org/10.1016/B978-0-12-821053-6.00007-2,"Morphological differentiation for the environmental adaptation of biomimetic buildings: Skins, surfaces, and structures",Biomimicry for Materials Design and Habitats Innovations and Applications
2-s2.0-85112425762,10.1016/j.foar.2021.07.004,https://doi.org/10.1016/j.foar.2021.07.004,Bio-inspired interactive kinetic façade: Using dynamic transitory-sensitive area to improve multiple occupants’ visual comfort,Frontiers of Architectural Research
2-s2.0-85122621015,10.1016/j.mtener.2021.100874,https://doi.org/10.1016/j.mtener.2021.100874,Shape-morphing materials and structures for energy-efficient building envelopes,Materials Today Energy
2-s2.0-85117858885,10.1016/j.solener.2021.10.062,https://doi.org/10.1016/j.solener.2021.10.062,Improved methodology for the characterization of thermochromic coatings for adaptive façades,Solar Energy
2-s2.0-85106943950,10.1016/j.jobe.2021.102683,https://doi.org/10.1016/j.jobe.2021.102683,Heat and moisture transfer of building envelopes under dynamic and steady-state operation mode of indoor air conditioning,Journal of Building Engineering
2-s2.0-85114672791,10.1016/j.rser.2021.111615,https://doi.org/10.1016/j.rser.2021.111615,A review of transparent-reflective switchable glass technologies for building facades,Renewable and Sustainable Energy Reviews
2-s2.0-85113599150,10.1016/j.enbuild.2021.111342,https://doi.org/10.1016/j.enbuild.2021.111342,Evaluating dynamic thermal performance of building envelope components using small-scale calibrated hot box tests,Energy and Buildings
2-s2.0-85122673961,10.1016/j.jobe.2021.103076,https://doi.org/10.1016/j.jobe.2021.103076,"Prototyping of 4D-printed self-shaping building skin in architecture: Design, fabrication, and investigation of a two-way shape memory composite (TWSMC) façade panel",Journal of Building Engineering
2-s2.0-85104906552,10.1016/j.jobe.2021.102535,https://doi.org/10.1016/j.jobe.2021.102535,Enhancing energy efficiency and comfort in buildings through model predictive control for dynamic façades with electrochromic glazing,Journal of Building Engineering
2-s2.0-85111664765,10.1016/j.jobe.2021.103027,https://doi.org/10.1016/j.jobe.2021.103027,Operation of climate-adaptive building shells utilizing machine learning under sparse data conditions,Journal of Building Engineering
2-s2.0-85108005602,10.1016/j.energy.2021.121165,https://doi.org/10.1016/j.energy.2021.121165,Energy performance of integrated adaptive envelope systems for residential buildings,Energy
2-s2.0-85109460031,10.1016/j.buildenv.2021.108092,https://doi.org/10.1016/j.buildenv.2021.108092,"Design, construction and validation of MATELab: A novel outdoor chamber for investigating occupant-facade interaction",Building and Environment
2-s2.0-85107643069,10.1016/j.enbuild.2021.111138,https://doi.org/10.1016/j.enbuild.2021.111138,Movable window insulation as an instantiation of the adaptive building envelope: An investigation of its cost-effectiveness in the U.S,Energy and Buildings
2-s2.0-85106386626,10.1016/j.scs.2021.102979,https://doi.org/10.1016/j.scs.2021.102979,"Review of approaches, opportunities, and future directions for improving aerodynamics of tall buildings with smart facades",Sustainable Cities and Society
2-s2.0-85107134486,10.1016/j.apenergy.2021.117112,https://doi.org/10.1016/j.apenergy.2021.117112,"Model predictive control for integrated control of air-conditioning and mechanical ventilation, lighting and shading systems",Applied Energy
2-s2.0-85108866841,10.1016/j.enbuild.2021.111034,https://doi.org/10.1016/j.enbuild.2021.111034,Design processes and multi-regulation of biomimetic building skins: A comparative analysis,Energy and Buildings
2-s2.0-85107288885,10.1016/j.autcon.2021.103776,https://doi.org/10.1016/j.autcon.2021.103776,Scientometric mapping of smart building research: Towards a framework of human-cyber-physical system (HCPS),Automation in Construction
2-s2.0-85103393355,10.1016/j.foar.2021.02.003,https://doi.org/10.1016/j.foar.2021.02.003,Exploring expressive and functional capacities of knitted textiles exposed to wind influence,Frontiers of Architectural Research
2-s2.0-85107745428,10.1016/j.solener.2021.06.012,https://doi.org/10.1016/j.solener.2021.06.012,Performance prediction of biomimetic adaptive building skins: Integrating multifunctionality through a novel simulation framework,Solar Energy
2-s2.0-85108617942,10.1016/j.solener.2021.06.035,https://doi.org/10.1016/j.solener.2021.06.035,The evolution of building energy retrofit via double-skin and responsive façades: A review,Solar Energy
2-s2.0-85105498606,10.1016/j.rser.2021.111135,https://doi.org/10.1016/j.rser.2021.111135,A novel musical chairs algorithm applied for MPPT of PV systems,Renewable and Sustainable Energy Reviews
2-s2.0-85104915977,10.1016/j.apenergy.2021.116904,https://doi.org/10.1016/j.apenergy.2021.116904,Analysis of the impact of automatic shading control scenarios on occupant's comfort and energy load,Applied Energy
2-s2.0-85100618188,10.1016/j.jobe.2021.102244,https://doi.org/10.1016/j.jobe.2021.102244,An experimental investigation of green wall bio-filter towards air temperature and humidity variation,Journal of Building Engineering
2-s2.0-85105568411,10.1016/j.solener.2021.04.033,https://doi.org/10.1016/j.solener.2021.04.033,Uncertainty of solar radiation in urban canyons propagates to indoor thermo-visual comfort,Solar Energy
2-s2.0-85105694875,10.1016/j.jweia.2021.104586,https://doi.org/10.1016/j.jweia.2021.104586,Aerodynamic shape optimization of rectangular and elliptical double-skin façades to mitigate wind-induced effects on tall buildings,Journal of Wind Engineering and Industrial Aerodynamics
2-s2.0-85104347322,10.1016/j.solener.2021.03.065,https://doi.org/10.1016/j.solener.2021.03.065,"Biophilic photobiological adaptive envelopes for sub-Arctic buildings: Exploring impacts of window sizes and shading panels’ color, reflectance, and configuration",Solar Energy
2-s2.0-85103402498,10.1016/j.jweia.2021.104601,https://doi.org/10.1016/j.jweia.2021.104601,A smart façade system controller for optimized wind-induced vibration mitigation in tall buildings,Journal of Wind Engineering and Industrial Aerodynamics
2-s2.0-85099208246,10.1016/j.tsep.2020.100812,https://doi.org/10.1016/j.tsep.2020.100812,Numerical investigation of indoor thermal comfort and air quality for a multi-purpose hall with various shading and glazing ratios,Thermal Science and Engineering Progress
2-s2.0-85100431205,10.1016/j.jclepro.2021.126117,https://doi.org/10.1016/j.jclepro.2021.126117,"Development of an integrated tool based on life cycle assessment, Levelized energy, and life cycle cost analysis to choose sustainable Facade Integrated Photovoltaic Systems",Journal of Cleaner Production
2-s2.0-85100644431,10.1016/j.enbuild.2021.110787,https://doi.org/10.1016/j.enbuild.2021.110787,Calibration of energy simulation using optimization for buildings with dynamic shading systems,Energy and Buildings
2-s2.0-85101168497,10.1016/j.enbuild.2021.110798,https://doi.org/10.1016/j.enbuild.2021.110798,Experimental determination of the building envelope's dynamic thermal characteristics in consideration of hygrothermal modelling – Assessment of methods and sources of uncertainty,Energy and Buildings
2-s2.0-85102298720,10.1016/j.solener.2021.01.059,https://doi.org/10.1016/j.solener.2021.01.059,Optimal control of switchable ethylene-tetrafluoroethylene (ETFE) cushions for building façades,Solar Energy
2-s2.0-85098986949,10.1016/j.cad.2020.102988,https://doi.org/10.1016/j.cad.2020.102988,Integrative design and fabrication methodology for bio-inspired folding mechanisms for architectural applications,CAD Computer Aided Design
2-s2.0-85100081620,10.1016/j.enbuild.2021.110739,https://doi.org/10.1016/j.enbuild.2021.110739,"Assessment of control strategy of adaptive façades for heating, cooling, lighting energy conservation and glare prevention",Energy and Buildings
2-s2.0-85098191209,10.1016/j.energy.2020.119557,https://doi.org/10.1016/j.energy.2020.119557,Optimal design of an Origami-inspired kinetic façade by balancing composite motion optimization for improving daylight performance and energy efficiency,Energy
2-s2.0-85099219026,10.1016/j.buildenv.2020.107570,https://doi.org/10.1016/j.buildenv.2020.107570,Ten questions concerning co-simulation for performance prediction of advanced building envelopes,Building and Environment
2-s2.0-85098989371,10.1016/j.jobe.2020.102113,https://doi.org/10.1016/j.jobe.2020.102113,Self-shaping building skin: Comparative environmental performance investigation of shape-memory-alloy (SMA) response and artificial-intelligence (AI) kinetic control,Journal of Building Engineering
2-s2.0-85088952684,10.1016/j.asej.2020.07.007,https://doi.org/10.1016/j.asej.2020.07.007,Thermal performance optimization of parametric building envelope based on bio-mimetic inspiration,Ain Shams Engineering Journal
2-s2.0-85096851236,10.1016/j.applthermaleng.2020.116331,https://doi.org/10.1016/j.applthermaleng.2020.116331,"Deployment and control of adaptive building facades for energy generation, thermal insulation, ventilation and daylighting: A review",Applied Thermal Engineering
2-s2.0-85097079203,10.1016/j.autcon.2020.103464,https://doi.org/10.1016/j.autcon.2020.103464,A review of occupant-centric control strategies for adaptive facades,Automation in Construction
2-s2.0-85096372838,10.1016/j.enbuild.2020.110589,https://doi.org/10.1016/j.enbuild.2020.110589,Development of a performance-based design framework for multifunctional climate-responsive façades,Energy and Buildings
2-s2.0-85136112302,10.1016/B978-0-12-822477-9.00018-8,https://doi.org/10.1016/B978-0-12-822477-9.00018-8,Biomimetic adaptive building skins: design and performance,Rethinking Building Skins Transformative Technologies and Research Trajectories
2-s2.0-85136130089,10.1016/B978-0-12-822477-9.00007-3,https://doi.org/10.1016/B978-0-12-822477-9.00007-3,Embedding intelligence to control adaptive building envelopes,Rethinking Building Skins Transformative Technologies and Research Trajectories
2-s2.0-85088046524,10.1016/j.jobe.2020.101554,https://doi.org/10.1016/j.jobe.2020.101554,A user detective adaptive facade towards improving visual and thermal comfort,Journal of Building Engineering
2-s2.0-85095915818,10.1016/j.autcon.2020.103450,https://doi.org/10.1016/j.autcon.2020.103450,Design approaches and typologies of adaptive facades: A review,Automation in Construction
2-s2.0-85093962315,10.1016/j.buildenv.2020.107385,https://doi.org/10.1016/j.buildenv.2020.107385,Design of a passive mechanical system actuated by the nitinol helical springs for shading and sustainable development purposes of the buildings☆,Building and Environment
2-s2.0-85137868865,10.1016/B978-0-12-822477-9.00019-X,https://doi.org/10.1016/B978-0-12-822477-9.00019-X,"Interactive media facades—research prototypes, application areas and future directions",Rethinking Building Skins Transformative Technologies and Research Trajectories
2-s2.0-85100006012,10.1016/B978-0-12-823767-0.00010-0,https://doi.org/10.1016/B978-0-12-823767-0.00010-0,Bioshading system design method (BSDM),Climate Change Science Causes Effects and Solutions for Global Warming
2-s2.0-85136160419,10.1016/B978-0-12-822477-9.00022-X,https://doi.org/10.1016/B978-0-12-822477-9.00022-X,"Inverse design for advanced building envelope materials, systems and operation",Rethinking Building Skins Transformative Technologies and Research Trajectories
2-s2.0-85171377186,10.1016/B978-0-12-823764-9.00009-1,https://doi.org/10.1016/B978-0-12-823764-9.00009-1,Biointelligent quotient house as an algae-based green building,Handbook of Algal Biofuels Aspects of Cultivation Conversion and Biorefinery
2-s2.0-85091640124,10.1016/j.jclepro.2020.123343,https://doi.org/10.1016/j.jclepro.2020.123343,Potential of building integrated and attached/applied photovoltaic (BIPV/BAPV) for adaptive less energy-hungry building's skin: A comprehensive review,Journal of Cleaner Production
2-s2.0-85092929162,10.1016/j.eng.2020.07.020,https://doi.org/10.1016/j.eng.2020.07.020,Tall Buildings with Dynamic Facade Under Winds,Engineering
2-s2.0-85096679911,10.1016/j.solener.2020.11.003,https://doi.org/10.1016/j.solener.2020.11.003,Evaluation of the effectiveness of a multi-sectional facade with Venetian blinds and roller shades with automated shading control strategies,Solar Energy
2-s2.0-85090706239,10.1016/j.autcon.2020.103397,https://doi.org/10.1016/j.autcon.2020.103397,A fuzzy-logic IoT lighting and shading control system for smart buildings,Automation in Construction
2-s2.0-85089419516,10.1016/j.enbuild.2020.110377,https://doi.org/10.1016/j.enbuild.2020.110377,Tunable infrared transmission for energy-efficient pneumatic building façades,Energy and Buildings
2-s2.0-85091204812,10.1016/j.buildenv.2020.107292,https://doi.org/10.1016/j.buildenv.2020.107292,A multi-objective optimization approach for climate-adaptive building envelope design using parametric behavior maps,Building and Environment
2-s2.0-85087678583,10.1016/j.scs.2020.102368,https://doi.org/10.1016/j.scs.2020.102368,Optimum design of building integrated PV module as a movable shading device,Sustainable Cities and Society
2-s2.0-85090335845,10.1016/j.jmsy.2020.08.017,https://doi.org/10.1016/j.jmsy.2020.08.017,A comprehensive adaptive approach to calculating the envelope surface of the digital models in CNC machining,Journal of Manufacturing Systems
2-s2.0-85084033487,10.1016/j.jobe.2020.101404,https://doi.org/10.1016/j.jobe.2020.101404,Integrating interactive kinetic façade design with colored glass to improve daylight performance based on occupants’ position,Journal of Building Engineering
2-s2.0-85085270237,10.1016/j.scs.2020.102232,https://doi.org/10.1016/j.scs.2020.102232,Dynamic Climate Analysis for early design stages: a new methodological approach to detect preferable Adaptive Opaque Façade Responses,Sustainable Cities and Society
2-s2.0-85083000344,10.1016/j.jobe.2020.101397,https://doi.org/10.1016/j.jobe.2020.101397,Prototype of a cyber-physical façade system,Journal of Building Engineering
2-s2.0-85087008459,10.1016/j.ejvs.2020.05.023,https://doi.org/10.1016/j.ejvs.2020.05.023,Early Renal Function Alterations in Renal Branches vs. Renal Fenestrations – A Dynamic Scintigraphy Based Prospective Study,European Journal of Vascular and Endovascular Surgery
2-s2.0-85086162735,10.1016/j.solener.2020.05.087,https://doi.org/10.1016/j.solener.2020.05.087,Innovative control approaches to assess energy implications of adaptive facades based on simulation using EnergyPlus,Solar Energy
2-s2.0-85083816257,10.1016/j.enbuild.2020.110020,https://doi.org/10.1016/j.enbuild.2020.110020,Parametric behavior maps: A method for evaluating the energy performance of climate-adaptive building envelopes,Energy and Buildings
2-s2.0-85083325294,10.1016/j.enbuild.2020.110050,https://doi.org/10.1016/j.enbuild.2020.110050,Energy consumption of water-filled glass (WFG) hybrid building envelope,Energy and Buildings
2-s2.0-85081652116,10.1016/j.jclepro.2020.120708,https://doi.org/10.1016/j.jclepro.2020.120708,An experimental study of vertical greenery systems for window shading for energy saving in summer,Journal of Cleaner Production
2-s2.0-85084736550,10.1016/j.buildenv.2020.106880,https://doi.org/10.1016/j.buildenv.2020.106880,Occupant-Facade interaction: a review and classification scheme,Building and Environment
2-s2.0-85083332795,10.1016/j.enbuild.2020.109968,https://doi.org/10.1016/j.enbuild.2020.109968,Auto-responsive technologies for thermal renovation of opaque facades,Energy and Buildings
2-s2.0-85076254654,10.1016/j.foar.2019.10.004,https://doi.org/10.1016/j.foar.2019.10.004,A computational approach for achieving optimum daylight inside buildings through automated kinetic shading systems,Frontiers of Architectural Research
2-s2.0-85081115350,10.1016/j.autcon.2020.103151,https://doi.org/10.1016/j.autcon.2020.103151,3D-printed attachable kinetic shading device with alternate actuation: Use of shape-memory alloy (SMA) for climate-adaptive responsive architecture,Automation in Construction
2-s2.0-85081731264,10.1016/j.buildenv.2020.106801,https://doi.org/10.1016/j.buildenv.2020.106801,A review of automatic control strategies based on simulations for adaptive facades,Building and Environment
2-s2.0-85081216955,10.1016/j.apenergy.2020.114797,https://doi.org/10.1016/j.apenergy.2020.114797,Enhancing building energy efficiency by adaptive façade: A computational optimization approach,Applied Energy
2-s2.0-85081971163,10.1016/j.solener.2020.03.017,https://doi.org/10.1016/j.solener.2020.03.017,Influence of two motion types on solar transmittance and daylight performance of dynamic façades,Solar Energy
2-s2.0-85079325450,10.1016/j.autcon.2020.103113,https://doi.org/10.1016/j.autcon.2020.103113,Automated adaptive façade functions in practice - Case studies on office buildings,Automation in Construction
2-s2.0-85079685271,10.1016/j.rser.2020.109719,https://doi.org/10.1016/j.rser.2020.109719,Simulation and experimental validation of fast adaptive particle swarm optimization strategy for photovoltaic global peak tracker under dynamic partial shading,Renewable and Sustainable Energy Reviews
2-s2.0-85080077231,10.1016/j.energy.2020.117190,https://doi.org/10.1016/j.energy.2020.117190,Energy savings and daylighting evaluation of dynamic venetian blinds and lighting through full-scale experimental testing,Energy
2-s2.0-85083001459,10.1016/j.mechrescom.2020.103503,https://doi.org/10.1016/j.mechrescom.2020.103503,Mechanics of smart origami sunscreens with energy harvesting ability,Mechanics Research Communications
2-s2.0-85078165861,10.1016/j.enbuild.2020.109762,https://doi.org/10.1016/j.enbuild.2020.109762,An assessment of the load modifying potential of model predictive controlled dynamic facades within the California context,Energy and Buildings
2-s2.0-85076591468,10.1016/j.enbuild.2019.109661,https://doi.org/10.1016/j.enbuild.2019.109661,Economic model predictive control of space heating and dynamic solar shading,Energy and Buildings
2-s2.0-85088049126,10.1016/j.promfg.2020.02.212,https://doi.org/10.1016/j.promfg.2020.02.212,Transformable building envelope design in architectural education,Procedia Manufacturing
2-s2.0-85089282163,10.1016/B978-0-12-819481-2.00012-X,https://doi.org/10.1016/B978-0-12-819481-2.00012-X,Building integrated photobioreactor,Bio Based Materials and Biotechnologies for Eco Efficient Construction
2-s2.0-85075417999,10.1016/j.energy.2019.116448,https://doi.org/10.1016/j.energy.2019.116448,Comparison of energy conservation measures considering adaptive thermal comfort and climate change in existing Mediterranean dwellings,Energy
2-s2.0-85088013001,10.1016/j.promfg.2020.02.238,https://doi.org/10.1016/j.promfg.2020.02.238,Bioclimatic building design theory and application,Procedia Manufacturing
2-s2.0-85105096140,10.1016/j.ifacol.2020.12.1585,https://doi.org/10.1016/j.ifacol.2020.12.1585,Facade-integrated semi-active vibration control for wind-excited super-slender tall buildings,IFAC Papersonline
2-s2.0-85070110145,10.1016/j.renene.2019.07.119,https://doi.org/10.1016/j.renene.2019.07.119,Carbon counter electrode mesoscopic ambient processed & characterised perovskite for adaptive BIPV fenestration,Renewable Energy
2-s2.0-85074177314,10.1016/j.enbuild.2019.109544,https://doi.org/10.1016/j.enbuild.2019.109544,Biomimetic adaptive building skins: Energy and environmental regulation in buildings,Energy and Buildings
2-s2.0-85074160165,10.1016/j.engstruct.2019.109839,https://doi.org/10.1016/j.engstruct.2019.109839,Computational design optimization of a smart material shape changing building skin tile,Engineering Structures
2-s2.0-85073974533,10.1016/j.enbuild.2019.109543,https://doi.org/10.1016/j.enbuild.2019.109543,Modular facade retrofit with renewable energy technologies: The definition and current status in Europe,Energy and Buildings
2-s2.0-85065818964,10.1016/j.renene.2019.04.121,https://doi.org/10.1016/j.renene.2019.04.121,Influence of slat angle and low-emissive partitioning radiant energy veils on the thermal performance of multilayered windows for dynamic facades,Renewable Energy
2-s2.0-85073719492,10.1016/j.autcon.2019.102959,https://doi.org/10.1016/j.autcon.2019.102959,Self-reconfigurable façade-cleaning robot equipped with deep-learning-based crack detection based on convolutional neural networks,Automation in Construction
2-s2.0-85072262008,10.1016/j.apenergy.2019.113896,https://doi.org/10.1016/j.apenergy.2019.113896,Improved thermal-electrical-optical model and performance assessment of a PV-blind embedded glazing façade system with complex shading effects,Applied Energy
2-s2.0-85073716764,10.1016/j.solener.2019.10.021,https://doi.org/10.1016/j.solener.2019.10.021,Thermo and light-responsive building envelope: Energy analysis under different climate conditions,Solar Energy
2-s2.0-85072712874,10.1016/j.enconman.2019.112078,https://doi.org/10.1016/j.enconman.2019.112078,Novel methodology for detecting non-ideal operating conditions for grid-connected photovoltaic plants using Internet of Things architecture,Energy Conversion and Management
2-s2.0-85072753526,10.1016/j.enbuild.2019.109454,https://doi.org/10.1016/j.enbuild.2019.109454,Evaluation of climate-based daylighting techniques for complex fenestration and shading systems,Energy and Buildings
2-s2.0-85071987660,10.1016/j.buildenv.2019.106396,https://doi.org/10.1016/j.buildenv.2019.106396,Interactive kinetic façade: Improving visual comfort based on dynamic daylight and occupant's positions by 2D and 3D shape changes,Building and Environment
2-s2.0-85071466157,10.1016/j.scs.2019.101782,https://doi.org/10.1016/j.scs.2019.101782,Form-finding mechanism derived from plant movement in response to environmental conditions for building envelopes,Sustainable Cities and Society
2-s2.0-85068889316,10.1016/j.apenergy.2019.113506,https://doi.org/10.1016/j.apenergy.2019.113506,Thermally responsive coating on building heating and cooling energy efficiency and indoor comfort improvement,Applied Energy
2-s2.0-85069661354,10.1016/j.engstruct.2019.109415,https://doi.org/10.1016/j.engstruct.2019.109415,Dynamic identification of a masonry façade from seismic response data based on an elementary Ordinary Least Squares approach,Engineering Structures
2-s2.0-85067042246,10.1016/j.autcon.2019.102857,https://doi.org/10.1016/j.autcon.2019.102857,Integrated parametric design of adaptive facades for user's visual comfort,Automation in Construction
2-s2.0-85068876939,10.1016/j.enbuild.2019.07.004,https://doi.org/10.1016/j.enbuild.2019.07.004,A review of heat transfer characteristics of switchable insulation technologies for thermally adaptive building envelopes,Energy and Buildings
2-s2.0-85071003124,10.1016/j.solener.2019.07.027,https://doi.org/10.1016/j.solener.2019.07.027,Impact of different control strategies of perforated curved louvers on the visual comfort and energy consumption of office buildings in different climates,Solar Energy
2-s2.0-85068484135,10.1016/j.foar.2019.06.001,https://doi.org/10.1016/j.foar.2019.06.001,Adaptive biomimetic facades: Enhancing energy efficiency of highly glazed buildings,Frontiers of Architectural Research
2-s2.0-85065988691,10.1016/j.jobe.2019.100797,https://doi.org/10.1016/j.jobe.2019.100797,Structural characterisation of adaptive facades in Europe - Part II: Validity of conventional experimental testing methods and key issues,Journal of Building Engineering
2-s2.0-85064955394,10.1016/j.jobe.2019.02.013,https://doi.org/10.1016/j.jobe.2019.02.013,"Structural characterisation of adaptive facades in Europe – Part I: Insight on classification rules, performance metrics and design methods",Journal of Building Engineering
2-s2.0-85067082599,10.1016/j.buildenv.2019.106183,https://doi.org/10.1016/j.buildenv.2019.106183,Evolution of all-glass nearly Zero Energy Buildings with respect to the local climate and free-cooling techniques,Building and Environment
2-s2.0-85068486939,10.1016/j.tej.2019.106624,https://doi.org/10.1016/j.tej.2019.106624,Transforming our buildings for a low-carbon era: Five key strategies,Electricity Journal
2-s2.0-85065057146,10.1016/j.solener.2019.04.069,https://doi.org/10.1016/j.solener.2019.04.069,Full-scale experimental testing of integrated dynamically-operated roller shades and lighting in perimeter office spaces,Solar Energy
2-s2.0-85065241431,10.1016/j.buildenv.2019.04.054,https://doi.org/10.1016/j.buildenv.2019.04.054,Development and validation of a survey for well-being and interaction assessment by occupants in office buildings with adaptive facades,Building and Environment
2-s2.0-85062429753,10.1016/j.autcon.2019.01.014,https://doi.org/10.1016/j.autcon.2019.01.014,"Dynamic shading systems: A review of design parameters, platforms and evaluation strategies",Automation in Construction
2-s2.0-85064278798,10.1016/j.buildenv.2019.04.002,https://doi.org/10.1016/j.buildenv.2019.04.002,Building facade multi-objective optimization for daylight and aesthetical perception,Building and Environment
2-s2.0-85063258841,10.1016/j.buildenv.2019.03.027,https://doi.org/10.1016/j.buildenv.2019.03.027,A photobiological approach to biophilic design in extreme climates,Building and Environment
2-s2.0-85062525032,10.1016/j.buildenv.2019.02.040,https://doi.org/10.1016/j.buildenv.2019.02.040,A morphological approach for kinetic façade design process to improve visual and thermal comfort: Review,Building and Environment
2-s2.0-85061099017,10.1016/j.rser.2019.01.005,https://doi.org/10.1016/j.rser.2019.01.005,Active building envelope systems toward renewable and sustainable energy,Renewable and Sustainable Energy Reviews
2-s2.0-85062149950,10.1016/j.aej.2018.11.013,https://doi.org/10.1016/j.aej.2018.11.013,Adaptive building envelopes of multistory buildings as an example of high performance building skins,Alexandria Engineering Journal
2-s2.0-85057812662,10.1016/j.jobe.2018.11.008,https://doi.org/10.1016/j.jobe.2018.11.008,An approach to calculate the equivalent solar heat gain coefficient of glass windows with fixed and dynamic shading in tropical climates,Journal of Building Engineering
2-s2.0-85058955614,10.1016/j.buildenv.2018.12.045,https://doi.org/10.1016/j.buildenv.2018.12.045,Responsive building envelope concepts in zero emission neighborhoods and smart cities - A roadmap to implementation,Building and Environment
2-s2.0-85056998685,10.1016/j.apenergy.2018.11.066,https://doi.org/10.1016/j.apenergy.2018.11.066,An inverse modeling approach for the thermal response modeling of green façades,Applied Energy
2-s2.0-85056868993,10.1016/j.apenergy.2018.11.061,https://doi.org/10.1016/j.apenergy.2018.11.061,Dynamic building envelope with PCM for cooling purposes – Proof of concept,Applied Energy
2-s2.0-85059378491,10.1016/j.solener.2018.12.062,https://doi.org/10.1016/j.solener.2018.12.062,Numerical investigation of energy performance and cost analysis of Moroccan's building smart walls integrating vanadium dioxide,Solar Energy
2-s2.0-85063901370,10.1016/j.egypro.2019.01.822,https://doi.org/10.1016/j.egypro.2019.01.822,Thermo-chromic glazing in buildings: A novel methodological framework for a multi-objective performance evaluation,Energy Procedia
2-s2.0-85055440520,10.1016/j.engstruct.2018.10.061,https://doi.org/10.1016/j.engstruct.2018.10.061,Experimental and numerical studies on the static and the dynamic behaviors of embedded cable support (ECS) glass facade system,Engineering Structures
2-s2.0-85051643393,10.1016/j.bspc.2018.08.013,https://doi.org/10.1016/j.bspc.2018.08.013,Objective and subjective assessment of envelope enhancement algorithms for assistive hearing devices,Biomedical Signal Processing and Control
2-s2.0-85053380187,10.1016/j.comnet.2018.09.008,https://doi.org/10.1016/j.comnet.2018.09.008,Scheduling algorithm for the LTE downlink with F-OFDM using adaptive multifractal envelope process and minimum service curve,Computer Networks
2-s2.0-85054433136,10.1016/j.foar.2018.07.003,https://doi.org/10.1016/j.foar.2018.07.003,Scenario-based design: New applications in metamorphic architecture,Frontiers of Architectural Research
2-s2.0-85053850250,10.1016/j.enbuild.2018.09.017,https://doi.org/10.1016/j.enbuild.2018.09.017,Current trends and future challenges in the performance assessment of adaptive façade systems,Energy and Buildings
2-s2.0-85051140391,10.1016/j.apenergy.2018.07.046,https://doi.org/10.1016/j.apenergy.2018.07.046,Optical aspects and energy performance of switchable ethylene-tetrafluoroethylene (ETFE) foil cushions,Applied Energy
2-s2.0-85052899267,10.1016/j.buildenv.2018.08.028,https://doi.org/10.1016/j.buildenv.2018.08.028,Qualitative analysis of promising materials and technologies for the design and evaluation of Climate Adaptive Opaque Façades,Building and Environment
2-s2.0-85052106938,10.1016/j.enbuild.2018.07.040,https://doi.org/10.1016/j.enbuild.2018.07.040,A reflective adaptive solar façade for multi-building energy and comfort management,Energy and Buildings
2-s2.0-85049615913,10.1016/j.enbuild.2018.06.016,https://doi.org/10.1016/j.enbuild.2018.06.016,Passive cooling & climate responsive façade design exploring the limits of passive cooling strategies to improve the performance of commercial buildings in warm climates,Energy and Buildings
2-s2.0-85047811689,10.1016/j.autcon.2018.05.013,https://doi.org/10.1016/j.autcon.2018.05.013,Performative design environment for kinetic photovoltaic architecture,Automation in Construction
2-s2.0-85047078564,10.1016/j.jobe.2018.05.008,https://doi.org/10.1016/j.jobe.2018.05.008,Climate responsive cooling control using artificial neural networks,Journal of Building Engineering
2-s2.0-85049357650,10.1016/j.energy.2018.04.167,https://doi.org/10.1016/j.energy.2018.04.167,Solar facade module for nearly zero energy building,Energy
2-s2.0-85046768748,10.1016/j.matdes.2018.04.044,https://doi.org/10.1016/j.matdes.2018.04.044,Pneumatically adaptive light modulation system (PALMS) for buildings,Materials and Design
2-s2.0-85047722244,10.1016/j.solener.2018.05.041,https://doi.org/10.1016/j.solener.2018.05.041,Integrating illuminance and energy evaluations of cellular automata controlled dynamic shading system using new hourly-based metrics,Solar Energy
2-s2.0-85048321554,10.1016/j.solener.2018.04.047,https://doi.org/10.1016/j.solener.2018.04.047,Design optimisation of solar shading systems for tropical office buildings: Challenges and future trends,Solar Energy
2-s2.0-85045117364,10.1016/j.jobe.2018.03.022,https://doi.org/10.1016/j.jobe.2018.03.022,Energy efficiency optimization strategies for university research buildings with hot summer and cold winter climate of China based on the adaptive thermal comfort,Journal of Building Engineering
2-s2.0-85047783225,10.1016/j.cja.2018.05.006,https://doi.org/10.1016/j.cja.2018.05.006,Envelope protection for aircraft encountering upset condition based on dynamic envelope enlargement,Chinese Journal of Aeronautics
2-s2.0-85041484887,10.1016/j.enbuild.2017.12.015,https://doi.org/10.1016/j.enbuild.2017.12.015,Thermal and optical characterisation of dynamic shading systems with PCMs through laboratory experimental measurements,Energy and Buildings
2-s2.0-85041382639,10.1016/j.solener.2018.01.082,https://doi.org/10.1016/j.solener.2018.01.082,Developing an advanced daylight model for building energy tool to simulate dynamic shading device,Solar Energy
2-s2.0-85033789403,10.1016/j.apenergy.2017.08.115,https://doi.org/10.1016/j.apenergy.2017.08.115,Simulation of a biomimetic façade using TRNSYS,Applied Energy
2-s2.0-85032437374,10.1016/j.autcon.2017.10.006,https://doi.org/10.1016/j.autcon.2017.10.006,An innovative building envelope (kinetic façade) with Shape Memory Alloys used as actuators and sensors,Automation in Construction
2-s2.0-85035038023,10.1016/j.enbuild.2017.11.025,https://doi.org/10.1016/j.enbuild.2017.11.025,The mediterranean smart adaptive wall. An experimental design of a smart and adaptive facade module for the mediterranean climate,Energy and Buildings
2-s2.0-85032392500,10.1016/j.enbuild.2017.10.042,https://doi.org/10.1016/j.enbuild.2017.10.042,An autonomous shading system based on coupled wood bilayer elements,Energy and Buildings
2-s2.0-85030667780,10.1016/j.enbuild.2017.10.008,https://doi.org/10.1016/j.enbuild.2017.10.008,Indoor daylight distribution in a room with integrated dynamic solar concentrating facade,Energy and Buildings
2-s2.0-85058219946,10.1016/j.egypro.2018.09.133,https://doi.org/10.1016/j.egypro.2018.09.133,"Balancing urban density, energy performance and environmental quality in the Mediterranean: A typological evaluation based on photovoltaic potential",Energy Procedia
2-s2.0-85064618582,10.1016/j.prostr.2018.11.004,https://doi.org/10.1016/j.prostr.2018.11.004,A specific out-of-plane model for the dynamic analysis of masonry façades and estimation of cumulative seismic damage,Procedia Structural Integrity
2-s2.0-85028744742,10.1016/j.renene.2017.07.079,https://doi.org/10.1016/j.renene.2017.07.079,Environmental assessment of an integrated adaptive system for the improvement of indoor visual comfort of existing buildings,Renewable Energy
2-s2.0-85033597030,10.1016/j.buildenv.2017.10.017,https://doi.org/10.1016/j.buildenv.2017.10.017,Daylight and thermal harvesting performance evaluation of a liquid filled prismatic façade using the Radiance five-phase method and EnergyPlus,Building and Environment
2-s2.0-85028822074,10.1016/j.enbuild.2017.07.028,https://doi.org/10.1016/j.enbuild.2017.07.028,Improved methods for the calorimetric determination of the solar factor in outdoor test cell facilities,Energy and Buildings
2-s2.0-85020826686,10.1016/j.enbuild.2017.06.030,https://doi.org/10.1016/j.enbuild.2017.06.030,Lighting and cooling energy assessment of multi-purpose control strategies for external movable shading devices by using shaded fraction,Energy and Buildings
2-s2.0-85021349707,10.1016/j.enbuild.2017.05.067,https://doi.org/10.1016/j.enbuild.2017.05.067,Energy assessment of a novel dynamic PCMs based solar shading: results from an experimental campaign,Energy and Buildings
2-s2.0-85022208992,10.1016/j.jobe.2017.06.013,https://doi.org/10.1016/j.jobe.2017.06.013,NEST HiLo: Investigating lightweight construction and adaptive energy systems,Journal of Building Engineering
2-s2.0-85017550986,10.1016/j.enbuild.2017.04.021,https://doi.org/10.1016/j.enbuild.2017.04.021,Daylight-linked synchronized shading operation using simplified model-based control,Energy and Buildings
2-s2.0-85010756942,10.1016/j.enbuild.2017.01.018,https://doi.org/10.1016/j.enbuild.2017.01.018,Influence of orientation and the impact of external window shading on building thermal performance in tropical climate,Energy and Buildings
2-s2.0-85002125636,10.1016/j.buildenv.2016.09.035,https://doi.org/10.1016/j.buildenv.2016.09.035,FAST energy and daylight optimization of an office with fixed and movable shading devices,Building and Environment
2-s2.0-85000624359,10.1016/j.cad.2016.10.002,https://doi.org/10.1016/j.cad.2016.10.002,Computational modelling methods for pliable structures based on curved-line folding,CAD Computer Aided Design
2-s2.0-85000843749,10.1016/j.enbuild.2016.11.053,https://doi.org/10.1016/j.enbuild.2016.11.053,"The effect of dynamic solar shading on energy, daylighting and thermal comfort in a nearly zero-energy loft room in Rome and Copenhagen",Energy and Buildings
2-s2.0-85020483075,10.1016/j.rser.2017.05.028,https://doi.org/10.1016/j.rser.2017.05.028,Biomimetic building skins: An adaptive approach,Renewable and Sustainable Energy Reviews
2-s2.0-85029904068,10.1016/j.egypro.2017.07.319,https://doi.org/10.1016/j.egypro.2017.07.319,Sensitivity of Building Properties and Use Types for the Application of Adaptive Photovoltaic Shading Systems,Energy Procedia
2-s2.0-85020266180,10.1016/j.apenergy.2017.05.083,https://doi.org/10.1016/j.apenergy.2017.05.083,Optimising building net energy demand with dynamic BIPV shading,Applied Energy
2-s2.0-85020515078,10.1016/j.proeng.2017.04.289,https://doi.org/10.1016/j.proeng.2017.04.289,"Adaptive Facades, Developed with Innovative Nanomaterials, for a Sustainable Architecture in the Mediterranean Area",Procedia Engineering
2-s2.0-85029898447,10.1016/j.egypro.2017.07.380,https://doi.org/10.1016/j.egypro.2017.07.380,"Adaptive Box Window, developed with innovative nanomaterial, for a sustainable architecture in the Mediterranean area",Energy Procedia
2-s2.0-85040001217,10.1016/j.egypro.2017.11.006,https://doi.org/10.1016/j.egypro.2017.11.006,A Review on Interaction of Innovative Building Envelope Technologies and Solar Energy Gain,Energy Procedia
2-s2.0-85029908446,10.1016/j.egypro.2017.07.347,https://doi.org/10.1016/j.egypro.2017.07.347,Evaluation of a solar thermal glass façade with adjustable transparency in cold and hot climates,Energy Procedia
2-s2.0-85017299328,10.1016/j.solener.2017.04.001,https://doi.org/10.1016/j.solener.2017.04.001,Designing an integrated daylighting system for deep-plan spaces in Malaysian low-rise buildings,Solar Energy
2-s2.0-85033366955,10.1016/j.egypro.2017.10.001,https://doi.org/10.1016/j.egypro.2017.10.001,Experimental and Numerical Analysis of Modelling of Solar Shading,Energy Procedia
2-s2.0-85032707601,10.1016/j.egypro.2017.09.543,https://doi.org/10.1016/j.egypro.2017.09.543,The role of shading devices to improve thermal and visual comfort in existing glazed buildings,Energy Procedia
2-s2.0-85015913446,10.1016/j.solener.2016.10.015,https://doi.org/10.1016/j.solener.2016.10.015,Solar shading performance of window with constant and dynamic shading function in different climate zones,Solar Energy
2-s2.0-85016626917,10.1016/j.energy.2017.03.083,https://doi.org/10.1016/j.energy.2017.03.083,Design and control optimisation of adaptive insulation systems for office buildings. Part 1: Adaptive technologies and simulation framework,Energy
2-s2.0-85000819173,10.1016/j.isprsjprs.2016.11.008,https://doi.org/10.1016/j.isprsjprs.2016.11.008,A hierarchical methodology for urban facade parsing from TLS point clouds,ISPRS Journal of Photogrammetry and Remote Sensing
2-s2.0-85007137545,10.1016/j.apenergy.2016.11.110,https://doi.org/10.1016/j.apenergy.2016.11.110,Coupling energy systems with lightweight structures for a net plus energy building,Applied Energy
2-s2.0-84988602755,10.1016/j.rser.2016.09.076,https://doi.org/10.1016/j.rser.2016.09.076,A comprehensive review on solar PV maximum power point tracking techniques,Renewable and Sustainable Energy Reviews
2-s2.0-85018751847,10.1016/j.apenergy.2017.04.046,https://doi.org/10.1016/j.apenergy.2017.04.046,An integrated thermal and lighting simulation tool to support the design process of complex fenestration systems for office buildings,Applied Energy
2-s2.0-85016504898,10.1016/j.renene.2017.03.082,https://doi.org/10.1016/j.renene.2017.03.082,Experimental evaluation of the airflow behaviour in horizontal and vertical Open Joint Ventilated Facades using Stereo-PIV,Renewable Energy
2-s2.0-85040310055,10.1016/j.egypro.2017.11.121,https://doi.org/10.1016/j.egypro.2017.11.121,Analytical modelling of Breathing Walls: Experimental verification by means of the Dual Air Vented Thermal Box lab facility,Energy Procedia
2-s2.0-85029901904,10.1016/j.egypro.2017.07.474,https://doi.org/10.1016/j.egypro.2017.07.474,Cooling oculus for desert climate-dynamic structure for evaporative downdraft and night sky cooling,Energy Procedia
2-s2.0-85021282836,10.1016/j.solener.2017.06.029,https://doi.org/10.1016/j.solener.2017.06.029,Responsive glazing systems: Characterisation methods and winter performance,Solar Energy
2-s2.0-85010208983,10.1016/j.solener.2017.01.022,https://doi.org/10.1016/j.solener.2017.01.022,Energy conservation and renewable technologies for buildings to face the impact of the climate change and minimize the use of cooling,Solar Energy
2-s2.0-84977571278,10.1016/j.optcom.2016.06.064,https://doi.org/10.1016/j.optcom.2016.06.064,Integration of variable-rate OWC with OFDM-PON for hybrid optical access based on adaptive envelope modulation,Optics Communications
2-s2.0-84993967103,10.1016/j.seta.2016.10.001,https://doi.org/10.1016/j.seta.2016.10.001,Compensation of voltage sag caused by partial shading in grid-connected PV system through the three-level SVM inverter,Sustainable Energy Technologies and Assessments
2-s2.0-84994043992,10.1016/j.energy.2016.10.022,https://doi.org/10.1016/j.energy.2016.10.022,Optimal control of indoor-air cooling in buildings using a reduced order model,Energy
2-s2.0-84991056263,10.1016/j.energy.2016.08.095,https://doi.org/10.1016/j.energy.2016.08.095,On detailed thermal response modeling of vertical greenery systems as cooling measure for buildings and cities in summer conditions,Energy
2-s2.0-84992304030,10.1016/j.solmat.2016.04.017,https://doi.org/10.1016/j.solmat.2016.04.017,Life cycle assessment of dynamic building integrated photovoltaics,Solar Energy Materials and Solar Cells
2-s2.0-85010800525,10.1016/j.egypro.2016.11.120,https://doi.org/10.1016/j.egypro.2016.11.120,"Energy Performance Assessment of the Heating System Refurbishment on a School Building in Modena, Italy",Energy Procedia
2-s2.0-84973450862,10.1016/j.engstruct.2016.05.032,https://doi.org/10.1016/j.engstruct.2016.05.032,Integrated analysis of kinematic form active structures for architectural applications: Experimental verification,Engineering Structures
2-s2.0-84973440905,10.1016/j.engstruct.2016.05.051,https://doi.org/10.1016/j.engstruct.2016.05.051,Dynamic response of double skin façades under blast loads,Engineering Structures
2-s2.0-84969584417,10.1016/j.solener.2016.04.026,https://doi.org/10.1016/j.solener.2016.04.026,Model-based shading and lighting controls considering visual comfort and energy use,Solar Energy
2-s2.0-84974571292,10.1016/j.enbuild.2016.05.044,https://doi.org/10.1016/j.enbuild.2016.05.044,"MATRIX, a multi activity test-room for evaluating the energy performances of 'building/HVAC' systems in Mediterranean climate: Experimental set-up and CFD/BPS numerical modeling",Energy and Buildings
2-s2.0-84963938624,10.1016/j.solener.2016.03.044,https://doi.org/10.1016/j.solener.2016.03.044,"Experimental analysis of the energy performance of an ACTive, RESponsive and Solar (ACTRESS) façade module",Solar Energy
2-s2.0-84957548628,10.1016/j.rser.2015.12.246,https://doi.org/10.1016/j.rser.2015.12.246,Dynamic operation of daylighting and shading systems: A literature review,Renewable and Sustainable Energy Reviews
2-s2.0-85006210711,10.1016/j.foar.2016.03.002,https://doi.org/10.1016/j.foar.2016.03.002,The Adaptive Solar Facade: From concept to prototypes,Frontiers of Architectural Research
2-s2.0-84968877311,10.1016/B978-0-08-100263-6.00018-6,https://doi.org/10.1016/B978-0-08-100263-6.00018-6,Smart coatings for textiles in architecture,Active Coatings for Smart Textiles
2-s2.0-84955320928,10.1016/j.enbuild.2016.01.006,https://doi.org/10.1016/j.enbuild.2016.01.006,A structured approach to overall environmental satisfaction in high-rise residential buildings,Energy and Buildings
2-s2.0-84954232103,10.1016/j.solener.2015.12.039,https://doi.org/10.1016/j.solener.2015.12.039,Parametric-based designs for kinetic facades to optimize daylight performance: Comparing rotation and translation kinetic motion for hexagonal facade patterns,Solar Energy
2-s2.0-84948134987,10.1016/j.rser.2015.10.086,https://doi.org/10.1016/j.rser.2015.10.086,Shape morphing solar shadings: A review,Renewable and Sustainable Energy Reviews
2-s2.0-84951733541,10.1016/j.apenergy.2015.10.123,https://doi.org/10.1016/j.apenergy.2015.10.123,New equivalent parameters for thermal characterization of opaque building envelope components under dynamic conditions,Applied Energy
2-s2.0-85006059028,10.1016/j.egypro.2016.06.218,https://doi.org/10.1016/j.egypro.2016.06.218,"Adaptive Façade: Concept, Applications, Research Questions",Energy Procedia
2-s2.0-84992428115,10.1016/j.proeng.2016.08.029,https://doi.org/10.1016/j.proeng.2016.08.029,The Sustainability of Adaptive Envelopes: Developments of Kinetic Architecture,Procedia Engineering
2-s2.0-84992422423,10.1016/j.proeng.2016.08.031,https://doi.org/10.1016/j.proeng.2016.08.031,Kinetic Roof Structure: Msheireb Heart of Doha,Procedia Engineering
2-s2.0-85018960635,10.1016/j.proeng.2016.08.031,https://doi.org/10.1016/j.proeng.2016.08.031,Kinetic roof structure: Msheireb heart of Doha,IABSE Congress Stockholm 2016 Challenges in Design and Construction of an Innovative and Sustainable Built Environment
2-s2.0-85006077950,10.1016/j.egypro.2016.06.261,https://doi.org/10.1016/j.egypro.2016.06.261,S.M.O Solution: An Innovative Design Approach to Optimize the Output of BIPV Systems Located in Dense Urban Environments,Energy Procedia
2-s2.0-85006410982,10.1016/j.egypro.2016.09.173,https://doi.org/10.1016/j.egypro.2016.09.173,Study of Natural Ventilation in wind Tunnels and Influence of the Position of Ventilation Modules and Types of Grids on a Modular Façade System,Energy Procedia
2-s2.0-84979578586,10.1016/j.proeng.2016.06.384,https://doi.org/10.1016/j.proeng.2016.06.384,Thermal Environment Dynamic Simulation of Double Skin Façade with Middle Shading Device in Summer,Procedia Engineering
2-s2.0-84992397202,10.1016/j.proeng.2016.08.040,https://doi.org/10.1016/j.proeng.2016.08.040,Performance Analyses of the D'aDif Pavilion,Procedia Engineering
2-s2.0-84947982808,10.1016/j.solener.2015.11.003,https://doi.org/10.1016/j.solener.2015.11.003,Integrated control of dynamic facades and distributed energy resources for energy cost minimization in commercial buildings,Solar Energy
2-s2.0-84940670082,10.1016/j.conbuildmat.2015.08.136,https://doi.org/10.1016/j.conbuildmat.2015.08.136,Hygromorphic materials for sustainable responsive architecture,Construction and Building Materials
2-s2.0-84962619718,10.1016/j.egypro.2015.11.210,https://doi.org/10.1016/j.egypro.2015.11.210,"Dynamic facades, the smart way of meeting the energy requirements",Energy Procedia
2-s2.0-84962598356,10.1016/j.egypro.2015.11.302,https://doi.org/10.1016/j.egypro.2015.11.302,A simulation framework for the evaluation of next generation Responsive Building Envelope technologies,Energy Procedia
2-s2.0-84962553287,10.1016/j.egypro.2015.11.675,https://doi.org/10.1016/j.egypro.2015.11.675,Lighting and energy performance of an adaptive shading and daylighting system for arid climates,Energy Procedia
2-s2.0-84962562998,10.1016/j.egypro.2015.11.138,https://doi.org/10.1016/j.egypro.2015.11.138,Daylighting and energy analysis of multi-sectional facades,Energy Procedia
2-s2.0-84962500327,10.1016/j.egypro.2015.11.125,https://doi.org/10.1016/j.egypro.2015.11.125,Experimental analysis of an external dynamic solar shading integrating PCMs: First results,Energy Procedia
2-s2.0-84962526751,10.1016/j.egypro.2015.11.670,https://doi.org/10.1016/j.egypro.2015.11.670,A novel concept of a responsive transparent façade module: Optimization of energy performance through parametric design,Energy Procedia
2-s2.0-84962484386,10.1016/j.egypro.2015.11.186,https://doi.org/10.1016/j.egypro.2015.11.186,Modelling natural ventilation in double skin facade,Energy Procedia
2-s2.0-84962543672,10.1016/j.egypro.2015.11.677,https://doi.org/10.1016/j.egypro.2015.11.677,Effect from a Variable U-Value in Adaptive Building Components with Controlled Internal Air Pressure,Energy Procedia
2-s2.0-84962493861,10.1016/j.egypro.2015.11.108,https://doi.org/10.1016/j.egypro.2015.11.108,A Hydro-Thermal Study of the Bionic Leaf - A Basic Structural Element of the Bionic Façade Inspired by Vertical Greenery,Energy Procedia
2-s2.0-84962522336,10.1016/j.egypro.2015.11.663,https://doi.org/10.1016/j.egypro.2015.11.663,Shaping an origami shading device through visual and thermal simulations,Energy Procedia
2-s2.0-84962586906,10.1016/j.egypro.2015.11.119,https://doi.org/10.1016/j.egypro.2015.11.119,Dynamic thermal performance of a PCM window system: Characterization using large scale measurements,Energy Procedia
2-s2.0-84962624715,10.1016/j.egypro.2015.11.721,https://doi.org/10.1016/j.egypro.2015.11.721,Thermal and filtration performance assessment of a dynamic insulation system,Energy Procedia
2-s2.0-84962552696,10.1016/j.egypro.2015.11.783,https://doi.org/10.1016/j.egypro.2015.11.783,Integrated evaluation of CO2eq emission and thermal dynamic simulation for different façade solutions for a typical office building,Energy Procedia
2-s2.0-84962567016,10.1016/j.egypro.2015.11.331,https://doi.org/10.1016/j.egypro.2015.11.331,A new methodology for quantifying the impact of direct and diffuse solar radiation on energy savings in commercial office spaces,Energy Procedia
2-s2.0-84970966420,10.1016/j.egypro.2015.11.564,https://doi.org/10.1016/j.egypro.2015.11.564,Effect of Air Space Thickness within the External Walls on the Dynamic Thermal Behaviour of Building Envelopes for Energy Efficient Building Construction,Energy Procedia
2-s2.0-84936094030,10.1016/j.apenergy.2015.05.065,https://doi.org/10.1016/j.apenergy.2015.05.065,The optimal thermo-optical properties and energy saving potential of adaptive glazing technologies,Applied Energy
2-s2.0-84945957814,10.1016/j.cja.2015.08.013,https://doi.org/10.1016/j.cja.2015.08.013,Dynamic attack zone of air-to-air missile after being launched in random wind field,Chinese Journal of Aeronautics
2-s2.0-84935016179,10.1016/j.enbuild.2015.05.040,https://doi.org/10.1016/j.enbuild.2015.05.040,Toward mitigating urban heat island effects: Investigating the thermal-energy impact of bio-inspired retro-reflective building envelopes in dense urban settings,Energy and Buildings
2-s2.0-84930620620,10.1016/j.enbuild.2015.05.018,https://doi.org/10.1016/j.enbuild.2015.05.018,"Impact of façade window design on energy, daylighting and thermal comfort in nearly zero-energy houses",Energy and Buildings
2-s2.0-84926646955,10.1016/j.applthermaleng.2015.03.039,https://doi.org/10.1016/j.applthermaleng.2015.03.039,Dynamic insulation of the building envelope: Numerical modeling under transient conditions and coupling with nocturnal free cooling,Applied Thermal Engineering
2-s2.0-84928922788,10.1016/j.enbuild.2014.11.012,https://doi.org/10.1016/j.enbuild.2014.11.012,Numerical investigation of the Castle of Zena energy needs and a feasibility study for the implementation of electric and gas driven heat pump,Energy and Buildings
2-s2.0-84994787800,10.1016/j.egypro.2015.02.174,https://doi.org/10.1016/j.egypro.2015.02.174,Kinetic Solar Skin: A Responsive Folding Technique,Energy Procedia
2-s2.0-84948390542,10.1016/j.proeng.2015.08.521,https://doi.org/10.1016/j.proeng.2015.08.521,The use of Dynamic Environmental Control Systems (DECS) in Cavities of Double Skin Facades for Energy Savings,Procedia Engineering
2-s2.0-84926125566,10.1016/j.aei.2014.09.008,https://doi.org/10.1016/j.aei.2014.09.008,"Dynamic shading of a building envelope based on rotating polarized film system controlled by one-dimensional cellular automata in regular tessellations (triangular, square and hexagonal)",Advanced Engineering Informatics
2-s2.0-84957885080,10.1016/j.proeng.2015.09.149,https://doi.org/10.1016/j.proeng.2015.09.149,Fast Simulation Methods for Dynamic Heat Transfer through Building Envelope Based on Model-order-Reduction,Procedia Engineering
2-s2.0-84948406512,10.1016/j.proeng.2015.08.474,https://doi.org/10.1016/j.proeng.2015.08.474,A Biophysical Framework of Heat Regulation Strategies for the Design of Biomimetic Building Envelopes,Procedia Engineering
2-s2.0-84915774886,10.1016/j.cad.2014.02.010,https://doi.org/10.1016/j.cad.2014.02.010,Meteorosensitive architecture: Biomimetic building skins based on materially embedded and hygroscopically enabled responsiveness,CAD Computer Aided Design
2-s2.0-84957877062,10.1016/j.proeng.2015.09.053,https://doi.org/10.1016/j.proeng.2015.09.053,Dynamic Performance of the Shading-type Building-Integrated Photovoltaic Claddings,Procedia Engineering
2-s2.0-84955572973,10.1016/j.renene.2015.01.036,https://doi.org/10.1016/j.renene.2015.01.036,Decision methodology for the development of an expert system applied in an adaptable energy retrofit façade system for residential buildings,Renewable Energy
2-s2.0-85058721082,10.1016/j.applthermaleng.2014.08.007,https://doi.org/10.1016/j.applthermaleng.2014.08.007,Optimal topology of urban buildings for maximization of annual solar irradiation availability using a genetic algorithm,Applied Thermal Engineering
2-s2.0-84906838780,10.1016/j.engstruct.2014.08.023,https://doi.org/10.1016/j.engstruct.2014.08.023,Exploratory numerical analysis of two-way straight cable-net façades subjected to air blast loads,Engineering Structures
2-s2.0-85027957287,10.1016/j.energy.2014.08.028,https://doi.org/10.1016/j.energy.2014.08.028,Simulation-based method to determine climatic energy strategies of an adaptable building retrofit façade system,Energy
2-s2.0-84943011198,10.1016/j.foar.2014.03.002,https://doi.org/10.1016/j.foar.2014.03.002,Responsive envelope tessellation and stochastic rotation of 4-fold penttiles,Frontiers of Architectural Research
2-s2.0-84893169082,10.1016/j.solener.2014.01.008,https://doi.org/10.1016/j.solener.2014.01.008,The dynamic impact of window characteristics on shading factor and energy consumption,Solar Energy
2-s2.0-84923525105,10.1016/j.egypro.2014.12.390,https://doi.org/10.1016/j.egypro.2014.12.390,Towards an ideal adaptive glazed façade for office buildings,Energy Procedia
2-s2.0-84899830699,10.1016/j.buildenv.2014.04.007,https://doi.org/10.1016/j.buildenv.2014.04.007,User satisfaction and interaction with automated dynamic facades: A pilot study,Building and Environment
2-s2.0-84907483520,10.1016/j.enbuild.2014.07.040,https://doi.org/10.1016/j.enbuild.2014.07.040,The influence of shading control strategies on the visual comfort and energy demand of office buildings,Energy and Buildings
2-s2.0-84890119885,10.1016/j.enbuild.2013.08.066,https://doi.org/10.1016/j.enbuild.2013.08.066,Experimental assessment of the energy performance of an advanced responsive multifunctional façade module,Energy and Buildings
2-s2.0-84887384538,10.1016/j.buildenv.2013.10.003,https://doi.org/10.1016/j.buildenv.2013.10.003,Developing a weather responsive internal shading system for atrium spaces of a commercial building in tropical climates,Building and Environment
2-s2.0-85101090706,10.1016/j.egypro.2014.10.427,https://doi.org/10.1016/j.egypro.2014.10.427,The Impact of an Ideal Dynamic Building Envelope on the Energy Performance of Low Energy Office Buildings,Energy Procedia
2-s2.0-84901408016,10.1016/j.enbuild.2014.04.045,https://doi.org/10.1016/j.enbuild.2014.04.045,Framework for assessing the performance potential of seasonally adaptable facades using multi-objective optimization,Energy and Buildings
2-s2.0-84898997636,10.1016/j.egypro.2014.02.143,https://doi.org/10.1016/j.egypro.2014.02.143,Energy performance assessment of and advanced integrated façade through experimental data analysis,Energy Procedia
2-s2.0-84898977977,10.1016/j.egypro.2014.02.173,https://doi.org/10.1016/j.egypro.2014.02.173,Retrofit of an existing school in Italy with high energy standards,Energy Procedia
2-s2.0-84949133204,10.1016/j.proeng.2014.10.533,https://doi.org/10.1016/j.proeng.2014.10.533,Development of a first prototype of a liquid-shaded dynamic glazed facade for buildings,Procedia Engineering
2-s2.0-84906536114,10.1016/j.enbuild.2014.07.086,https://doi.org/10.1016/j.enbuild.2014.07.086,Daylighting and solar shading performances of an innovative automated reflective louvre system,Energy and Buildings
2-s2.0-84898948983,10.1016/j.egypro.2014.02.144,https://doi.org/10.1016/j.egypro.2014.02.144,Experimental analysis of an advanced dynamic glazing prototype integrating PCM and thermotropic layers,Energy Procedia
2-s2.0-84885455549,10.1016/j.buildenv.2013.09.011,https://doi.org/10.1016/j.buildenv.2013.09.011,"An investigation into the impact of movable solar shades on energy, indoor thermal and visual comfort improvements",Building and Environment
2-s2.0-84904395903,10.1016/j.scs.2014.02.003,https://doi.org/10.1016/j.scs.2014.02.003,Parametric analysis of environmentally responsive strategies for building envelopes specific for hot hyperarid regions,Sustainable Cities and Society
2-s2.0-84903214072,10.1016/j.enbuild.2014.05.017,https://doi.org/10.1016/j.enbuild.2014.05.017,Effect of dynamic characteristics of building envelope on thermal-energy performance in winter conditions: In field experiment,Energy and Buildings
2-s2.0-84884572348,10.1016/j.enbuild.2013.08.027,https://doi.org/10.1016/j.enbuild.2013.08.027,Facade design principles for nearly zero energy buildings in a cold climate,Energy and Buildings
2-s2.0-84884329851,10.1016/j.enbuild.2013.08.033,https://doi.org/10.1016/j.enbuild.2013.08.033,Energy performance analysis of a solar-cooled building in Tunisia: Passive strategies impact and improvement techniques,Energy and Buildings
2-s2.0-84879495105,10.1016/j.buildenv.2013.05.016,https://doi.org/10.1016/j.buildenv.2013.05.016,Comparative control strategies for roller shades with respect to daylighting and energy performance,Building and Environment
2-s2.0-84879110265,10.1016/j.enbuild.2013.05.017,https://doi.org/10.1016/j.enbuild.2013.05.017,Performance of a daylight-redirecting glass-shading system,Energy and Buildings
2-s2.0-84875697527,10.1016/j.conbuildmat.2013.02.056,https://doi.org/10.1016/j.conbuildmat.2013.02.056,The thermal performance of walls under actual service conditions: Evaluating the results of climatic chamber tests,Construction and Building Materials
2-s2.0-84876714561,10.1016/S1672-6529(13)60213-9,https://doi.org/10.1016/S1672-6529(13)60213-9,An Experimental Study on a Microclimatic Layer of a Bionic Façade Inspired by Vertical Greenery,Journal of Bionic Engineering
2-s2.0-84872398016,10.1016/j.buildenv.2012.10.003,https://doi.org/10.1016/j.buildenv.2012.10.003,Manually-operated window shade patterns in office buildings: A critical review,Building and Environment
2-s2.0-84871874052,10.1016/j.apenergy.2012.10.045,https://doi.org/10.1016/j.apenergy.2012.10.045,Development of polynomial regression models for composite dynamic envelopes' thermal performance forecasting,Applied Energy
2-s2.0-84863467109,10.1016/j.buildenv.2012.06.009,https://doi.org/10.1016/j.buildenv.2012.06.009,Cross ventilation with small openings: Measurements in a multi-zone test building,Building and Environment
2-s2.0-84865622141,10.1016/j.enbuild.2012.07.020,https://doi.org/10.1016/j.enbuild.2012.07.020,"Retrofitting using a dynamic envelope to ensure thermal comfort, energy savings and low environmental impact in Mediterranean climates",Energy and Buildings
2-s2.0-84861569230,10.1016/j.engstruct.2012.04.023,https://doi.org/10.1016/j.engstruct.2012.04.023,Viscoelastic spider connectors for the mitigation of cable-supported façades subjected to air blast loading,Engineering Structures
2-s2.0-84858710403,10.1016/j.engstruct.2012.02.006,https://doi.org/10.1016/j.engstruct.2012.02.006,Elastoplastic dissipative devices for the mitigation of blast resisting cable-supported glazing façades,Engineering Structures
2-s2.0-84861838567,10.1016/j.enbuild.2012.02.048,https://doi.org/10.1016/j.enbuild.2012.02.048,Building-plant system energy sustainability. An approach for transient thermal performance analysis,Energy and Buildings
2-s2.0-84859443262,10.1016/j.solener.2012.02.031,https://doi.org/10.1016/j.solener.2012.02.031,Dynamic performance of a façade-based solar loop heat pipe water heating system,Solar Energy
2-s2.0-84855243888,10.1016/j.enbuild.2011.11.022,https://doi.org/10.1016/j.enbuild.2011.11.022,Experimental estimation of the solar properties of a switchable liquid shading system for glazed facades,Energy and Buildings
2-s2.0-84855814331,10.1016/j.solener.2011.11.016,https://doi.org/10.1016/j.solener.2011.11.016,Daylighting and energy analysis of private offices with automated interior roller shades,Solar Energy
2-s2.0-84886708590,10.1016/j.egypro.2012.11.121,https://doi.org/10.1016/j.egypro.2012.11.121,An algorithm for designing dynamic solar shading system,Energy Procedia
2-s2.0-84897086942,10.1016/j.egypro.2012.11.112,https://doi.org/10.1016/j.egypro.2012.11.112,A control algorithm for optimal energy performance of a solarium/greenhouse with combined interior and exterior motorized shading,Energy Procedia
2-s2.0-84857407540,10.1016/j.apenergy.2012.02.006,https://doi.org/10.1016/j.apenergy.2012.02.006,Energy optimization of building design for different housing units in apartment buildings,Applied Energy
2-s2.0-80052570730,10.1016/j.scs.2011.07.004,https://doi.org/10.1016/j.scs.2011.07.004,Kinetic systems in architecture: New approach for environmental control systems and context-sensitive buildings,Sustainable Cities and Society
2-s2.0-80051593755,10.1016/j.solener.2011.04.028,https://doi.org/10.1016/j.solener.2011.04.028,Energy performance of an open-joint ventilated façade compared with a conventional sealed cavity façade,Solar Energy
2-s2.0-79959349592,10.1016/j.jtcvs.2010.07.081,https://doi.org/10.1016/j.jtcvs.2010.07.081,Endovascular fenestration in aortic dissection with acute malperfusion syndrome: Immediate and late follow-up,Journal of Thoracic and Cardiovascular Surgery
2-s2.0-79954573806,10.1016/j.solener.2011.01.010,https://doi.org/10.1016/j.solener.2011.01.010,Quantifying the potential of automated dynamic solar shading in office buildings through integrated simulations of energy and daylight,Solar Energy
2-s2.0-77955566485,10.1016/j.enbuild.2010.05.024,https://doi.org/10.1016/j.enbuild.2010.05.024,The energy savings potential of using dynamic external louvers in an office building,Energy and Buildings
2-s2.0-77951096129,10.1016/j.patrec.2009.12.031,https://doi.org/10.1016/j.patrec.2009.12.031,Approximation-free running SVD and its application to motion detection,Pattern Recognition Letters
2-s2.0-77951112026,10.1016/j.enbuild.2010.02.006,https://doi.org/10.1016/j.enbuild.2010.02.006,Thermofluid-dynamic analysis of ventilated facades,Energy and Buildings
2-s2.0-77649238846,10.1016/j.solener.2009.12.006,https://doi.org/10.1016/j.solener.2009.12.006,Energy efficiency of a dynamic glazing system,Solar Energy
2-s2.0-70249119591,10.1016/j.buildenv.2009.05.003,https://doi.org/10.1016/j.buildenv.2009.05.003,Shading performance of a vertical deciduous climbing plant canopy,Building and Environment
2-s2.0-68849121973,10.1016/j.jcsr.2009.06.020,https://doi.org/10.1016/j.jcsr.2009.06.020,Dynamic performance of cable net facades,Journal of Constructional Steel Research
2-s2.0-60249088365,10.1016/j.buildenv.2008.08.005,https://doi.org/10.1016/j.buildenv.2008.08.005,Double skin façades for warm climate regions: Analysis of a solution with an integrated movable shading system,Building and Environment
2-s2.0-59849095281,10.1016/j.solener.2008.08.015,https://doi.org/10.1016/j.solener.2008.08.015,An investigation of the potential for natural ventilation and building orientation to achieve thermal comfort in warm and humid climates,Solar Energy
2-s2.0-37349104661,10.1016/j.enbuild.2007.02.025,https://doi.org/10.1016/j.enbuild.2007.02.025,Double versus single skin facades in hot arid areas,Energy and Buildings
2-s2.0-34548665030,10.1016/j.aquatox.2007.08.002,https://doi.org/10.1016/j.aquatox.2007.08.002,"Defense against environmental ammonia toxicity in the African lungfish, Protopterus aethiopicus: Bimodal breathing, skin ammonia permeability and urea synthesis",Aquatic Toxicology
2-s2.0-33646513708,10.1016/j.enbuild.2006.03.018,https://doi.org/10.1016/j.enbuild.2006.03.018,Modelling indoor illumination by complex fenestration systems based on bidirectional photometric data,Energy and Buildings
2-s2.0-14644395606,10.1016/j.ergon.2004.08.010,https://doi.org/10.1016/j.ergon.2004.08.010,A new evaluation method for daylight discomfort glare,International Journal of Industrial Ergonomics
2-s2.0-4344716399,10.1016/j.enbuild.2004.03.008,https://doi.org/10.1016/j.enbuild.2004.03.008,"Reduced linear state model of hollow blocks walls, validation using hot box measurements",Energy and Buildings
2-s2.0-2342512945,10.1016/j.enbuild.2004.01.048,https://doi.org/10.1016/j.enbuild.2004.01.048,"Experimental work on a linked, dynamic and ventilated, wall component",Energy and Buildings
2-s2.0-0036643156,10.1016/S0045-7906(00)00048-3,https://doi.org/10.1016/S0045-7906(00)00048-3,Adaptive envelope-constrained filtering algorithms for noisy input signals,Computers and Electrical Engineering
2-s2.0-0036532734,10.1016/S0378-7788(01)00116-5,https://doi.org/10.1016/S0378-7788(01)00116-5,Development of a control algorithm to optimize airflow rates through variable size windows,Energy and Buildings
2-s2.0-0042357526,10.1016/s0960-1481(98)00190-6,https://doi.org/10.1016/s0960-1481(98)00190-6,The application of dynamic insulation in buildings,Renewable Energy
2-s2.0-0032186683,10.1016/s0378-7788(98)00023-1,https://doi.org/10.1016/s0378-7788(98)00023-1,Office worker response to an automated venetian blind and electric lighting system: A pilot study,Energy and Buildings
2-s2.0-0032305060,10.1016/s0378-7788(98)00035-8,https://doi.org/10.1016/s0378-7788(98)00035-8,Thermal and daylighting performance of an automated venetian blind and lighting system in a full-scale private office,Energy and Buildings
2-s2.0-0030292257,10.1016/S0038-092X(96)00112-0,https://doi.org/10.1016/S0038-092X(96)00112-0,Seasonal shading of vertical south-facades with prismatic panes,Solar Energy
2-s2.0-0030283817,10.1016/0360-1323(96)00022-4,https://doi.org/10.1016/0360-1323(96)00022-4,Analytical investigation of the steady-state behaviour of dynamic and diffusive building envelopes,Building and Environment
2-s2.0-0029667147,10.1016/0168-1923(95)02246-5,https://doi.org/10.1016/0168-1923(95)02246-5,A simple climagraph for characterizing regional suitability for greenhouse cropping in Greece,Agricultural and Forest Meteorology
2-s2.0-58149363285,10.1016/0097-8493(95)00044-5,https://doi.org/10.1016/0097-8493(95)00044-5,A scalable architecture for volume rendering,Computers and Graphics
2-s2.0-0028175578,10.1016/0360-1323(94)90049-3,https://doi.org/10.1016/0360-1323(94)90049-3,A comparison of passive cooling techniques,Building and Environment
2-s2.0-0000345064,10.1016/0165-1889(91)90018-V,https://doi.org/10.1016/0165-1889(91)90018-V,The envelope theorem in dynamic optimization,Journal of Economic Dynamics and Control
