eid,doi,title,year,source,issn,volume,issue,pageRange,doctype,first_author,author_names,author_ids,affilname,affiliation_country,citedby_count,openaccess,authkeywords
2-s2.0-105038431270,10.1038/s41598-026-44644-9,Comparing daylight performance of dynamic and static shadings in office façades across multiple U.S. cities with various sky conditions,2026,Scientific Reports,,16,1,,Article,Ziaee N.,,,Art University of Isfahan,Iran,0,1,
2-s2.0-105035804991,10.1007/s44217-026-01426-9,Integrating dynamic façade design into architectural education and practice through Mashrabiya-inspired kinetic systems,2026,Discover Education,,5,1,,Article,Fardous I.,,,Prince Sultan University,Saudi Arabia,0,1,
2-s2.0-105039523489,10.1007/s43621-026-03014-1,Genetic algorithm-based assessment of kinetic façade prototypes for energy optimization and user comfort: a hotel case study in Iran,2026,Discover Sustainability,,7,1,,Article,Safaripoor S.,,,"Islamic Azad University, Bandar Abbas Branch",Iran,0,1,
2-s2.0-105036579469,10.1061/JAEIED.AEENG-2247,Optimizing Ventilation and Temperature Reduction in Administrative Buildings Using Kinetic Facade Systems: A Response Surface Methodology Approach,2026,Journal of Architectural Engineering,10760431,32,3,,Article,Abdelhady M.I.,,,Faculty of Technology and Education,Egypt,0,0,
2-s2.0-105039829141,10.1016/j.autcon.2026.107051,3D-to-4D printing technologies in construction: Roadmap review of current status and potential applications,2026,Automation in Construction,09265805,189,,,Review,Rajeev P.,,,Swinburne University of Technology,Australia,0,1,
2-s2.0-105039967513,10.1016/j.enbuild.2026.117682,"Systematic review of nanocoatings for building envelopes: thermal, radiative, and durability trends across materials and climatic contexts",2026,Energy and Buildings,03787788,366,,,Review,Boostani H.,,,Woxsen University,India,0,1,
2-s2.0-105039813460,10.1016/j.enbuild.2026.117660,Optimization of thermally variable solar collection walls integrated with flat plate gravity heat pipes,2026,Energy and Buildings,03787788,365,,,Article,Shi S.,,,Tsinghua University,China,0,0,
2-s2.0-105024140128,10.1016/j.foar.2025.09.007,Energy harvest and daylighting performance of dynamic photovoltaic shading system-a comparison study in various climate zones of China,2026,Frontiers of Architectural Research,20952635,15,4,1251-1266,Article,Wang W.,,,Hong Kong University of Science and Technology,Hong Kong,0,1,
2-s2.0-105038897769,10.1016/j.compeleceng.2026.111244,A novel reconfiguration approach to mitigate effect of static and dynamic shading on PV array,2026,Computers and Electrical Engineering,00457906,136,,,Article,Kataria S.,,,Dr. B.R. Ambedkar National Institute of Technology,India,0,0,
2-s2.0-105039786699,10.1016/j.buildenv.2026.114752,Wind-driven rain mitigation effects of building facade shading systems: insights from comparative field measurements,2026,Building and Environment,03601323,301,,,Article,Huang S.,,,South China University of Technology,China,0,0,
2-s2.0-105034636250,10.1016/j.atech.2026.101989,"Potato cultivation in agrivoltaic systems in Northern Italy: a four-year case study on array setup, shading patterns, and yield response",2026,Smart Agricultural Technology,,14,,,Article,Colauzzi M.,,,"Università Cattolica del Sacro Cuore, Campus di Piacenza e Cremona",Italy,0,1,
2-s2.0-105037738369,10.1016/j.tranpol.2026.104187,Context-sensitive safety policy for highway railway grade crossings: Evidence from fatal crash pattern analysis,2026,Transport Policy,0967070X,184,,,Article,Baitullah A.,,,Texas State University,United States,0,0,
2-s2.0-105038742714,10.1016/j.buildenv.2026.114718,Real-time optimization of a dynamic solar PV integrated shading design with data-driven reactive control and spatial daylighting prediction,2026,Building and Environment,03601323,300,,,Article,Zhang H.,,,"Huawei Technologies Co., Ltd.",China,0,0,
2-s2.0-105032991932,10.1016/j.susmat.2026.e01957,Bio-inspired 4D printing of earthen soil composites for structural living wall applications,2026,Sustainable Materials and Technologies,22149929,48,,,Article,Yousaf A.,,,"Hamad Bin Khalifa University, College of Science and Engineering",Qatar,0,1,
2-s2.0-105038814362,10.1016/j.buildenv.2026.114744,Green facades and building energy performance: a multi-climate perspective,2026,Building and Environment,03601323,300,,,Article,Chen Q.,,,South China Agricultural University,China,0,0,
2-s2.0-105037445983,10.1016/j.energy.2026.141166,"Experimentally validated numerical model of adaptive envelopes with macroencapsulated PCMs under real conditions, including the effects of the capsule and indoor temperature variation",2026,Energy,03605442,355,,,Article,Alvarez-Rodriguez M.,,,Universidad de Oviedo,Spain,0,1,
2-s2.0-105038348691,10.1016/j.enbuild.2026.117603,Multilayer thermochromic radiative cooling smart window for building thermal regulation,2026,Energy and Buildings,03787788,363,,,Article,Zeng H.,,,Shanghai University,China,0,0,
2-s2.0-105037762368,10.1016/j.applthermaleng.2026.131205,"Comprehensive evaluation of building energy load, power generation, and shading effects of vertical single-axis tracking PV louver systems",2026,Applied Thermal Engineering,13594311,299,,,Article,Sun Y.,,,China MCC5 Group Corp. Ltd.,China,0,0,
2-s2.0-105038761297,10.1016/j.jedc.2026.105334,Dynamic order dispersion and volatility persistence in a simple limit order book model,2026,Journal of Economic Dynamics and Control,01651889,188,,,Article,Hawley A.,,,Johns Hopkins University,United States,0,1,
2-s2.0-105036328474,10.1016/j.nxener.2026.100622,Advanced LSTM-based approach for fault detection and shading pattern identification in solar photovoltaic system using the Internet of Things,2026,Next Energy,,12,,,Article,M. A H.,,,Vel Tech Rangarajan Dr.Sagunthala R&D Institute of Science and Technology,India,0,1,
2-s2.0-105037440667,10.1016/j.enbuild.2026.117493,Climate-responsive envelope design for educational buildings: A comparative simulation study between the UK and Egypt,2026,Energy and Buildings,03787788,362,,,Article,Ozarisoy B.,,,United Arab Emirates University,United Arab Emirates,0,1,
2-s2.0-105032881431,10.1016/j.conengprac.2026.106893,Observer-based robust MPC for trajectory tracking of autonomous vehicles with dynamic envelopes,2026,Control Engineering Practice,09670661,172,,,Article,Cai G.,,,Southeast University,China,1,0,
2-s2.0-105036251755,10.1016/j.buildenv.2026.114615,Impacts of balconies on air quality within idealized building array: CFD modelling with solar radiation,2026,Building and Environment,03601323,298,,,Article,Chen G.,,,Aarhus Universitet;South China Agricultural University,Denmark;China,0,0,
2-s2.0-105036242306,10.1016/j.energy.2026.141017,Finite element modeling and experimental study on an innovative pavement module integrated photovoltaic-piezoelectric effects,2026,Energy,03605442,353,,,Article,Yin C.,,,Wuxi University,China,0,0,
2-s2.0-105035264470,10.1016/j.energy.2026.140990,"Digital twin and AI-driven smart adaptive walls for energy, comfort and carbon optimization in intelligent green buildings",2026,Energy,03605442,353,,,Article,Abuhussain M.A.,,,Najran University,Saudi Arabia,0,0,
2-s2.0-105034360495,10.1016/j.buildenv.2026.114541,"Predicting emotional impact of adaptive façades through Machine Learning, A VR-based study with PAD assessment",2026,Building and Environment,03601323,297,,,Article,Pantilimonescu-Cioancă F.,,,Ion Mincu University of Architecture and Urbanism,Romania,0,0,
2-s2.0-105034627643,10.1016/j.jweia.2026.106394,Cyber-physical smart morphing facades driven by reinforcement learning for wind-induced vibration control in tall buildings,2026,Journal of Wind Engineering and Industrial Aerodynamics,01676105,273,,,Article,Dokhaei B.,,,College of Engineering,United States,0,0,
2-s2.0-105025022388,10.1016/j.egyr.2025.12.042,"Impact of microalgae-integrated windows on building performance: Energy, daylight, and carbon analysis using an innovative simulation method",2026,Energy Reports,,15,,,Article,Nazari S.,,,University of Tehran;University of Technology Sydney,Iran;Australia,1,1,
2-s2.0-105035254581,10.1016/j.enbuild.2026.117351,Building robustness: measuring climate-responsive performance with information theory,2026,Energy and Buildings,03787788,360,,,Article,Braham W.W.,,,University of Pennsylvania Stuart Weitzman School of Design,United States,0,1,
2-s2.0-105024611275,10.1016/j.sftr.2025.101599,Multi-objective optimization framework to achieve near-zero energy building in the Czech Republic for future climatic conditions,2026,Sustainable Futures,26661888,11,,,Article,Bavarsad F.S.,,,University Centre for Energy Efficient Buildings,Czech Republic,3,1,
2-s2.0-105032701225,10.15627/jd.2026.5,Sequential Multi-Objective Optimization and Post-optimization Sensitivity Analysis of Light Shelf Variables in Semi-Arid Climates,2026,Journal of Daylighting,23838701,13,1,76-96,Article,Rezaei F.,,,Khatam University,Iran,0,1,
2-s2.0-105026452555,10.1016/j.egyr.2025.109017,Hourly solar irradiance estimation and building-surface solar potential assessment via remote sensing and machine learning for data-scarce mountainous regions,2026,Energy Reports,,15,,,Article,Xu L.,,,Chengdu University,China,0,1,
2-s2.0-105038769941,10.1016/j.rico.2026.100732,Real-time validation of a partially shaded SAPV system using a sliding-inspired OCO-enhanced P&O MPPT Algorithm,2026,Results in Control and Optimization,,23,,,Article,Kurian A.A.,,,"Vellore Institute of Technology, Chennai",India,0,1,
2-s2.0-105031629892,10.1016/j.precisioneng.2026.02.017,Real-time monitoring of grinding wheel using a dynamic envelope model,2026,Precision Engineering,01416359,100,,39-51,Article,Du X.,,,Shandong University;Key Laboratory of High Efficiency and Clean Mechanical Manufacture,China;China,0,0,
2-s2.0-105035388547,10.1016/j.buildenv.2026.114479,3D façade geometry as a dual passive control in hot urban canyons: reducing street MRT and cooling loads,2026,Building and Environment,03601323,297,,,Article,Naboni E.,,,"Universidad de Sevilla;Università di Parma;Royal Danish Academy – Architecture, Design, Conservation;Norman Foster Institute",Spain;Italy;Denmark;Spain,0,0,
2-s2.0-105035055152,10.1016/j.enbuild.2026.117393,Climate-adaptive energy performance of green facades in a composite climate,2026,Energy and Buildings,03787788,360,,,Article,Khan I.H.,,,Jamia Millia Islamia;Ministry of Housing and Urban Affairs,India;India,0,0,
2-s2.0-105039957234,10.1073/pnas.2535522123,Indoor thermoregulatory homeostasis using hydrodynamic instability,2026,Proceedings of the National Academy of Sciences of the United States of America,00278424,123,21,,Article,Kay R.,,,University of Toronto;Harvard John A. Paulson School of Engineering and Applied Sciences,Canada;United States,0,1,
2-s2.0-105039260780,10.1021/acsami.6c04063,Durable VO2-Based Thermochromic Paint for Energy-Efficient Opaque Building Facades,2026,ACS Applied Materials and Interfaces,19448244,18,19,28101-28114,Article,Guo X.,,,KU Leuven,Belgium,0,0,
2-s2.0-105033708421,10.1016/j.buildenv.2026.114519,Segmented dynamic photovoltaic shading façade based on kiri-origami: Multi-objective decision-making and interpretable machine learning analysis,2026,Building and Environment,03601323,296,,,Article,Qi Z.,,,Qingdao University of Technology;The University of Kitakyushu,China;Japan,0,0,
2-s2.0-105033720864,10.1016/j.buildenv.2026.114495,"Behavior-informed split-pane electrochromic window control: laboratory experiment, comfort threshold extraction, and strategy validation",2026,Building and Environment,03601323,296,,,Article,Zhong Y.,,,Hunan University,China,0,0,
2-s2.0-105037816760,10.31202/ecjse.1786255,Biomimetic Design of a Climate-Responsive Building Envelope Cell Performing Under Both Hot and Cold Weather Conditions,2026,El Cezeri Journal of Science and Engineering,,13,2,255-273,Article,Avcıoğlu B.Ç.,,,Gazi Üniversitesi,Turkey,0,1,
2-s2.0-105040080485,10.3390/en19102267,Modeling of Adaptive Shading Adjustment Behavior in Buildings and Its Impacts on Building Energy Consumption and Indoor Lighting and Thermal Environments: A Systematic Review,2026,Energies,,19,10,,Review,Li S.,,,Ningbo University,China,0,1,
2-s2.0-105027935795,10.1016/j.solmat.2026.114163,Comprehensive VIPV energy yield and MPPT evaluation under realistic dynamic shading in urban environments,2026,Solar Energy Materials and Solar Cells,09270248,298,,,Article,Moruno R.,,,"Instituto de Energía Solar, Universidad Politécnica de Madrid",Spain,2,1,
2-s2.0-105036503017,10.1115/1.4071458,Artificial Intelligence-Driven Adaptive Facade Systems in High-Rise Buildings: A Study on Integrating Machine Learning With Real-Time Environmental Data to Optimize Energy Efficiency,2026,Journal of Engineering for Sustainable Buildings and Cities,26426641,7,2,,Article,AlBattat H.A.,,,The University of Jordan,Jordan,0,0,
2-s2.0-105038219631,10.1093/jcde/qwag038,Predictive collective control of large-scale kinetic facades via graph neural networks and reinforcement learning: From simulation to physical validation,2026,Journal of Computational Design and Engineering,22884300,13,5,1-30,Article,Shin S.,,,Chung-Ang University,South Korea,0,1,
2-s2.0-105031895975,10.1016/j.applthermaleng.2026.130448,Design development and characterization of thermotropic façade system with honeycomb construction,2026,Applied Thermal Engineering,13594311,293,,,Article,Ming Y.,,,Southwest Jiaotong University,China,0,0,
2-s2.0-105040066374,10.3390/cimb48050521,Genome-Wide Analysis of bZIP Transcription Factors and Expression Patterns in Response to Shading Treatment in Taxus yunnanensis,2026,Current Issues in Molecular Biology,14673037,48,5,,Article,Fan J.,,,Sichuan Agricultural University,China,0,1,
2-s2.0-105028497514,10.1016/j.ecmx.2026.101604,Photovoltaic maximum power point tracking through reconfiguration and algorithm strategy: a comprehensive review,2026,Energy Conversion and Management X,,30,,,Review,Li Y.Y.,,,Universiti Malaya,Malaysia,0,1,
2-s2.0-105034579858,10.1016/j.renene.2026.125415,"Design, experimental testing, and numerical investigation of a ventilated semi-transparent photovoltaic facade integrated with supply-air conditioning in summer",2026,Renewable Energy,09601481,263,,,Article,Xu S.,,,University of Science and Technology of China;Key Laboratory of Solar Thermal Conversion of Anhui Province,China;China,0,0,
2-s2.0-105037547057,10.1007/s00484-026-03207-3,Revealing walking experiences for shading based gendered perceptions of thermal comfort in a hot city,2026,International Journal of Biometeorology,00207128,70,5,,Article,Liu H.,,,University of Oxford;Macau University of Science and Technology,United Kingdom;Macao,0,0,
2-s2.0-105031172632,10.1016/j.enbuild.2026.117192,RHpT: Bioclimatic framework for passive climate-adaptive bio-façades in urban contexts,2026,Energy and Buildings,03787788,358,,,Article,Debnath K.B.,,,Newcastle University;University of Technology Sydney,United Kingdom;Australia,0,1,
2-s2.0-105038552379,10.3390/buildings16091779,Research on the Impact of Transition Space on the Optimization of Thermal Environment in Community Elderly Indoor Activity Spaces,2026,Buildings,,16,9,,Article,Hou G.,,,Hebei University of Technology,China,0,1,
2-s2.0-105040100498,10.3390/buildings16101887,Dynamic Optimization Model for Passive Solar Shading and Its Application in Building Energy Efficiency Across Multiple,2026,Buildings,,16,10,,Article,Chen S.,,,Nanjing Tech University,China,0,1,
2-s2.0-105033239035,10.1016/j.buildenv.2026.114475,Surrogate model-based design optimization of modular façades under multifunctional scenarios,2026,Building and Environment,03601323,295,,,Article,Zhang C.,,,National University of Singapore;Southeast University,Singapore;China,2,0,
2-s2.0-105031888860,10.1016/j.enbuild.2026.117222,"High-performance envelopes in the Mediterranean: Energy and comfort effects of BIPVs, shading devices, and green walls",2026,Energy and Buildings,03787788,358,,,Review,Merç K.E.,,,Izmir Yüksek Teknoloji Enstitüsü,Turkey,0,0,
2-s2.0-105031735170,10.1016/j.enconman.2026.121306,Adaptive photonic films for fenestration-integrated PV technology to enhance energy saving and thermal comfort: Concept and theoretical investigation,2026,Energy Conversion and Management,01968904,355,,,Article,Wang C.,,,City University of Hong Kong,Hong Kong,0,0,
2-s2.0-105027941516,10.1016/j.solmat.2026.114162,Haze-engineered electrochromic WO3 smart windows for tunable solar modulation and privacy control,2026,Solar Energy Materials and Solar Cells,09270248,298,,,Article,Madhavan N.D.,,,Academy of Scientific and Innovative Research (AcSIR);National Institute for Interdisciplinary Science and Technology,India;India,0,0,
2-s2.0-105040050308,10.3390/en19102376,Analysis of Light Environment and Energy Performance of Smart Farms with Thermochromic Window Application,2026,Energies,,19,10,,Article,Seo J.,,,Chungwoon University,South Korea,0,1,
2-s2.0-105034725653,10.1016/j.conbuildmat.2026.146124,Drying process in a 3D-printed multilayer wall system: An experimental and numerical analysis,2026,Construction and Building Materials,09500618,521,,,Article,Pessoa S.,,,Universidade do Porto,Portugal,0,1,
2-s2.0-105036436530,10.1021/acsomega.5c11485,"Transparent Wood with Polymer-Dispersed Liquid Crystals for Next-Generation Smart Windows: Prospective for Energy Efficiency, Diurnal Light, and CO2 Emission Mitigation",2026,ACS Omega,,11,15,22688-22704,Article,Rajan R.,,,Vellore Institute of Technology,India,0,1,
2-s2.0-105031083425,10.1016/j.enconman.2026.121289,An endogenous adaptive slime mould algorithm for curved photovoltaic systems MPPT under dynamic self-shading,2026,Energy Conversion and Management,01968904,354,,,Article,Xiang Q.,,,Jimei University,China,0,0,
2-s2.0-105029653511,10.1016/j.enbuild.2026.117104,Bio-jaali: Reimagining vernacular passive cooling screens with mycelium-based composites,2026,Energy and Buildings,03787788,357,,,Article,Debnath K.B.,,,Newcastle University;University of Technology Sydney,United Kingdom;Australia,1,1,
2-s2.0-105035264735,10.1016/j.oceaneng.2026.124608,Lyapunov-EMPC based MPPT control for offshore bifacial photovoltaic systems considering environmental uncertainty,2026,Ocean Engineering,00298018,352,P2,,Article,Li J.,,,Lanzhou Jiaotong University,China,0,0,
2-s2.0-105040227506,10.1117/12.3090546,Smart Adaptable Multistable Building Facades,2026,Proceedings of SPIE the International Society for Optical Engineering,0277786X,13949,,,Conference Paper,Musa M.M.E.,,,College of Engineering,United States,0,0,
2-s2.0-105024759679,10.1016/j.bspc.2025.109417,"Adaptive weighted CEEMDAN-driven vibroacoustic augmentation and classification for precise, multiclass knee osteoarthritis assessment",2026,Biomedical Signal Processing and Control,17468094,115,,,Article,Jha P.K.,,,Indian Institute of Technology Guwahati;Swayogya Rehab Solutions Private Limited,India;India,1,0,
2-s2.0-105024445764,10.1108/OHI-12-2024-0402,Algorithmic replication of macramé techniques: bridging analog movements with computational design,2026,Open House International,01682601,51,2,304-326,Article,Çevik A.N.,,,T.C. Istanbul Kültür Üniversitesi,Turkey,0,0,
2-s2.0-105037043202,10.3390/buildings16081519,The Development and Performance of a Novel Switchable Shading Device,2026,Buildings,,16,8,,Article,Magri E.,,,L-Università ta' Malta,Malta,0,1,
2-s2.0-105036811313,10.3390/buildings16081615,"Wind-Sound Synergy and Fractal Design: Intelligent, Adaptive Acoustic Façades for High-Performance, Climate-Responsive Buildings",2026,Buildings,,16,8,,Article,Tan L.,,,The Hong Kong Polytechnic University,Hong Kong,0,1,
2-s2.0-105034762437,10.51461/issn.2309-3072/87.2744,Breathing architecture: Integrating nature and cities,2026,Project Baikal,23074485,,87,92-101,Article,Juraev S.,,,Tashkent State University of Oriental Studies,Uzbekistan,0,1,
2-s2.0-105029437626,10.1016/j.jweia.2026.106373,Advancing tornado-like vortex (TLV) generation in straight-line wind simulators: An LES study,2026,Journal of Wind Engineering and Industrial Aerodynamics,01676105,271,,,Article,Hasan M.A.,,,Texas Tech University,United States,0,0,
2-s2.0-105029367098,10.1016/j.enbuild.2026.117116,A Non-Invasive stacked ensemble framework with shadow correction for Cost-Effective daylight illuminance prediction in buildings,2026,Energy and Buildings,03787788,356,,,Article,Li S.,,,Dalian Minzu University,China,0,0,
2-s2.0-105032533589,10.1016/j.jobe.2026.115816,Mimosa pudica-inspired phase change-driven reversible building facades for zero-energy thermal management,2026,Journal of Building Engineering,,123,,,Article,Li Y.,,,Chang'an University,China,0,0,
2-s2.0-105029256420,10.1016/j.applthermaleng.2026.129995,An experimental study on thermal effects in building integrated semi transparent double skin façades for a nearly zero energy building,2026,Applied Thermal Engineering,13594311,290,,,Article,Gür M.,,,Firat Üniversitesi,Turkey,3,0,
2-s2.0-105033816142,10.1007/s41024-026-00802-0,BIM-BES-based energy performance simulation of library-type buildings considering cold winter/hot summer climate regime with passive strategies,2026,Journal of Building Pathology and Rehabilitation,23653159,11,2,,Article,Aybek Özdemir D.,,,Bingöl Üniversitesi,Turkey,0,0,
2-s2.0-105037211958,10.3390/plants15081236,A Condition-Aware Shading Domain-Adaptive Framework for Robust Chlorophyll Inversion Across Shade Managements in Hopea hainanensis,2026,Plants,,15,8,,Article,Chen L.,,,Hainan Academy of Mangrove;The Innovation Platform for Academicians of Hainan Province,China;China,0,1,
2-s2.0-105037088748,10.3390/solar6020014,Dynamic Optimisation of Façade-Integrated Solar Cooling Elements: Adsorption Cooling Versus Photovoltaic Scenarios,2026,Solar,,6,2,,Article,Weber S.O.,,,Universität Stuttgart,Germany,0,1,
2-s2.0-105036827686,10.3390/automation7020050,Hierarchical Data-Driven and PSO-Based Energy Management of Hybrid Energy Storage Systems in DC Microgrids,2026,Automation,,7,2,,Article,Banka S.,,,Jawaharlal Nehru Technological University Anantapur;BVRIT Hyderabad College of Engineering for Women,India;India,1,1,
2-s2.0-105032353552,10.1016/j.jobe.2026.115775,Optimizing air-layer thickness for enhanced thermal regulation in dynamic PCM wall systems: An experimental study,2026,Journal of Building Engineering,,123,,,Article,Li W.,,,Université de Lorraine,France,1,1,
2-s2.0-105028259989,10.1109/JIOT.2026.3656347,Drone-Supervised Multimodal Sensor Fusion for Infrastructure-Based Vehicle Detection in Bird's Eye View,2026,IEEE Internet of Things Journal,,13,7,13775-13786,Article,Jahan I.A.,,,College of Engineering and Computer Science,United States,1,0,
2-s2.0-105034988107,10.21608/mid.2025.405064.3027,Emergence of multidrug resistant opportunistic pathogens: A study on Gram negative isolates from cancer patients,2026,Microbes and Infectious Diseases,26824132,7,2,1076-1084,Article,Alkilany L.F.,,,Assiut University,Egypt,0,1,
2-s2.0-105034756776,10.5935/jetia.v12i58.3207,RED-TAILED HAWK (RTH) ALGORITHM FOR OPTIMAL PV RECONFIGURATION IN IRRIGATION SYSTEMS UNDER PARTIAL SHADING CONDITIONS,2026,Journal of Engineering and Technology for Industrial Applications,,12,58,621-634,Article,Loukriz A.,,,Université des Sciences et de la Technologie Houari Boumediene,Algeria,0,1,
2-s2.0-105027730165,10.1016/j.est.2026.120555,Replacing natural aggregates with phase change material-based 3D printed aggregates in concrete for structural function and dual thermal energy storage,2026,Journal of Energy Storage,,151,,,Article,Gencel O.,,,Bartin Üniversitesi,Turkey,1,0,
2-s2.0-105029086300,10.1016/j.enbuild.2026.117066,Self-Powered dynamic Façades using thermoelectric generators and phase change materials,2026,Energy and Buildings,03787788,355,,,Article,Mohajerzadeh Z.,,,Pennsylvania State University,United States,2,0,
2-s2.0-105028592145,10.1016/j.buildenv.2026.114295,From greenwashing to grounded practice: A context-specific biophilic design framework for hot arid climates,2026,Building and Environment,03601323,292,,,Article,Tekin B.H.,,,Sakarya Üniversitesi,Turkey,1,0,
2-s2.0-105026838347,10.1016/j.renene.2026.125193,A reinforcement learning-based Synergistic Hybrid Evolutionary Algorithm for multi-angle shipboard photovoltaic system MPPT under dynamic navigational shading,2026,Renewable Energy,09601481,260,,,Article,Xiang Q.,,,Jimei University,China,1,0,
2-s2.0-105028922736,10.1016/j.enbuild.2026.117021,Performance optimization of parametric hexagonal façade openings for natural ventilation and cooling load reduction in high-rise buildings,2026,Energy and Buildings,03787788,355,,,Article,Aeinfar S.,,,İstanbul Teknik Üniversitesi,Turkey,0,0,
2-s2.0-105033364612,10.30822/arteks.v11i1.4857,Adaptive facade systems: classification proposal and bibliometric analysis developed through systematic literature review,2026,Arteks Jurnal Teknik Arsitektur,25410598,11,1,263-276,Article,Kizilörenli E.,,,Dokuz Eylül Üniversitesi;Yaşar Üniversitesi,Turkey;Turkey,0,1,
2-s2.0-105034324352,10.3390/su18063052,Daylight Evaluation of Static and Kinetic Horizontal Shading Systems for Sustainable Visual Comfort: Experimental Illuminance Measurements and Calibrated Simulation,2026,Sustainability Switzerland,,18,6,,Article,Brzezicki M.,,,Politechnika Wrocławska,Poland,0,1,
2-s2.0-105030487037,10.1016/j.rineng.2026.109601,The FlectoLine module: Transferring glass fiber-reinforced polymer/elastomer hybrid composites to responsive architectural outdoor applications,2026,Results in Engineering,,29,,,Article,Born L.,,,Universität Stuttgart,Germany,1,1,
2-s2.0-105034142621,10.3390/biomimetics11030222,Challenging the Biomimetic Promise 2.0: Negative Spillover of Bio-Inspired Versus Sustainability Framing on Public Perceptions of Bio-Inspired Technologies,2026,Biomimetics,,11,3,,Article,Fenn J.,,,Universität Freiburg,Germany,0,1,
2-s2.0-105034519815,10.17660/ActaHortic.2026.1450.7,"Agrivoltaic systems, an opportunity to mitigate the risk of climatic hazards in apricot orchards while producing renewable energy",2026,Acta Horticulturae,05677572,1450,,53-60,Conference Paper,Jardon C.,,,Université de Montpellier;Université Clermont Auvergne;Fonctionnement Agroécologique et Performances des Systèmes de Culture Horticoles (HortSys);SOLVEO Energies,France;France;France;France,0,2,
2-s2.0-105032754558,10.3390/buildings16051048,Optimizing Thermal–Daylight Performance of South-Facing High-Rise Apartment Rooms Using Slat-Based Shading Devices in Tropical Regions,2026,Buildings,,16,5,,Article,Hong Y.,,,Universiti Kebangsaan Malaysia;Chongqing University of Science and Technology,Malaysia;China,0,1,
2-s2.0-105032553659,10.11591/ijpeds.v17.i1.pp343-358,Development of numerical model-based photovoltaic emulator for half-cut cell PV panel with multiple peaks output characteristics curve emulation capability,2026,International Journal of Power Electronics and Drive Systems,20888694,17,1,343-358,Article,Lee J.S.Z.,,,UCSI University,Malaysia,0,1,
2-s2.0-105027735625,10.1016/j.enbuild.2026.116974,Thermal performance and climate adaptability of a Double-Glazed moss living wall,2026,Energy and Buildings,03787788,354,,,Article,Chen Q.,,,Huazhong University of Science and Technology,China,0,0,
2-s2.0-105033891051,10.1016/j.istruc.2026.111089,Dynamic performance of façade systems during lifting and transportation in prefabricated modules,2026,Structures,,85,,,Article,Hajirezaei R.,,,Western Sydney University,Australia,1,1,
2-s2.0-105032795359,10.3390/plants15050717,Desert Physio-Ecological Adaptation of Amorpha fruticosa to Dynamic Shading Under Photovoltaic Panels in a Sandy Region,2026,Plants,,15,5,,Article,Liu L.,,,Neimenggu Agricultural University,China,0,1,
2-s2.0-105034087910,10.3390/sci8030053,"Multi-Criteria Evaluation of Cooling-Oriented Envelope Retrofit Technologies for Energy, Thermal Comfort and Cost Performance",2026,Sci,,8,3,,Article,Kitsopoulou A.,,,School of Mechanical Engineering - NTUA,Greece,1,1,
2-s2.0-105032665560,10.3390/su18052467,A Performance-Based Methodology for Retrofitting Buildings Guided by Visual Comfort,2026,Sustainability Switzerland,,18,5,,Article,Caccia G.,,,Politecnico di Milano,Italy,0,1,
2-s2.0-105032667262,10.3390/su18052379,Integrating Generative Design and Artificial Intelligence for Optimized Energy-Efficient Composite Facades in Next-Generation Smart Buildings,2026,Sustainability Switzerland,,18,5,,Article,Al-Jamal M.Q.,,,Jadara University,Jordan,1,1,
2-s2.0-105034380016,10.1007/s42247-026-01355-1,Multi-scale characterization of acacia gum as an alternative plant-based biopolymer binder for CO2 sequestering earthen soil composites,2026,Emergent Materials,25225731,9,1-3,,Article,Yousaf A.,,,"Hamad Bin Khalifa University, College of Science and Engineering",Qatar,0,0,
2-s2.0-105027279474,10.1016/j.enbuild.2025.116940,Integrating greenery systems and active insulation into adaptive building envelopes for enhanced sustainability and thermal resilience,2026,Energy and Buildings,03787788,354,,,Article,He Y.,,,Tickle College of Engineering,United States,0,0,
2-s2.0-105034355708,10.3390/architecture6010032,From Urban Heat Islands to Resilient Cities: A Conceptual Framework for Resilient and Sustainable Urban Environments,2026,Architecture,,6,1,,Review,Mendis A.P.K.D.,,,Westford University College,United Arab Emirates,0,1,
2-s2.0-105021091145,10.1007/s00004-025-00848-6,"Geometric Feasibility of Kinetic Islamic Geometric Patterns: A Case Study of Ten-Point star Configurations in Five Mosques in Isfahan, Iran",2026,Nexus Network Journal,15905896,28,1,89-119,Article,Nazarzadeh Ansaroudi F.,,,The University of Adelaide,Australia,0,0,
2-s2.0-105026129649,10.1016/j.solener.2025.114279,Optimizing building integrated photovoltaic facades: A parametric approach for enhanced energy efficiency and daylighting performance,2026,Solar Energy,0038092X,306,,,Article,Öngören Ö.,,,İstanbul Teknik Üniversitesi,Turkey,0,1,
2-s2.0-105034154479,10.3390/eng7030119,Parametric Investigation of Climate-Responsive Roof Design Strategies for Buildings in India,2026,Eng,,7,3,,Article,Gopalakrishnan S.,,,SRM Institute of Science and Technology,India,0,1,
2-s2.0-105025476275,10.1016/j.enbuild.2025.116895,Numerical analysis of a glassed dynamic PCMs solar wall,2026,Energy and Buildings,03787788,353,,,Article,Zabihi Sheshpoli A.,,,Universitat de Lleida,Spain,0,1,
2-s2.0-105025372668,10.1016/j.enbuild.2025.116861,"Optimizing building energy efficiency through microalgae façades: impact of cell density, biomass, and panel thickness on solar heat gain and light transmittance",2026,Energy and Buildings,03787788,353,,,Article,Sangdeh P.K.,,,The University of North Carolina at Charlotte,United States,1,1,
2-s2.0-105030716921,10.36922/JCAU025120026,Energy savings from the shading performance of devices in highly glazed multi-story office buildings in the tropical climates of China and India,2026,Journal of Chinese Architecture and Urbanism,,8,1,,Article,Chandrasekaran C.,,,Vellore Institute of Technology,India,2,1,
2-s2.0-105026234652,10.1002/smll.202512061,Carbon Nanotube Artificial Muscles Multistimuli Actuation Mechanisms and Emerging Applications,2026,Small,16136810,22,8,,Review,Kim C.,,,University of Oxford;SKKU Advanced Institute of Nano Technology,United Kingdom;South Korea,2,0,
2-s2.0-105030437657,10.1117/12.3098842,Iterative digital elevation model optimization via ray tracing and multiscale dynamic shape-from-shading reconstruction,2026,Proceedings of SPIE the International Society for Optical Engineering,0277786X,14057,,,Conference Paper,Zhang Z.,,,University of Chinese Academy of Sciences;Technology and Engineering Center for Space Utilization,China;China,0,0,
2-s2.0-105030025564,10.3390/app16031574,Sustainable Urban Planning for High-Rise Residential Complexes Using an Adaptive Facade System,2026,Applied Sciences Switzerland,,16,3,,Article,Choi H.S.,,,Gachon University,South Korea,0,1,
2-s2.0-105031363848,10.3390/buildings16040798,Evaluation of the Annual Power Generation Characteristics and Energy Efficiency of Sun-Tracking Photovoltaic Windows in the Hangzhou Area,2026,Buildings,,16,4,,Article,Yang X.,,,Zhejiang Agriculture and Forestry University,China,0,1,
2-s2.0-105031493650,10.3390/buildings16040861,A Conceptual Framework for Pollution-Resilient Aluminium Façades: Introducing the Pollution Degradation Modifier (PDM),2026,Buildings,,16,4,,Article,Naqash M.T.,,,Islamic University of Madinah,Saudi Arabia,0,1,
2-s2.0-105031454334,10.3390/machines14020210,Control Method and Simulation of Reconfigurable Façade Cable-Driven Parallel Robots Based on Heuristic Local Rules,2026,Machines,,14,2,,Article,Li Y.,,,Shanghai University of Engineering Science,China,0,1,
2-s2.0-105031427646,10.3390/buildings16040771,From Biomimicry to Climate-Responsive Architecture: Prioritizing Bio-Based and Bio-Inspired Strategies for Sustainable Buildings in Tropical Monsoon Climates,2026,Buildings,,16,4,,Article,Quoc Toan N.,,,Hanoi University of Civil Engineering,Viet Nam,0,1,
2-s2.0-105022659001,10.1016/j.buildenv.2025.114018,Comprehensive review on the impact of building envelopes on indoor thermal comfort in office buildings: Balancing occupant comfort and energy efficiency,2026,Building and Environment,03601323,289,,,Review,Hong D.,,,Ltd.,China,10,0,
2-s2.0-105023821177,10.1016/j.enbuild.2025.116801,Learning personalized visual comfort: A data-driven adaptive shading control framework using artificial intelligence,2026,Energy and Buildings,03787788,352,,,Article,Hao L.,,,Tongji University,China,0,2,
2-s2.0-105031380734,10.3390/su18041860,Envelope Retrofitting by Building-Integrated Agricultural Greenhouses: A Multi-Objective Form Optimisation Procedure,2026,Sustainability Switzerland,,18,4,,Article,Labrozzi E.,,,Politecnico di Milano,Italy,0,1,
2-s2.0-105024887111,10.1016/j.buildenv.2025.114051,Mitigation effects of building facade buffer zones on wind-driven rain: Insights from field measurements,2026,Building and Environment,03601323,289,,,Article,Huang S.,,,South China University of Technology,China,1,0,
2-s2.0-105031432796,10.3390/w18040463,Integrated Passive Cooling Techniques for Energy-Efficient Greenhouses in Hot–Arid Environments: Evidence from a Systematic Review,2026,Water Switzerland,,18,4,,Review,Benzzine H.,,,Université Ibn Tofail,Morocco,0,1,
2-s2.0-105027156887,10.1016/j.jobe.2026.115230,Optimizing bio-based phase change materials in operable façade cavities to enhance cooling energy efficiency,2026,Journal of Building Engineering,,119,,,Article,Aalami N.,,,University of Tehran;RMIT University,Iran;Australia,2,1,
2-s2.0-105029539559,10.1007/s40435-025-01990-2,Advanced control strategy for energy optimization in microgrids using intelligent algorithms: gray wolf optimizer and ANFIS,2026,International Journal of Dynamics and Control,2195268X,14,2,,Article,Lachheb A.,,,"University of Carthage, Ecole Nationale d'Ingenieurs de Carthage",Tunisia,0,0,
2-s2.0-105021344387,10.1016/j.jvscit.2025.102015,Laser fenestration and shape memory polymer embolization of type II endoleaks,2026,Journal of Vascular Surgery Cases Innovations and Techniques,,12,1,,Article,Kedwai B.J.,,,Harvard Medical School,United States,0,1,
2-s2.0-105030680123,10.1051/e3sconf/202668904010,Dynamic Thermal Adaptive Façades: A Comparative Review of Existing Taxonomies,2026,E3s Web of Conferences,25550403,689,,,Conference Paper,Teixeira J.,,,Faculdade de Ciências e Tecnologia da Universidade Nova de Lisboa,Portugal,0,1,
2-s2.0-105023149306,10.1016/j.enbuild.2025.116753,Movement optimization of a movable façade using bimetal as actuators for enhanced indoor airflow,2026,Energy and Buildings,03787788,351,,,Article,Aalami N.,,,University of Tehran;RMIT University,Iran;Australia,1,0,
2-s2.0-105010091312,10.1016/j.eswa.2025.128869,3D-PV: Enhancing PV power prediction by modeling spatial uncertainty under dynamic shading conditions,2026,Expert Systems with Applications,09574174,296,,,Article,Li F.,,,University of Liverpool;Xi'an Jiaotong-Liverpool University,United Kingdom;China,1,0,
2-s2.0-105026119541,10.1016/j.energy.2025.139802,Energy assessment of PCM/T system integrated with interior shading cells in building glass facades,2026,Energy,03605442,343,,,Article,Soliman A.S.,,,Shanghai University;Faculty of Engineering,China;Egypt,2,0,
2-s2.0-105033382870,10.37868/hsd.v8i1.1973,Effects of building façade architectural design elements on thermal comfort and energy efficiency,2026,Heritage and Sustainable Development,,8,1,285-298,Article,Meften H.S.,,,Mustansiriyah University,Iraq,0,1,
2-s2.0-105021992137,10.1016/j.enbuild.2025.116685,Predicting energy usage in fixed-area office buildings: A comprehensive ANN-based study with electrochromic glazing,2026,Energy and Buildings,03787788,351,,,Article,Nguyen V.T.,,,Van Lang University,Viet Nam,0,0,
2-s2.0-105021472577,10.1016/j.buildenv.2025.113948,Evaluating permeable pavements' impact on the thermal environment in street canyons through outdoor experiments under hot and humid background climate,2026,Building and Environment,03601323,288,,,Article,Zhao J.,,,Zhejiang University;College of Civil Engineering and Architecture Zhejiang University;International Research Center for Green Building and Low-Carbon City,China;China;China,3,0,
2-s2.0-105022661726,10.1016/j.buildenv.2025.114040,Assessing cooling–lighting trade-offs in a low-income Jordanian housing archetype under climate change and heat waves,2026,Building and Environment,03601323,288,,,Article,Albadaineh R.,,,King Fahd University of Petroleum and Minerals,Saudi Arabia,0,0,
2-s2.0-105022288003,10.1016/j.buildenv.2025.113983,Effects of building shading on outdoor adaptive thermal comfort and the development of predictive models,2026,Building and Environment,03601323,288,,,Article,Zhou Z.,,,Guangzhou University,China,0,0,
2-s2.0-105021081103,10.1016/j.applthermaleng.2025.128924,Thermal performance and climate applicability analysis of multiple building envelopes,2026,Applied Thermal Engineering,13594311,283,,,Article,Yao Q.,,,Department of Architecture,China,2,0,
2-s2.0-105019973828,10.1016/j.solmat.2025.114000,A bioinspired approach for adaptive solid-solid phase change material coatings with optimized surface features for passive thermal regulation,2026,Solar Energy Materials and Solar Cells,09270248,295,,,Article,Bousselham R.,,,School of Engineering,United States,0,1,
2-s2.0-105015075076,10.1002/adma.202511392,Smart Skin for Zero Energy Buildings: A Review of Thermoresponsive Spectral-Adaptive Envelopes,2026,Advanced Materials,09359648,38,3,,Review,Liu S.,,,Southeast University,China,15,0,
2-s2.0-105035769971,10.1080/17452007.2026.2658645,"Responsive building façades: a systematic review of technologies, challenges, and future directions",2026,Architectural Engineering and Design Management,17452007,,,,Review,Usman U.,,,King Fahd University of Petroleum and Minerals,Saudi Arabia,0,0,
2-s2.0-105027260676,10.1007/s43995-025-00272-4,Harnessing wind energy through responsive kinetic façades for sustainable building design,2026,Journal of Umm Al Qura University for Engineering and Architecture,,,,,Article,Massoud P.,,,Faculty of Energy & Environmental Engineering,Egypt,0,1,
2-s2.0-105038570681,10.1007/978-3-032-10546-2_99,Advancing Simulation Tools: Adaptive Façades for Building Decarbonization,2026,Lecture Notes in Civil Engineering,23662557,788 LNCE,,1051-1061,Conference Paper,André B.,,,The Royal Institute of Technology (KTH),Sweden,0,0,
2-s2.0-105038479955,10.1007/978-3-032-10546-2_136,"Curved-Folding Biomimicry-Inspired Kinetic Facades: Integrating Composite Materials for Energy-Efficient, Motorless Adaptive Building Envelope",2026,Lecture Notes in Civil Engineering,23662557,788 LNCE,,1432-1441,Conference Paper,Altaweel M.,,,University of Kansas,United States,0,0,
2-s2.0-105035744454,10.1007/978-981-95-1826-5_17,Dynamic Shading Device with Phase Change Materials: Optimized Performance for Resilient and Sustainable Building Stock,2026,Lecture Notes in Civil Engineering,23662557,744 LNCE,,151-158,Conference Paper,Gonçalves M.,,,Universidade de Aveiro,Portugal,0,0,
2-s2.0-105009429618,10.1080/14733315.2025.2524918,Performance optimization of an office building with a dynamic façade system,2026,International Journal of Ventilation,14733315,25,1,31-43,Article,Wang Z.,,,Technische Universiteit Eindhoven,Netherlands,0,1,
2-s2.0-105037803012,10.1109/SoutheastCon63549.2026.11476704,Intelligent Facades: An IIoT and Digital Twin Framework for Occupancy-Aware Kinetic Envelope Control,2026,Conference Proceedings IEEE SOUTHEASTCON,10910050,,,,Conference Paper,Salamaga D.,,,Kennesaw State University,United States,0,0,
2-s2.0-105033982139,10.3389/fbuil.2026.1788657,Multi-criteria performance assessment of an adaptive kinetic photovoltaic shading system,2026,Frontiers in Built Environment,,12,,,Article,Ghidini A.C.,,,Universität Stuttgart,Germany,0,1,
2-s2.0-105028162151,10.1051/epjpv/2025026,Vehicle integrated photovoltaics module architecture optimization under dynamic shading,2026,EPJ Photovoltaics,,17,,,Article,Moruno R.,,,Universidad Politécnica de Madrid,Spain,0,1,
2-s2.0-105029808836,10.3389/fbuil.2025.1753356,Adaptive high-performance and multifunctional façade systems,2026,Frontiers in Built Environment,,11,,,Article,Matheou M.,,,Universität Stuttgart,Germany,0,1,
2-s2.0-105038361506,10.63044/w26xio184,Environmentally Responsive Shading Structures with Sensor-Based Prefabricated Mechanical Systems,2026,ASHRAE Transactions,00012505,132,1,1444-1451,Conference Paper,Xiong C.,,,Harvard Graduate School of Design,United States,0,0,
2-s2.0-105035721791,10.1007/978-981-95-1826-5_41,Dynamic Ventilated Façades for Lightweight Buildings: A Strategy for Mitigating Overheating,2026,Lecture Notes in Civil Engineering,23662557,744 LNCE,,385-393,Conference Paper,Langner M.,,,Universidade de Aveiro,Portugal,0,0,
2-s2.0-105039709363,10.1155/ina/9959278,"Deep Reinforcement Learning–Based Multiobjective Control of Hybrid Building Envelopes: Integrating Adaptive Façades, Passive Radiative Cooling, and Indoor Air Quality Management Across Iranian Climates",2026,Indoor Air,09056947,2026,1,,Article,Maroofiazar R.,,,University of Maragheh,Iran,0,1,
2-s2.0-105034853758,10.1007/978-3-032-00461-1_15,Emerging Applications of Conducting Polymer in Modern Architecture,2026,Springer Series on Polymer and Composite Materials,23641878,Part F1608,,323-339,Book Chapter,Gul H.,,,National Institute of Technology Patna,India,0,0,
2-s2.0-105018669060,10.1016/j.buildenv.2025.113861,Energy performance and optimal design of three typical dynamic photovoltaic façade systems for office buildings in hot-summer- cold-winter climate zone,2026,Building and Environment,03601323,287,,,Article,Chen X.,,,Qingdao University of Technology,China,3,0,
2-s2.0-105028619059,10.3390/buildings16020366,Assessment and Numerical Modeling of the Thermophysical Efficiency of Newly Developed Adaptive Building Envelopes Under Variable Climatic Impacts,2026,Buildings,,16,2,,Article,Zhangabay N.,,,M. Auezov South Kazakhstan University,Kazakhstan,2,1,
2-s2.0-105033272638,10.3389/fbuil.2026.1756470,Deformability of perforated bending-active façade plates,2026,Frontiers in Built Environment,,12,,,Article,Sergidis C.,,,University of Cyprus,Cyprus,0,1,
2-s2.0-105033682453,10.53898/JOSSE2025548,A Systematic Review of Kinetic Architecture as a Strategy for Improving Thermal Comfort in Office Buildings in Hot-Dry Climates,2026,Journal of Studies in Science and Engineering,,5,2,344-365,Article,Amin F.B.M.,,,Tishk International University,Iraq,0,1,
2-s2.0-105020666081,10.1007/978-3-032-03769-5_17,Enhancing Customer Perceptions and Satisfaction Towards AI Driven Windows Facade Market in South India,2026,Lecture Notes in Networks and Systems,23673370,1603 LNNS,,209-228,Conference Paper,Rajaprabakaran K.,,,Bharath Institute of Higher Education and Research,India,0,0,
2-s2.0-105031866483,10.1007/s40974-026-00405-y,A data-driven multi-objective optimization to tailor the impact of orientation on cooling loads of residential building in hot climate,2026,Energy Ecology and Environment,23637692,,,,Article,Waly N.M.,,,Egypt-Japan University of Science and Technology,Egypt,0,1,
2-s2.0-105031576063,10.1080/13467581.2026.2633017,Integrated two-stage optimization of façade adaptation and renewable systems for indoor comfort in NZEBs,2026,Journal of Asian Architecture and Building Engineering,13467581,,,,Article,Esfehankalateh A.T.,,,Ewha Womans University,South Korea,0,1,
2-s2.0-105034796236,10.1007/s00707-026-04664-y,Dynamic behavior of graphene-origami-based meta-auxetic doublet nanobeam with memory-dependent effect,2026,Acta Mechanica,00015970,,,,Article,Selvamani R.,,,Karunya Institute of Technology and Sciences,India,0,1,
2-s2.0-105028227685,10.1126/scirobotics.ady7233,Architectural swarms for responsive façades and creative expression,2026,Science Robotics,,11,110,,Article,Alhafnawi M.,,,School of Engineering and Applied Science,United States,0,0,
2-s2.0-105027416039,10.1016/j.ecmx.2025.101515,"A synergistic approach: Automating PCM and passive strategies for climate-resilient, low-energy buildings",2026,Energy Conversion and Management X,,29,,,Article,Azimi M.,,,Tarbiat Modares University,Iran,2,1,
2-s2.0-105030534261,10.1108/SASBE-05-2025-0218,From nature to structure: advancing building efficiency with biomimicry-inspired green façades,2026,Smart and Sustainable Built Environment,20466099,,,1-24,Article,Bagheri Moghaddam F.,,,Teesside University,United Kingdom,2,0,
2-s2.0-105035035434,10.1609/aaai.v40i14.38192,KPLM-STA: Physically-Accurate Shadow Synthesis for Human Relighting via Keypoint-Based Light Modeling,2026,Proceedings of the Aaai Conference on Artificial Intelligence,21595399,40,14,12036-12043,Conference Paper,Yin X.,,,Jilin University,China,0,1,
2-s2.0-105034936501,10.1016/j.enbenv.2026.02.006,Targeting integrated daylighting comfort in deep office by multi-objective optimization using partial vertical deployment of adaptive corrugated shadings,2026,Energy and Built Environment,,,,,Article,Ibrahim A.,,,South China University of Technology,China,2,1,
2-s2.0-105035175870,10.1007/978-3-032-16767-5_63,Integrated IFC Protocols for Sustainable Conservation and Energy Efficiency of Historic Buildings,2026,Rilem Bookseries,22110844,68,,795-806,Book Chapter,Zanni T.,,,Università degli Studi di Padova,Italy,0,0,
2-s2.0-105023586208,10.1007/978-3-032-06806-4_93,Use of Digital Twin Tools to Improve Residential House Performance,2026,Lecture Notes in Civil Engineering,23662557,762 LNCE,,969-976,Conference Paper,Ilinca N.,,,Universitatea Tehnica de Constructii Bucuresti,Romania,0,0,
2-s2.0-105030282749,10.1080/02678292.2026.2627357,Nanofiber-engineered multichromic PDLCs with dynamic pattern switching for advanced adaptive fenestration,2026,Liquid Crystals,02678292,,,,Article,Guo P.,,,Xijing University,China,0,0,
2-s2.0-105034407954,10.1016/j.foar.2026.01.009,"Optimising thermal performance of steel façades through self-shading: Calibration, sensitivity analysis, and climatic implications",2026,Frontiers of Architectural Research,20952635,,,,Article,Lionar R.,,,The University of Adelaide,Australia,0,1,
2-s2.0-105035611869,10.1007/978-3-032-16381-3_4,Spatial–Angular Distribution of Aerodynamic Coefficients and Static Pressure on Residential Building Facades Under Wind Flow,2026,Lecture Notes in Mechanical Engineering,21954356,,,33-42,Conference Paper,Kostikov A.,,,National Academy of Sciences of Ukraine,Ukraine,0,0,
2-s2.0-105038839103,10.1109/ACCESS.2026.3693382,"Event-Driven, Condition-Aware MPPT Framework for Robust Tracking Under Partial Shading and Dynamic Irradiance",2026,IEEE Access,,14,,78085-78109,Article,Souda Y.,,,Sophia University,Japan,0,1,
2-s2.0-105038421078,10.1007/978-3-032-15954-0_7,How to Design: Emerging Methods and Tools,2026,Green Energy and Technology,18653529,Part F1823,,117-133,Book Chapter,Duran A.,,,ETH Zürich,Switzerland,0,0,
2-s2.0-105027169041,10.1007/978-3-032-01363-7_47,Multiphysics Coupled Fault Modeling and Simulation Analysis of Offshore Photovoltaic Systems,2026,Mechanisms and Machine Science,22110984,189,,597-606,Conference Paper,Bai Y.,,,Nanjing University of Science and Technology,China,0,0,
2-s2.0-105021080659,10.1016/j.enbuild.2025.116677,Smart Readiness Indicator metric for building envelope structures,2026,Energy and Buildings,03787788,350,,,Article,Halilovič M.,,,Univerza v Ljubljani,Slovenia,1,1,
2-s2.0-105030176196,10.1007/978-981-96-9724-3_33,Hybrid PO-FUZZY MPPT for Multilevel Boost Converter Fed PV System Under Partial Shading Condition,2026,Lecture Notes in Electrical Engineering,18761100,1461 LNEE,,439-455,Conference Paper,Paranthagan B.,,,"Saranathan College of Engineering, Thiruchirappalli",India,0,0,
2-s2.0-105033474273,10.30822/arteks.v11i1.4973,Energy-efficient building design in tropical climates: A systematic literature review of heat transfer strategies,2026,Arteks Jurnal Teknik Arsitektur,25410598,11,1,311-322,Article,Purwanto L.M.F.,,,Soegijapranata Catholic University,Indonesia,0,1,
2-s2.0-105034993145,10.1609/aaai.v40i27.39458,Palimpsest: Reconciling the CISS Trilemma for Incremental Nuclei Segmentation,2026,Proceedings of the Aaai Conference on Artificial Intelligence,21595399,40,27,22940-22948,Conference Paper,Li J.,,,Shenzhen University,China,0,1,
2-s2.0-105029422297,10.1080/13467581.2026.2620975,Response mechanisms between daylighting performance and skylight design variables in underground public spaces,2026,Journal of Asian Architecture and Building Engineering,13467581,,,,Article,Yu F.,,,Southeast University;Beijing University of Technology,China;China,0,1,
2-s2.0-105031822121,10.3389/fbuil.2026.1728896,Development of EnergySkin: external wall temperature control for renovation,2026,Frontiers in Built Environment,,12,,,Article,Uhlig C.,,,Technische Universität Dresden,Germany,0,1,
2-s2.0-105029271876,10.1016/j.enbenv.2025.09.001,Human-shading interaction in shared offices: An experimental study,2026,Energy and Built Environment,,,,,Article,Valitabar M.,,,Queensland University of Technology;Building 4.0 CRC,Australia;Australia,1,1,
2-s2.0-105037009853,10.1109/ICECTE69292.2026.11429406,An Enhanced Cuckoo Search Algorithm for Maximum Power Point Tracking of PV Systems under Partial Shading Conditions,2026,2026 5th International Conference on Electrical Computer and Telecommunication Engineering Icecte 2026,,,,,Conference Paper,Navin H.I.,,,Rajshahi University of Engineering and Technology,Bangladesh,0,0,
2-s2.0-105036388496,10.1109/EPREC66546.2026.11412136,Adaptive Modulation and Harmonic Mitigation in Grid-Connected CHB PV Inverters,2026,2026 International Conference on Electric Power and Renewable Energy Eprec 2026,,,,,Conference Paper,Kumar M.,,,RGIPT,India,0,0,
2-s2.0-105038495510,10.1007/978-3-032-10546-2_103,Introducing Personalized Environmental Control Systems for Daylighting and Lighting,2026,Lecture Notes in Civil Engineering,23662557,788 LNCE,,1090-1098,Conference Paper,de la Barra P.,,,"Department of Architectural Engineering and Technology, TU Delft",Netherlands,0,0,
2-s2.0-105020852803,10.1016/j.solener.2025.114088,A two-stage MPPT control for PV system under complex partial shading conditions,2026,Solar Energy,0038092X,303,,,Article,Xiao W.,,,Tianjin University,China,0,0,
2-s2.0-105032234655,10.3389/fbuil.2026.1750586,Designing more-than-human thermal comfort: bio-inspired evaporative cooling in porous facade components for cavity-nesting wild bees,2026,Frontiers in Built Environment,,12,,,Article,Valverde Rojas M.C.,,,Universität Stuttgart,Germany,1,1,
2-s2.0-105039610228,10.1109/TIE.2026.3675033,SARSA-Based Smart Coordinated Strategy for Enhancing PV Array Performance Under Dynamic Shading Conditions,2026,IEEE Transactions on Industrial Electronics,02780046,,,,Article,Pathak D.,,,Amrita Vishwa Vidyapeetham,India,0,1,
2-s2.0-105036656127,10.1039/d6mh00022c,Thermoresponsive hydrogel-powered zero-energy greenhouses: intelligent shading and water irrigation,2026,Materials Horizons,20516347,,,,Article,Wu X.,,,School of Chemical Engineering,China,0,0,
2-s2.0-105039655961,10.1007/s10668-026-07697-4,A comprehensive review of MPPT techniques for photovoltaic systems under uniform shading and partial shading detections,2026,Environment Development and Sustainability,1387585X,,,,Review,Mohammed K.K.,,,Universiti Malaya;University of Mosul,Malaysia;Iraq,0,0,
2-s2.0-105039615711,10.1007/978-3-032-19038-3_3,Integrated Modeling of Dynamic Soiling and Partial Shading Effects on Photovoltaic Performance in Tropical Climates,2026,Springer Proceedings in Physics,09308989,350 SPPHY,,35-45,Conference Paper,Aphonse M.,,,University of Douala,Cameroon,0,0,
2-s2.0-105036712690,10.1007/978-981-95-5495-9_17,Research on Visual Comfort Performance Control of Smart Shading Blinds Based on Dynamic Programming Algorithm,2026,Lecture Notes in Civil Engineering,23662557,794 LNCE,,249-264,Conference Paper,Luo Z.,,,"Ministry of Industry and Information Technology;School of Architecture and Design, Harbin Institute of Technology",China;China,0,0,
2-s2.0-105010848657,10.1016/j.renene.2025.124015,Universal power point tracking using binary search: A multi-scenario approach for photovoltaic systems,2026,Renewable Energy,09601481,256,,,Article,Gao F.,,,Guangxi University,China,1,0,
2-s2.0-105029856425,10.30572/2018/KJE/170122,INNOVATIVE TRANSITION UNIT FOR VOLTAGE REGULATION IN SOLAR PANEL SYSTEMS,2026,Kufa Journal of Engineering,20715528,17,1,400-413,Article,Wahhab M.S.,,,Northern Technical University,Iraq,0,1,
2-s2.0-105036699754,10.1109/TIA.2026.3683341,Integrated Solar Cell-Supercapacitor for Enhanced Power Output of PV Arrays under Partial Shading,2026,IEEE Transactions on Industry Applications,00939994,,,,Article,Yang H.,,,Hunan University;Changsha University of Science and Technology,China;China,0,0,
2-s2.0-105035885691,10.1007/978-3-032-13469-1_95,Out-Of-Plane Dynamic Analysis of Masonry Façades Interacting with Sidewalls: Comparison of Discrete Macro-Element and Rigid-Block Modelling,2026,Rilem Bookseries,22110844,64,,1203-1215,Book Chapter,Giresini L.,,,Sapienza Università di Roma,Italy,1,2,
2-s2.0-105031747480,10.1007/978-3-032-14019-7_16,Climate Responsive Form and Facade Design for Educational Spaces to Achieve Net-Zero Energy Building in Dhaka,2026,Lecture Notes in Civil Engineering,23662557,796 LNCE,,221-239,Conference Paper,Khan S.N.,,,Bangladesh University of Engineering and Technology,Bangladesh,0,0,
2-s2.0-105034136398,10.1109/TCE.2026.3676486,DC-Link Voltage Control and Global Maximum Power Extraction in PV–TEG–BESS Microgrids via Spider Wasp Optimizer with Linear ADRC,2026,IEEE Transactions on Consumer Electronics,00983063,,,,Article,Yang Y.,,,Hunan University,China,0,0,
2-s2.0-105030673413,10.1109/ACCESS.2026.3665606,Intelligent LSTM-Based Prediction and Adaptive Barrier Sliding Mode Control With Metaheuristic Optimization for Maximum Power Point Tracking in Photovoltaic Systems,2026,IEEE Access,,14,,30686-30701,Article,Zeb O.,,,School of Electrical Engineering and Computer Science,Pakistan,1,1,
2-s2.0-105039595012,10.1201/9781003681472-6,600 Years Reimagined: Reviving Sejong the Great’s 용비어천가 (Yongbieocheonga) through Generative AI and Modern-Classical Vocal Interpretation,2026,Korean Studies in the Artificial Intelligence Era Volume 2 Adoption Insights in Hospitality Culture Communication Music and Philosophy,,2,,114-141,Book Chapter,Park M.S.,,,University of Arkansas,United States,0,0,
2-s2.0-105020939510,10.1016/j.enbuild.2025.116629,A variable thermal transmittance adaptive wall: comparison between CFD simulations and experimental tests,2026,Energy and Buildings,03787788,350,,,Article,Baldinelli G.,,,Università degli Studi di Perugia,Italy,0,1,
2-s2.0-105019519369,10.1007/978-981-96-5527-4_38,Research on Dynamic Envelope Calculation and Application of Metro Engineering Vehicles,2026,Lecture Notes in Mechanical Engineering,21954356,,,477-487,Conference Paper,Xiao J.,,,Chengdu Technological University,China,0,1,
2-s2.0-105032131255,10.3389/fbuil.2025.1738453,CNC-knitted textiles for adaptive building envelopes: material programming and interdisciplinary design strategies,2026,Frontiers in Built Environment,,11,,,Article,Tamke M.,,,"Royal Danish Academy – Architecture, Design, Conservation",Denmark,0,1,
2-s2.0-105029680047,10.13189/cea.2026.140209,Toward Economically Viable Climate-Responsive Envelope Solutions for Social Housing in Egypt: A Comparative Study,2026,Civil Engineering and Architecture,23321091,14,2,769-784,Article,Elmasry T.,,,Military Technical College;Modern Academy in Maadi,Egypt;Egypt,0,1,
2-s2.0-105035815215,10.1016/j.jare.2026.04.011,Natural flavonoids inhibit plasmid conjugation via iron chelation and zinc-responsive envelope stress,2026,Journal of Advanced Research,20901232,,,,Article,Yang B.,,,Yangzhou University,China,0,1,
2-s2.0-105038315170,10.63044/w26alh180,Investigation of Thermochromic and Cool Surface Coating in Reducing Energy Use from Buildings Considering Current and Future Weather Data,2026,ASHRAE Transactions,00012505,132,1,1416-1424,Conference Paper,Alhazmi M.,,,King Fahd University of Petroleum and Minerals;ASHRAE,Saudi Arabia;United States,0,0,
2-s2.0-105036126683,10.1002/lpor.202502924,Visibly-Transparent Mechanically-Tunable Infrared Modulator,2026,Laser and Photonics Reviews,18638880,,,,Article,Li X.,,,University of Chinese Academy of Sciences;Changchun Institute of Optics Fine Mechanics and Physics Chinese Academy of Sciences,China;China,0,0,
2-s2.0-105022755562,10.1080/23307706.2025.2569552,High-precision vision-based measurement of key pantograph parameters for high-speed trains using Siamese networks and MOTFSE,2026,Journal of Control and Decision,23307706,13,2,239-255,Article,Wei X.,,,Beijing Jiaotong University,China,0,0,
2-s2.0-85164492932,10.1080/2159032X.2023.2228186,The Lost Kinetic Architecture and How to Reintroduce it in the Landscape–The Case Study of the Drainage Windmills in the Vistula Delta,2026,Heritage and Society,2159032X,19,1,44-61,Article,Kołodziejczak J.,,,Gdańsk University of Technology,Poland,2,0,
2-s2.0-105027185422,10.1007/978-3-032-09062-1_29,Kinetic Energy Harvesting from Human Footsteps: An Insight into Modern Architecture’s Response to Energy Conservation,2026,Springer Proceedings in Complexity,22138684,,,411-441,Conference Paper,Mohamed M.A.A.,,,Faculty of Engineering;Effat University,Egypt;Saudi Arabia,0,0,
2-s2.0-105025373625,10.1016/j.trip.2025.101800,Space for cycling: A scoping review of recent evidence on the dynamic envelope for bicycle riding,2026,Transportation Research Interdisciplinary Perspectives,,35,,,Article,Napper R.,,,Monash University,Australia,0,1,
2-s2.0-105035226736,10.1002/cta.70427,A Multiphase Interleaved SLH Converter With Feedforward Decoupling and Mode-Switching for Hi-Fi Audio,2026,International Journal of Circuit Theory and Applications,00989886,,,,Article,Qian C.,,,Hangzhou Dianzi University;Zhejiang Polytechnic University of Mechanical and Electrical Engineering,China;China,0,0,
2-s2.0-105027155988,10.5755/j02.eie.42909,Innovative Narwhal MPPT with Feed forward Decoupling for Enhanced Solar Grid Integration,2025,Elektronika Ir Elektrotechnika,13921215,31,4,52-61,Article,Pranavasundaram R.S.,,,Nehru Institute of Engineering and Technology,India,0,1,
2-s2.0-105024349765,10.1016/j.conbuildmat.2025.144681,"Global phase-change interface governs thermal regulation in PCM–cementitious envelopes: Multiscale modeling, model validation, and normalized cross-climate simulations",2025,Construction and Building Materials,09500618,505,,,Article,Hou F.,,,Tongji University;Jiangsu Ocean University,China;China,3,0,
2-s2.0-105018307628,10.1016/j.apenergy.2025.126860,"Adaptive BIPV shading optimization for electricity generation and building electricity management, sDA, and DGP using multi-objective algorithms",2025,Applied Energy,03062619,402,,,Article,Miraba S.,,,University of Cincinnati,United States,11,0,
2-s2.0-105014520687,10.1016/j.enconman.2025.120409,Real-time adaptive algae bioreactor facades: a novel method for dynamic daylight and thermal efficiency optimization in buildings,2025,Energy Conversion and Management,01968904,346,,,Article,Azimi M.,,,Tarbiat Modares University,Iran,1,0,
2-s2.0-105018904481,10.1016/j.enbuild.2025.116593,Machine learning-optimized porous thermally responsive SS-PCM with switchable transparency for adaptive building envelope coatings,2025,Energy and Buildings,03787788,349,,,Article,Xiao Z.,,,National Laboratory of the Rockies;School of Engineering,United States;United States,2,1,
2-s2.0-105025349304,10.1145/3757376.3771401,Markov Chain Monte Carlo-Guided Compact 3D Gaussian Splatting for Relightable Rendering,2025,Proceedings SIGGRAPH Asia 2025 Technical Communications SA 2025,,,,,Conference Paper,Jung Y.,,,Hanyang University ERICA Campus,South Korea,0,1,
2-s2.0-105029234129,10.31838/NJAP/07.03.30,Hybrid Ray Tracing and Monte Carlo Simulation for Electromagnetic Wave Propagation in Urban Canyons,2025,National Journal of Antennas and Propagation,,7,3,235-243,Article,Poonguzhali I.,,,Panimalar Engineering College,India,0,1,
2-s2.0-105018494413,10.1002/anie.202518649,Polyoxometalate-Directed Assembly of Robust Coordination Cages: Overcoming Kinetic Inertness and Conformational Mismatch,2025,Angewandte Chemie International Edition,14337851,64,50,,Article,Liu C.L.,,,KU Leuven;Van 't Hoff Institute for Molecular Sciences,Belgium;Netherlands,5,2,
2-s2.0-105026564749,10.35378/gujs.1629541,A Bibliometric Analysis on Bio-Inspired Responsive Facades,2025,Gazi University Journal of Science,13039709,38,4,1566-1595,Review,Bilmez B.,,,Yaşar Üniversitesi,Turkey,0,1,
2-s2.0-105010871768,10.15627/jd.2025.18,Designing a Kinetic Façade to Control Glare: Inspiration of Long-Day Plants Pattern,2025,Journal of Daylighting,23838701,12,2,265-277,Article,Fallahi F.,,,University of Mazandaran,Iran,1,1,
2-s2.0-105010602941,10.1007/s00004-025-00831-1,"Adaptive Architectural Facades: Review 1985–2024. A Comparative Analysis of Media-TIC, the Arab Institute, and Al Bahar Towers Dynamic Facades Approaches",2025,Nexus Network Journal,15905896,27,4,925-945,Article,Cocho-Bermejo A.,,,School of Engineering and the Built Environment,United Kingdom,5,1,
2-s2.0-105009003053,10.15627/jd.2025.17,Tessellation-Based Origami-Inspired Movable Façade for Daylighting and Exposure Optimization: Assessing Different Movement Approaches,2025,Journal of Daylighting,23838701,12,2,252-264,Article,Kızılörenli E.,,,Dokuz Eylül Üniversitesi,Turkey,1,1,
2-s2.0-105014430935,10.1016/j.solcom.2025.100139,Dynamic solar shadings: Redefining the building envelope,2025,Solar Compass,,16,,,Review,Wijewardane S.,,,College of Engineering,United States,4,1,
2-s2.0-105016999242,10.1016/j.egyr.2025.09.038,Month-by-month prioritization of heating and ventilation from an adaptive mechanically-ventilated double-skin façade,2025,Energy Reports,,14,,2627-2641,Article,Alkhatib H.,,,"Technological University Dublin;MaREI, the SFI Research Centre for Energy, Climate and Marine",Ireland;Ireland,6,1,
2-s2.0-105022195387,10.1016/j.rineng.2025.107518,Impact of Window-to-Wall Ratio (WWR) and shading on energy demand in a residential building across five distinct climates,2025,Results in Engineering,,28,,,Article,Gigasari A.R.,,,Universitat Politècnica de València,Spain,5,1,
2-s2.0-105025643319,10.1145/3763363,Consecutive Frame Extrapolation with Predictive Sparse Shading,2025,ACM Transactions on Graphics,07300301,44,6,,Article,Wu Z.,,,Zhejiang University,China,0,0,
2-s2.0-105022127404,10.1007/s43621-025-02178-6,Climate responsive simulation of passive shading strategies for seasonal optimization of building energy demand,2025,Discover Sustainability,,6,1,,Article,Ayoobi A.W.,,,Kabul Polytechnic University,Afghanistan,2,1,
2-s2.0-105012773778,10.1016/j.egyr.2025.07.038,Agrivoltaic systems: State of the art and potential field applications,2025,Energy Reports,,14,,1606-1633,Review,Coluccia S.,,,"Università degli Studi di Napoli Federico II;Istituto per la Protezione Sostenibile delle Piante, Consiglio Nazionale delle Ricerche;Outcomes & Epidemiology s.r.l.",Italy;Italy;Italy,4,1,
2-s2.0-85217731447,10.1038/s41598-025-87694-1,Research on maximum power point tracking of photovoltaic power generation based on improved hybrid optimization algorithm,2025,Scientific Reports,,15,1,,Article,Wei L.,,,Jilin Jianzhu University,China,4,1,
2-s2.0-105029057963,10.2478/czoto-2025-0048,SYSTEM SAFETY OF FAÇADE SCAFFOLDING: ACHIEVING ACCEPTABLE DYNAMIC PERFORMANCE THROUGH ANCHORAGE AND BRACING DESIGN,2025,System Safety Human Technical Facility Environment,,7,1,522-530,Conference Paper,Bęc J.,,,Politechnika Lubelska,Poland,0,1,
2-s2.0-105025782924,10.3390/electricity6040066,Dynamic Average-Value Modeling and Stability of Shipboard PV–Battery Converters with Curve-Scanning Global MPPT,2025,Electricity,,6,4,,Article,Deliu A.D.,,,National University of Science and Technology POLITEHNICA Bucharest,Romania,3,1,
2-s2.0-105017673516,10.1016/j.est.2025.118654,Controlled ventilated phase change material façades for climate-responsive buildings,2025,Journal of Energy Storage,,138,,,Article,Osman O.,,,American University of Beirut,Lebanon,1,0,
2-s2.0-105020793406,10.1016/j.energy.2025.139072,A novel Odd–Even inspired approach for optimal shade dispersion in PV arrays,2025,Energy,03605442,339,,,Article,Baranwal K.,,,Delhi Technological University,India,2,0,
2-s2.0-105024465578,10.14358/PERS.25-00037R3,Joint Detection and Parameters Regression of Detailed Windows based on Facade Textures via an Adaptive Soft Teacher,2025,Photogrammetric Engineering and Remote Sensing,00991112,91,12,763-775,Article,Hu H.,,,Southwest Jiaotong University;Yunnan Engineering Research Center of 3D Real Scene,China;China,1,0,
2-s2.0-105004246615,10.1038/s41598-025-98619-3,Multiple-to-single maximum power point tracking for empowering conventional MPPT algorithms under partial shading conditions,2025,Scientific Reports,,15,1,,Article,Alombah N.H.,,,University of Bamenda,Cameroon,36,1,
2-s2.0-105016222839,10.1016/j.rineng.2025.107235,Climate-resilient office buildings: Energy and comfort in japan's future (2090s),2025,Results in Engineering,,28,,,Article,Bavarsad F.S.,,,University Centre for Energy Efficient Buildings,Czech Republic,5,1,
2-s2.0-105024534375,10.3390/en18236110,"Hybrid Supercapacitor–Battery System for PV Modules Under Partial Shading: Modeling, Simulation, and Implementation",2025,Energies,,18,23,,Article,Challouf I.,,,École Nationale Supérieure d'Ingénieurs de Tunis,Tunisia,2,1,
2-s2.0-105012830208,10.1038/s41598-025-12508-3,Hardware-in-loop implementation of an adaptive MPPT controlled PV-assisted EV charging system with vehicle-to-grid integration,2025,Scientific Reports,,15,1,,Article,Singh S.,,,"Birla Institute of Technology and Science, Pilani",India,3,1,
2-s2.0-105025402164,10.11591/ijpeds.v16.i4.pp2841-2859,Adaptive intelligent PSO-Based MPPT technique for PV systems under dynamic irradiance and partial shading conditions,2025,International Journal of Power Electronics and Drive Systems,20888694,16,4,2841-2859,Article,Islam M.G.E.,,,Universiti Malaysia Perlis,Malaysia,0,1,
2-s2.0-105018014443,10.1002/ese3.70298,Levy Flight-Enhanced Coot Optimization Algorithm-Based MPPT for PV Systems Under Partial Shading Conditions,2025,Energy Science and Engineering,,13,12,6084-6099,Article,Yuan C.,,,Hunan University of Technology,China,0,1,
2-s2.0-105023953623,10.1016/j.tsep.2025.104392,Modeling and optimization of a thermal Storage-Assisted solar heating system for small residential buildings,2025,Thermal Science and Engineering Progress,,68,,,Article,Ma W.,,,North China Electric Power University (Baoding),China,0,0,
2-s2.0-105018128601,10.1038/s41598-025-15680-8,Hybrid beluga whale optimization based MPPT for photovoltaic powered open end winding induction motor drives,2025,Scientific Reports,,15,1,,Article,Kothapalli B.,,,Sathyabama Institute of Science and Technology,India,2,1,
2-s2.0-105025419780,10.1007/s44189-025-00089-9,Performance evaluation of an IoT-based smart double-skin façade system for indoor thermal comfort improvement in summer based on field experiment findings,2025,International Journal of Air Conditioning and Refrigeration,20101325,33,1,,Article,Lee J.,,,Hanbat National University,South Korea,0,1,
2-s2.0-105016872513,10.1016/j.buildenv.2025.113749,A hybrid framework for optimal design and control strategies of retractable roof stadium based on CNN-LSTM and NSGA-II,2025,Building and Environment,03601323,286,,,Article,Xu A.,,,"Ministry of Industry and Information Technology;School of Architecture and Design, Harbin Institute of Technology",China;China,0,0,
2-s2.0-105027948341,10.1051/e3sconf/202566701009,Analysis of the Effectiveness of Shading Systems in Ensuring Quality Daylighting in Gallery Spaces – Case Study,2025,E3s Web of Conferences,25550403,667,,,Conference Paper,Dolníková E.,,,Technická Univerzita v Košiciach,Slovakia,0,1,
2-s2.0-105024979604,10.4018/979-8-3373-5248-0.ch006,Designing Adaptive and Self-Responsive Structures,2025,Integrating Modern Mathematics and Sensor Technologies in Civil Engineering,,,,149-170,Book Chapter,Jassem M.I.,,,Tikrit University,Iraq,0,0,
2-s2.0-105017841864,10.1016/j.jobe.2025.114325,A novel adaptive façade using cable-driven compliant mechanisms,2025,Journal of Building Engineering,,114,,,Article,Neseliler P.,,,Dokuz Eylül Üniversitesi;Izmir Ekonomi Üniversitesi,Turkey;Turkey,0,0,
2-s2.0-105014006634,10.1016/j.enbuild.2025.116319,A comprehensive approach to evaluate environmentally adaptive façade concepts through the use of fundamental environmental conditions,2025,Energy and Buildings,03787788,347,,,Article,Arauz R.,,,Swanson School of Engineering,United States,1,0,
2-s2.0-105013636408,10.1016/j.enbuild.2025.116290,Influence of automated façades on comfort and energy: A critical review,2025,Energy and Buildings,03787788,347,,,Review,de la Barra P.,,,Faculteit Bouwkunde van de TU Delft,Netherlands,5,1,
2-s2.0-105019742966,10.1016/j.jobe.2025.114475,A field-based evaluation of blackboard visibility in daylit classrooms,2025,Journal of Building Engineering,,114,,,Article,Lor S.,,,Beijing University of Technology,China,1,0,
2-s2.0-105018641167,10.1016/j.jobe.2025.114258,Field monitoring and numerical analysis of thermal behavior of the National Stadium under solar radiation,2025,Journal of Building Engineering,,114,,,Article,Xu W.,,,Zhejiang University;College of Civil Engineering and Architecture Zhejiang University;Zhejiang Provincial Key Laboratory of Space Structures,China;China;China,0,0,
2-s2.0-105022933329,10.3390/eng6110292,Retrofitting for Energy Efficiency Improvement Using Kinetic Façades in Residential Buildings: A Case Study from Saudi Arabia,2025,Eng,,6,11,,Article,Ismail T.I.,,,King Fahd University of Petroleum and Minerals,Saudi Arabia,0,1,
2-s2.0-105011949210,10.1016/j.enbuild.2025.116188,Cactus-inspired multifunctional Bio-kinetic façade for energy performance improvement assessed by a novel energy simulation framework,2025,Energy and Buildings,03787788,346,,,Article,Fattah T.R.,,,Pécsi Tudományegyetem,Hungary,6,1,
2-s2.0-105023426635,10.3390/en18226042,"Adaptive Energy Skins: A Climate Zones-Based, Multi-Scale Analysis for High Performance Buildings",2025,Energies,,18,22,,Article,Monsù Scolaro A.,,,Università degli Studi di Sassari,Italy,0,1,
2-s2.0-105011737870,10.1016/j.enbuild.2025.116180,Comprehensive assessment of dynamic shading devices for daylighting and energy management in Saudi Arabian hot-arid buildings,2025,Energy and Buildings,03787788,346,,,Article,Humaidan O.,,,Najran University,Saudi Arabia,8,0,
2-s2.0-105013586180,10.1016/j.autcon.2025.106474,AI-driven control algorithm using machine learning and genetic optimization for enhancing visual comfort in adaptive façades,2025,Automation in Construction,09265805,179,,,Article,Tabatabaei Manesh M.,,,University of Washington,United States,5,1,
2-s2.0-105010957276,10.1016/j.tws.2025.113702,Simulation and optimisation of frames subjected to torsion for buckling-induced morphing of shading modules,2025,Thin Walled Structures,02638231,216,,,Article,Khezri M.,,,Faculty of Engineering,Australia,0,1,
2-s2.0-105023077255,10.3390/buildings15224130,A Framework for Optimizing Biomimetic Opaque Ventilated Façades Using CFD and Machine Learning,2025,Buildings,,15,22,,Article,Alyahya A.,,,Imam Abdulrahman Bin Faisal University,Saudi Arabia,1,1,
2-s2.0-105021586390,10.3390/buildings15213878,Synergizing Nature-Inspired Adaptive Facades: Harnessing Plant Responses for Elevated Building Performance in Alignment with Saudi Green Initiatives,2025,Buildings,,15,21,,Article,Mohamed A.S.Y.,,,Majmaah University,Saudi Arabia,1,1,
2-s2.0-105023107174,10.3390/buildings15224105,A Customer-Oriented Holistic Approach to Solar Shading Design: Enhancing Efficiency in an Existing Educational Building,2025,Buildings,,15,22,,Article,Gaber B.,,,"Harbin Institute of Technology Weihai;School of Architecture and Design, Harbin Institute of Technology",China;China,1,1,
2-s2.0-105015518906,10.1115/1.4069135,Energy Benefits of Retrofitting Residential Communities: Case Study of KAUST Villa Housing Community,2025,Journal of Engineering for Sustainable Buildings and Cities,26426641,6,4,,Article,Krarti M.,,,College of Engineering and Applied Science,United States,1,0,
2-s2.0-105023120949,10.17973/MMSJ.2025_11_2025073,OPTIMIZATION OF LIGHTING SYSTEMS FOR INCREASING ENERGY EFFICIENCY OF PUBLIC BUILDINGS,2025,Mm Science Journal,18031269,2025-November,,8942-8950,Article,Rimar M.,,,Technická Univerzita v Košiciach,Slovakia,0,1,
2-s2.0-105037937283,10.31026/j.eng.2025.11.10,Technological Activation of Building Envelopes to Achieve Environmental Comfort,2025,Journal of Engineering Iraq,17264073,31,11,160-186,Article,Ahmed Z.M.,,,University of Baghdad,Iraq,0,1,
2-s2.0-105023193907,10.3390/sym17111870,A Collaborative Optimization Strategy for Photovoltaic Array Layout Based on the Lemur Optimization Algorithm,2025,Symmetry,,17,11,,Article,Dai G.,,,Guangdong University of Technology,China,0,1,
2-s2.0-105009414425,10.1016/j.rser.2025.115988,Liquid flow window: Technology review and future trends,2025,Renewable and Sustainable Energy Reviews,13640321,223,,,Review,Liu W.,,,University of Science and Technology Beijing,China,2,0,
2-s2.0-105012275280,10.1016/j.enbuild.2025.116223,Navigating the built environment energy transition in the Netherlands: A tool for energy-oriented design and planning,2025,Energy and Buildings,03787788,346,,,Article,Du H.,,,Peking University,China,0,2,
2-s2.0-105022886237,10.3390/urbansci9110455,The Adaptive Block: Passive Cooling Adaptation Strategies for Urban Resilience,2025,Urban Science,,9,11,,Article,Natour L.,,,Eötvös Loránd Tudományegyetem;Obuda University,Hungary;Hungary,1,1,
2-s2.0-105013366575,10.1016/j.buildenv.2025.113542,Enhancing thermal performance of subtropical low-income housing through passive and behaviour-guided adaptive design,2025,Building and Environment,03601323,285,,,Article,Lee Y.,,,Chinese University of Hong Kong,Hong Kong,4,0,
2-s2.0-105021480697,10.3390/buildings15213825,A Conceptual Framework for Biophilic Architectural Design in Cold Climates: A Meta-Synthesis Analysis,2025,Buildings,,15,21,,Review,Tekin B.H.,,,Sakarya Üniversitesi,Turkey,3,1,
2-s2.0-105014465252,10.1016/j.est.2025.118179,Design and thermal performance analysis of a dynamic shading device incorporating phase change materials,2025,Journal of Energy Storage,,134,,,Article,Gonçalves M.,,,Universidade de Aveiro,Portugal,1,1,
2-s2.0-105026944365,10.1117/12.3086512,Improved PSO algorithm for the local shadowing problem in photovoltaic electrolytic water system,2025,Proceedings of SPIE the International Society for Optical Engineering,0277786X,13923,,,Conference Paper,Mao Z.,,,Shanghai Dianji University,China,0,0,
2-s2.0-105010473513,10.1016/j.enbuild.2025.116105,Bio-adaptive reflective photovoltaic (BARP) facade system: a multimodal energy-saving solution based on light reflection,2025,Energy and Buildings,03787788,345,,,Article,Feng Y.,,,Southeast University,China,0,0,
2-s2.0-105010478985,10.1016/j.enbuild.2025.116125,Utilizing a three-zone control model of adaptive concentrating photovoltaic facade to enhance visual comfort and energy benefits,2025,Energy and Buildings,03787788,345,,,Article,Wang B.,,,Chongqing University,China,0,1,
2-s2.0-105013796800,10.1016/j.jobe.2025.113797,Understanding the visco-thermo-mechanical behavior of nitinol for climate-adaptive window shading devices,2025,Journal of Building Engineering,,112,,,Article,Anis M.,,,University of Illinois Urbana-Champaign,United States,0,1,
2-s2.0-105013504943,10.1016/j.agrformet.2025.110775,Influence of agrivoltaic system-induced microclimate modifications on wheat growth and yield,2025,Agricultural and Forest Meteorology,01681923,373,,,Article,Prakash V.,,,"Anand Agricultural University;ICAR - Research Complex for Eastern Region, Patna",India;India,4,0,
2-s2.0-105020014559,10.3390/biomimetics10100711,Biomimetic Shading Systems: Integrating Motorised and Moisture-Responsive Actuation for Adaptive Façades,2025,Biomimetics,,10,10,,Article,Imani N.,,,University of Otago;Bodeker Scientific;Open Polytechnic,New Zealand;New Zealand;New Zealand,2,1,
2-s2.0-105022447125,10.21608/auej.2025.382274.1833,APPLICATION OF BIOMIMETIC FACADES FOR A MORE SUSTAINABLE FUTURE,2025,Journal of Al Azhar University Engineering Sector,16878418,20,77,1471-1490,Article,Abouisaadat A.H.,,,Faculty of Engineering,Egypt,0,0,
2-s2.0-105016356228,10.1016/j.nxmate.2025.101226,"Next-generation building envelopes: Smart materials, energy efficiency and environmental impact",2025,Next Materials,,9,,,Review,Barbhuiya S.,,,University of East London,United Kingdom,6,1,
2-s2.0-105019260392,10.3390/en18195053,Hybrid Artificial Neural Network and Perturb & Observe Strategy for Adaptive Maximum Power Point Tracking in Partially Shaded Photovoltaic Systems,2025,Energies,,18,19,,Article,Cruz B.,,,Universidad Autónoma de Yucatán,Mexico,0,1,
2-s2.0-105018874317,10.3390/plants14192969,"Effects of Deep Shading on Agronomic Traits, Coloration, and Antioxidant Properties in Sweetpotato Leaves",2025,Plants,,14,19,,Article,Lu Y.,,,Hainan University,China,0,1,
2-s2.0-105009331594,10.1007/s11367-025-02469-0,Balancing the green carbon cycle — Biogenic carbon within life cycle assessment,2025,International Journal of Life Cycle Assessment,09483349,30,10,2300-2313,Article,Füchsl S.,,,Chair of Sustainable Business Economics,Germany,12,1,
2-s2.0-105008504276,10.1016/j.enbuild.2025.116040,Window view clarity evaluation in electrochromic glazings,2025,Energy and Buildings,03787788,344,,,Article,Ha P.P.,,,Rheinisch-Westfälische Technische Hochschule Aachen,Germany,2,1,
2-s2.0-105007295168,10.1016/j.rser.2025.115930,"Impacts of agrivoltaic systems on microclimate, water use efficiency, and crop yield: A systematic review",2025,Renewable and Sustainable Energy Reviews,13640321,221,,,Review,Ali Abaker Omer A.,,,Puer University,China,28,0,
2-s2.0-105017790127,10.1016/j.nxener.2025.100438,Data-driven regression controller-based MPPT with image encryption inspired solar PV array reconfiguration under partial shading conditions,2025,Next Energy,,9,,,Article,Kumaraswamy M.,,,"National Institute of Technology, Warangal",India,2,1,
2-s2.0-105019173980,10.3390/en18195134,Robust Backstepping Super-Twisting MPPT Controller for Photovoltaic Systems Under Dynamic Shading Conditions,2025,Energies,,18,19,,Article,Ali K.,,,Università degli Studi dell'Aquila,Italy,4,1,
2-s2.0-105017812952,10.1016/j.nxener.2025.100446,Modeling and simulation-based performance study of a DC-DC power processing circuit for building-attached photovoltaic systems,2025,Next Energy,,9,,,Article,Saharia S.J.,,,Tezpur University,India,1,1,
2-s2.0-105020022788,10.3390/jimaging11100334,Intelligent Segmentation of Urban Building Roofs and Solar Energy Potential Estimation for Photovoltaic Applications,2025,Journal of Imaging,,11,10,,Article,Zeng J.,,,Kunming University of Science and Technology,China,1,1,
2-s2.0-105020075020,10.3390/horticulturae11101222,Effects of Elevated Temperature on the Phenology and Fruit Shape of the Early-Maturing Peach Cultivar ‘Mihong’,2025,Horticulturae,,11,10,,Article,Lee S.K.,,,National Institute of Horticultural and Herbal Science,South Korea,1,1,
2-s2.0-105008155170,10.1016/j.solener.2025.113692,"Kirigami-inspired novel photovoltaic shading facade: multi-objective optimization of energy consumption, daylighting, thermal comfort, visual comfort, and landscape view",2025,Solar Energy,0038092X,299,,,Article,Qi Z.,,,Qingdao University of Technology,China,6,0,
2-s2.0-105012617905,10.1016/j.dibe.2025.100707,Model-free online reinforcement learning control for responsive building envelope,2025,Developments in the Built Environment,,23,,,Article,He Y.,,,Tickle College of Engineering,United States,2,1,
2-s2.0-105018226817,10.35784/bud-arch.7102,"Simulation-based performance evaluation of kinetic Mashrabiya for thermal comfort and energy efficiency in arid climates: A case study in Biskra, Algeria",2025,Budownictwo I Architektura,18990665,24,3,171-193,Article,Bacha C.B.,,,Université Constantine 3,Algeria,0,1,
2-s2.0-105008944128,10.1016/j.energy.2025.137294,Energy saving performance of dual-mode adaptive wall with phase change material and dynamic louver,2025,Energy,03605442,332,,,Article,Gao Y.,,,Wuhan University of Technology,China,1,0,
2-s2.0-105025487653,,Building Envelope,2025,Energy Management Handbook 10th Edition,,,,293-321,Book Chapter,Elder K.E.,,,Seattle University,United States,0,0,
2-s2.0-105025196968,10.1117/12.3085413,Modulating Thermochromic Properties of Thermally Adaptive PNIPAM Hydrogels for energy-Saving Smart Windows,2025,Proceedings of SPIE the International Society for Optical Engineering,0277786X,13811,,,Conference Paper,Xu J.,,,The High School Affiliated to Renmin University of China,China,0,1,
2-s2.0-105007061909,10.1016/j.jobe.2025.112994,Optimizing bio-inspired macro-structures for enhanced thermal efficiency in multi-skin facade buildings,2025,Journal of Building Engineering,,110,,,Article,Vajari M.H.,,,Iran Polymer and Petrochemical Institute,Iran,2,1,
2-s2.0-105006631050,10.1016/j.enbuild.2025.115913,Evaluation of optimal thermo-optical properties for electrochromic windows in current and future climate scenarios: A multi-locations optimization,2025,Energy and Buildings,03787788,343,,,Article,Carlucci F.,,,Politecnico di Bari,Italy,6,1,
2-s2.0-105021299672,10.18280/ijdne.200914,Simulation-Based Evaluation of Bio-Inspired Wall Materials for Energy-Efficient Prefabricated Housing in Hot-Arid Climates,2025,International Journal of Design and Nature and Ecodynamics,17557437,20,9,2091-2108,Article,Abdulqader S.K.,,,University of Mosul,Iraq,0,1,
2-s2.0-105010842104,10.1016/j.buildenv.2025.113408,Investigating tree shading and thermal variations in a subtropical zone: Single Tree to Urban Squares,2025,Building and Environment,03601323,283,,,Article,Zhang X.,,,Technische Universität München,Germany,7,0,
2-s2.0-105008441616,10.1016/j.rineng.2025.105608,"A novel method for simulating dynamic facades to analysing, and optimizing daylight and visual comfort in office buildings",2025,Results in Engineering,,27,,,Article,Shahmoradi M.,,,Tarbiat Modares University,Iran,2,1,
2-s2.0-105017172744,10.3390/su17188308,Machine Learning for Optimizing Urban Photovoltaics: A Review of Static and Dynamic Factors,2025,Sustainability Switzerland,,17,18,,Review,Tabatabaei M.,,,Alma Mater Studiorum Università di Bologna,Italy,5,1,
2-s2.0-105004414522,10.1016/j.renene.2025.123143,"Design of Building-Installed PV system, with consideration given to the size and position of the building",2025,Renewable Energy,09601481,250,,,Article,Shao C.,,,Université Paris-Saclay,France,2,0,
2-s2.0-105023156779,10.58346/JOWUA.2025.I3.020,Enbat: Automated Farm Monitoring and Controlling System for Sustainable Agriculture,2025,Journal of Wireless Mobile Networks Ubiquitous Computing and Dependable Applications,20935374,16,3,354-370,Article,Al-Salahi S.A.,,,Imam Abdulrahman Bin Faisal University,Saudi Arabia,2,1,
2-s2.0-105007953442,10.1111/pce.70000,A Shading-Responsive bHLH Transcription Factor (CsPIF7) Promotes Theanine Biosynthesis in Tea Plants (Camellia sinensis),2025,Plant Cell and Environment,01407791,48,9,7005-7016,Article,Li L.,,,Guizhou University,China,6,1,
2-s2.0-105008873289,10.1016/j.istruc.2025.109524,livMatS biomimetic shell: Structural advancements of segmented timber shells towards permanent building constructions,2025,Structures,,79,,,Article,Bechert S.,,,Universität Stuttgart,Germany,1,1,
2-s2.0-105010013654,10.1002/adsu.202500603,Application of a Dynamic Semitransparent Agrivoltaic Panel for Controlling Sunlight Allocation to Solar Cells and Crops,2025,Advanced Sustainable Systems,,9,9,,Article,Yano A.,,,Shimane University,Japan,2,1,
2-s2.0-105010124010,10.1016/j.buildenv.2025.113399,Vertical greenery as natural shading of glass facades: Bioshading coefficients for 4 climbing plant species for assessment of shading performance,2025,Building and Environment,03601323,283,,,Article,Poiss M.,,,BOKU University,Austria,7,1,
2-s2.0-105005512195,10.1016/j.apenergy.2025.126162,Dynamic reconfiguration method and performance optimization of 3D curved photovoltaic modules under non-uniform illumination conditions based on improved simulated annealing algorithm (ISAA),2025,Applied Energy,03062619,393,,,Article,Cai J.,,,Shanghai University of Electric Power;Shanghai Non-carbon Energy Conversion and Utilization Institute,China;China,7,1,
2-s2.0-105017238289,10.3390/en18184925,Advanced Single-Phase Non-Isolated Microinverter with Time-Sharing Maximum Power Point Tracking Control Strategy,2025,Energies,,18,18,,Article,Alhasi A.,,,Cranfield University,United Kingdom,0,1,
2-s2.0-105009764615,10.1016/j.buildenv.2025.113359,Machine learning-based adaptive control of PV shading for residential energy and visual comfort optimization,2025,Building and Environment,03601323,283,,,Article,Wang M.,,,Hong Kong University of Science and Technology,Hong Kong,8,0,
2-s2.0-105015431480,10.3390/buildings15173114,Multi-Agent Deep Reinforcement Learning-Based HVAC and Electrochromic Window Control Framework,2025,Buildings,,15,17,,Article,Chen H.,,,South China Normal University,China,4,1,
2-s2.0-105015982844,10.3390/buildings15162977,Reinforcement Learning-Enabled Adaptive Control for Climate-Responsive Kinetic Building Facades,2025,Buildings,,15,16,,Article,Li Z.,,,College of Engineering,United States,6,1,
2-s2.0-105005854246,10.1016/j.autcon.2025.106295,Two-stage optimization of infinite rotation-freedom façade systems using machine learning surrogate models,2025,Automation in Construction,09265805,176,,,Article,Wang Y.,,,Tianjin University,China,2,0,
2-s2.0-105014382323,10.3390/smartcities8040127,Optimizing Building Performance with Dynamic Photovoltaic Shading Systems: A Comparative Analysis of Six Adaptive Designs,2025,Smart Cities,,8,4,,Article,Roshan Kharrat R.,,,Politecnico di Torino,Italy,5,1,
2-s2.0-105014965797,10.1115/1.4068810,"Parametric Design of Tessellated Geometric Kinetic Façade for Daylighting and Glare Control in a High-Rise Hospital Building in Amman, Jordan",2025,Journal of Engineering for Sustainable Buildings and Cities,26426641,6,3,,Article,Khraisat D.,,,Al-Balqa Applied University,Jordan,1,2,
2-s2.0-105014622413,10.3390/buildings15162847,Optimization of External Horizontal Slat Configurations for Enhanced Tropical Daylighting in High-Rise Apartments,2025,Buildings,,15,16,,Article,Hong Y.,,,Universiti Kebangsaan Malaysia;Chongqing University of Science and Technology,Malaysia;China,1,1,
2-s2.0-105014393096,10.3390/app15169119,A Review and Prototype Proposal for a 3 m Hybrid Wind–PV Rotor with Flat Blades and a Peripheral Ring,2025,Applied Sciences Switzerland,,15,16,,Review,Chiriță G.D.,,,Universitatea Valahia din Targoviste,Romania,1,1,
2-s2.0-105014419342,10.3390/buildings15162958,Multi-Objective Optimization of a Folding Photovoltaic-Integrated Light Shelf Using Non-Dominated Sorting Genetic Algorithm III for Enhanced Daylighting and Energy Savings in Office Buildings,2025,Buildings,,15,16,,Article,Cheraghzad T.,,,University of Tehran,Iran,5,1,
2-s2.0-105014402389,10.3390/buildings15162904,Daylighting Performance Simulation and Optimization Design of a “Campus Living Room” Based on BIM Technology—A Case Study in a Region with Hot Summers and Cold Winters,2025,Buildings,,15,16,,Article,Zeng Q.,,,Hunan City University;Key Laboratory of Key Technologies of Digital Urban-Rural Spatial Planning of Hunan Province;Key Laboratory of Urban Planning Information Technology of Hunan Provincial Universities,China;China;China,0,1,
2-s2.0-105005761786,10.1016/j.buildenv.2025.113187,An innovative adaptive double-skin wall system integrating a phase change material layer: comprehensive performances across different climate zones for heating,2025,Building and Environment,03601323,281,,,Article,Zhou S.,,,"Beijing Institute of Technology;The Hong Kong Polytechnic University;School of Mechanical Engineering, Beijing Institute of Technology",China;Hong Kong;China,4,0,
2-s2.0-105005751085,10.1016/j.ceb.2025.102538,The tri-molecular interaction controlling plant cell structure,2025,Current Opinion in Cell Biology,09550674,95,,,Review,Manchanda P.,,,Université McGill,Canada,3,1,
2-s2.0-105014418071,10.3390/buildings15162842,Climate-Responsive Envelope Retrofit Strategies for Aged Residential Buildings in China Across Five Climate Zones,2025,Buildings,,15,16,,Article,Gao P.,,,Universiti Kebangsaan Malaysia,Malaysia,4,1,
2-s2.0-105009376508,10.1016/j.xcrp.2025.102668,Demonstration and characterization of insertable passive thermal switches for dynamic building envelopes,2025,Cell Reports Physical Science,,6,7,,Article,Xiao Z.,,,National Laboratory of the Rockies,United States,3,1,
2-s2.0-105002391504,10.1016/j.jobe.2025.112566,"Artificial intelligence algorithms, simulation tools and software for optimization of adaptive facades: A systematic literature review",2025,Journal of Building Engineering,,106,,,Review,Özlük R.,,,Balikesir Üniversitesi,Turkey,10,0,
2-s2.0-105002007195,10.1016/j.apenergy.2025.125808,A new intelligent control and advanced global optimization methodology for peak solar energy system performance under challenging shading conditions,2025,Applied Energy,03062619,390,,,Article,Wei X.,,,Shanghai Dianji University,China,36,0,
2-s2.0-105002776077,10.1016/j.engstruct.2025.120362,Tensile self-locking behavior of reconfigurable origami structure,2025,Engineering Structures,01410296,335,,,Article,Shi C.,,,Southeast University,China,13,0,
2-s2.0-105003243841,10.1016/j.enbuild.2025.115776,Enhancing EnergyPlus capabilities to model dynamic building envelopes using python plugin,2025,Energy and Buildings,03787788,339,,,Article,Wijesuriya S.,,,National Laboratory of the Rockies,United States,12,1,
2-s2.0-105000397017,10.1016/j.watres.2025.123471,Molecular fractionation on ferrihydrite eroded the disinfection byproduct formation potential of dissolved organic matter derived from microplastics and biochar,2025,Water Research,00431354,280,,,Article,Chu Z.,,,Lanzhou University,China,10,0,
2-s2.0-105011624612,10.3390/buildings15142572,Dynamic Skin: A Systematic Review of Energy-Saving Design for Building Facades,2025,Buildings,,15,14,,Review,Wang J.,,,Yangzhou University,China,5,1,
2-s2.0-105000865212,10.1016/j.jobe.2025.112415,Integration of bio-inspired adaptive systems for optimizing daylight performance and glare control,2025,Journal of Building Engineering,,105,,,Article,Kamalabadi S.T.,,,Imam Khomeini International University,Iran,12,1,
2-s2.0-105007087859,10.37934/arfmts.131.1.155174,Angle of Folding of Dynamic Kinetic Façade Configuration for Air Velocity and Indoor Air Temperature in a Naturally-Ventilated Hotel Guestroom in the Hot and Humid Climate,2025,Journal of Advanced Research in Fluid Mechanics and Thermal Sciences,22897879,131,1,155-174,Article,Rafi M.F.M.,,,Universiti Sains Malaysia,Malaysia,1,0,
2-s2.0-105011854535,10.3390/buildings15142491,Biomimetic Opaque Ventilated Façade for Low-Rise Buildings in Hot Arid Climate,2025,Buildings,,15,14,,Article,Alyahya A.,,,Imam Abdulrahman Bin Faisal University,Saudi Arabia,4,1,
2-s2.0-105011877910,10.3390/buildings15142577,The Impact of Building Windows on Occupant Well-Being: A Review Integrating Visual and Non-Visual Pathways with Multi-Objective Optimization,2025,Buildings,,15,14,,Review,He S.,,,Nanjing Forestry University,China,12,1,
2-s2.0-85201797524,10.1007/s00542-024-05746-4,Comparative assessment of various MPPT algorithms for solar photovoltaic systems under dynamic shading conditions,2025,Microsystem Technologies,09467076,31,7,1649-1659,Article,Yadav A.,,,"Government Engineering College, Raipur",India,2,0,
2-s2.0-105010701100,10.1016/j.jtherbio.2025.104212,"Future climate impacts on urban office Buildings: Energy, comfort, and passive solutions in Osaka, Japan",2025,Journal of Thermal Biology,03064565,131,,,Article,Bavarsad F.S.,,,University Centre for Energy Efficient Buildings,Czech Republic,7,1,
2-s2.0-105000918728,10.1016/j.jobe.2025.112104,"Optimal daylighting design for standard photopic and melanopic equivalent daylight illuminance, and glare minimization in Tehran classrooms",2025,Journal of Building Engineering,,105,,,Article,Noor M.C.,,,Iran University of Science and Technology,Iran,3,0,
2-s2.0-105003811207,10.1016/j.buildenv.2025.113048,Biomimetic self-shading walls via 3D-printing for reduced heat gain: Multiscale learning using graph neural networks to predict solar radiation absorption,2025,Building and Environment,03601323,279,,,Article,Wang H.,,,National University of Singapore,Singapore,9,0,
2-s2.0-105029566104,10.21475/ajcs.25.19.07.p34,"The effect of shading and vermicompost on the growth, yield, antioxidant activity, and flavonoid content of two Medinilla species",2025,Australian Journal of Crop Science,18352693,19,7,758-764,Article,Dullah I.C.,,,Universitas Sebelas Maret,Indonesia,2,1,
2-s2.0-105011673611,10.3390/pr13072275,Ventilated Facades for Low-Carbon Buildings: A Review,2025,Processes,,13,7,,Review,Cuce P.M.,,,Birmingham City University;Recep Tayyip Erdogan University,United Kingdom;Turkey,14,1,
2-s2.0-105005200552,10.1002/ep.14621,Maximizing energy harvesting in grid-connected hybrid photovoltaic and thermoelectric generator systems: An adaptive global power tracking technique,2025,Environmental Progress and Sustainable Energy,19447442,44,4,,Article,Al-Tawalbeh N.,,,Al Al-Bayt University,Jordan,2,0,
2-s2.0-105007906071,10.21608/jesaun.2025.360974.1428,"From Stasis to Motion: Enhancing Environmental Performance through Dynamic Architecture Techniques A Reimagining of Traditional MashRabiya in Contemporary Case Study Design Commercial Building Design in Egypt (Mokattam area, Cairo)",2025,Journal of Engineering Sciences,16870530,53,4,537-554,Article,Abd Elregal M.M.H.,,,Modern Academy in Maadi,Egypt,0,1,
2-s2.0-105007879009,10.1088/2631-8695/addfac,Partial shading impact analysis on solar PV system performance: a MATLAB/SIMULINK study on optimal array configurations,2025,Engineering Research Express,,7,2,,Article,Lee K.T.,,,Universiti Malaya,Malaysia,2,2,
2-s2.0-105012357418,10.1145/3734921.3734943,Research on Enhancing the Generalization Ability of Generative AI Based on K-means Clustering Algorithm: Text-to-Image Task for Wind-Responsive Passive Building Facade,2025,Proceedings of 2025 International Conference on Generative Artificial Intelligence and Digital Media Gadm 2025,,,,140-148,Conference Paper,Liu R.,,,Universiti Utara Malaysia,Malaysia,1,1,
2-s2.0-105006665733,10.1016/j.scs.2025.106484,Tabular prior-data fitted network for urban air temperature inference and high temperature risk assessment,2025,Sustainable Cities and Society,22106707,128,,,Article,Yu Z.,,,Ministry of Education of the People's Republic of China;Tongji University;Tongji Architectural Design (Group) Co. Ltd,China;China;China,13,0,
2-s2.0-105006797861,10.1021/acsenergylett.5c00637,"Glare-Free, Energy-Efficient Smart Windows: A Pedestrian-Friendly System with Dynamically Tunable Light and Heat Regulation",2025,ACS Energy Letters,,10,6,2997-3004,Article,Jo H.J.,,,University of Seoul,South Korea,8,0,
2-s2.0-105009000892,10.3390/buildings15122072,Adaptive Façades for High-Rise Residential Buildings: A Qualitative Analysis of the Design Parameters and Methods,2025,Buildings,,15,12,,Article,Assadimoghadam A.,,,Deakin University,Australia,4,1,
2-s2.0-105003802281,10.1016/j.rineng.2025.105000,Achieving operational synergy between different adaptive façade technologies,2025,Results in Engineering,,26,,,Article,Alkhatib H.,,,"Technological University Dublin;MaREI, the SFI Research Centre for Energy, Climate and Marine",Ireland;Ireland,4,1,
2-s2.0-85218080379,10.15627/jd.2025.5,Designing Adaptability Strategy to a Novel Kinetic Adaptive Façade (NKAF); Toward a Pioneering Method in Dynamic-objects Daylight Simulation (Post-Processing),2025,Journal of Daylighting,23838701,12,1,69-90,Article,Goharian A.,,,Tarbiat Modares University,Iran,7,1,
2-s2.0-105007750748,10.3390/buildings15111853,Computational Evaluation of a Biomimetic Kinetic Façade Inspired by the Venus Flytrap for Daylight and Glare Performance,2025,Buildings,,15,11,,Article,Farmani F.,,,University of Tehran,Iran,3,1,
2-s2.0-105007747655,10.3390/buildings15111961,Energy-Saving Performance and Optimization Study of Adaptive Shading System—A Case Study,2025,Buildings,,15,11,,Article,Yang F.,,,China MCC5 Group Corp. Ltd.,China,2,1,
2-s2.0-105007669014,10.3390/en18112682,A Simplified Model Validation for the Energy Assessment of Opaque Adaptive Façades with Variable Thermal Resistance,2025,Energies,,18,11,,Article,Palacios Mackay I.,,,Universidad del Bio Bio,Chile,1,1,
2-s2.0-105001272856,10.1016/j.egyr.2025.03.021,Kinetic facades as a solution for educational buildings: A multi-objective optimization simulation-based study,2025,Energy Reports,,13,,3915-3928,Article,Yazdi Bahri S.,,,Universitat Politècnica de Catalunya,Spain,14,1,
2-s2.0-85217251600,10.15627/jd.2025.1,Daylight Optimization of the South-Faced Architecture Classrooms Using Biomimicry-Based Kinetic Facade Shading System,2025,Journal of Daylighting,23838701,12,1,1-20,Article,Yunitsyna A.,,,Universiteti Metropolitan Tirana,Albania,4,1,
2-s2.0-105007841368,10.3390/su17115176,Sustainable Insulation Technologies for Low-Carbon Buildings: From Past to Present,2025,Sustainability Switzerland,,17,11,,Review,Cuce P.M.,,,Birmingham City University;Recep Tayyip Erdogan University,United Kingdom;Turkey,12,1,
2-s2.0-105018813599,10.1007/s44150-025-00156-0,Numerical analysis of perforated bending-active plates integrated in unitized curtain wall,2025,Architecture Structures and Construction,27309886,5,1,,Article,Sergidis C.,,,University of Cyprus,Cyprus,1,1,
2-s2.0-105002439740,10.1007/s42107-025-01331-w,A review of multi objective optimization in sustainable architecture: enhancing energy efficiency through dynamic facades,2025,Asian Journal of Civil Engineering,15630854,26,6,2319-2330,Review,Bhote J.V.,,,Manipal School of Architecture & Planning,India,3,0,
2-s2.0-85200678485,10.1177/14780771241270265,From theory to practice: Truchet tile as a computational visual coding approach for facade visualization,2025,International Journal of Architectural Computing,14780771,23,2,464-480,Article,EL-Mahdy D.,,,Faculty of Engineering,Egypt,4,0,
2-s2.0-105009088452,10.3390/buildings15122100,Development of a Solar-Tracking Movable Louver with a PV Module for Building Energy Reduction,2025,Buildings,,15,12,,Article,Han S.,,,Sangmyung University,South Korea,2,1,
2-s2.0-105012978506,10.18280/ijdne.200608,Biomimetic Strategies in Kinetic Architecture: A Comparative Analysis of Nature-Inspired Roof and Façade Designs,2025,International Journal of Design and Nature and Ecodynamics,17557437,20,6,1269-1282,Article,Razoki F.J.,,,University of Mosul,Iraq,0,1,
2-s2.0-105007709294,10.3390/electronics14112157,Research on Maximum Power Point Tracking Based on an Improved Harris Hawks Optimization Algorithm,2025,Electronics Switzerland,,14,11,,Article,Rong J.,,,Wuhan Polytechnic University,China,2,1,
2-s2.0-105004260509,10.1016/j.egyr.2025.04.064,On the use of dynamic film to improve the thermal and solar performance of multiple glazing units. Preliminary testing and assessment,2025,Energy Reports,,13,,5281-5289,Article,Zinzi M.,,,"Ente Per Le Nuove Tecnologie, l'Energia e l'Ambiente",Italy,3,1,
2-s2.0-105007997218,,Hybrid Optimization for Photovoltaic Power Systems: Enhancing MPPT with Improved Whale and Particle Swarm Algorithms,2025,Engineering Letters,1816093X,33,6,1746-1758,Article,Liu T.,,,Shenyang Agricultural University,China,3,0,
2-s2.0-105001330352,10.1016/j.enbuild.2025.115594,Prescriptive tool for zero-emissions building fenestration design using hybrid metaheuristic algorithms,2025,Energy and Buildings,03787788,336,,,Article,Caro R.,,,"Escuela Técnica Superior de Arquitectura, Universidad Politécnica de Madrid",Spain,1,2,
2-s2.0-105007185681,10.37917/ijeee.21.1.11,Design and Validation of Super-Capacitor Assisted Photovoltaic Array for Roof-Top Solar Powered Electric Vehicle Applications,2025,Iraqi Journal for Electrical and Electronic Engineering,18145892,21,1,117-125,Article,Karunanithi K.,,,Vel Tech Rangarajan Dr.Sagunthala R&D Institute of Science and Technology,India,0,1,
2-s2.0-105021984072,10.1051/e3sconf/202562802014,The application of passive energy-saving technology in enhancing the ecological resilience of rural areas in cold regions,2025,E3s Web of Conferences,25550403,628,,,Conference Paper,Liang J.,,,Northeast Petroleum University,China,0,1,
2-s2.0-85216645086,10.1016/j.jobe.2025.111813,A method for achieving optimal thermal performance of adaptive opaque facades based on monthly loads across China,2025,Journal of Building Engineering,,102,,,Article,Gao M.,,,South China University of Technology,China,3,0,
2-s2.0-105008570209,10.18280/ijsdp.200507,Parametric Analysis of Daylight and Solar Energy Performance of Oasis Building Environments Through Kinetic Shading Devices Integrated with a Photovoltaic System,2025,International Journal of Sustainable Development and Planning,17437601,20,5,1899-1907,Article,Berkouk D.,,,Université Mohamed Khider Biskra;Dar Al-Hekma University,Algeria;Saudi Arabia,0,1,
2-s2.0-85218992312,10.1016/j.enbuild.2025.115491,An advanced numerical model for dynamic daylight and energy consumption analysis of thermal-responsive complex fenestration system with adaptive solar absorption,2025,Energy and Buildings,03787788,334,,,Article,Ming Y.,,,Southwest Jiaotong University,China,5,1,
2-s2.0-85218637971,10.1016/j.enbuild.2025.115488,Comprehensive impact of two advanced thermotropic façades designs on building daylight and energy performance,2025,Energy and Buildings,03787788,334,,,Article,Ming Y.,,,Southwest Jiaotong University,China,7,1,
2-s2.0-105004796177,10.3390/en18092375,A Systematic Review of Sensitivity Analysis in Building Energy Modeling: Key Factors Influencing Building Thermal Energy Performance,2025,Energies,,18,9,,Review,Roka R.,,,Universidade de Aveiro,Portugal,22,1,
2-s2.0-105004839203,10.3390/buildings15091434,"Energy-Efficient Design of Immigrant Resettlement Housing in Qinghai: Solar Energy Utilization, Sunspace Temperature Control, and Envelope Optimization",2025,Buildings,,15,9,,Article,Liu B.,,,Xi'an University of Architecture and Technology,China,4,1,
2-s2.0-105007689472,10.13189/cea.2025.131304,Utilizing Adaptive Glass and Materials in Smart Window Design to Improve Thermal Performance of Buildings in Hot Climates,2025,Civil Engineering and Architecture,23321091,13,3,2216-2236,Article,Salama K.R.,,,Faculty of Engineering,Egypt,0,1,
2-s2.0-86000784109,10.1016/j.solener.2025.113268,"Suitable transition temperature on thermo-adaptive reflectance for opaque facades: Influence of climate, solar orientation, and facade material",2025,Solar Energy,0038092X,291,,,Article,Andrade Santos R.,,,CERIS – Civil Engineering Research and Innovation for Sustainability,Portugal,0,0,
2-s2.0-86000151330,10.1016/j.solener.2025.113388,A hybrid global wolf pack algorithm-based incremental conductance method under partial shading conditions,2025,Solar Energy,0038092X,291,,,Article,Xiao W.,,,Tianjin University,China,8,0,
2-s2.0-85216801550,10.1016/j.dld.2025.01.189,Liver sinusoidal endothelial cells: Friend or foe in metabolic dysfunction- associated steatotic liver disease/metabolic dysfunction-associated steatohepatitis,2025,Digestive and Liver Disease,15908658,57,5,493-503,Review,Dai Q.,,,Universitätsklinikum Jena und Medizinische Fakultät,Germany,24,1,
2-s2.0-105006746001,10.3390/buildings15101648,"Climate-Responsive Design of Photovoltaic Façades in Hot Climates: Materials, Technologies, and Implementation Strategies",2025,Buildings,,15,10,,Review,Wu X.,,,Guangdong Power Grid Corporation,China,19,1,
2-s2.0-105006617880,10.3390/buildings15101593,A Systematic Review on the Research and Development of Adaptive Buildings,2025,Buildings,,15,10,,Review,Lin Y.,,,University of Shanghai for Science and Technology,China,4,1,
2-s2.0-105005752559,10.1145/3706598.3714064,Manifesting Architectural Subspaces with Two Mobile Robotic Partitions to Facilitate Spontaneous Office Meetings,2025,Conference on Human Factors in Computing Systems Proceedings,,,,,Conference Paper,Balcl O.,,,KU Leuven,Belgium,5,2,
2-s2.0-85214011602,10.1016/j.jobe.2024.111701,A review on adaptive and non-adaptive shading devices for sustainable buildings,2025,Journal of Building Engineering,,100,,,Review,Avcı P.,,,Izmir Yüksek Teknoloji Enstitüsü,Turkey,12,0,
2-s2.0-85204870157,10.1016/j.foar.2024.08.002,A systematic method of generating hinged tessellations by adding hinged plates based on dual graphs,2025,Frontiers of Architectural Research,20952635,14,2,545-559,Article,Wang H.,,,College of Civil Engineering and Architecture Zhejiang University,China,3,1,
2-s2.0-85218120860,10.1016/j.buildenv.2025.112724,An integrated adaptive façade system using a glass block filled with phase change material: Cooling energy load and performance enhancement,2025,Building and Environment,03601323,273,,,Article,Čekon M.,,,Slovak University of Technology in Bratislava;Institute of Construction and Architecture Slovak Academy of Sciences,Slovakia;Slovakia,9,1,
2-s2.0-105002285610,10.3390/buildings15071123,Dynamic Integration of Shading and Ventilation: Novel Quantitative Insights into Building Performance Optimization,2025,Buildings,,15,7,,Article,Mazzetto S.,,,Prince Sultan University,Saudi Arabia,17,1,
2-s2.0-85213535470,10.1016/j.jobe.2024.111643,Energy-efficient building façades: A comprehensive review of innovative technologies and sustainable strategies,2025,Journal of Building Engineering,,99,,,Review,Tahmasbi F.,,,Temple University;Ballinger,United States;United States,33,0,
2-s2.0-105003462090,10.3390/designs9020031,Delta IXI: Deployable Structure with Flax Fibre Pultruded Profiles for Architectural Applications—Case Studies in Furniture and Adaptive Facade Systems,2025,Designs,,9,2,,Article,Courarie-Delage I.,,,Universität Stuttgart,Germany,0,1,
2-s2.0-85214140676,10.1016/j.tws.2024.112886,Experimental study on harnessing torsion-induced buckling of frames for adaptive shading modules,2025,Thin Walled Structures,02638231,209,,,Article,Hu Y.,,,Faculty of Engineering,Australia,1,1,
2-s2.0-85217063442,10.1016/j.enbuild.2025.115431,Fully exploiting solar energy with building envelops: Experimental study on an adjustable photovoltaic green facade,2025,Energy and Buildings,03787788,332,,,Article,Li C.,,,Shenzhen University;State Key Laboratory of Subtropical Building and Urban Science,China;China,13,0,
2-s2.0-105001572160,10.1016/j.seta.2025.104297,Comprehensive performance analysis of semitransparent CdTe PV windows in static and dynamic facades: A real ship case study,2025,Sustainable Energy Technologies and Assessments,22131388,76,,,Article,Hu H.,,,Jimei University,China,2,0,
2-s2.0-85212953481,10.1016/j.jobe.2024.111645,Investigations for the daylighting performance of trapezoid profile shadings using multi-objective optimization,2025,Journal of Building Engineering,,99,,,Article,Ibrahim A.,,,University of Science and Technology of China,China,15,0,
2-s2.0-105003491014,10.3390/designs9020041,Review of Dynamic Building Envelope Systems and Technologies Utilizing Renewable Energy Resources,2025,Designs,,9,2,,Review,Almesbah M.,,,Penn State College of Engineering,United States,4,1,
2-s2.0-86000295890,10.1007/s12273-025-1246-6,Improving outdoor thermal environmental quality through kinetic canopy empowered by machine learning and control algorithms,2025,Building Simulation,19963599,18,4,699-720,Article,Zeng T.,,,Tsinghua University,China,19,0,
2-s2.0-105008212819,10.4271/2025-01-8650,A Comparative Study of Optimization Algorithms for 6DOF Design in Electric Vehicle Powertrain Mounting Systems,2025,SAE Technical Papers,01487191,,,,Conference Paper,Hazra S.,,,Tata Motors Ltd,India,0,0,
2-s2.0-105002764714,10.18686/cest335,Hybrid Artificial Bee Colony and incremental conductance—Algorithm for enhanced MPPT in photovoltaic systems,2025,Clean Energy Science and Technology,,3,2,,Article,Abo-Khalil A.G.,,,University of Sharjah,United Arab Emirates,1,1,
2-s2.0-86000763996,10.35378/gujs.1433809,"Multi-Objective Optimization of a Folding Kinetic Facade System Proposal for Thermal, Daylight, and Energy Performances",2025,Gazi University Journal of Science,,38,1,1-16,Article,Yaman Y.,,,Dokuz Eylül Üniversitesi,Turkey,4,1,
2-s2.0-85217028059,10.13189/cea.2025.130204,A Multi-objective Optimization for Passive Adaptive Envelope Integrating Smart Materials,2025,Civil Engineering and Architecture,23321091,13,2,794-812,Article,Mahdy M.,,,College of Engineering and Technology,Egypt,4,1,
2-s2.0-85212415840,10.1061/JAEIED.AEENG-1705,Utilizing Kinematic Models of Kinetic Facades to Obtain Optimal Natural Lighting in an Office Building,2025,Journal of Architectural Engineering,10760431,31,1,,Article,Sangtarash F.,,,"Islamic Azad University, South Tehran Branch",Iran,0,0,
2-s2.0-86000285490,10.13189/cea.2025.130239,Machine Learning for Adaptive Facade Design: Enhancing Thermal Performance in Urban Architecture,2025,Civil Engineering and Architecture,23321091,13,2,1273-1288,Article,Ghoneim R.S.,,,Al-Ahliyya Amman University,Jordan,16,1,
2-s2.0-105001327613,10.3390/architecture5010012,"Space-Containing Façades: Mediating Environmental, Social, and Urban Dynamics in Collective Housing Design",2025,Architecture,,5,1,,Article,Kousidi S.,,,Politecnico di Milano,Italy,5,1,
2-s2.0-105001114046,10.3390/buildings15060876,Design Optimization Approach for Residential Outdoor Environments Based on Seasonal Variations in Local Thermal Perception,2025,Buildings,,15,6,,Article,Yan Y.,,,China Academy of Building Research;Zhongguancun Institute of Human Settlements Engineering and Materials,China;China,3,1,
2-s2.0-105001090112,10.1177/01436244241306595,A comparison between the impact of dynamic envelope control strategies on the buildings’ smart readiness indicator and modelled performance,2025,Building Services Engineering Research and Technology,01436244,46,2,229-250,Article,Paydar M.A.,,,The Bartlett Faculty of the Built Environment,United Kingdom,3,1,
2-s2.0-105001386065,10.3390/horticulturae11030319,Impact of Different Shading Conditions on Processing Tomato Yield and Quality Under Organic Agrivoltaic Systems,2025,Horticulturae,,11,3,,Article,Dal Prà A.,,,Consiglio Nazionale delle Ricerche,Italy,2,1,
2-s2.0-86000503421,10.3390/su17052116,A Smart Roller Shutters Control for Enhancing Thermal Comfort and Sustainable Energy Efficiency in Office Buildings,2025,Sustainability Switzerland,,17,5,,Article,Magraoui C.,,,Université Blida 1;Centre National de Recherche et d’Etudes Intégrées du Bâtiment,Algeria;Algeria,3,1,
2-s2.0-105001160974,10.3390/en18061402,Thermal Performance Evaluation of a Retrofitted Building with Adaptive Composite Energy-Saving Facade Systems,2025,Energies,,18,6,,Article,Zhangabay N.,,,M. Auezov South Kazakhstan University,Kazakhstan,9,1,
2-s2.0-105003105190,10.1007/s11012-024-01802-5,Hybrid origami-linkage vaulted deployable structures: parametric development and form-finding,2025,Meccanica,00256455,60,3,621-631,Article,Vlachaki E.,,,University of Patras,Greece,7,1,
2-s2.0-86000190113,10.1364/OL.550391,Blind signal reconstruction for continuous-time photonic time-stretch analog-to-digital converters,2025,Optics Letters,01469592,50,5,1653-1656,Article,Guo Y.,,,Shanghai Jiao Tong University,China,1,0,
2-s2.0-105000761001,10.1063/5.0258553,Tunable foil pneu: A concept study on kinetic shading systems for climate-sensitive building envelopes,2025,Aip Conference Proceedings,0094243X,3271,1,,Conference Paper,Flor J.F.,,,Taylor's University Malaysia;Universiti Malaysia Kelantan,Malaysia;Malaysia,0,0,
2-s2.0-85214505558,10.1016/j.buildenv.2024.112409,User interaction with smart glazing: Effect of switching speed under overcast sky condition,2025,Building and Environment,03601323,270,,,Article,de la Barra P.,,,Faculteit Bouwkunde van de TU Delft,Netherlands,3,0,
2-s2.0-85217762567,,Multiport DC-DC converter fed multilevel inverter for standalone photovoltaic systems,2025,Electric Vehicles and Distributed Generation Microgrid,,,,169-187,Book Chapter,Allamsetty H.,,,National Institute of Technology Puducherry,India,0,0,
2-s2.0-85209902839,10.1016/j.tws.2024.112739,Design and photothermal coupling analysis of Kresling origami-based intelligent dynamic shading system,2025,Thin Walled Structures,02638231,207,,,Article,Zhang J.,,,Yanshan University,China,10,0,
2-s2.0-85218453876,10.3390/buildings15040578,Technical Review of Solar Distribution Calculation Methods: Enhancing Simulation Accuracy for High-Performance and Sustainable Buildings,2025,Buildings,,15,4,,Review,Rocha A.P.d.A.,,,Pontifícia Universidade Católica do Paraná,Brazil,2,1,
2-s2.0-85218903133,10.3390/urbansci9020030,“Build It and They Will Stay”: Assessing the Social Impact of Self-Build Practices in Urban Regeneration,2025,Urban Science,,9,2,,Article,Manunza A.,,,Università degli Studi di Cagliari,Italy,3,1,
2-s2.0-85209755818,10.1016/j.apenergy.2024.124900,Food-energy-water nexus considerations in optimal greenhouse farming systems design and operation,2025,Applied Energy,03062619,379,,,Article,Di Martino M.,,,Texas A&M University;College of Engineering,United States;United States,7,0,
2-s2.0-85218636726,10.3390/en18040918,A Review of Artificial Intelligence Applications in Architectural Design: Energy-Saving Renovations and Adaptive Building Envelopes,2025,Energies,,18,4,,Review,Li Y.,,,Cardiff University,United Kingdom,18,1,
2-s2.0-85218882604,10.3390/act14020045,Dynamic Envelope Optimization of Articulated Vehicles Based on Multi-Axle Steering Control Strategies,2025,Actuators,,14,2,,Article,Sun Z.,,,Tsinghua University,China,1,1,
2-s2.0-85208399934,10.1016/j.apenergy.2024.124787,Experimental energy performance assessment of a smart controlled water-flow glazing adaptive facade in heating demand conditions,2025,Applied Energy,03062619,378,,,Article,Claros-Marfil L.J.,,,Universidad Politécnica de Madrid,Spain,3,0,
2-s2.0-105035258792,10.26868/25222708.2025.1749,Thermo-Bimetal Responsive Building Skins: Comparative Analysis of Self-Actuated Geometric Patterning and User Override on Daylight and Energy Efficiency,2025,Building Simulation Conference Proceedings,25222708,19,,,Conference Paper,Sinha A.,,,Carnegie Mellon University,United States,0,1,
2-s2.0-105027941582,10.1088/1742-6596/3140/2/022009,Performance assessment of an adaptive opaque façade technology across diverse European climates: Energy efficiency and thermal comfort improvements,2025,Journal of Physics Conference Series,17426588,3140,2,,Conference Paper,Qorbani M.A.,,,Technische Universiteit Eindhoven,Netherlands,0,1,
2-s2.0-105023055856,10.1007/978-981-96-8769-5_10,Adaptive Façades for High-Rise Residential Buildings: A Qualitative Analysis of the Design Parameters and Methods,2025,Lecture Notes in Civil Engineering,23662557,685 LNCE,,145-157,Conference Paper,Assadimoghadam A.,,,"Faculty of Science, Engineering and Built Environment",Australia,0,0,
2-s2.0-105023472535,10.52842/conf.caadria.2025.3.243,A Predictive Model for Dynamic Facades' Daylight Performance using Multimodal Fusion Learning,2025,Proceedings of the International Conference on Computer Aided Architectural Design Research in Asia,27104257,3,,243-252,Conference Paper,Ma Z.,,,Tongji University,China,0,0,
2-s2.0-85214263895,10.1080/17508975.2024.2448524,Proposal for a kinetic façade system based on curved line folding technique,2025,Intelligent Buildings International,17508975,17,3,149-162,Article,Neseliler P.,,,Izmir Ekonomi Üniversitesi,Turkey,2,0,
2-s2.0-85216662439,10.55214/25768484.V9I1.4251,Advancing adaptive facades for a sustainable future in building design,2025,Edelweiss Applied Science and Technology,,9,1,801-845,Article,Kadhim B.M.,,,University of Technology- Iraq,Iraq,12,1,
2-s2.0-85215760274,10.3390/su17020783,Sustainable Design: Minimizing Discomfort Glare Through Data-Driven Methods for Responsive Facades,2025,Sustainability Switzerland,,17,2,,Article,Matin N.H.,,,The University of Oklahoma,United States,5,1,
2-s2.0-105014739375,10.1088/1742-6596/3071/1/012016,Designing buildings with potential for Artificial Intelligence integration: a conceptual study on adaptive façades,2025,Journal of Physics Conference Series,17426588,3071,1,,Conference Paper,Pantilimonescu F.,,,Universitatea Tehnica Gh. Asachi din IasI;Ion Mincu University of Architecture and Urbanism,Romania;Romania,0,1,
2-s2.0-105020779547,10.1007/978-3-032-06993-1_5,Designing Adaptive Shading Components for 4D Printing,2025,Lecture Notes in Civil Engineering,23662557,766 LNCE,,63-84,Conference Paper,Battaglia C.,,,Università degli Studi di Genova,Italy,0,0,
2-s2.0-105033349571,10.23968/2500-0055-2025-10-4-3-16,IMPACT OF ADAPTIVE BIOMIMETIC BUILDING SKINS ON INDOOR THERMAL COMFORT: A COMPUTATIONAL EVALUATION,2025,Architecture and Engineering,,10,4,3-16,Article,Hadef S.S.,,,Faculty of Science and Technology,Algeria,0,1,
2-s2.0-105019198767,10.37575/b/eng/250018,Building Energy Performance Assessment Based on a Bio-Inspired Kinetic Shading Devices,2025,Scientific Journal of King Faisal University Basic and Applied Sciences,16580311,26,2,36-42,Article,Hadef S.S.,,,Faculty of Sciences and Technology,Algeria,1,1,
2-s2.0-105010578532,10.1007/978-981-96-3804-8_7,Dynamic Shading Device Design with Computational Building Information Modelling for High-Rise Office Building in Tropical Climate,2025,Lecture Notes in Civil Engineering,23662557,632 LNCE,,71-85,Conference Paper,Dalumo D.B.,,,Universiti Teknologi Malaysia,Malaysia,0,0,
2-s2.0-85213027260,10.1007/978-981-97-8313-7_37,Dynamic Shading Device with Phase Change Materials: A Proof-of-Concept Towards Improving Thermal Comfort,2025,Lecture Notes in Civil Engineering,23662557,554 LNCE,,271-276,Conference Paper,Gonçalves M.,,,Universidade de Aveiro,Portugal,0,0,
2-s2.0-105015978948,10.1109/ICMA65362.2025.11120687,The Impact of Power Generation Caused by Dynamic Shading from Wind Turbine Blades in Hybrid Offshore Wind-Solar Systems,2025,2025 IEEE International Conference on Mechatronics and Automation Icma 2025,,,,1198-1203,Conference Paper,Wei Y.C.,,,Tianjin University of Technology,China,0,0,
2-s2.0-105002714417,10.1109/SCEECS64059.2025.10940707,Design of Hybrid Photo-Voltaic Array Reconfiguration for Dynamic Shading Conditions,2025,2025 IEEE International Students Conference on Electrical Electronics and Computer Science Sceecs 2025,,,,,Conference Paper,Agnihotri H.,,,EE Department,India,1,0,
2-s2.0-105010688671,10.22616/ERDev.2025.24.TF275,AI-DRIVEN PARAMETRIC FACADE DESIGN FOR ADAPTIVE ARCHITECTURAL PERFORMANCE,2025,Engineering for Rural Development,16913043,24,,1075-1083,Conference Paper,Abu-Shaikha M.,,,Amman Arab University,Jordan,1,1,
2-s2.0-105026139531,10.52842/conf.ecaade.2025.1.421,Adaptive Façades for Activity-Specific Well-Being: Exploring emotional responses with virtual reality and machine learning,2025,Proceedings of the International Conference on Education and Research in Computer Aided Architectural Design in Europe,26841843,1,,421-430,Conference Paper,Pantilimonescu-Cioancă F.,,,Ion Mincu University of Architecture and Urbanism,Romania,1,0,
2-s2.0-105021829003,10.1007/978-3-032-06978-8_5,Experimental Investigation of Wood’s Hygroscopic Behavior for Adaptive Shading Systems in Building Façades,2025,Lecture Notes in Civil Engineering,23662557,765,,76-97,Conference Paper,Borraccino D.,,,Politecnico di Bari,Italy,0,1,
2-s2.0-105009224552,10.1109/PacificVis64226.2025.00046,Transparent Visualization with Dynamic Shading for 3D Scanned Point Clouds of Cultural Heritage Objects,2025,IEEE Pacific Visualization Symposium,21658765,,,375-380,Conference Paper,Nojiri H.,,,Ritsumeikan University,Japan,0,0,
2-s2.0-105017583949,10.1007/978-981-96-3433-0_12,Hygroflex: A Prototype of a Water-Responsive Facade System with an Innovative Integration of Timber and Biopolymer,2025,Computational Design and Robotic Fabrication,27319040,2025,,129-142,Book Chapter,Shi Y.,,,The Bartlett School of Architecture,United Kingdom,0,1,
2-s2.0-105030343309,10.1109/SEFET65155.2025.11255452,Review of MPPT Techniques for Dynamic Partial Shading in Solar PV Systems,2025,5th IEEE International Conference on Sustainable Energy and Future Electric Transportation Sefet 2025,,,,,Conference Paper,Kanth S.A.,,,National Institute of Technology Srinagar,India,0,0,
2-s2.0-105018678599,10.1108/SASBE-07-2025-0388,An integrated generative-analytic framework for the performance-driven design of kinetic façades,2025,Smart and Sustainable Built Environment,20466099,,,1-28,Article,Hosseini S.M.,,,Aalborg University,Denmark,3,2,
2-s2.0-85213021333,10.1007/978-981-97-8313-7_66,How Adaptive Façade Can Contribute to Energy Saving in Tall Buildings?,2025,Lecture Notes in Civil Engineering,23662557,554 LNCE,,479-485,Conference Paper,Ghiai M.M.,,,University of Louisiana at Lafayette,United States,0,0,
2-s2.0-105034749056,10.65388/JDFD5647,A conceptual application of 4D-printed (4DP) bistable unit cells for climate-responsive façades systems,2025,Proceedings of the International Conference of Architectural Science Association,,,,1-7,Conference Paper,Niazy D.,,,"Deakin University;Faculty of Engineering, Ain Shams University",Australia;Egypt,0,2,
2-s2.0-85213043511,10.1007/978-981-97-8313-7_65,Impact of Dynamic Façades on Smart Readiness Indicator and User Satisfaction,2025,Lecture Notes in Civil Engineering,23662557,554 LNCE,,471-478,Conference Paper,Luna-Navarro A.,,,Faculteit Bouwkunde van de TU Delft,Netherlands,2,0,
2-s2.0-105023482070,10.52842/conf.caadria.2025.3.305,A Workflow for Implementing Reinforcement Learning Incorporating Occupant Preference in Climate-Adaptive Facade Control,2025,Proceedings of the International Conference on Computer Aided Architectural Design Research in Asia,27104257,3,,305-314,Conference Paper,Chen Z.,,,Southern University of Science and Technology,China,0,0,
2-s2.0-85213006579,10.1007/978-981-97-8313-7_50,Dynamic Façade System for Building Retrofitting: A Numerical Study on a Tertiary Building in Italy,2025,Lecture Notes in Civil Engineering,23662557,554 LNCE,,365-371,Conference Paper,Tufano L.,,,Università degli Studi della Campania Luigi Vanvitelli,Italy,0,0,
2-s2.0-105027940427,10.1088/1742-6596/3140/5/052003,Performance-driven Shape Memory-based kinetic solar shading design,2025,Journal of Physics Conference Series,17426588,3140,5,,Conference Paper,Bonatti E.,,,Politecnico di Milano,Italy,0,1,
2-s2.0-105012552090,10.1080/23744731.2025.2534771,Biomimetic approach for beams-redirected adaptive facade with emphasis on user position and the clustered synthesis,2025,Science and Technology for the Built Environment,23744731,31,8,970-1000,Article,Goharian A.,,,Compu-lyzer Architects Association,Iran,1,0,
2-s2.0-105023473343,10.52842/conf.caadria.2025.3.213,A Data-Driven Optimization Control Framework for Adaptive Solar Façades Balancing Photovoltaic Performance and Indoor Environment,2025,Proceedings of the International Conference on Computer Aided Architectural Design Research in Asia,27104257,3,,213-222,Conference Paper,Zhang H.,,,Harbin Institute of Technology,China,0,0,
2-s2.0-105026170058,10.52842/conf.ecaade.2025.1.211,Developing Machine Learning Models to Predict Outdoor Thermal Comfort of Kinetic Shading Devices: An approach for global optimization,2025,Proceedings of the International Conference on Education and Research in Computer Aided Architectural Design in Europe,26841843,1,,211-216,Conference Paper,Dağlier Y.,,,Izmir Yüksek Teknoloji Enstitüsü,Turkey,0,0,
2-s2.0-105027936111,10.1088/1742-6596/3140/19/082009,Design of adaptive shading device with rigid origami technique: improving outdoor thermal comfort on pathways of university campus,2025,Journal of Physics Conference Series,17426588,3140,8,,Conference Paper,Daǧlier Y.,,,Izmir Yüksek Teknoloji Enstitüsü,Turkey,0,1,
2-s2.0-105017431948,10.46904/eea.25.73.3.1108006,A New Hybrid Algorithm for Power Optimization in Shaded Photovoltaic Systems,2025,Eea Electrotehnica Electronica Automatica,15825175,73,4,45-52,Article,Abdelmalek F.,,,Université Ferhat Abbas Sétif 1,Algeria,0,0,
2-s2.0-86000372255,10.1080/19401493.2024.2432915,LiDICS: a light dynamics interface for multi-domain simulation based on the FMI-standard,2025,Journal of Building Performance Simulation,19401493,18,2,229-246,Article,Weber S.O.,,,Universität Stuttgart,Germany,1,1,
2-s2.0-105035257977,10.26868/25222708.2025.1824,Deep Learning-Based Surrogate Modelling for Optimal Control of Climate-Responsive Adaptive Façade Systems,2025,Building Simulation Conference Proceedings,25222708,19,,,Conference Paper,Zhang C.,,,National University of Singapore;Southeast University,Singapore;China,1,1,
2-s2.0-105035257839,10.26868/25222708.2025.1848,Evaluating the Energy Performance of Climate-Adaptive Building Envelopes Using Shading Mask Map,2025,Building Simulation Conference Proceedings,25222708,19,,,Conference Paper,Hong W.,,,Inha University,South Korea,0,1,
2-s2.0-105031910288,10.1109/CDC57313.2025.11312142,Fractional-Order Newton-Based ESC MPPT Algorithm for PV Systems Under Dynamic Environments and Partial Shading,2025,Proceedings of the IEEE Conference on Decision and Control,07431546,,,747-752,Conference Paper,Yan Z.,,,University of Electronic Science and Technology of China,China,0,0,
2-s2.0-85209914920,10.1007/978-3-031-71867-0_6,Methodology for Designing Adaptive Facade Components: Smart Materials and 4D Printing for Resilient Construction,2025,Lecture Notes in Civil Engineering,23662557,612 LNCE,,68-82,Conference Paper,Battaglia C.,,,Università degli Studi di Genova,Italy,2,0,
2-s2.0-105016413490,10.1088/1755-1315/1530/1/012008,Enhancing educational indoor daylighting performance using parametric adaptive facade design,2025,Iop Conference Series Earth and Environmental Science,17551307,1530,1,,Conference Paper,Alkadi W.,,,Consulting Office of Armed Forces Engineering Authority,Egypt,0,1,
2-s2.0-105015842617,10.1109/CIEEC64805.2025.11116178,The ADE-GWO algorithm based MPPT strategy for multi-peak PV systems,2025,2025 IEEE 8th International Electrical and Energy Conference Cieec 2025,,,,834-840,Conference Paper,Wang B.,,,Zhejiang University of Technology;Zhejiang Fangyuan Electrical Equipment Testing Company,China;China,0,0,
2-s2.0-85217223177,10.1007/978-981-97-8305-2_1,Can the Building Envelope Play a Role in the Energy Transition?,2025,Lecture Notes in Civil Engineering,23662557,552 LNCE,,1-13,Conference Paper,Marco P.,,,Politecnico di Torino,Italy,0,0,
2-s2.0-105016498349,10.12732/ijam.v38i1s.12,SIMULATION-BASED INVESTIGATION OF ETFE AND AUTOHEAL POLYMERS FOR ENERGY EFFICIENCY AND THERMAL COMFORT IN ADAPTIVE BUILDING ENVELOPES,2025,International Journal of Applied Mathematics,13111728,38,1S,177-211,Article,Kuda A.,,,Manipal University Jaipur,India,0,1,
2-s2.0-85209542698,10.1007/978-3-031-71863-2_44,Decision Criteria for the Assessment of Building Retrofit Integrating Innovative Façade Solutions,2025,Lecture Notes in Civil Engineering,23662557,611 LNCE,,705-725,Conference Paper,Stival C.A.,,,Università degli Studi di Trieste,Italy,1,0,
2-s2.0-105029253996,10.52842/conf.ecaade.2025.2.285,"Bio-inspired Climate-responsive Wood Composite Architectural Facade Actuator: Architectural research based on the asclepias syriaca, mimosa pudica, and mandevilla plants as biological role models",2025,Proceedings of the International Conference on Education and Research in Computer Aided Architectural Design in Europe,26841843,2,,285-294,Conference Paper,Giammarco M.,,,University of Waterloo,Canada,0,0,
2-s2.0-105016892678,10.1109/ICEPE65965.2025.11139553,Adaptive MPPT Strategy for BIPV Systems Using MBGO Assisted P&O Under Dynamic Shading,2025,7th International Conference on Energy Power and Environment Icepe 2025,,,,,Conference Paper,Roy S.,,,National Institute of Technology Silchar,India,3,0,
2-s2.0-105007299259,10.1080/24751448.2025.2475720,A Framework for Energy and Thermal Performance Modeling in Net-Zero Urban Clusters,2025,Technology Architecture and Design,24751448,9,1,116-141,Article,Jiang M.,,,Princeton University,United States,0,0,
2-s2.0-85209555632,10.1016/j.enbuild.2024.115072,Optimizing the tilt angle of kinetic photovoltaic shading devices considering energy consumption and power Generation— Hong Kong case,2025,Energy and Buildings,03787788,326,,,Article,Wang M.,,,Hong Kong University of Science and Technology,Hong Kong,19,0,
2-s2.0-105025444881,10.1109/ACCESS.2025.3644180,Experimental Investigation of Interconnection Topologies for Vehicle-Integrated PV Array,2025,IEEE Access,,13,,213416-213428,Article,Awan K.S.,,,Newcastle University,United Kingdom,0,1,
2-s2.0-105027108460,10.1088/1755-1315/1568/1/012021,Enhancing Architectural Climate Adaptation Through Passive Building Envelope Strategies in Southern Europe: A Case study of the Moroccan Pavilion,2025,Iop Conference Series Earth and Environmental Science,17551307,1568,1,,Conference Paper,Lopez F.,,,Universidad de Sevilla,Spain,0,1,
2-s2.0-105008398757,10.5334/bc.597,Exploring interactions between shading and view using visual difference prediction,2025,Buildings and Cities,,6,1,281-293,Article,Wasilewski S.,,,École Polytechnique Fédérale de Lausanne,Switzerland,0,1,
2-s2.0-105029224408,10.52842/conf.ecaade.2025.2.445,Smart Hinges Using Shape Memory Alloys for Architectural Applications,2025,Proceedings of the International Conference on Education and Research in Computer Aided Architectural Design in Europe,26841843,2,,445-452,Conference Paper,Neseliler P.,,,Izmir Ekonomi Üniversitesi,Turkey,0,0,
2-s2.0-105027204885,10.1088/1742-6596/3143/1/012055,Numerical Analysis of Performance of Dynamic Second-Skin Façades with Photovoltaic panels integrated in a Residential Building in Southern Italy,2025,Journal of Physics Conference Series,17426588,3143,1,,Conference Paper,Luigi T.,,,Università degli Studi della Campania Luigi Vanvitelli,Italy,0,1,
2-s2.0-85217221730,10.1007/978-981-97-8305-2_60,Energy Performance Assessment of an Innovative Double-Skin Façade with Air-PCM Heat Exchanger,2025,Lecture Notes in Civil Engineering,23662557,552 LNCE,,430-435,Conference Paper,Castri G.L.,,,Politecnico di Torino,Italy,1,0,
2-s2.0-85217240463,10.1007/978-981-97-8305-2_68,User Assessment of Low-Cost Inkjet-Printed Electrochromic Glazing,2025,Lecture Notes in Civil Engineering,23662557,552 LNCE,,480-487,Conference Paper,Luna-Navarro A.,,,Faculteit Bouwkunde van de TU Delft,Netherlands,0,0,
2-s2.0-105003630660,10.1007/978-981-96-4051-5_119,Optimizing Dynamic Facade Performance Through Parametric Design: A Simulation-Based Strategy for Improving Daylighting and Visual Comfort in Office Building,2025,Lecture Notes in Civil Engineering,23662557,591 LNCE,,1243-1253,Conference Paper,Jahan E.,,,Bangladesh University of Engineering and Technology;Daffodil International University,Bangladesh;Bangladesh,0,0,
2-s2.0-85215956796,10.3390/buildings15020189,Evaluating the Performance of Fixed 3D-Printed and Dynamic Fabric Modules in a Second-Skin Façade System: A Residential Case Study in Southern Italy at Building and District Scales,2025,Buildings,,15,2,,Article,Spanodimitriou Y.,,,Università degli Studi della Campania Luigi Vanvitelli,Italy,3,1,
2-s2.0-85213043877,10.1007/978-981-97-8313-7_56,Implementation of a Calculation Code for the Energy Modelling of Vertical Greenery Systems,2025,Lecture Notes in Civil Engineering,23662557,554 LNCE,,404-410,Conference Paper,Nesci V.,,,Politecnico di Torino,Italy,1,0,
2-s2.0-85205459706,10.1016/j.buildenv.2024.112163,Fusing Transformer and diffusion for high-resolution prediction of daylight illuminance and glare based on sparse ceiling-mounted input,2025,Building and Environment,03601323,267,,,Article,Huang Y.,,,Tsinghua University,China,31,0,
2-s2.0-105035362877,10.1109/GIEST66547.2025.11387715,ML-Driven MPPT Optimization for Photovoltaic Systems Under Dynamic Shading Conditions,2025,2025 IEEE 2nd International Conference on Green Industrial Electronics and Sustainable Technologies Giest 2025,,,,,Conference Paper,Umar A.,,,Nazarbayev University,Kazakhstan,0,0,
2-s2.0-105012120658,10.1109/METMS65303.2025.11047752,MPPT Control Strategy Based on Enhanced Rao Algorithm,2025,2025 5th International Conference on Mechanical Electronics and Electrical and Automation Control Metms 2025,,,,762-767,Conference Paper,Wang K.,,,Baise University,China,0,0,
2-s2.0-105016351794,10.1088/1755-1315/1530/1/012009,Daylight Performance-Based Design Model for Bio-adaptive Building Skin for Office Space of Administrative Buildings in Egypt,2025,Iop Conference Series Earth and Environmental Science,17551307,1530,1,,Conference Paper,Wael N.,,,,,0,1,
2-s2.0-105022055882,10.3389/frsus.2025.1704207,Basic aspects of caring for green facades in the city of Košice,2025,Frontiers in Sustainability,,6,,,Article,Vranayová Z.,,,Technická Univerzita v Košiciach,Slovakia,0,1,
2-s2.0-86000382132,10.1080/19401493.2024.2432916,"Parametric design workflow for solar, context-adaptive and reusable facades in changing urban environments",2025,Journal of Building Performance Simulation,19401493,18,2,161-190,Article,Dervishaj A.,,,The Royal Institute of Technology (KTH),Sweden,6,1,
2-s2.0-105001208765,10.1109/ACCESS.2025.3551226,Optimizing Building Performance: A Grasshopper Modeling Case Study of the King Hussein Mosque,2025,IEEE Access,,13,,47244-47259,Article,Albaik M.,,,Hashemite University,Jordan,4,1,
2-s2.0-105035254087,10.26868/25222708.2025.1687,Assessing solar performance in advanced facades: Comparative analysis of control strategies using a dynamic key performance indicator,2025,Building Simulation Conference Proceedings,25222708,19,,,Conference Paper,Gazzin R.,,,Free University of Bozen-Bolzano;Eurac Research,Italy;Italy,0,1,
2-s2.0-105033524339,10.7712/120125.12585.25759,ASSESSING THE IMPACT OF HORIZONTAL RESTRAINTS ON THE SEISMIC ROCKING OF MASONRY FAÇADES INCLUDING DYNAMIC SOIL-STRUCTURE INTERACTION,2025,Compdyn Proceedings,26233347,,,2503-2512,Conference Paper,Gaudio D.,,,Sapienza Università di Roma,Italy,0,1,
2-s2.0-105019365078,10.15627/jd.2025.25,Evaluating Daylighting Performance of Parametric Mashrabiya in Mediterranean Climate: A Simulation-based Approach,2025,Journal of Daylighting,23838701,12,2,397-419,Article,Al-Rqaibat S.,,,Jordan University of Science and Technology,Jordan,2,1,
2-s2.0-105019309996,10.1109/PowerTech59965.2025.11180693,Incremental Learning for Fast Shading Adaption in Solar Power Forecasting,2025,2025 IEEE Kiel Powertech Powertech 2025,,,,,Conference Paper,Kappler T.,,,Karlsruher Institut für Technologie,Germany,0,0,
2-s2.0-105024071458,10.1061/9780784486627.030,Data-Driven Decision-Making Suppors Smart and Efficient Building Energy Retrofit for Meizhou Pantian Chaoke Cultural and Rural Buildings,2025,Iccrem 2025 Decarbonization and Digitalization of the Built Environment Shaping Resilience in A Changing World Proceedings of the International Conference on Construction and Real Estate Management 2025,,,,307-314,Conference Paper,Chiu C.,,,Jiaying University,China,0,0,
2-s2.0-105023664482,10.1109/MCG.2025.3638242,HyShare: Hybrid Sample and Shading Reuse for Real-time Photorealistic Rendering,2025,IEEE Computer Graphics and Applications,02721716,,,,Article,Zhou Y.,,,"Futurewei Technologies, Inc.",United States,0,0,
2-s2.0-105015671735,10.1109/CIEEC64805.2025.11116694,Integrated Solar Cell and Supercapacitor Device: Strategy for Enhancing PV Array Power Output under Partial Shading,2025,2025 IEEE 8th International Electrical and Energy Conference Cieec 2025,,,,111-116,Conference Paper,Yang H.,,,Hunan University;Changsha University of Science and Technology,China;China,1,0,
2-s2.0-105021425101,10.11159/eee25.136,Comparative Analysis of Nature-Inspired Optimization Algorithms for Partial Shading Conditions,2025,Proceedings of the World Congress on Electrical Engineering and Computer Systems and Science,,,,,Conference Paper,Arpacı I.S.,,,İstanbul Teknik Üniversitesi,Turkey,0,1,
2-s2.0-105007662702,10.1109/IRASET64571.2025.11007987,Performance Evaluation of Grey Wolf Optimizer and P&O MPPT for PV Systems under Shading,2025,2025 5th International Conference on Innovative Research in Applied Science Engineering and Technology Iraset 2025,,,,,Conference Paper,Zriouile R.,,,Université Ibn Zohr,Morocco,0,0,
2-s2.0-105032828416,10.1109/ICRERA66237.2025.11284095,Assessing Vegetation-driven Reduction in Window Solar Heat Gain using LiDAR-based Modelling,2025,14th International Conference on Renewable Energy Research and Applications Icrera 2025,,,,620-624,Conference Paper,Bizjak M.,,,"Univerza v Mariboru Fakultete za Elektrotehniko, Računalništvo in Informatiko",Slovenia,0,0,
2-s2.0-105015307416,10.1080/15567036.2025.2558167,A novel shading loss mitigation method in high density photovoltaic modules using Sovereign Butterfly Optimization for enhanced performance,2025,Energy Sources Part A Recovery Utilization and Environmental Effects,15567036,47,2,,Article,Kanth S.A.,,,National Institute of Technology Srinagar,India,0,0,
2-s2.0-105036215830,10.1109/ICPEE65973.2025.11410936,A SRCVE-TCT Voltage Equalizer for Power Recovery in PV Arrays under Partial Shading,2025,3rd International Conference on Power Electronics and Energy Icpee 2025,,,,,Conference Paper,Satpathy P.R.,,,Universiti Tenaga Nasional,Malaysia,0,0,
2-s2.0-105034610587,10.1109/AEES66649.2025.11332544,A Multi-Strategy Fusion of Golden Sine Artificial Lemming Optimized MPPT Control Algorithm Research,2025,2025 6th International Conference on Advanced Electrical and Energy Systems Aees 2025,,,,778-784,Conference Paper,Xu C.,,,Hangzhou Dianzi University,China,0,0,
2-s2.0-105033335105,10.1109/ICMLCA66850.2025.11336811,Optimal Power Extraction Strategy for Shipboard Photovoltaic Arrays Based on Starfish Optimization Algorithm Under Partial Shading Conditions,2025,2025 6th International Conference on Machine Learning and Computer Application Icmlca 2025,,,,1122-1129,Conference Paper,Leng Q.,,,College of Communication Engineering,China,0,0,
2-s2.0-105037453923,10.1109/SISIMPACT67725.2025.11439429,Comparative Analysis of Shading Strategies on Solar Heat Gain Through Glass for Energy-Efficient Buildings,2025,Proceedings 2025 IEEE 1st International Conference on Smart Innovations in Systems Infrastructure Mechanical Power AI and Computing Technologies Sisimpact 2025,,,,156-161,Conference Paper,Mathiya J.P.,,,Technocrats Institute of Technology & Science,India,0,0,
2-s2.0-105010519450,10.24846/v34i2y202503,FPGA-Based Implementation of MPPT-Controller for PV Systems Under Partial Shading Conditions,2025,Studies in Informatics and Control,12201766,34,2,27-35,Article,Ngo V.Q.B.,,,"University of Education, Hue University",Viet Nam,1,1,
2-s2.0-105013054451,10.1109/ELMA65795.2025.11083509,Dynamic Agrivoltaic Shading System for Optimal Plant Shading,2025,2025 19th International Conference on Electrical Machines Drives and Power Systems Elma 2025 Proceedings,,,,,Conference Paper,Andreev P.I.,,,Technical University of Varna,Bulgaria,0,0,
2-s2.0-105011355768,10.3389/frsc.2025.1610729,"Smart 3D-printed facades: a review of innovations, materials, and sustainable performance",2025,Frontiers in Sustainable Cities,,7,,,Review,Baraboi D.R.,,,Universitatea Transilvania din Brașov,Romania,4,1,
2-s2.0-105023682057,10.1080/17452759.2025.2591322,Rice husk 4D printing in architecture: hygromorphic bi-directional self-shaping building skin,2025,Virtual and Physical Prototyping,17452759,20,1,,Article,Hang H.T.,,,Korea University,South Korea,0,1,
2-s2.0-105030547976,10.18860/jia.v8i4.25911,"ISLAMIC AND SCIENTIFIC PERSPECTIVES ON SHADING COEFFICIENT, CARBON DIOXIDE CONCENTRATION REDUCTION, AND COOLING EFFECT OF PRODUCTIVE FACADE",2025,Journal of Islamic Architecture,20862636,8,4,943-956,Article,Noraduola D.R.,,,Institut Teknologi Sepuluh Nopember;Universitas Halu Oleo,Indonesia;Indonesia,0,1,
2-s2.0-105032502663,10.1109/ETCM67548.2025.11304470,Implementation and validation of a clinical decision support system for quantifying plantar contact areas in podiatry,2025,Etcm 2025 9th Ecuador Technical Chapters Meeting,,,,,Conference Paper,Zambrano J.J.N.,,,Universidad Politécnica Salesiana,Ecuador,0,0,
2-s2.0-105023094889,10.1007/978-981-96-8769-5_32,6D BIM Model-Based Sustainability Assessment of Photovoltaic Pavements Incorporating Energy Generation Estimation,2025,Lecture Notes in Civil Engineering,23662557,685 LNCE,,437-450,Conference Paper,Yoshimura K.,,,The University of Osaka,Japan,0,0,
2-s2.0-105036339232,10.1109/ETFG61999.2025.11401914,A Row-level Energy Assisted Current Transfer Approach for Power Recovery from PV Arrays during Partial Shading,2025,Conference Proceedings 2025 IEEE International Conference on Energy Technologies for Future Grids Etfg 2025,,,,,Conference Paper,Satpathy P.R.,,,Universiti Tenaga Nasional,Malaysia,0,0,
2-s2.0-105037451461,10.1109/ETEP67941.2025.11440673,Application of Low-Cost and Compact Buck Topology in Module-Level MPPT Optimization for Photovoltaic Systems,2025,Proceedings of 2025 2nd International Conference on Energy Technology and Electrical Power Etep 2025,,,,167-171,Conference Paper,Lin J.,,,Xiamen Institute of Technology,China,0,0,
2-s2.0-105018737776,10.1109/GCON65540.2025.11173393,A Hybrid ANN-P&O MPPT Strategy for Enhancing Solar Photovoltaic Output Under Partial Shading Conditions,2025,2025 IEEE Guwahati Subsection Conference Gcon 2025,,,,,Conference Paper,Deb A.,,,Indian Institute of Technology Guwahati,India,2,0,
2-s2.0-105004828092,10.2298/FUEE2502337K,OPTIMAL PLACEMENT OF BYPASS DIODES IN PV MODULES FOR ENERGY PRODUCTION IMPROVEMENT UNDER PARTIAL SHADING CONDITIONS,2025,Facta Universitatis Series Electronics and Energetics,03533670,38,2,337-353,Article,Krstić N.,,,University of Niš,Serbia,0,1,
2-s2.0-105012449826,10.1109/JPHOTOV.2025.3592680,Wireless Sensor Network-Based Fault Detection and Localization for Solar Stations: An Experimental Approach,2025,IEEE Journal of Photovoltaics,21563381,15,6,886-895,Article,Zerrougui R.,,,Université Mohamed El Bachir El Ibrahimi de Bordj Bou Arréridj,Algeria,1,0,
2-s2.0-105027939394,10.1088/1742-6596/3140/10/102004,Field assessment of visual performance of a dynamic dual glazing assembly for occupants with lateral incident light,2025,Journal of Physics Conference Series,17426588,3140,10,,Conference Paper,Magri E.,,,L-Università ta' Malta,Malta,1,1,
2-s2.0-105010499212,10.1109/EMES65692.2025.11045613,A Survey of MPPT Techniques Under Partial Shading Conditions: Evaluating the Firefly Algorithm's Performance,2025,2025 18th International Conference on Engineering of Modern Electric Systems Emes 2025,,,,,Conference Paper,Petcut-Lasc A.A.,,,Universitatea Petrol-Gaze din Ploiesti,Romania,4,0,
2-s2.0-105019900679,10.1201/9781003513834-8,"Elevating Wellness: Integrating Health, Sustainability, and Urban Vitality in Tall Building Design",2025,Transforming Healthcare Infrastructure,,,,185-221,Book Chapter,Al-Kodmany K.M.,,,College of Urban and Public Affairs,United States,0,0,
2-s2.0-105030725460,10.1109/ICEES67011.2025.11213331,Machine Learning Based Power Prediction of Solar PV Systems Under Dynamic Partial Shading Conditions,2025,International Conference on Electrical Energy Systems Icees,,,2025,444-449,Conference Paper,Sriram A.,,,"Amrita School of Engineering, Coimbatore",India,0,0,
2-s2.0-85205806966,10.1109/TIA.2024.3473900,A Direct Search Nelder Mead MPPT Based Induction Motor Drive for Solar PV Water Pumping System,2025,IEEE Transactions on Industry Applications,00939994,61,1,607-617,Article,Kudlur Thyagaraju S.,,,National Institute of Technology Goa,India,10,0,
2-s2.0-105024220328,10.1002/2475-8876.70059,Impact of Time Interval Settings on Energy Simulation Outcomes and Solar Shading Operations Using Minute-Interval Weather Data for Building Design,2025,Japan Architectural Review,,8,1,,Article,Srisamranrungruang T.,,,Meiji University,Japan,0,1,
2-s2.0-105021581199,10.25103/jestr.185.17,Enhanced MPPT for Solar PV Systems under Non-Uniform Irradiance Using Improved PSO Algorithm,2025,Journal of Engineering Science and Technology Review,17919320,18,5,170-180,Article,Ansari A.S.,,,Integral University;Govt Polytechnic,India;India,0,1,
2-s2.0-105030488343,10.33965/ac_icwi_2025_202508l017,AN EXTENDED REALITY APPROACH TO INTERACTIVE 3D VISUALIZATION AND CONFIGURATION OF SOLAR PANELS,2025,Proceedings of the International Conferences on Applied Computing and Www Internet 2025,,,,131-139,Conference Paper,Hüsser C.,,,Fachhochschule Nordwestschweiz FHNW,Switzerland,0,1,
2-s2.0-105031070668,10.1109/AUPEC66173.2025.11219591,Performance Analysis of MPPT Techniques for Photovoltaic Systems under Partial Shading Conditions,2025,Australasian Universities Power Engineering Conference Aupec,,,2025,,Conference Paper,Khalid A.,,,Swinburne University of Technology,Australia,0,0,
2-s2.0-105025454948,10.1088/1755-1315/1556/1/012002,Finding the best shading device model to enhance visual comfort in an educational building,2025,Iop Conference Series Earth and Environmental Science,17551307,1556,1,,Conference Paper,Hasan M.I.,,,Universitas Diponegoro,Indonesia,0,1,
2-s2.0-85211916172,10.1007/s12273-024-1211-9,Adaptive blind control strategy based on iterative optimization to minimize cooling and lighting demands in office space,2025,Building Simulation,19963599,18,1,207-223,Article,Zhang S.,,,South China University of Technology,China,7,0,
2-s2.0-105022788070,10.47556/J.WJSTSD.20.4.2025.1,The Multi-Objective Optimisation for Energy Consumption and Daylight of Office Buildings in London: Meshed Façade Energy Study,2025,World Journal of Science Technology and Sustainable Development,20425945,20,4,297-337,Article,Elhussein S.,,,I Design,United Kingdom,0,0,
2-s2.0-105029224768,10.56620/RM.2025.4.128-144,Russian Music in Marc-André Hamelin’s Performing Practice (Part 1),2025,Russian Musicology,,2025,4,128-144,Article,Sukhorukova I.I.,,,Gnesin Russian Academy of Music,Russian Federation,0,1,
2-s2.0-85210246775,10.1007/978-981-97-7043-4_18,Review of Types of Deployable Mechanisms,2025,Lecture Notes in Civil Engineering,23662557,550 LNCE,,181-191,Conference Paper,Karia P.,,,Sanjay Unjia Consulting and Structural Engineers,India,0,0,
2-s2.0-105035629366,10.1109/ONCON68412.2025.11384727,Full-Day Experimental Evaluation of Partial Shading Effects on Polycrystalline PV Modules Under Dynamic Urban Scenarios,2025,2025 IEEE 4th Industrial Electronics Society Annual on Line Conference Oncon 2025,,,,,Conference Paper,Asghari M.M.,,,Shahid Beheshti University,Iran,0,0,
2-s2.0-105006714589,10.1109/ACCESS.2025.3572554,Enhanced ANN-Based MPPT for Photovoltaic Systems: Integrating Metaheuristic and Analytical Algorithms for Optimal Performance Under Partial Shading,2025,IEEE Access,,13,,92783-92799,Article,Demirci A.,,,Yıldız Teknik Üniversitesi,Turkey,17,1,
2-s2.0-105021822271,10.1007/978-3-032-06978-8_2,Optimization of Plastic Mesh Shading Systems for Improved Daylighting and Solar Gain Control,2025,Lecture Notes in Civil Engineering,23662557,765,,25-43,Conference Paper,Basso G.,,,Politecnico di Milano,Italy,0,1,
2-s2.0-85204129153,10.1007/s43393-024-00300-9,"Photobioreactor facade panels: enhancing comfort, reducing energy use, and capturing carbon in temperate continental climates",2025,Systems Microbiology and Biomanufacturing,26627655,5,1,357-370,Article,Yaman Y.,,,Dokuz Eylül Üniversitesi,Turkey,6,0,
2-s2.0-105016780434,10.1109/APCI65531.2025.11137210,Optimal PV Array Reconfiguration for Maximum Power Harvest Using Levy Arithmetic Algorithm,2025,Apci 2025 2025 International Conference on Advancements in Power Communication and Intelligent Systems,,,,,Conference Paper,Logeshwaran E.,,,"Amrita School of Engineering, Coimbatore",India,0,0,
2-s2.0-105004640278,10.1109/SSDEE64538.2025.10967910,A Zeta Converter-Based Improved BLDC Motor-Driven Water Pumping System for Partial Shading Environment of Solar PV,2025,2025 IEEE 1st International Conference on Smart and Sustainable Developments in Electrical Engineering Ssdee 2025,,,,,Conference Paper,Bhowmik S.,,,"Indian Institute of Technology (Indian School of Mines), Dhanbad",India,2,0,
2-s2.0-105030229551,10.1109/SIELMEN67352.2025.11260746,Hybrid Fuzzy Logic and Shading-Aware Particle Swarm Optimization for Dynamic Photovoltaic Shading Faults Mitigation,2025,Sielmen 2025 Proceedings of the 15th International Conference on Electromechanical and Energy Systems,,,,633-638,Conference Paper,Andriniriniaimalaza F.P.,,,Université de Mahajanga,Madagascar,0,2,
2-s2.0-105016207446,10.1007/978-981-96-5487-1_15,Design Intervention for Women Safety Using Design Thinking,2025,Lecture Notes in Mechanical Engineering,21954356,,,183-196,Conference Paper,Muktha S.,,,JAIN (Deemed-to-be University),India,0,0,
2-s2.0-105035259499,10.26868/25222708.2025.1306,"Developing Early Design Stages Tools for Windows Considering Sky Conditions, Solar Radiation and Shading Control",2025,Building Simulation Conference Proceedings,25222708,19,,,Conference Paper,Xiao L.,,,Texas A&M University,United States,0,1,
2-s2.0-105014513235,10.13124/9788860462022_22,Automating Solar Shading Control in Residential Buildings Located in a Temperate Climate: A Household-Specific Decision,2025,Building Simulation Applications,,,,165-172,Conference Paper,Van Thillo L.,,,Universiteit Antwerpen,Belgium,0,0,
2-s2.0-105027196581,10.1088/1755-1315/1554/1/012115,Keeping cool with lower emissions: comparing internal to external blinds as solar shading devices,2025,Iop Conference Series Earth and Environmental Science,17551307,1554,1,,Conference Paper,Bonatesta E.,,,Politecnico di Milano;AZZERO CO2 SRL,Italy;Italy,0,1,
2-s2.0-105025897495,10.1088/1755-1315/1546/1/012071,Empowering Occupants: Significance of Behavioral Choices in Reducing Space Cooling Demand in Europe,2025,Iop Conference Series Earth and Environmental Science,17551307,1546,1,,Conference Paper,Gelesz A.,,,ABUD - Advanced Building and Urban Design,Hungary,0,1,
2-s2.0-105015702591,10.23919/ACC63710.2025.11107737,Using Fractional-order Extremum Seeking based MPPT for Photovoltaic Applications under Partial Shaded and Varying Condition*,2025,Proceedings of the American Control Conference,07431619,,,4345-4350,Conference Paper,Gao Y.,,,University of Electronic Science and Technology of China,China,0,0,
2-s2.0-105015697152,10.23919/ACC63710.2025.11107801,Improved Newton-Based Extremum Seeking Control Method for Maximum Power Point Tracking in Dynamic Environment and Partial Shading Condition,2025,Proceedings of the American Control Conference,07431619,,,760-765,Conference Paper,Yan Z.,,,University of Electronic Science and Technology of China,China,0,0,
2-s2.0-105015460519,10.1109/SSI65953.2025.11107200,Adaptive Energy-Harvesting Façades: A Multi-Technology Approach for Optimizing Indoor Comfort and Sustainability,2025,2025 Smart Systems Integration Conference and Exhibition Ssi 2025,,,,,Conference Paper,Gomes J.,,,CeNTI - Centre for Nanotechnology and Smart Materials,Portugal,0,0,
2-s2.0-105009507103,10.1080/23744731.2025.2511560,Parametric model development for building input variables for lighting and shading controls for different building form factors,2025,Science and Technology for the Built Environment,23744731,31,7,806-839,Article,Vanage S.,,,College of Engineering,United States,0,1,
2-s2.0-85216800372,10.1111/ppl.70103,Different performance of tea plants to shade based on key metabolites and transcriptome profiles: case study of cultivars Longjing 43 and Yabukita,2025,Physiologia Plantarum,00319317,177,1,,Article,Li W.X.,,,Zhejiang University Tea Research Institute,China,7,0,
2-s2.0-105028678744,10.63746/njtd.v22i5.3640,Power Performance Analysis in Off-Grid Photovoltaic Battery System with ANFIS-FL Based MPPT Under Partial Shading Effects,2025,Nigerian Journal of Technological Development,01899546,22,5,196-209,Article,Boudaoud A.,,,Université Sultan Moulay Slimane,Morocco,0,0,
2-s2.0-85219198506,10.1016/j.procs.2025.01.038,Reduction of Mismatch Power Loss in a Partially Shaded Photovoltaic System Using the OTR,2025,Procedia Computer Science,,252,,776-783,Conference Paper,Mittal S.,,,Government Polytechnic College,India,0,1,
2-s2.0-105013473853,10.1080/00038628.2025.2545320,Examining thermal comfort in open spaces in higher education settings in hot climate regions–Mosul as a case study,2025,Architectural Science Review,00038628,,,,Article,Al-Yozbakee H.,,,Northern Technical University,Iraq,2,1,
2-s2.0-105033678389,10.1109/ICEAMST67459.2025.11336028,Partial Shading Detection and Adaptive Angle Adjustment of Solar Panel using Agentic AI Framework and Feedback Control,2025,3rd International Conference on Emerging Applications of Material Science and Technology Iceamst 2025,,,,330-334,Conference Paper,Fathima M.C.,,,Sahyadri College of Engineering & Management,India,0,0,
2-s2.0-85214110919,10.1007/978-981-97-8317-5_49,Daylight and Energy Performance Relationship of Classrooms and Office Spaces: Comparative Study of Istanbul Ticaret University Kucukyali Campus Building,2025,Lecture Notes in Civil Engineering,23662557,555 LNCE,,332-343,Conference Paper,Yalçin Koçak N.S.,,,Istanbul Ticaret Üniversitesi,Turkey,0,0,
2-s2.0-85210016411,10.1007/978-3-031-73247-8_10,Intrinsic Single-Image HDR Reconstruction,2025,Lecture Notes in Computer Science Including Subseries Lecture Notes in Artificial Intelligence and Lecture Notes in Bioinformatics,03029743,15069 LNCS,,161-177,Conference Paper,Dille S.,,,Simon Fraser University,Canada,6,0,
2-s2.0-105017231180,10.2528/PIERB25041101,Intelligent MPPT Framework with Reinforcement Learning and Dynamic Search Region Optimization for Photovoltaic Systems Under Variable Environmental Conditions,2025,Progress in Electromagnetics Research B,19376472,112,,89-103,Article,Lei X.,,,Chongqing Polytechnic University of Electronic Technology,China,0,1,
2-s2.0-105021800983,10.1109/ICPEA65539.2025.11198251,An Adaptive PSO Algorithm for Robust Maximum Power Point Tracking in Photovoltaic Systems Under Rapid Irradiance Changes and Partial Shading,2025,2025 IEEE 5th International Conference on Power Engineering Applications Engineering the Future Smart Solutions for Sustainable Power Systems Icpea 2025,,,,218-223,Conference Paper,E Islam M.G.,,,Universiti Malaysia Perlis,Malaysia,0,0,
2-s2.0-105016260143,10.1109/PVSC59419.2025.11132614,Optimized Static Reconfiguration for Maximizing Energy Harvest in Partially Shaded Photovoltaic Arrays,2025,Conference Record of the IEEE Photovoltaic Specialists Conference,01608371,,,1322-1325,Conference Paper,Abdelmagid M.,,,Khalifa University,United Arab Emirates,1,0,
2-s2.0-105036943304,10.1109/ICINVENTS64613.2025.11401891,Efficient OBEO MPPT Controller For PV Under Dynamic and Partial Shading Conditions,2025,2025 IEEE 1st International Conference on Innovations in Engineering and Next Generation Technologies for Sustainability Icinvents 2025,,,,,Conference Paper,Pavithra C.,,,Sri Krishna College of Engineering and Technology,India,0,0,
2-s2.0-105028385399,10.31763/ijrcs.v5i6.2314,Advanced Fuzzy Logic for Enhanced Energy Management and MPPT in High-Performance Hybrid Renewable Microgrids,2025,International Journal of Robotics and Control Systems,,5,6,2853-2872,Article,Elnaggar M.F.,,,Prince Sattam Bin Abdulaziz University,Saudi Arabia,0,1,
2-s2.0-105032482402,10.1109/ICM66518.2025.11322479,A Novel AI-Enabled Decision Support Framework for Smart Agrivoltaic Management,2025,Proceedings of the International Conference on Microelectronics Icm,23327014,,,,Conference Paper,El Sibai R.,,,Al Maaref University,Lebanon,0,0,
2-s2.0-105027156380,10.1049/icp.2025.3222,RESEARCH ON SMART MICROGRID COLLABORATIVE CONTROL METHOD BASED ON DYNAMIC NETWORKING TECHNOLOGY,2025,Iet Conference Proceedings,,2025,26,272-276,Conference Paper,Wang W.,,,State Grid Shanghai Electric Power Company,China,0,0,
2-s2.0-105018060394,10.1080/17452007.2025.2548549,ETFE-foils in pneumatically retractable civil engineering structures,2025,Architectural Engineering and Design Management,17452007,,,,Review,Runge D.,,,Universität Duisburg-Essen,Germany,0,1,
2-s2.0-105029103505,10.1097/HC9.0000000000000617,Hydrogen peroxide damage to rat liver sinusoidal endothelial cells is prevented by n-acetyl-cysteine but not GSH,2025,Hepatology Communications,,9,2,,Article,Kruse L.D.,,,UiT Norges Arktiske Universitet,Norway,3,1,
2-s2.0-85216130489,10.1109/TCE.2025.3532660,Photovoltaic MPPT Performance Adaptability to Partial Shading Resilience and Load Variations With Modified Adaptive Jaya Optimization,2025,IEEE Transactions on Consumer Electronics,00983063,71,1,734-747,Article,Senapati M.K.,,,"Government College of Engineering, Keonjhar",India,58,0,
2-s2.0-105035259439,10.26868/25222708.2025.1936,Energy flexibility potential of transparent responsive building envelope elements,2025,Building Simulation Conference Proceedings,25222708,19,,,Conference Paper,Castri G.L.,,,Politecnico di Torino,Italy,0,1,
2-s2.0-85213058639,10.1007/978-981-97-8313-7_44,Climate-Responsive Building Envelope Retrofit: Insulation Strategies in a Changing Environment,2025,Lecture Notes in Civil Engineering,23662557,554 LNCE,,322-328,Conference Paper,Bazazzzadeh H.,,,Empa - Swiss Federal Laboratories for Materials Science and Technology,Switzerland,0,0,
2-s2.0-105005061718,10.1117/12.3062320,A dynamic envelope extraction method of spacecraft parameters based on fast matching search,2025,Proceedings of SPIE the International Society for Optical Engineering,0277786X,13575,,,Conference Paper,Xue X.,,,China Aerospace Science and Technology Corporation,China,0,0,
2-s2.0-105011499300,10.1109/WPTCE62521.2025.11062196,Dynamic Modeling of Series-Parallel Compensated Wireless Power Transfer Systems for iEESM Applications Using an LPV Approach,2025,2025 IEEE Wireless Power Technology Conference and Expo Wptce 2025 Proceedings,,,,,Conference Paper,Burkard F.,,,Universität Stuttgart,Germany,1,0,
2-s2.0-105002213128,10.1080/17452007.2025.2486176,Redefining walking: a bio-inspired kinetic architecture,2025,Architectural Engineering and Design Management,17452007,21,6,1562-1581,Article,Fang Y.,,,Waseda University,Japan,0,1,
2-s2.0-105020783248,10.1007/978-3-032-06993-1_32,Traditional Processing and Digital Transition MWK – Mobile Wall Kerfing,2025,Lecture Notes in Civil Engineering,23662557,766 LNCE,,566-584,Conference Paper,Messina A.E.,,,Università degli Studi di Catania,Italy,0,0,
2-s2.0-105023438458,10.52842/conf.caadria.2025.2.449,Programming Bilayer Structures in 4D-printed Hygromorphs by Tailoring Porosity in Macroscale,2025,Proceedings of the International Conference on Computer Aided Architectural Design Research in Asia,27104257,2,,449-458,Conference Paper,Liu Y.,,,University College London,United Kingdom,1,0,
2-s2.0-105010176268,10.1061/9780784486191.018,Assessment of Strategies and Technologies for Improving Highway-Rail Grade Crossings Safety,2025,International Conference on Transportation and Development 2025 Transportation Safety and Emerging Technologies Selected Papers from the International Conference on Transportation and Development 2025,,,,207-219,Conference Paper,Lin P.S.,,,College of Engineering,United States,2,0,
2-s2.0-105025370484,10.5281/zenodo.17706471,LOSE THE FRAMES: EVENT-BASED METRICS FOR EFFICIENT MUSIC STRUCTURE ANALYSIS EVALUATIONS,2025,Proceedings of the International Society for Music Information Retrieval Conference,,2025,,426-432,Book Chapter,Xi Q.,,,NYU Steinhardt,United States,0,0,
2-s2.0-85218276725,10.21741/9781644903391-38,Towards resilient architecture in technological innovation and AI,2025,Materials Research Proceedings,24743941,47,,327-342,Conference Paper,Consiglia M.,,,Sapienza Università di Roma,Italy,1,1,
2-s2.0-105012241596,10.1109/JSEN.2025.3591671,An Adaptive Envelope Orthogonal Sparsity Matching Method for Rolling Bearing Transient Feature Enhancement,2025,IEEE Sensors Journal,1530437X,25,17,32371-32382,Article,Li Q.,,,Southwest Petroleum University China,China,0,0,
2-s2.0-85209540197,10.1007/978-3-031-71863-2_22,Self-Sufficient and Responsive Textile Component,2025,Lecture Notes in Civil Engineering,23662557,611 LNCE,,345-357,Conference Paper,Gibilisco G.,,,Università degli Studi di Catania,Italy,0,0,
2-s2.0-105005327434,10.1109/TASE.2025.3569539,Enhanced Adaptive Prescribed Performance Constrained Control With Safe Dynamic Envelope for Input-Saturated Nonlinear System,2025,IEEE Transactions on Automation Science and Engineering,15455955,22,,15396-15407,Article,Wang Y.,,,"College of Information Science and Engineering, Northeastern University",China,11,0,
2-s2.0-105021808457,10.1109/IUS62464.2025.11201660,Improving Damage Localization Through Gaussian Process Regression and Enhanced Acoustic Emissions Time of Arrival Estimation,2025,IEEE International Ultrasonics Symposium Ius,19485719,,,,Conference Paper,Baldini B.,,,Alma Mater Studiorum Università di Bologna,Italy,1,0,
2-s2.0-105034713110,10.1109/ROBIO66223.2025.11377904,Hoecken-D Hand: A Novel Robotic Hand for Linear Parallel Pinching and Self-Adaptive Grasping,2025,IEEE International Conference on Robotics and Biomimetics Robio,29943566,,,1504-1509,Conference Paper,Guo W.,,,Beijing Institute of Technology;Laboratory of Robotics,China;China,1,0,
2-s2.0-105027912674,10.26830/symmetry_2025_4_397,FOLDING THE RULE: BEHAVIOR OF TOPOLOGICAL SCALE DISRUPTIONS IN SYMMETRIC YOSHIMURA PATTERNS,2025,Symmetry Culture and Science,08654824,36,4,397-408,Article,De Souza Sánchez P.M.,,,Universidad Europea de Canarias,Spain,0,0,
2-s2.0-105024853067,10.1080/13467581.2025.2604355,Comparative assessment of thermal comfort and energy performance in current and prototype school buildings in Erbil’s hot semiarid climate,2025,Journal of Asian Architecture and Building Engineering,13467581,,,,Article,Miran F.D.,,,Salahaddin University-Erbil,Iraq,0,1,
2-s2.0-105004983666,10.4043/35617-MS,Look Ahead: Optimization of Well Operations Using Real Time Digital Twinfor Well Integrity,2025,Proceedings of the Annual Offshore Technology Conference,01603663,,,,Conference Paper,Aranha P.E.,,,Petrobras,Brazil,2,0,
2-s2.0-86000379554,10.1080/17459737.2024.2419079,"The envelopes and amplitude fluctuations of consonant intervals and chords, and their inversions, arising in different tuning systems",2025,Journal of Mathematics and Music,17459737,19,1,67-94,Article,Nuño L.,,,Universitat Politècnica de València,Spain,1,0,
2-s2.0-105011098115,10.1016/j.eng.2025.07.008,Material and Structural Optimization of Novel Phase-Change Thermal Diode for Dynamic Building Envelope,2025,Engineering,20958099,,,,Article,Zhao H.,,,Tsinghua University,China,5,1,
2-s2.0-85215763538,10.56318/as/2.2024.136,Formation of the principles of tectonics of modern architectural forms,2024,Architectural Studies,2411801X,10,2,136-148,Article,Davydov A.,,,National Academy of Fine Arts and Architecture,Ukraine,0,1,
2-s2.0-85210657291,10.1016/j.conbuildmat.2024.139147,Multiaxial characterisation and nonlinear thermoviscoelastic isotropic and orthotropic constitutive models of ETFE membranes,2024,Construction and Building Materials,09500618,457,,,Article,Comitti A.,,,University College London,United Kingdom,4,1,
2-s2.0-105026191910,10.54338/27382656-2024.7-08,SMART AND DYNAMIC FACADES: A PATH TO ENERGY OPTIMIZATION IN ARID ENVIRONMENTS,2024,Journal of Architectural and Engineering Research,,7,,84-102,Article,Zekraoui D.,,,Université Mohamed Khider Biskra,Algeria,2,1,
2-s2.0-85217211102,10.1145/3680528.3687657,FaçAID: A Transformer Model for Neuro-Symbolic Facade Reconstruction,2024,Proceedings SIGGRAPH Asia 2024 Conference Papers SA 2024,,,,,Conference Paper,Plocharski A.,,,Politechnika Warszawska;NCBR,Poland;Poland,4,1,
2-s2.0-86000234828,10.4018/979-8-3693-6522-9.ch005,Climate-responsive façade design: Adapting to global warming,2024,Community Resilience and Climate Change Challenges Pursuit of Sustainable Development Goals Sdgs,,,,63-92,Book Chapter,Htet A.,,,"Lincoln University College, Malaysia",Malaysia,1,0,
2-s2.0-85213290982,10.3390/buildings14124053,Environmental and Energy Performances of the Nearly Net-Zero Energy Solar Decathlon House with Dynamic Facades: A Comparison of Four Climate Regions,2024,Buildings,,14,12,,Article,Gong F.,,,Xiamen University,China,3,1,
2-s2.0-85211459943,10.35378/gujs.1389930,Status Quo of Multi-Objective Design Optimization of Kinetic Facades: A Quantitative Review,2024,Gazi University Journal of Science,,37,4,1616-1631,Article,Sadeghi J.,,,Massey University Auckland,New Zealand,2,1,
2-s2.0-85211809819,10.3390/app142310979,Energy-Efficient Adaptive Dynamic Building Facades: A Review of Their Energy Efficiency and Operating Loads,2024,Applied Sciences Switzerland,,14,23,,Review,Zhangabay N.,,,M. Auezov South Kazakhstan University,Kazakhstan,21,1,
2-s2.0-85210503469,10.1038/s41467-024-54808-8,Weather-responsive adaptive shading through biobased and bioinspired hygromorphic 4D-printing,2024,Nature Communications,,15,1,,Article,Cheng T.,,,Universität Stuttgart,Germany,45,1,
2-s2.0-85211184888,10.1016/j.jobe.2024.111472,Adaptive facades for emotionally enriching indoor environments,2024,Journal of Building Engineering,,98,,,Article,Beatini V.,,,Aarhus Universitet,Denmark,12,0,
2-s2.0-85209399497,10.1016/j.jobe.2024.111310,"Review of dynamic façade typologies, physical performance and control methods: Towards smarter and cleaner zero-energy buildings",2024,Journal of Building Engineering,,98,,,Review,Wang M.,,,Hong Kong University of Science and Technology,Hong Kong,21,0,
2-s2.0-85213353712,10.1088/1361-665X/ad9446,Solar-powered thermo-pneumatic actuators for passively controlled adaptive shading,2024,Smart Materials and Structures,09641726,33,12,,Article,Louis R.,,,ETH Zürich,Switzerland,3,1,
2-s2.0-85208768810,10.1016/j.renene.2024.121846,Design and application optimization of static and dynamic shading technologies in multi-climate based on parameter simulation,2024,Renewable Energy,09601481,237,,,Article,Wu S.,,,Tsinghua University,China,11,0,
2-s2.0-85204708792,10.1016/j.esd.2024.101563,Efficient daylighting and thermal performance through tessellation of geometric patterns in building façade: A systematic review,2024,Energy for Sustainable Development,09730826,83,,,Review,Dastoum M.,,,Universidad Politécnica de Madrid,Spain,13,1,
2-s2.0-85207023604,10.1016/j.enbuild.2024.114927,Evaluation of a Kirigami-inspired double-skin adaptive façade for natural ventilation and solar harvesting to enhance indoor environment and energy performance,2024,Energy and Buildings,03787788,324,,,Article,Arauz R.,,,Swanson School of Engineering,United States,11,0,
2-s2.0-85213206200,10.3390/buildings14123886,Optimization of the Dynamic External Shading Control for Railway Stations in China Based on Energy Use Intensity (EUI) of Lighting and HVAC Systems,2024,Buildings,,14,12,,Article,Zhang H.,,,Southwest Jiaotong University,China,3,1,
2-s2.0-85201048940,10.1061/JAEIED.AEENG-1784,Smart Building Skins for Urban Heat Island Mitigation: A Review,2024,Journal of Architectural Engineering,10760431,30,4,,Review,Talaei M.,,,Ferdowsi University of Mashhad,Iran,5,0,
2-s2.0-85217873829,10.15627/jd.2024.26,Design Alternatives of Light Shelves using Altmann Linkage,2024,Journal of Daylighting,23838701,11,2,391-407,Article,Atarer F.,,,Erciyes Üniversitesi,Turkey,1,0,
2-s2.0-85212765623,10.15627/JD.2024.24,Parametric Optimization Approach to Evaluate Dynamic Shading Within Double-Skin Insulated Glazed Units for Multi-Criteria Daylighting Performance in Tropics,2024,Journal of Daylighting,23838701,11,2,349-371,Article,Bahdad A.A.,,,Universiti Sains Malaysia,Malaysia,8,1,
2-s2.0-85208287543,10.1016/j.jobe.2024.111266,Effectiveness of a dynamic living wall system of plants on indoor thermal environment in summer - An experimental study,2024,Journal of Building Engineering,,98,,,Article,Wang M.,,,The University of Kitakyushu;Qingdao Binhai University,Japan;China,6,0,
2-s2.0-85206235983,10.1016/j.jobe.2024.111039,Machine-learning to analyze human-building interactions: How do people use mobile solar protections?,2024,Journal of Building Engineering,,98,,,Article,Roca-Musach M.,,,Universitat Politècnica de Catalunya,Spain,3,1,
2-s2.0-85211459958,10.35378/gujs.1471707,Application of Biomimetic Strategies in Building Envelope Design for Water Harvesting,2024,Gazi University Journal of Science,,37,4,1575-1594,Article,Cenk Z.K.,,,Gazi Üniversitesi,Turkey,2,1,
2-s2.0-85206656325,10.1016/j.enbuild.2024.114884,Dynamically transparent microfluidic layers for adaptive thermal management and energy efficiency in smart façades and windows,2024,Energy and Buildings,03787788,324,,,Article,Panigrahi B.,,,National Chin-Yi University of Technology,Taiwan,8,0,
2-s2.0-85208167470,10.1038/s41598-024-77488-2,Experimental validation of effective zebra optimization algorithm-based MPPT under partial shading conditions in photovoltaic systems,2024,Scientific Reports,,14,1,,Article,Abdelmalek F.,,,Université Ferhat Abbas Sétif 1,Algeria,26,1,
2-s2.0-85205930214,10.1016/j.enbuild.2024.114877,An adaptive architecture for strategic Enhancement of energy yield in shading sensitive Building-Applied Photovoltaic systems under Real-Time environments,2024,Energy and Buildings,03787788,324,,,Article,Ranjan Satpathy P.,,,Universiti Tenaga Nasional,Malaysia,25,0,
2-s2.0-85211821540,10.3390/en17236095,Developing an Optimized Energy-Efficient Sustainable Building Design Model in an Arid and Semi-Arid Region: A Genetic Algorithm Approach,2024,Energies,,17,23,,Article,Ayoobi A.W.,,,Eskisehir Technical University;Kabul Polytechnic University,Turkey;Afghanistan,11,1,
2-s2.0-85214800463,,TRANSFORMATION OF DEVELOPABLE SURFACES IN APPLIED TASKS OF CONSTRUCTIONAL PHYSICS,2024,International Journal on Technical and Physical Problems of Engineering,,16,61,32-39,Article,Kozak Y.V.,,,Kyiv National University of Construction and Architecture,Ukraine,0,0,
2-s2.0-85186257121,10.1007/s10457-024-00965-0,Combining field experiments under an agrivoltaic system and a kinetic fruit model to understand the impact of shading on apple carbohydrate metabolism and quality,2024,Agroforestry Systems,01674366,98,8,2829-2846,Article,Juillion P.,,,Unité de Recherche Plantes et Systèmes de Culture Horticoles;Sun’Agri,France;France,15,0,
2-s2.0-85211821645,10.3390/su162310405,The Development of an Advanced Facade Map: An Evolving Resource for Documenting Case Studies,2024,Sustainability Switzerland,,16,23,,Article,Lamberti V.,,,"University of California, Berkeley;Politecnico di Bari",United States;Italy,2,1,
2-s2.0-85211806010,10.3390/su162310170,Dynamic Window Technologies for Energy Efficiency in Condominiums in Tropical Climates,2024,Sustainability Switzerland,,16,23,,Article,Nguansonsakul O.,,,Prince of Songkla University,Thailand,0,1,
2-s2.0-85208493912,10.1016/j.renene.2024.121801,Enhancing photovoltaic MPPT with P&O algorithm performance based on adaptive PID control using exponential forgetting recursive least squares method,2024,Renewable Energy,09601481,237,,,Article,Girgis M.E.,,,"Faculty of Engineering, Cairo University",Egypt,27,0,
2-s2.0-85210399097,10.1002/solr.202400465,Performance Analysis of Dynamic Building-Integrated Photovoltaic Shading System for High Technology Readiness Level Validation,2024,Solar Rrl,,8,24,,Article,Liang T.S.,,,Scuola Universitaria Professionale della Svizzera Italiana,Switzerland,3,1,
2-s2.0-85203595360,10.1061/JAEIED.AEENG-1725,Wind-Induced Dynamic Behavior of Single-Skin Curtain-Wall System: A Comparative Numerical Study,2024,Journal of Architectural Engineering,10760431,30,4,,Article,Bakhtiari A.,,,"Thornton Tomasetti, Inc.",United States,8,0,
2-s2.0-85200792993,10.15627/jd.2024.14,Synergistic Strategies: Comparing Energy Performance in Climate-Adaptive Building Envelopes for Iran's Cold Semi-Arid Climate,2024,Journal of Daylighting,23838701,11,2,181-202,Article,Gholami H.,,,Ferdowsi University of Mashhad,Iran,4,1,
2-s2.0-85205445635,10.1061/JAEIED.AEENG-1775,Optimization Method for the Deployment Route of Generalized Scissor Linkages,2024,Journal of Architectural Engineering,10760431,30,4,,Article,Süalp Ç.,,,Gebze Teknik Üniversitesi,Turkey,1,0,
2-s2.0-105037767672,10.1386/aps_00112_1,Architecture as index: Precarity in Payatas,2024,Art and the Public Sphere,2042793X,13,2,215-232,Article,Halsall F.,,,National College of Art and Design,Ireland,0,0,
2-s2.0-85205309418,10.1016/j.enbuild.2024.114824,Biomimetic design synthesis and digital optimization of building shading skin: A novel conceptual framework for enhanced energy efficiency,2024,Energy and Buildings,03787788,323,,,Article,Ashraf N.,,,"Faculty of Engineering, Cairo University;Faculty of Engineering & Technology",Egypt;Egypt,23,0,
2-s2.0-85206247474,10.1016/j.solener.2024.112969,Performance of BIPV system under partial shading condition,2024,Solar Energy,0038092X,283,,,Article,Shao C.,,,Laboratoire de Génie Electrique et Electronique de Paris,France,12,0,
2-s2.0-85205365049,10.1016/j.solener.2024.112971,Research on the solar performance of folded dynamic BIPV shading,2024,Solar Energy,0038092X,282,,,Article,Sun T.,,,China University of Mining and Technology,China,10,0,
2-s2.0-85210252385,10.3390/su16229739,Energy and Daylighting Performance of Kinetic Building-Integrated Photovoltaics (BIPV) Façade,2024,Sustainability Switzerland,,16,22,,Article,Sureshkumar Jayakumari S.D.,,,"RMIT University, School of Property, Construction and Project Management",Australia,16,1,
2-s2.0-85202354380,10.1016/j.jobe.2024.110462,Investigating perforated egg crates as dynamic shading systems for open-plan offices in tropical climates,2024,Journal of Building Engineering,,96,,,Article,Sebayang S.,,,Universitas Indonesia,Indonesia,4,0,
2-s2.0-85208572749,10.3390/en17215270,Simulation of Responsive Envelopes in Current and Future Climate Scenarios: A New Interactive Computational Platform for Energy Analyses,2024,Energies,,17,21,,Article,Carlucci F.,,,Politecnico di Bari,Italy,3,1,
2-s2.0-85209745683,10.1103/PhysRevFluids.9.114604,Large-scale turbulent pressure fluctuations revealed by Ned Kahn's artwork,2024,Physical Review Fluids,,9,11,,Article,Zhang J.,,,École Supérieure de Physique et de Chimie Industrielles de la Ville de Paris,France,1,2,
2-s2.0-85204058100,10.1016/j.seta.2024.103972,Building performance modelling approaches for a detached vertical green trellis: A case study in a tropical climate,2024,Sustainable Energy Technologies and Assessments,22131388,71,,,Article,Carpino C.,,,Università della Calabria;Universidad Tecnológica de Panamá,Italy;Panama,5,0,
2-s2.0-85206684932,10.1016/j.ufug.2024.128546,Adaptive shading: How microclimates and surface types amplify tree cooling effects?,2024,Urban Forestry and Urban Greening,16188667,101,,,Article,Jiao M.,,,South China Botanical Garden,China,20,0,
2-s2.0-85199332032,10.1002/ppp3.10554,Solar arrays create novel environments that uniquely alter plant responses,2024,Plants People Planet,,6,6,1522-1533,Article,Sturchio M.A.,,,College of Natural Sciences,United States,25,1,
2-s2.0-85210240463,10.3390/buildings14113486,Advances in Cold-Climate-Responsive Building Envelope Design: A Comprehensive Review,2024,Buildings,,14,11,,Review,Al-Shatnawi Z.,,,Concordia University,Canada,19,1,
2-s2.0-85208094326,10.1002/ad.3116,Essential Machines: Kinetic Architecture and the Human Experience,2024,Architectural Design,00038504,94,6,32-39,Article,Kundig T.,,,,,0,1,
2-s2.0-85206444622,10.1016/j.heliyon.2024.e38943,Experimental validation of a novel hybrid Equilibrium Slime Mould Optimization for solar photovoltaic system,2024,Heliyon,,10,20,,Article,Zabia D.E.,,,Université Mohamed Khider Biskra,Algeria,9,1,
2-s2.0-85193295346,10.1002/adfm.202404721,Hierarchically Programmed Meta-Louver Fabric for Adaptive Personal Thermal Management,2024,Advanced Functional Materials,1616301X,34,44,,Article,Zhao Z.,,,Jiangnan University,China,53,2,
2-s2.0-85209805755,10.1145/3664647.3681678,Scene Diffusion: Text-driven Scene Image Synthesis Conditioning on a Single 3D Model,2024,Mm 2024 Proceedings of the 32nd ACM International Conference on Multimedia,,,,7862-7870,Conference Paper,Han X.,,,Tongji University,China,2,0,
2-s2.0-85198604910,10.1016/j.jobe.2024.110201,Heating and energy performances of a dynamic Trombe wall incorporating phase change materials under different operation modes,2024,Journal of Building Engineering,,95,,,Article,Zhou S.,,,Beijing Institute of Technology;The Hong Kong Polytechnic University,China;Hong Kong,8,0,
2-s2.0-105018429412,10.1108/978-1-83549-818-720243007,Biomimetic architecture: exploring adaptive facades inspired by nature,2024,Intelligent Buildings and Infrastructure with Sustainable and Social Values Third Edition,,,,81-94,Book Chapter,Imani N.,,,University of Otago;Open Polytechnic,New Zealand;New Zealand,0,0,
2-s2.0-85193550560,10.1002/tal.2133,Dynamical performances of a wind-excited high-rise structure equipped with a multiblock movable faca̧de,2024,Structural Design of Tall and Special Buildings,15417794,33,14,,Article,Di Giovanni G.,,,Sapienza Università di Roma,Italy,1,1,
2-s2.0-85206446952,10.1098/rsta.2024.0009,'Golden Ratio Yoshimura' for meta-stable and massively reconfigurable deployment,2024,Philosophical Transactions of the Royal Society A Mathematical Physical and Engineering Sciences,1364503X,382,2283,,Article,Deshpande V.,,,Virginia Tech College of Engineering,United States,6,0,
2-s2.0-85196763817,10.1016/j.jobe.2024.109810,"An integrated design methodology for extrinsic adaptive façades – Process model, standards, and case study",2024,Journal of Building Engineering,,94,,,Article,Voigt M.P.,,,Universität Stuttgart,Germany,3,1,
2-s2.0-85206576287,10.3390/electronics13193880,Research on Hybrid Approach for Maximum Power Point Tracking of Photovoltaic Systems under Various Operating Conditions,2024,Electronics Switzerland,,13,19,,Article,Liu T.,,,Shenyang Agricultural University,China,10,1,
2-s2.0-85204077555,10.1016/j.ecmx.2024.100711,Power and efficiency enhancement of solar photovoltaic power plants through grouped string voltage balancing approach,2024,Energy Conversion and Management X,,24,,,Article,Ranjan Satpathy P.,,,Universiti Tenaga Nasional,Malaysia,17,1,
2-s2.0-85201145172,10.1016/j.renene.2024.121124,Solar radiation on naturally ventilated double skin facade in real climates: The impact of solar incidence angle,2024,Renewable Energy,09601481,232,,,Article,Tao Y.,,,Shanghai University of Engineering Science,China,8,0,
2-s2.0-85207964682,10.18280/ijdne.190503,Influence of Italian Climatic Conditions on Performance of a 3D Printed Building Second-Skin Façade with 20% Gyroid Filling: Simulation Assessment,2024,International Journal of Design and Nature and Ecodynamics,17557437,19,5,1491-1499,Article,Tufano L.,,,Università degli Studi della Campania Luigi Vanvitelli,Italy,1,1,
2-s2.0-85196278097,10.1016/j.aej.2024.05.105,A multi-string differential power processing based voltage equalizer for partial shading detection and mitigation in PV arrays,2024,Alexandria Engineering Journal,11100168,104,,12-30,Article,Satpathy P.R.,,,Najran University,Saudi Arabia,14,1,
2-s2.0-85197311150,10.1016/j.epsr.2024.110728,Network-secure aggregator operating regions with flexible dispatch envelopes in unbalanced systems,2024,Electric Power Systems Research,03787796,235,,,Article,Russell J.S.,,,The Australian National University,Australia,3,1,
2-s2.0-85209090515,10.22337/2587-9618-2024-20-3-56-68,NONLINEAR DYNAMIC ANALYSIS OF WIND ACTIONS ON A CABLE-STAYED GLASS FAÇADE SYSTEM,2024,International Journal for Computational Civil and Structural Engineering,25879618,20,3,56-68,Article,Goryachevsky O.S.,,,Moscow State University of Civil Engineering,Russian Federation,0,1,
2-s2.0-85207243612,10.1051/e3sconf/202457203002,Impact of Shading and Glazing Types of Trombe Walls on the Carbon Footprint of Residential Buildings in Morocco,2024,E3s Web of Conferences,25550403,572,,,Conference Paper,Idouanaou A.,,,Ecole Nationale Supérieure d'Arts et Métiers de Rabat,Morocco,5,1,
2-s2.0-85195284619,10.1016/j.energy.2024.131839,A reliable GTR-PLC approach for power enhancement and online monitoring of solar PV arrays during partial shading,2024,Energy,03605442,303,,,Article,Aljafari B.,,,Najran University,Saudi Arabia,21,0,
2-s2.0-85202149608,10.1016/j.heliyon.2024.e36747,A new neuro-fuzzy controller based maximum power point tracking for a partially shaded grid-connected photovoltaic system,2024,Heliyon,,10,17,,Article,Danyali S.,,,Ilam University,Iran,19,1,
2-s2.0-85205219955,10.3390/buildings14092646,A Framework for Adaptive Façade Optimization Design Based on Building Envelope Performance Characteristics,2024,Buildings,,14,9,,Article,Chen P.,,,Shandong Jianzhu University,China,11,1,
2-s2.0-85175971133,10.1177/14780771231209457,Morphological composition assessment of kinetic façade designs via AHP and TOPSIS methods based on façade components and design inputs,2024,International Journal of Architectural Computing,14780771,22,3,323-352,Article,Engin A.S.,,,Kirklareli Üniversitesi,Turkey,3,0,
2-s2.0-85197624699,10.1016/j.spc.2024.07.004,Mastering complexity in Life Cycle Assessment for product development: Evaluating the impacts of adaptive façades,2024,Sustainable Production and Consumption,,49,,341-353,Article,Borschewski D.,,,Universität Stuttgart,Germany,5,1,
2-s2.0-85205041712,10.3390/biomimetics9090569,Biomimetic Adaptive Building Façade Modeling for Sustainable Urban Freshwater Ecosystems: Integration of Nature’s Water-Harvesting Strategy into Sun-Breakers,2024,Biomimetics,,9,9,,Article,Kahvecioğlu B.,,,Gazi Üniversitesi;Erciyes Üniversitesi,Turkey;Turkey,6,1,
2-s2.0-85205268572,10.3390/su16188156,Enhancing Daylight Comfort with Climate-Responsive Kinetic Shading: A Simulation and Experimental Study of a Horizontal Fin System,2024,Sustainability Switzerland,,16,18,,Article,Brzezicki M.,,,Politechnika Wrocławska,Poland,14,1,
2-s2.0-85205371333,10.3390/app14188448,Experimental Infrastructure Design for Energy-Independent Car Park Building Based on Parametric Photovoltaic Facade System,2024,Applied Sciences Switzerland,,14,18,,Article,Choi H.S.,,,Gachon University,South Korea,5,1,
2-s2.0-85207060228,10.1177/01436244241264273,Improving energy consumption for dynamic intake and exhaust FAÇADES: A new setup design: Part B,2024,Building Services Engineering Research and Technology,01436244,45,5,613-639,Article,Hosseinalipour S.M.,,,Iran University of Science and Technology,Iran,3,0,
2-s2.0-85199407952,10.1016/j.seta.2024.103914,Climate-responsive building façade design: Inspirations from historic buildings in semi-cold climate zone,2024,Sustainable Energy Technologies and Assessments,22131388,69,,,Article,Yalaz E.T.,,,Necmettin Erbakan Üniversitesi,Turkey,6,0,
2-s2.0-85203627729,10.3390/electronics13173422,Building Facade-Completion Network Based on Dynamic Convolutional GAN,2024,Electronics Switzerland,,13,17,,Article,Cai Z.,,,Jimei University;Limited,China;China,0,1,
2-s2.0-85204735589,10.3390/buildings14092950,Street Puppet Theatre Shows on the Façades of Commercial Buildings as a Novel Stimulator for Social Gatherings in Smart Cities,2024,Buildings,,14,9,,Article,Askarizad R.,,,Universidad Politécnica de Madrid;Università degli Studi di Cagliari,Spain;Italy,11,1,
2-s2.0-85195308006,10.1016/j.engstruct.2024.118367,Design and multiphysical modeling of SMA-driven bi-stable structures with efficient energy consumption,2024,Engineering Structures,01410296,314,,,Article,Saeedi A.,,,Empa - Swiss Federal Laboratories for Materials Science and Technology,Switzerland,8,1,
2-s2.0-85202174870,10.1134/S207909612470032X,Problems of Desertification and Dustiness of Atmospheric Air in Arid Cities of the Aral Sea Region,2024,Arid Ecosystems,20790961,14,3,369-375,Article,Shukurov I.S.,,,Samarkand State Architecture and Construction University,Uzbekistan,0,0,
2-s2.0-85205069619,10.3390/agronomy14091992,EFS-Former: An Efficient Network for Fruit Tree Leaf Disease Segmentation and Severity Assessment,2024,Agronomy,,14,9,,Article,Jiang D.,,,Jilin Agricultural University,China,3,1,
2-s2.0-85206009826,,EFFECT OF A BEE-INSPIRED ADAPTIVE ENVELOPE ON EXISTING ADMINISTRATIVE BUILDING IN A SEMI-ARID CLIMATE,2024,International Journal on Technical and Physical Problems of Engineering,,16,3,102-112,Article,Fekkous K.,,,Université Constantine 3,Algeria,0,0,
2-s2.0-85198328600,10.1016/j.buildenv.2024.111816,Evaluating the impact of high-resolution irradiation data on the daylight performance assessment of adaptive solar shading systems,2024,Building and Environment,03601323,262,,,Article,Martinho H.,,,Technische Universiteit Eindhoven,Netherlands,5,1,
2-s2.0-85198028654,10.1016/j.buildenv.2024.111818,Control algorithm for dynamic solar shadings: A simulation study for office buildings based on ISO 52016-3,2024,Building and Environment,03601323,262,,,Article,Bertini A.,,,Université de Liège,Belgium,8,2,
2-s2.0-85195599299,10.1016/j.solmat.2024.112989,Outdoor evaluation of total cross-tied Si module under driving conditions,2024,Solar Energy Materials and Solar Cells,09270248,274,,,Article,Ota Y.,,,University of Miyazaki,Japan,3,1,
2-s2.0-85200875088,10.1016/j.heliyon.2024.e35782,Integration of renewable energy sources using multiport converters for ultra-fast charging stations for electric vehicles: An overview,2024,Heliyon,,10,15,,Review,Suvvala J.,,,Vellore Institute of Technology,India,27,1,
2-s2.0-85195181008,10.1016/j.applthermaleng.2024.123552,Modeling the thermally adaptive performance of building exterior walls with linear temperature-dependent thermal conductivity,2024,Applied Thermal Engineering,13594311,251,,,Article,Yang J.,,,Guangdong Polytechnic Normal University,China,4,0,
2-s2.0-85203747617,10.4018/979-8-3693-3200-9.ch015,The compatibility of thermal and acoustic insulation in the façades external renovation in residential buildings,2024,Design Strategies for Efficient and Sustainable Building Facilities,,,,350-379,Book Chapter,Diaz-Chyla A.,,,Universidad Politécnica de Madrid,Spain,0,0,
2-s2.0-85202470326,10.3390/biomimetics9080463,Integrated Dynamic Photovoltaic Facade for Enhanced Building Comfort and Energy Efficiency,2024,Biomimetics,,9,8,,Article,Valinejadshoubi M.,,,Centre for Zero Energy Building Studies,Canada,10,1,
2-s2.0-85191238297,10.1016/j.jobe.2024.109322,A simulation-based performance evaluation of new generation dynamic shading devices with multi-objective optimization,2024,Journal of Building Engineering,,90,,,Article,Kirimtat A.,,,İstanbul Teknik Üniversitesi;Univerzita Hradec Králové,Turkey;Czech Republic,31,0,
2-s2.0-85193508532,10.1016/j.eng.2024.01.014,A New Dynamic and Vertical Photovoltaic Integrated Building Envelope for High-Rise Glaze-Facade Buildings,2024,Engineering,20958099,39,,194-203,Article,Zou W.,,,Tsinghua University,China,32,1,
2-s2.0-85197349928,10.1016/j.agwat.2024.108937,Hybrid passive cooling and heating system for Mediterranean greenhouses. Microclimate and sweet pepper crop response,2024,Agricultural Water Management,03783774,301,,,Article,Lorenzo P.,,,"Instituto Andaluz de Investigación y Formación Agraria, Pesquera, Alimentaria y de la Producción Ecológica",Spain,11,1,
2-s2.0-85186578919,10.1007/s40031-024-01012-3,Single-Sensor based CSPO Algorithm for Maximum Power Point Tracking under Dynamic Shading Conditions,2024,Journal of the Institution of Engineers India Series B,22502106,105,4,841-854,Article,Bashista P.,,,Netaji Subhas University of Technology,India,4,0,
2-s2.0-85196655882,10.1016/j.ast.2024.109267,Longitudinal dynamic envelope solution and transition path optimization based on reachability analysis for fixed-wing VTOL UAVs,2024,Aerospace Science and Technology,12709638,151,,,Article,Cong K.,,,Beihang University,China,10,0,
2-s2.0-85190986013,10.1016/j.jobe.2024.109423,"Development of ReShadS, a climate-responsive shading system: Conception, design, fabrication, and small-scale testing",2024,Journal of Building Engineering,,89,,,Article,de Bem G.,,,"Universidade Tecnológica Federal do Paraná;California State Polytechnic University, Pomona;Science",Brazil;United States;Brazil,7,0,
2-s2.0-85197068505,10.1016/j.solener.2024.112736,Evaluation of static and dynamic PV-Integrated shading systems for office spaces in Australia,2024,Solar Energy,0038092X,277,,,Article,Krarti M.,,,University of Colorado Boulder,United States,16,0,
2-s2.0-85192065452,10.1016/j.rser.2024.114474,"Dynamic façades in buildings: A systematic review across thermal comfort, energy efficiency and daylight performance",2024,Renewable and Sustainable Energy Reviews,13640321,199,,,Review,Gonçalves M.,,,Universidade de Aveiro,Portugal,57,1,
2-s2.0-85196121888,10.13189/cea.2024.120415,Application of Kinetic Facades and Its Impact on Daylighting Performance: A Systematic Literature Review,2024,Civil Engineering and Architecture,23321091,12,4,2693-2704,Article,Khraisat D.,,,Universiti Sains Malaysia,Malaysia,3,1,
2-s2.0-85198495208,10.3390/su16135697,A Systematic Review of the Most Recent Concepts in Kinetic Shading Systems with a Focus on Biomimetics: A Motion/Deformation Analysis,2024,Sustainability Switzerland,,16,13,,Review,Brzezicki M.,,,Politechnika Wrocławska,Poland,17,1,
2-s2.0-105030949750,10.22044/rera.2023.12408.1180,A New Global Maximum Power Point algorithm for Dynamic Shading Patterns of Partial Shading,2024,Renewable Energy Research and Applications,2717252X,5,2,211-220,Article,Pankaj V.,,,Poornima College of Engineering,India,2,0,
2-s2.0-85193234126,10.1016/j.enbuild.2024.114222,From layer to building: Multiscale modeling of thermo-optical properties in 3D-printed facades,2024,Energy and Buildings,03787788,314,,,Article,Piccioni V.,,,ETH Zürich,Switzerland,9,1,
2-s2.0-85209787539,10.56261/jars.v21.264544,The development of a Modular Adaptive Facade System Based on Pre-Calculated Light Values Through Parametric Models and Real-Time Light Sensors,2024,Journal of Architectural Planning Research and Studies,,21,2,225-244,Article,Ahamadjula N.,,,Faculty of Architecture and Planning Thammasat University,Thailand,1,1,
2-s2.0-85190752672,10.1016/j.compeleceng.2024.109254,Design of novel differential power processing scheme for small-scale PV array application operating under partial shading conditions: modelling and experimental validation,2024,Computers and Electrical Engineering,00457906,117,,,Article,Etarhouni M.,,,Liverpool John Moores University,United Kingdom,7,0,
2-s2.0-85191965341,10.1016/j.psep.2024.04.093,Improving the efficiency of photovoltaic-thermoelectric generator system using novel flying squirrel search optimization algorithm: Hybrid renewable and thermal energy system (RTES) for electricity generation,2024,Process Safety and Environmental Protection,09575820,187,,104-116,Article,Javed M.Y.,,,COMSATS Institute of Information Technology Lahore,Pakistan,21,0,
2-s2.0-85193327869,10.1007/s41062-024-01480-y,Solar radiation analysis: computational performance analysis for the foldable axis of a responsive external skin on the south façade,2024,Innovative Infrastructure Solutions,23644176,9,6,,Article,Ibrahim M.,,,Faculty of Engineering and Materials Science,Egypt,0,0,
2-s2.0-85198326903,10.22320/07190700.2024.14.01.03,ENHANCING ENERGY EFFICIENCY IN GLASS FACADES THROUGH BIOMIMETIC DESIGN STRATEGIES,2024,Habitat Sustentable,,14,1,34-43,Article,Öztürk B.,,,Selçuk Üniversitesi,Turkey,5,1,
2-s2.0-85194958593,10.1016/j.egyr.2024.05.047,"Dynamic facades for sustainable buildings: A review of classification, applications, prospects and challenges",2024,Energy Reports,,11,,5999-6014,Article,Jamilu G.,,,King Fahd University of Petroleum and Minerals,Saudi Arabia,27,1,
2-s2.0-85194831374,10.15627/jd.2024.5,Enhancing Visual Comfort and Energy Efficiency in Office Lighting Using Parametric-Generative Design Approach for Interactive Kinetic Louvers,2024,Journal of Daylighting,23838701,11,1,69-96,Article,Hosseini S.M.,,,Aalborg University,Denmark,22,1,
2-s2.0-85191352548,10.1016/j.enbuild.2024.114193,Summer thermal performance analysis of an Opaque ventilated Façade operating under the dynamic insulation principle,2024,Energy and Buildings,03787788,312,,,Article,Karanafti A.,,,Aristotle University of Thessaloniki,Greece,14,0,
2-s2.0-85185099974,10.1007/s40998-024-00696-z,A Novel Adaptive Flower Pollination Algorithm for Maximum Power Tracking of Photovoltaic Systems Under Dynamic Shading Conditions,2024,Iranian Journal of Science and Technology Transactions of Electrical Engineering,22286179,48,2,859-875,Article,Kumar B.,,,National Institute of Technology Patna,India,11,0,
2-s2.0-85197406007,10.2507/IJSIMM23-2-687,SIMULATION STUDY ON DYNAMIC ENVELOPE AND INTERFERENCE CHECK OF STITCH WIRE,2024,International Journal of Simulation Modelling,17264529,23,2,311-322,Article,Chen J.Q.,,,Southwest Jiaotong University,China,2,1,
2-s2.0-85191999189,10.1016/j.tca.2024.179761,Thermal stability of binary and ternary biodegradable polymer blends assessed by isoconversional kinetic analysis,2024,Thermochimica Acta,00406031,736,,,Article,Dubaj T.,,,Slovak University of Technology in Bratislava,Slovakia,7,1,
2-s2.0-85189941591,10.1016/j.enbuild.2024.114150,Concept analysis of an adaptive building envelope with thin-film photovoltaic modules,2024,Energy and Buildings,03787788,311,,,Article,Phocas M.C.,,,University of Cyprus,Cyprus,9,0,
2-s2.0-85194848236,10.1145/3613904.3642465,The Adaptive Architectural Layout: How the Control of a Semi-Autonomous Mobile Robotic Partition was Shared to Mediate the Environmental Demands and Resources of an Open-Plan Ofice,2024,Conference on Human Factors in Computing Systems Proceedings,,,,,Conference Paper,Nguyen B.V.D.,,,KU Leuven,Belgium,14,1,
2-s2.0-85162678127,10.1108/OHI-04-2023-0074,Contextualized computations: a multi-objective optimization approach for designing contextually responsive building envelopes,2024,Open House International,01682601,49,2,409-422,Article,Alani M.,,,Al-Iraqia University,Iraq,3,0,
2-s2.0-85185193593,10.1016/j.jobe.2024.108616,A simulation-based workflow to calculate overall thermal transfer value when implementing daylighting-oriented shading control,2024,Journal of Building Engineering,,84,,,Article,Khanh Phuong N.T.,,,Hanoi University of Civil Engineering,Viet Nam,12,0,
2-s2.0-85194395337,10.3390/su16104217,"Analysis and Visualisation of Large Scale Life Cycle Assessment Results: A Case Study on an Adaptive, Multilayer Membrane Façade",2024,Sustainability Switzerland,,16,10,,Article,Borschewski D.,,,Universität Stuttgart,Germany,2,1,
2-s2.0-85187241288,10.1016/j.applthermaleng.2024.122610,Thermal performance of an advanced smart fenestration systems for low-energy buildings,2024,Applied Thermal Engineering,13594311,244,,,Article,Ming Y.,,,University of Nottingham,United Kingdom,25,1,
2-s2.0-85184882185,10.1007/s43236-023-00757-2,SMGSA algorithm-based MPPT control strategy,2024,Journal of Power Electronics,15982092,24,5,789-798,Article,Xiao Y.,,,Hubei University of Technology,China,11,0,
2-s2.0-85177753562,10.1002/cta.3869,An improved 0.8Voc model-based global maximum power point tracking algorithm for photovoltaic system,2024,International Journal of Circuit Theory and Applications,00989886,52,5,2170-2190,Article,Nadeem A.,,,Aalborg University,Denmark,5,1,
2-s2.0-105003290008,10.1360/nso/20230071,pH-sensitive tunable thermochromic hydrogel with carbon quantum dots for smart windows,2024,National Science Open,20971168,3,3,,Article,Zhong S.,,,Nanjing Tech University,China,6,1,
2-s2.0-85191388995,10.3390/buildings14041038,Optimizing the Shading Device Configuration of Kinetic Façades through Daylighting Performance Assessment,2024,Buildings,,14,4,,Article,Kim D.H.,,,Sejong University,South Korea,13,1,
2-s2.0-85178996662,10.1016/j.jobe.2023.108227,A review of and taxonomy for elastic kinetic building envelopes,2024,Journal of Building Engineering,,82,,,Review,Vazquez E.,,,Umeå Universitet;The University of North Carolina at Charlotte,Sweden;United States,15,1,
2-s2.0-85189749021,10.1016/j.dibe.2024.100372,FlectoSol – A pneumatically activable PV-functionalized façade shading module with bending motion in two directions for solar tracking,2024,Developments in the Built Environment,,18,,,Article,Born L.,,,Universität Stuttgart,Germany,8,1,
2-s2.0-85149849761,10.1016/j.enbenv.2022.09.004,"Dynamic Shading and Glazing Technologies: Improve Energy, Visual, and Thermal Performance",2024,Energy and Built Environment,,5,2,211-229,Article,Lu W.,,,University of Southern California,United States,28,1,
2-s2.0-85191373522,10.3390/buildings14041157,Energy Performance and Comfort Analysis of Three Glazing Materials with Distinct Thermochromic Responses as Roller Shade Alternative in Cooling- and Heating-Dominated Climates,2024,Buildings,,14,4,,Article,Tennakoon T.,,,The Hong Kong Polytechnic University,Hong Kong,3,1,
2-s2.0-85188718140,10.1007/s40430-024-04820-2,A spring-based rigid-soft robotic gripper for conformal grasping and object recognition,2024,Journal of the Brazilian Society of Mechanical Sciences and Engineering,16785878,46,4,,Review,Li Z.,,,Shenzhen Institutes of Advanced Technology,China,5,0,
2-s2.0-85185155533,10.1016/j.applthermaleng.2024.122478,Numerical model for determining the effective heat capacity of macroencapsulated PCM for building applications,2024,Applied Thermal Engineering,13594311,242,,,Article,Alvarez-Rodriguez M.,,,Universidad de Oviedo,Spain,19,1,
2-s2.0-85187621751,10.3233/JCM-226982,Research on photovoltaic dynamic MPPT algorithm based on adaptive PSO optimization,2024,Journal of Computational Methods in Sciences and Engineering,14727978,24,1,595-609,Article,Lin S.,,,Jimei University,China,8,1,
2-s2.0-85187205056,10.1016/j.matdes.2024.112807,Kinetic module in bimetal: A biomimetic approach adapting the kinetic behavior of bimetal for adaptive Façades,2024,Materials and Design,02641275,239,,,Article,Andrade T.,,,"Centro de Investigação em Arquitetura, Urbanismo e Design",Portugal,7,1,
2-s2.0-85182484954,10.1002/ente.202300648,Long Short Term Memory Tracker-Based Modified DC-DC Converter for Power Quality Improvement in Grid-PV Systems under Uniform and Partial Shading Environments,2024,Energy Technology,21944288,12,3,,Article,Kuppusamy M.,,,"Government College of Engineering, Bargur",India,4,0,
2-s2.0-85184843752,10.1016/j.jweia.2024.105667,Kirigami-inspired wind steering for natural ventilation,2024,Journal of Wind Engineering and Industrial Aerodynamics,01676105,246,,,Article,Stein-Montalvo L.,,,School of Engineering and Applied Science,United States,14,0,
2-s2.0-85192736363,10.3390/buildings14030596,A Study on the Effect of Dynamic Photovoltaic Shading Devices on Energy Consumption and Daylighting of an Office Building,2024,Buildings,,14,3,,Article,Jiang Y.,,,Qingdao University of Technology;The University of Kitakyushu,China;Japan,15,1,
2-s2.0-85188708247,10.3390/act13030085,Development of a Self-Regulating Solar Shading Actuator Based on the Thermal Shape Memory Effect,2024,Actuators,,13,3,,Article,Stelzmann M.,,,"Hochschule für Technik, Wirtschaft und Kultur Leipzig",Germany,6,1,
2-s2.0-85181014575,10.1016/j.apples.2023.100174,Mechanical response of tensegrity-origami solar modules,2024,Applications in Engineering Science,,17,,,Article,Fraternali F.,,,Università degli Studi di Salerno,Italy,34,1,
2-s2.0-85181588416,10.1016/j.energy.2023.130229,Sensitivity analysis of the shading effects from obstructions at different positions on solar photovoltaic panels,2024,Energy,03605442,290,,,Article,Xu L.,,,Chengdu University,China,13,0,
2-s2.0-85178407544,10.1016/j.apenergy.2023.122416,Efficiency optimisation and converterless PV integration by applying a dynamic voltage on an LVDC backbone,2024,Applied Energy,03062619,356,,,Article,Azaioud H.,,,Universiteit Gent,Belgium,10,1,
2-s2.0-85185220226,10.1098/rspa.2023.0430,Programming quadric metasurfaces via infinitesimal origami maps of monohedral hexagonal tessellations: Part i,2024,Proceedings of the Royal Society A Mathematical Physical and Engineering Sciences,13645021,480,2283,,Article,Dos Santos F.A.,,,Faculdade de Ciências e Tecnologia da Universidade Nova de Lisboa,Portugal,3,1,
2-s2.0-85193687578,10.32397/tesea.vol5.n1.557,Performance improvement of PV systems during dynamic partial shading conditions using optimization algorithms,2024,Transactions on Energy Systems and Engineering Applications,,5,1,,Article,Soma K.S.,,,Annamalai University,India,3,1,
2-s2.0-85184678882,10.3390/su16030959,Towards Refining Bio-Inspired Hydro-Actuated Building Facades by Emphasising the Importance of Hybrid Adaptability,2024,Sustainability Switzerland,,16,3,,Article,Khosromanesh R.,,,Lancaster University,United Kingdom,7,1,
2-s2.0-85181676089,10.1016/j.buildenv.2023.111123,Review of adaptive opaque façades and laboratory tests for the dynamic thermal performance characterization,2024,Building and Environment,03601323,249,,,Review,Juaristi M.,,,Eurac Research,Italy,15,2,
2-s2.0-85185729138,10.3390/buildings14020556,"Influence of Sun Shading Devices on Energy Efficiency, Thermal Comfort and Lighting Comfort in a Warm Semi-Arid Dry Mediterranean Climate",2024,Buildings,,14,2,,Article,Pérez-Carramiñana C.,,,Universitat d'Alacant,Spain,14,1,
2-s2.0-85184472885,10.3390/su16031145,From Flora to Solar Adaptive Facades: Integrating Plant-Inspired Design with Photovoltaic Technologies,2024,Sustainability Switzerland,,16,3,,Article,Jalali S.,,,University of the West of England,United Kingdom,12,1,
2-s2.0-85181156252,10.1016/j.molliq.2023.123882,Cost-effective photolithography-based dual liquid crystal alignment for versatile electro-optic applications,2024,Journal of Molecular Liquids,01677322,395,,,Article,Cao J.Y.,,,National Sun Yat-Sen University,Taiwan,3,0,
2-s2.0-85184052162,10.1525/MP.2024.41.3.176,THERE’S MORE TO TIMING THAN TIME: INVESTIGATING MUSICAL MICRORHYTHM ACROSS DISCIPLINES AND CULTURES,2024,Music Perception,07307829,41,3,176-198,Article,Danielsen A.,,,Universitetet i Oslo,Norway,8,2,
2-s2.0-85179495151,10.1016/j.buildenv.2023.111095,Experimental and numerical study of adaptive ventilation and sunlight regulation building envelope combining variable transparency shape-stabilized phase change material,2024,Building and Environment,03601323,248,,,Article,Wang P.,,,Hunan University,China,12,0,
2-s2.0-85196713091,,BRIDGING EXTERIOR AND INTERIOR CLIMATE: Interdisciplinary Design of a Dual-Functional Adaptive Kinetic Façade,2024,Proceedings of the International Conference on Computer Aided Architectural Design Research in Asia,27104257,1,,435-444,Conference Paper,Jeong M.Y.,,,Universität Stuttgart,Germany,0,0,
2-s2.0-105023673830,,Daylighting and Energy Optimisation in Tropical Offices: Performance of Climate Adaptive Kinetic Façades over Static Designs,2024,PLEA 2024 Re Thinking Resilience Proceedings of 37th PLEA Conference Sustainable Architecture and Urban Design the Book of Proceedings,,,,1383-1388,Conference Paper,Tahmina F.,,,Bangladesh University of Engineering and Technology,Bangladesh,0,0,
2-s2.0-105023670194,,Performance Based Dynamic Shading Module: Exploring fold adaptive mechanisms for tropical office façades,2024,PLEA 2024 Re Thinking Resilience Proceedings of 37th PLEA Conference Sustainable Architecture and Urban Design the Book of Proceedings,,,,1389-1394,Conference Paper,Hossain H.,,,Bangladesh University of Engineering and Technology,Bangladesh,0,0,
2-s2.0-85208587483,10.1088/1755-1315/1404/1/012015,Comparing the Effectiveness of Dynamic Facades for Natural Daylight and Energy Usage in Buildings,2024,Iop Conference Series Earth and Environmental Science,17551307,1404,1,,Conference Paper,Budhiman N.H.N.,,,Institut Teknologi Bandung,Indonesia,1,1,
2-s2.0-85207831129,10.1007/978-981-97-4988-1_70,Unexplored Scope of Adaptive Facades in Indian Corporate Offices Located in Warm and Humid Climate,2024,Lecture Notes in Civil Engineering,23662557,527 LNCE,,1249-1265,Conference Paper,Brahma K.,,,Manipal School of Architecture & Planning,India,0,0,
2-s2.0-85185021235,10.21608/auej.2023.243338.1449,ENHANCING ENERGY CONSUMPTION IN EGYPT WITHIN ADAPTIVE FACADE TECHNIQUES,2024,Journal of Al Azhar University Engineering Sector,16878418,19,70,130-142,Article,Helmi N.M.,,,"Faculty of Engineering, Ain Shams University;School of Engineering",Egypt;Egypt,5,1,
2-s2.0-105023678013,,Climate Resilient Vertical Green Façades: Shading Strategies for Vegetation on Building Skins,2024,PLEA 2024 Re Thinking Resilience Proceedings of 37th PLEA Conference Sustainable Architecture and Urban Design the Book of Proceedings,,,,52-57,Conference Paper,Şik C.I.S.,,,Politechnika Wrocławska,Poland,0,0,
2-s2.0-85213042914,10.62476/ndi83567,"BIOMIMETIC APPROACH FOR ADAPTIVE, RESPONSIVE AND KINETIC BUILDING FACADES: A BIBLIOMETRIC REVIEW OF EMERGING TRENDS",2024,New Design Ideas,25224875,8,3,567-580,Article,Avinç G.M.,,,Muş Alparslan Üniversitesi,Turkey,1,1,
2-s2.0-85178491291,10.13189/cea.2024.120125,An Approach to Using Shape Memory Alloys in Kinetic Facades to Improve the Thermal Performance of Office Building Spaces,2024,Civil Engineering and Architecture,23321091,12,1,326-349,Article,Naeem N.,,,Higher Institute of Engineering and Technology,Egypt,6,1,
2-s2.0-85189498379,10.1007/978-981-99-7965-3_1,A Comprehensive Review on Design Approaches of Adaptive Photovoltaic Façade,2024,Lecture Notes in Civil Engineering,23662557,393,,3-14,Conference Paper,Liang J.,,,Hong Kong University of Science and Technology,Hong Kong,0,0,
2-s2.0-85181717522,10.1177/17442591231219793,Multi-objective optimization of kinetic facade aperture ratios for daylight and solar radiation control,2024,Journal of Building Physics,17442591,47,4,355-385,Article,Wagiri F.,,,National Taiwan University of Science and Technology,Taiwan,21,0,
2-s2.0-85210256765,,Impacts of Human Energy-Related Behaviours on the Energy Efficiency of Adaptive Building Façade: A Review,2024,Proceedings of the International Conference on Education and Research in Computer Aided Architectural Design in Europe,26841843,2,,557-566,Conference Paper,Li W.T.,,,University of Leeds,United Kingdom,0,0,
2-s2.0-85209815164,10.52842/conf.ecaade.2024.1.431,Cast Adaptive/Kinetic Façades The application of sand casting on manufacturing the adaptive/kinetic facades,2024,Proceedings of the International Conference on Education and Research in Computer Aided Architectural Design in Europe,26841843,1,,431-438,Conference Paper,Chen J.,,,UCL,United Kingdom,0,0,
2-s2.0-85190548776,10.18848/2325-128X/CGP/v18i02/1-30,A Transdisciplinary Approach to Sustainable Architecture: Integrating Kinetic Shading Systems in Architectural Pedagogy,2024,International Journal of Design Education,2325128X,18,2,1-30,Article,Fardous I.,,,Prince Sultan University,Saudi Arabia,2,1,
2-s2.0-85202536231,10.1007/978-3-031-65877-8_1,Adaptive Façades: A Comparative Analysis of Bimetal Solutions,2024,Environmental Footprints and Eco Design of Products and Processes,23457651,Part F3364,,1-12,Book Chapter,Andrade T.,,,"Centro de Investigação em Arquitetura, Urbanismo e Design",Portugal,0,0,
2-s2.0-85202079838,10.1108/SASBE-03-2024-0090,Biomimetic kinetic façade as a real-time daylight control: complex form versus simple form with proper kinetic behavior,2024,Smart and Sustainable Built Environment,20466099,,,,Article,Hosseini S.M.,,,Aalborg University,Denmark,15,2,
2-s2.0-85189613424,10.1007/978-3-031-54376-0_5,Technology to Build Architecture: Application of Adaptive Facade on a New Multifunctional Arena,2024,Lecture Notes in Networks and Systems,23673370,938 LNNS,,55-64,Conference Paper,Annibale A.,,,Politecnico di Milano;Institut de Recherche en Constructibilité (IRC),Italy;France,0,0,
2-s2.0-85207651884,10.1109/SEST61601.2024.10694396,Deterministic Sizing of Integrated Facade Nodes for Smart Buildings,2024,2024 International Conference on Smart Energy Systems and Technologies Driving the Advances for Future Electrification Sest 2024 Proceedings,,,,,Conference Paper,Gehbauer C.,,,Lawrence Berkeley National Laboratory,United States,0,0,
2-s2.0-105012247816,,Implementing Adaptive Responsive Facade to Achieve Sustainable Design,2024,Zemch International Conference,,,,465-474,Conference Paper,Sharma D.,,,KLE Technological University,India,0,0,
2-s2.0-85209575958,10.1080/17508975.2024.2424244,Interactive Kinetic Facade with Design for Disassembly (DfD) strategy: improving energy efficiency and circularity of building materials in tropical climate,2024,Intelligent Buildings International,17508975,16,4,163-181,Article,Apriliawan I.,,,Universitas Indonesia,Indonesia,3,0,
2-s2.0-85187575812,10.1088/1755-1315/1301/1/012012,"Perception Study on Kinetic Recycled Compact Disc Facade in Tourism Hall, Jarak - Wonosalam",2024,Iop Conference Series Earth and Environmental Science,17551307,1301,1,,Conference Paper,Dharmatanna S.W.,,,Universitas Kristen Petra,Indonesia,2,1,
2-s2.0-105012253120,,"Strategies to Revive External Adaptive Shading Systems for Residential Architecture: A study based on Literature, Questionnaire and Observed Examples from Delhi",2024,Zemch International Conference,,,,349-363,Conference Paper,Luthra J.,,,National Institute of Technology Tiruchirappalli,India,0,0,
2-s2.0-85192208125,10.1007/978-3-031-47794-2_19,A Review of Innovative Materials for the Design of Adaptive Biomimetic Façades,2024,Advances in Science Technology and Innovation,25228714,,,249-259,Conference Paper,Grillo E.,,,Università degli Studi di Reggio Calabria,Italy,0,0,
2-s2.0-85198082947,10.15627/jd.2024.9,Designerly Approach to Design Responsive Façade for Occupant Visual Comfort in Different Latitudes,2024,Journal of Daylighting,23838701,11,1,149-164,Article,Mehrvarz F.,,,Tarbiat Modares University,Iran,10,1,
2-s2.0-105000012199,10.1109/IEEECONF63577.2024.10881735,Study on the Effects of Dynamic Partial Shading on PV DC-DC Boost and Super-Lift Luo Converter,2024,Renewable Energy Technologies and Modern Communications Systems Future and Challenges Conference Retmcs 2024,,,,,Conference Paper,Masum S.M.,,,Ernst-Abbe-Hochschule Jena,Germany,4,0,
2-s2.0-85208600943,10.1088/1755-1315/1404/1/012009,Dynamic facade potential for indoor lighting uniformity,2024,Iop Conference Series Earth and Environmental Science,17551307,1404,1,,Conference Paper,Purnama M.S.S.,,,Indraprasta PGRI University,Indonesia,1,1,
2-s2.0-105025595286,10.58491/2735-4202.3134,Multiobjective Approach for Optimizing Buildings’ Forms and Kinetic Façade Systems in Office Buildings,2024,Mej Mansoura Engineering Journal,11100923,49,2,,Article,Mahmoud R.M.A.,,,Faculty of Engineering,Egypt,2,1,
2-s2.0-85210040944,10.37868/sei.v6i2.id367,Quantum potential energy: Adaptive facades in architecture,2024,Sustainable Engineering and Innovation,,6,2,249-260,Article,Kadhim B.M.,,,University of Technology- Iraq,Iraq,1,1,
2-s2.0-85202450668,10.23919/SpliTech61897.2024.10612439,Traditional and Bioclimatic Design for the Energy Retrofit of Existing Buildings,2024,2024 9th International Conference on Smart and Sustainable Technologies Splitech 2024,,,,,Conference Paper,Aruta G.,,,Università degli Studi di Napoli Federico II,Italy,1,0,
2-s2.0-85199805494,10.32604/fhmt.2024.051541,Performance Study of Dynamic Intake and Exhaust Façades in Hot and Dry Climates: Iraq Case Study,2024,Frontiers in Heat and Mass Transfer,,22,3,747-767,Article,Hosseinalipour S.M.,,,Iran University of Science and Technology,Iran,5,1,
2-s2.0-85209784237,10.52842/conf.ecaade.2024.1.273,Preliminary Energy Simulations of Smart Materials on Building Facade: A hypothetical case study to determined energy performance of smart materials,2024,Proceedings of the International Conference on Education and Research in Computer Aided Architectural Design in Europe,26841843,1,,273-282,Conference Paper,Jonatan S.A.,,,Universitas Indonesia,Indonesia,0,0,
2-s2.0-85218488689,10.1007/978-3-031-74716-8_26,Interactive Architecture for Enhancing Energy Efficiency and Thermal Comfort in the Office Buildings,2024,Lecture Notes in Networks and Systems,23673370,1188,,256-265,Conference Paper,Hama Radha C.,,,Sulaimani Polytechnic University,Iraq,0,0,
2-s2.0-105023679446,,Applying Visible Difference Prediction to View Visibility,2024,PLEA 2024 Re Thinking Resilience Proceedings of 37th PLEA Conference Sustainable Architecture and Urban Design the Book of Proceedings,,,,735-740,Conference Paper,Wasilewski S.,,,École Polytechnique Fédérale de Lausanne,Switzerland,0,0,
2-s2.0-85211894520,10.1109/EEEIC/ICPSEurope61470.2024.10751222,Optimizing Integrated Shading Device and Light Shelf for Daylight Performance and Visual Comfort in Architecture Studio,2024,Proceedings 24th Eeeic International Conference on Environment and Electrical Engineering and 8th I and Cps Industrial and Commercial Power Systems Europe Eeeic I and Cps Europe 2024,,,,,Conference Paper,Avci P.,,,Izmir Yüksek Teknoloji Enstitüsü,Turkey,1,0,
2-s2.0-85205708660,10.1109/PEDG61800.2024.10667464,A Bumpless Transition Strategy for Efficient Partial Shading Detection in PV Systems,2024,2024 IEEE 15th International Symposium on Power Electronics for Distributed Generation Systems Pedg 2024,,,,,Conference Paper,Hussain A.,,,University of Technology Sydney,Australia,0,0,
2-s2.0-85202443656,10.23919/SpliTech61897.2024.10612450,Parametric Design of an Adaptive Shading Solution for an Overheated Residential High-Rise: A Digital Fabrication Approach,2024,2024 9th International Conference on Smart and Sustainable Technologies Splitech 2024,,,,,Conference Paper,Real-Cambas J.,,,Universidad del Pais Vasco,Spain,0,0,
2-s2.0-105023697939,,Switchable Glazing in a Mediterranean Climate: Preliminary Investigation of a Novel Switchable Glazing Assembly,2024,PLEA 2024 Re Thinking Resilience Proceedings of 37th PLEA Conference Sustainable Architecture and Urban Design the Book of Proceedings,,,,1255-1260,Conference Paper,Magri E.,,,L-Università ta' Malta,Malta,0,0,
2-s2.0-85179963403,10.1080/17452007.2023.2287643,"Comparison of fast daylighting climate-based simulation methods for parametric design: two-phase, three-phase method and path tracing",2024,Architectural Engineering and Design Management,17452007,20,3,559-577,Article,Queiroz N.,,,Lawrence Berkeley National Laboratory;Universidade Federal de Santa Catarina,United States;Brazil,6,2,
2-s2.0-85210884603,,Enhanced Building Energy Efficiency by a Novel Dynamic Photovoltaic-integrated Shading Device (PVSD),2024,18th Conference of the International Society of Indoor Air Quality and Climate Indoor AIR 2024 Conference Program and Proceedings,,,,,Conference Paper,Zou W.,,,Tsinghua University,China,0,0,
2-s2.0-105023699133,,Bio-HNV: Bio-based Humidity-responsive Night Ventilation for climate resilience: A new generation of responsive building skin for passive cooling,2024,PLEA 2024 Re Thinking Resilience Proceedings of 37th PLEA Conference Sustainable Architecture and Urban Design the Book of Proceedings,,,,1273-1278,Conference Paper,Pynirtzi N.,,,Newcastle University;Faculty of Humanities and Social Sciences,United Kingdom;United Kingdom,0,0,
2-s2.0-85195903425,10.1007/978-3-031-18389-8_25,A Novel FSD Reconfiguration Technique for Dynamic Shading in Photovoltaic Systems,2024,Green Energy and Technology,18653529,Part F2899,,579-597,Book Chapter,Jagadeesh K.,,,Sri Venkateswara University College Of Engineering,India,0,0,
2-s2.0-85198964557,10.1109/ICEEAC61226.2024.10576498,Hardware-in-the-Loop Experimental Evaluation of MPPT Algorithms for Partially Shaded Photovoltaic Systems,2024,2024 2nd International Conference on Electrical Engineering and Automatic Control Iceeac 2024,,,,,Conference Paper,Zabia D.E.,,,Université Mohamed Khider Biskra,Algeria,0,0,
2-s2.0-86000026738,10.1109/ICBIR61386.2024.10875775,Experimental Investigation of Thermal Performance of Windows with External Shading Slats for Air-Conditioned Buildings in Thailand,2024,Icbir 2024 2024 9th International Conference on Business and Industrial Research Proceedings,,,,1121-1126,Conference Paper,Wongsuwan W.,,,Thai-Nichi Institute of Technology,Thailand,1,0,
2-s2.0-85200437303,10.1007/978-981-99-8811-2_38,Design and Methodology for Automated Intelli-Smart Shading Apparatus for Commercial Building Fenestrations in India,2024,Advances in 21st Century Human Settlements,21982546,Part F3155,,445-455,Book Chapter,Sahoo K.,,,The Energy and Resources Institute India,India,0,0,
2-s2.0-105023708616,,Predicting annual hourly daylight performance of buildings using Conditional Generative Adversarial Network (cGAN),2024,PLEA 2024 Re Thinking Resilience Proceedings of 37th PLEA Conference Sustainable Architecture and Urban Design the Book of Proceedings,,,,771-776,Conference Paper,Manal A.,,,University of Illinois Urbana-Champaign,United States,0,0,
2-s2.0-85192358221,10.1109/ICCECE61317.2024.10504239,Visual Perception-Driven Dynamic Adaptive Shading,2024,2024 4th International Conference on Consumer Electronics and Computer Engineering Iccece 2024,,,,40-43,Conference Paper,Shen C.,,,Changchun University of Science and Technology,China,1,0,
2-s2.0-85177607250,10.1080/00038628.2023.2281401,Characterization and modeling of bistable laminates for kinetic shading screens,2024,Architectural Science Review,00038628,67,2,165-172,Article,Vazquez E.,,,Umeå Universitet;The University of North Carolina at Charlotte,Sweden;United States,2,1,
2-s2.0-85196642089,10.1109/AEEES61147.2024.10544586,Maximum Power Point Tracking of Photovoltaic Power Generation System Based on Improved Gray Wolf Optimization,2024,2024 6th Asia Energy and Electrical Engineering Symposium Aeees 2024,,,,928-933,Conference Paper,Zhao Z.,,,Lanzhou University of Technology,China,1,0,
2-s2.0-85216708241,10.31399/asm.cp.smst2024p0064,A self-regulating device passively activated by an SMA for solar responsive shading,2024,International Conference on Shape Memory and Superelastic Technologies Smst 2024,,,,64-65,Conference Paper,Brotons I.,,,WYG Group,United Kingdom,0,0,
2-s2.0-105027921914,,SEISMIC RESPONSE OF THE CABLE-SUPPORTED GLASS FACADES BETWEEN ADJACENT STRUCTURES,2024,World Conference on Earthquake Engineering Proceedings,,2024,,,Book Chapter,Wang G.,,,State Key Laboratory of Disaster Reduction in Civil Engineering,China,0,0,
2-s2.0-85208956186,10.1007/978-3-031-56121-4_21,Facade Retrofits: Sustainable Living Architectural Facades. The Case Study of “Baynunah Hilton Tower” in Abu Dhabi,2024,Lecture Notes in Civil Engineering,23662557,473 LNCE,,214-224,Conference Paper,Eid B.,,,British University in Dubai,United Arab Emirates,0,1,
2-s2.0-85177830939,10.1016/j.buildenv.2023.111052,Light-responsive kinetic façade system inspired by the Gazania flower: A biomimetic approach in parametric design for daylighting,2024,Building and Environment,03601323,247,,,Article,Sommese F.,,,Università degli Studi di Napoli Federico II,Italy,45,1,
2-s2.0-85211811073,10.1109/ETCM63562.2024.10746014,Enhancement of an Adaptive Building-Skin System for Local and Remote Multi-Modal Operation,2024,Etcm 2024 8th Ecuador Technical Chapters Meeting,,,,,Conference Paper,Cheng A.L.,,,Universidad Internacional SEK Ecuador,Ecuador,0,0,
2-s2.0-85210586773,10.23919/ANNSIM61499.2024.10732831,Designing For Daylight: An Exploration of Origami-Inspired Interior Shading Screens,2024,Annsim 2024 Proceedings of the 2024 Annual Modeling and Simulation Conference,,,,,Conference Paper,Nikookar N.,,,Carnegie Mellon University,United States,1,0,
2-s2.0-85209773472,10.52842/conf.ecaade.2024.1.361,Climate-responsive Hygroscopic: Wood Bilayers Programmed via Laser Modification,2024,Proceedings of the International Conference on Education and Research in Computer Aided Architectural Design in Europe,26841843,1,,361-370,Conference Paper,Lee S.,,,University of Waterloo,Canada,2,0,
2-s2.0-86000268647,10.1109/EPEE63731.2024.10875353,Improving the application of dung beetle algorithm in photovoltaic MPPT,2024,2024 4th International Conference on Energy Power and Electrical Engineering Epee 2024,,,,192-195,Conference Paper,Li G.,,,State Grid Jilin Electric Power Company,China,1,0,
2-s2.0-85140230451,10.1080/03772063.2022.2130454,Impact of Wiring Resistance on PV Array Configurations in Harvesting the Maximum Power Under Static and Dynamic Shading Conditions,2024,IETE Journal of Research,03772063,70,1,936-964,Article,Rajani K.,,,National Institute of Technology Andhra Pradesh,India,9,0,
2-s2.0-85217173823,,DESIGNING FOR DAYLIGHT: AN EXPLORATION OF ORIGAMI-INSPIRED INTERIOR SHADING SCREENS,2024,Simulation Series,07359276,56,1,34-46,Conference Paper,Nikookar N.,,,Carnegie Mellon University,United States,0,0,
2-s2.0-85217174703,,DYNAMIC INSULATED SHUTTER SYSTEM FOR A DOUBLE-LAYER BUILDING FAÇADE: A CASE STUDY WITH PHYSICAL PROTOTYPE,2024,Simulation Series,07359276,56,1,96-108,Conference Paper,Pan L.,,,University of Pennsylvania Stuart Weitzman School of Design,United States,0,0,
2-s2.0-85190370751,10.1109/ICPC2T60072.2024.10474666,Optimal Selection of Evolutionary Based MPPT Algorithm for PV Arrays under Multiple Partial Shading Conditions,2024,2024 3rd International Conference on Power Control and Computing Technologies Icpc2t 2024,,,,173-178,Conference Paper,Krishnendu H.S.,,,"Amrita School of Engineering, Coimbatore",India,5,0,
2-s2.0-85181880021,10.3390/su16010288,Climate-Adaptive Building Envelope Controls: Assessing the Impact on Building Performance,2024,Sustainability Switzerland,,16,1,,Article,Oh S.,,,Korea Institute of Civil Engineering and Building Technology (KICT),South Korea,13,1,
2-s2.0-85184285537,10.1007/978-981-99-8405-3_7,An Exploration on the Form Design of Movable Structures Based on Uniform Convex Polyhedral Expansion,2024,Computational Design and Robotic Fabrication,27319040,Part F2072,,78-89,Book Chapter,Liu M.,,,College of Civil Engineering and Architecture Zhejiang University,China,1,1,
2-s2.0-85210560256,10.23919/ANNSIM61499.2024.10732810,Dynamic Insulated Shutter System for a Double-Layer Building Façade: a Case Study with Physical Prototype,2024,Annsim 2024 Proceedings of the 2024 Annual Modeling and Simulation Conference,,,,,Conference Paper,Pan L.,,,University of Pennsylvania Stuart Weitzman School of Design,United States,0,0,
2-s2.0-85200456031,10.1007/978-981-99-8811-2_37,An Innovative Retrofittable Manually Operable Smart Shading Apparatus for House Windows (Residential Buildings) and Method of Working for Same,2024,Advances in 21st Century Human Settlements,21982546,Part F3155,,433-443,Book Chapter,Sahoo K.,,,The Energy and Resources Institute India,India,0,0,
2-s2.0-85211010181,10.1177/0958305X241300428,Critical analysis of smart materials in adaptive transparent systems for building façade,2024,Energy and Environment,0958305X,,,,Article,Jaffar H.,,,"University of Engineering and Technology, Lahore",Pakistan,2,0,
2-s2.0-85214452174,10.1109/ICPRE62586.2024.10768583,Research on Photovoltaic MPPT Based on Improved Butterfly Algorithm,2024,2024 9th International Conference on Power and Renewable Energy Icpre 2024,,,,1360-1365,Conference Paper,Ma Z.,,,"Yunnan Power Grid Co., Ltd.",China,1,0,
2-s2.0-85218343194,10.1109/IC-SIT63503.2024.10862256,Partial Shading Effect Minimization in a PV Array using Shading Behaviour based Adaptive Reconfiguration Algorithm,2024,2024 International Conference on Intelligent Computing and Sustainable Innovations in Technology IC Sit 2024,,,,,Conference Paper,Verma P.,,,Chandigarh University,India,5,0,
2-s2.0-105000064557,10.1007/978-981-97-4924-9_14,Beyond Water: Step Wells and Community Hydraulics in Modern India,2024,Urban Sustainability,27316483,Part F3706,,273-292,Book Chapter,Sobti M.P.,,,The University of Queensland,Australia,1,0,
2-s2.0-85194749202,10.1117/12.3010949,Robust Control of Friction-Driven Reconfigurable Adaptive Structures,2024,Proceedings of SPIE the International Society for Optical Engineering,0277786X,12947,,,Conference Paper,Palacio-Betancur A.,,,Penn State College of Engineering,United States,0,0,
2-s2.0-85217350242,10.1201/9781003434313-4,Thermo Bi-Metal: A Sustainable Biomaterial for Breathing Façade,2024,Advances in Sustainable Biomaterials Bioprocessing 4 0 Characterizations and Applications,,,,55-73,Book Chapter,Sharma D.,,,KLE Technological University,India,0,0,
2-s2.0-85192763646,10.14455/ISEC.2024.11(1).AAE-10,"KINETIC ARCHITECTURE AS A RESPONSE TO ADAPTIVE BEHAVIOR TO CLIMATE, A CASE STUDY THROUGH VIRTUAL MODELS",2024,Proceedings of International Structural Engineering and Construction,,11,1,,Conference Paper,Torres M.,,,Universidad Técnica Particular de Loja,Ecuador,1,0,
2-s2.0-85207520247,10.1049/icp.2024.2682,ENERGY ANALYSIS OF BUILDINGS WITH LARGE GLAZED SURFACES,2024,Iet Conference Proceedings,,2024,8,58-64,Conference Paper,Ördög R.R.,,,Széchenyi István University,Hungary,2,0,
2-s2.0-85198368003,10.1109/SCIoT62588.2024.10570109,Biomimicry in Smart City Building Skins: A Nature-Inspired Approach to Urban Energy Efficiency,2024,Proceeding of 8th International Conference on Smart Cities Internet of Things and Applications Sciot 2024,,,,108-113,Conference Paper,Saffar M.,,,"Islamic Azad University, Mashhad Branch",Iran,0,0,
2-s2.0-85198509817,10.1109/ICCC62069.2024.10569654,Enhancing Photovoltaic Array Performance under Partial Shading through Dynamic Reconfiguration and Layer Equalization Algorithm,2024,Proceedings of the 2024 25th International Carpathian Control Conference Iccc 2024,,,,,Conference Paper,Ameen F.,,,Miskolci Egyetem,Hungary,4,0,
2-s2.0-105002392945,10.1049/icp.2025.0251,DESIGN AND IMPLEMENTATION OF A LOW-COST SINGLE-ENDED PRIMARY-INDUCTOR CONVERTER (SEPIC) FOR ENHANCED MAXIMUM POWER POINT TRACKING IN A PHOTOVOLTAIC SYSTEM,2024,Iet Conference Proceedings,,2024,30,163-173,Conference Paper,Kok S.C.,,,University of Southampton,United Kingdom,0,0,
2-s2.0-85210486953,10.32604/ee.2024.055535,Maximum Power Point Tracking Based on Improved Kepler Optimization Algorithm and Optimized Perturb & Observe under Partial Shading Conditions,2024,Energy Engineering Journal of the Association of Energy Engineering,01998595,121,12,3779-3799,Article,Wang Z.,,,Jiangsu University of Technology,China,8,1,
2-s2.0-105001580201,10.1109/MEPCON63025.2024.10850327,Improving PV System Performance in Partial Shading Conditions through Hybrid Optimization Techniques,2024,Proceedings of the International Middle East Power System Conference Mepcon,29945747,,2024,,Conference Paper,Salama R.A.,,,Benha University,Egypt,2,0,
2-s2.0-85159069028,10.1177/23998083231171398,Hybrid quantitative mesoscale analyses for simulating pedestrians’ visual perceptions: Comparison of three New York City streets,2024,Environment and Planning B Urban Analytics and City Science,23998083,51,1,140-156,Article,Yosifof R.,,,Technion - Israel Institute of Technology,Israel,20,1,
2-s2.0-85183349906,10.1080/23744731.2023.2299175,"Sensitivity analysis of sensor placement in energy-efficient, grid-interactive ready small office buildings with dynamic shading and lighting control",2024,Science and Technology for the Built Environment,23744731,30,5,433-451,Article,Dong H.,,,College of Engineering,United States,2,0,
2-s2.0-105003807894,10.2478/pead-2024-0006,"A Comparative Study of PSO, GWO, and HOA Algorithms for Maximum Power Point Tracking in Partially Shaded Photovoltaic Systems",2024,Power Electronics and Drives,25434292,9,1,86-105,Article,Berttahar F.,,,Université Mohamed Khider Biskra,Algeria,18,1,
2-s2.0-85086334798,10.1080/15567036.2020.1769774,A novel PSO strategy for improving dynamic change partial shading photovoltaic maximum power point tracker,2024,Energy Sources Part A Recovery Utilization and Environmental Effects,15567036,46,1,8736-8750,Article,Eltamaly A.M.,,,King Saud University;Faculty of Engineering,Saudi Arabia;Egypt,44,0,
2-s2.0-85211597558,10.1109/PVSC57443.2024.10748886,Application of Ladybug Tool on Building-Installed PV Reconfiguration Under Partial Shading Condition,2024,Conference Record of the IEEE Photovoltaic Specialists Conference,01608371,,,176-181,Conference Paper,Shao C.,,,Laboratoire de Génie Electrique et Electronique de Paris,France,1,0,
2-s2.0-105002275686,10.1109/CCIS63231.2024.10931930,Solar Photovoltaic MPPT under irradiance change using a corrected grey wolf optimization algorithm,2024,3rd International Conference on Communication Control and Intelligent Systems Ccis 2024,,,,,Conference Paper,Tompala J.,,,Gandhi Institute of Technology and Management (GITAM),India,0,0,
2-s2.0-85189561696,10.1007/978-981-99-7965-3_6,AI-Based Models in Support of Human-Centric Indoor Environment Design: Towards Climate-Adaptive Façade Design Integrating Occupant Satisfaction,2024,Lecture Notes in Civil Engineering,23662557,393,,55-64,Conference Paper,Zhou Y.,,,City University of Hong Kong;Southern University of Science and Technology,Hong Kong;China,3,0,
2-s2.0-85187024252,10.14198/INGEO.25242,Methodology of data generation and calculation of erosion rates applied to littoral areas: Evolution of the Andalusian shoreline on exposed beaches during the 21st century (2001-2019),2024,Investigaciones Geograficas Spain,02134691,81,,9-31,Article,Campos A.P.,,,Universidad de Sevilla,Spain,4,1,
2-s2.0-85171674552,10.1080/17452007.2023.2259394,A design methodology to consider occupants’ spatial adjustment and manage view content in adaptive façade design for improving visual comfort,2024,Architectural Engineering and Design Management,17452007,20,1,168-190,Article,Rizi R.A.,,,Victoria University of Wellington,New Zealand,8,0,
2-s2.0-85216683972,10.1109/PSET62496.2024.10808628,An Advanced Flyback Converter-Based MPPT Strategy for Optimizing PV System Performance,2024,2024 3rd International Conference on Power Systems and Electrical Technology Pset 2024,,,,228-233,Conference Paper,Yang M.,,,Xi'an Jiaotong-Liverpool University,China,1,0,
2-s2.0-85211631730,10.1109/PVSC57443.2024.10749295,Pre-Construction Modeling of Shade Loss Due to Wind Turbine Shadow Flicker on Solar PV,2024,Conference Record of the IEEE Photovoltaic Specialists Conference,01608371,,,1231-1233,Conference Paper,Benson A.,,,Ul Solutions,United States,1,0,
2-s2.0-85165186940,10.1080/15502724.2023.2219019,Heliotropic Shading: Daylighting a Rare Books Reading Room with Electrochromic Glass and Parametric Analysis,2024,Leukos Journal of Illuminating Engineering Society of North America,15502724,20,2,148-171,Article,Weissman D.,,,Lam Partners,United States,2,0,
2-s2.0-105002724855,10.1109/ACOIT62457.2024.10939156,SVC-Based MPPT Algorithm For Photovoltaic Power Generation Under Local Shadows,2024,2024 Asian Conference on Intelligent Technologies Acoit 2024,,,,,Conference Paper,Zhang Y.,,,Normal University,China,0,0,
2-s2.0-85210237201,,Aspen Leaves as a Biological Role Model for a Triboelectric Wind Energy Harvesting Building Facade System: Generating Power Through the Movement of Leaves in the Wind,2024,Proceedings of the International Conference on Education and Research in Computer Aided Architectural Design in Europe,26841843,2,,597-606,Conference Paper,Mace C.,,,University of Waterloo,Canada,0,0,
2-s2.0-85198949997,10.1109/ICEEAC61226.2024.10576508,A Teaching-Learning-Based Optimization Technique for Tracking Global Maximum Power Points Under Dynamic Partial Shading Changes,2024,2024 2nd International Conference on Electrical Engineering and Automatic Control Iceeac 2024,,,,,Conference Paper,Saber H.,,,Université Ferhat Abbas Sétif 1,Algeria,1,0,
2-s2.0-85210820768,10.1109/ICMICA61068.2024.10732391,Enhanced-Sudoku Topology for MPPT of Solar Photo-Voltaic System,2024,2023 2nd IEEE International Conference on Measurement Instrumentation Control and Automation Icmica 2023,,,,,Conference Paper,Gupta P.,,,Malaviya National Institute of Technology Jaipur,India,1,0,
2-s2.0-105027925874,,SEISMIC VULNERABILTY OF MASONRY CHURCH FACADES,2024,World Conference on Earthquake Engineering Proceedings,,2024,,,Book Chapter,Imperatore S.,,,Niccolò Cusano University,Italy,0,0,
2-s2.0-85196731286,,"3D PRINTING SELF-SHADING WALL STRUCTURE WITH EARTH: Enhancing thermal properties in Earthen Architecture through Computational tool path design, inspired by nature & vernacular architecture",2024,Proceedings of the International Conference on Computer Aided Architectural Design Research in Asia,27104257,3,,121-130,Conference Paper,Tohidi A.,,,UNSW Sydney,Australia,4,0,
2-s2.0-85187140211,10.3389/fbuil.2024.1309621,Biomimetic design of building facades: an evolutionary-based computational approach inspired by elephant skin for cooling in hot and humid climates,2024,Frontiers in Built Environment,,10,,,Article,Hays N.,,,bioSEA Pte. Ltd.;nuLUCA Co.,Singapore;United States,11,1,
2-s2.0-85207102947,10.1109/CISAT62382.2024.10695424,A dynamic envelope extraction method of spacecraft parameters based on improved curve matching search,2024,2024 7th International Conference on Computer Information Science and Application Technology Cisat 2024,,,,967-975,Conference Paper,Xue X.,,,China Aerospace Science and Technology Corporation,China,0,0,
2-s2.0-105029338663,10.1016/B978-0-323-91013-2.00011-3,"Optimal control theory and energy, natural resource, and environmental economics",2024,Encyclopedia of Energy Natural Resource and Environmental Economics,,,,Vol2-216,Book Chapter,Caputo M.R.,,,University of Central Florida College of Business,United States,0,0,
2-s2.0-85183582835,10.3390/buildings14010042,Air-Permeable Building Envelopes for Building Ventilation and Heat Recovery: Research Progress and Future Perspectives,2024,Buildings,,14,1,,Review,Zhang C.,,,Huazhong University of Science and Technology;Hubei Engineering and Technology Research Center of Urbanization,China;China,10,1,
2-s2.0-85182254345,10.1016/j.enconman.2023.117907,Adaptive building envelope combining variable transparency shape-stabilized PCM and reflective film: Parameter and energy performance optimization in different climate conditions,2024,Energy Conversion and Management,01968904,299,,,Article,Wang P.,,,Hunan University,China,24,0,
2-s2.0-85188892702,10.1080/17452007.2024.2328119,‘Adaptive office buildings: improving functional flexibility in response to shifting needs using kinetic technology’,2024,Architectural Engineering and Design Management,17452007,20,4,946-971,Review,Atef E.,,,Port Said University,Egypt,9,0,
2-s2.0-85177043703,10.1007/978-3-031-44328-2_69,A Hybrid Deployable Vault Structure by Coupling Origami Folded Plates with a Scissors – Four Bar Linkage Frame,2024,Lecture Notes in Civil Engineering,23662557,437,,662-671,Conference Paper,Vlachaki E.,,,University of Patras,Greece,2,0,
2-s2.0-85202160255,10.1504/IJCIS.2024.140557,Thermal performance analysis of PCM incorporated roof slab infrastructures using deep learning algorithms,2024,International Journal of Critical Infrastructures,14753219,20,4,372-389,Article,Singh J.,,,Amity University,India,0,0,
2-s2.0-85217816030,10.18086/swc.2023.06.04,MULTI-OBJECTIVE OPTIMIZATION OF BUILDING ENVELOPE FOR DAYLIGHT AND ENERGY PERFORMANCE IN HOT AND DRY INDIAN CLIMATE,2024,Proceedings Ises Solar World Congress 2023 Swc 2023,,,,493-501,Conference Paper,Chaturvedi P.,,,Malaviya National Institute of Technology Jaipur,India,0,0,
2-s2.0-85209791827,10.52842/conf.ecaade.2024.1.283,Maximizing Solar Energy Harvesting of the Kinetic Photovoltaic System,2024,Proceedings of the International Conference on Education and Research in Computer Aided Architectural Design in Europe,26841843,1,,283-290,Conference Paper,Dąbrowska-żółtak K.,,,Politechnika Warszawska,Poland,0,0,
2-s2.0-85200388144,10.1007/978-3-031-56544-1_33,A New Approach Toward Hazard Mitigation by Designing Moveable Architectural Space,2024,Lecture Notes in Civil Engineering,23662557,480,,517-527,Conference Paper,Kamali S.,,,National Central University,Taiwan,0,0,
2-s2.0-85173062244,10.1016/j.apenergy.2023.121985,CFD modeling and experimental validation of the thermal performance of a novel dynamic PCM Trombe wall: Comparison with the companion static wall with and without PCM,2024,Applied Energy,03062619,353,,,Article,Zhou S.,,,Nankai University,China,68,0,
2-s2.0-85206218148,10.1007/978-981-97-5415-1_18,"Multi-objective Optimization for Visual, Thermal, and Energy Performance of Glazing and Shading Assemblies in Temperate Climate Zone of India",2024,Green Energy and Technology,18653529,,,209-220,Conference Paper,Chaturvedi P.K.,,,Malaviya National Institute of Technology Jaipur,India,0,0,
2-s2.0-85172272241,10.1007/s12273-023-1073-6,Example-based dynamic façade design using the facade daylighting performance improvement (FDPI) indicator,2023,Building Simulation,19963599,16,12,2261-2283,Article,Akimov L.,,,Politecnico di Milano;Peter the Great St. Petersburg Polytechnic University,Italy;Russian Federation,13,1,
2-s2.0-85180515387,10.3390/biomimetics8080603,Mimosa Kinetic Façade: Bio-Inspired Ventilation Leveraging the Mimosa Pudica Mechanism for Enhanced Indoor Air Quality,2023,Biomimetics,,8,8,,Article,Sankaewthong S.,,,Japan Advanced Institute of Science and Technology;Sirindhorn International Institute of Technology Thammasat University,Japan;Thailand,8,1,
2-s2.0-85177649709,10.1038/s41598-023-47593-9,A conceptual design of circular adaptive façade module for reuse,2023,Scientific Reports,,13,1,,Article,Niazy D.,,,"Faculty of Engineering, Ain Shams University",Egypt,6,1,
2-s2.0-85171331771,10.1016/j.autcon.2023.105093,Machine-learned kinetic Façade: Construction and artificial intelligence enabled predictive control for visual comfort,2023,Automation in Construction,09265805,156,,,Article,Takhmasib M.,,,Ajou University,South Korea,40,0,
2-s2.0-105003744645,10.1007/s44242-023-00025-3,Development of dynamic shading control for daylight measures in green buildings towards overall energy efficiency of lighting and air-conditioning systems,2023,Low Carbon Materials and Green Construction,,1,1,,Article,Sun J.,,,Tongji University;Tongji Architectural Design (Group) Co. Ltd,China;China,1,1,
2-s2.0-85173153049,10.1016/j.rineng.2023.101467,Comparative simulations of an electrochromic glazing and a roller blind as controlled by seven different algorithms,2023,Results in Engineering,,20,,,Article,Alkhatib H.,,,"Technological University Dublin;MaREI, the SFI Research Centre for Energy, Climate and Marine",Ireland;Ireland,17,1,
2-s2.0-85175349177,10.1016/j.jobe.2023.107656,Improving aerodynamic response of tall buildings using smart morphing facades,2023,Journal of Building Engineering,,80,,,Article,Preetha Hareendran S.,,,College of Engineering,United States,11,0,
2-s2.0-85177607076,10.1016/j.jobe.2023.108014,Draw to shade: A personalized daylighting regulation method through user-involved paintings for enhanced indoor visual comfort and aesthetics experience,2023,Journal of Building Engineering,,80,,,Article,Fan Y.,,,Shanghai Jiao Tong University,China,11,0,
2-s2.0-85170518530,10.1061/JAEIED.AEENG-1646,Kinetic Shades: Designing a Shape-Morphing Device with Bistable Laminates and Shape Memory Actuators,2023,Journal of Architectural Engineering,10760431,29,4,,Article,Vazquez E.,,,The University of North Carolina at Charlotte,United States,3,0,
2-s2.0-85174678233,10.1016/j.enbuild.2023.113664,A cross-climate assessment of the visual and energy performance of flexible photochromic films for in-situ window retrofits,2023,Energy and Buildings,03787788,300,,,Article,Khaled K.,,,Toronto Metropolitan University,Canada,27,0,
2-s2.0-85164106695,10.1038/s43247-023-00904-4,Grassland carbon-water cycling is minimally impacted by a photovoltaic array,2023,Communications Earth and Environment,,4,1,,Article,Kannenberg S.A.,,,College of Natural Sciences,United States,48,1,
2-s2.0-85171565341,10.1002/adsu.202300253,Large-Scaled and Solar-Reflective Kirigami-Based Building Envelopes for Shading and Occupants’ Thermal Comfort,2023,Advanced Sustainable Systems,,7,12,,Article,Jung H.,,,Korea Institute of Science and Technology;School of Engineering and Applied Science,South Korea;United States,4,1,
2-s2.0-85178883143,10.1038/s41467-023-43927-3,Electrical performance of a fully reconfigurable series-parallel photovoltaic module,2023,Nature Communications,,14,1,,Article,Calcabrini A.,,,"Department of Electrical Sustainable Energy, TU Delft",Netherlands,12,1,
2-s2.0-85176407845,10.1016/j.jobe.2023.107979,A retrofitting framework for improving curtain wall performance by the integration of adaptive technologies,2023,Journal of Building Engineering,,80,,,Article,Tolba L.E.,,,Faculty of Engineering- Port Said University,Egypt,18,0,
2-s2.0-85169059487,10.1186/s41601-023-00315-9,Optimal PV array reconfiguration under partial shading condition through dynamic leader based collective intelligence,2023,Protection and Control of Modern Power Systems,23672617,8,1,,Article,Wang Y.,,,Kunming University of Science and Technology,China,65,1,
2-s2.0-85165682605,10.1007/s12273-023-1052-y,"Double-skin façade simulation with computational fluid dynamics: A review of simulation trends, validation methods and research gaps",2023,Building Simulation,19963599,16,12,2307-2331,Article,Melgaard S.P.,,,Aalborg University,Denmark,9,1,
2-s2.0-85175145895,10.1016/j.rser.2023.113847,Smart materials for biomimetic building envelopes: current trends and potential applications,2023,Renewable and Sustainable Energy Reviews,13640321,188,,,Review,Sommese F.,,,Università degli Studi di Napoli Federico II,Italy,37,1,
2-s2.0-85165606815,10.1016/j.energy.2023.128257,On-site testing of dynamic facade system with the solar energy storage,2023,Energy,03605442,283,,,Article,Vanaga R.,,,Riga Technical University,Latvia,9,0,
2-s2.0-85178051226,10.1063/5.0171316,Hygrothermal Assessment of a Façade with ETICS Using Dynamic Monitoring and Numerical Simulation in a Real Case Study,2023,Aip Conference Proceedings,0094243X,2918,1,,Conference Paper,Bishara A.,,,Dr. Robert-Murjahn-Institut GmbH (RMI),Germany,0,0,
2-s2.0-85178344728,10.3390/buildings13112840,Optimising Daylight and Ventilation Performance: A Building Envelope Design Methodology,2023,Buildings,,13,11,,Article,Abdollahi Rizi R.,,,Victoria University of Wellington,New Zealand,14,1,
2-s2.0-85170421177,10.1016/j.enbuild.2023.113481,An evaluation of the demand response potential of integrated dynamic window and HVAC systems,2023,Energy and Buildings,03787788,298,,,Article,Gehbauer C.,,,Lawrence Berkeley National Laboratory,United States,37,1,
2-s2.0-85199235039,10.3390/su152216119,Process-Oriented Design Methodologies Inspired by Tropical Plants,2023,Sustainability Switzerland,,15,22,,Article,McCormick E.L.,,,NC State University;The University of North Carolina at Charlotte,United States;United States,3,1,
2-s2.0-85161857981,10.1007/s13369-023-08023-0,Dynamic and Adaptive Maximum Power Point Tracking Using Sequential Monte Carlo Algorithm for Photovoltaic System,2023,Arabian Journal for Science and Engineering,2193567X,48,11,15063-15083,Article,Odat A.S.,,,Al Al-Bayt University,Jordan,5,0,
2-s2.0-85172238485,10.1061/JSENDH.STENG-12546,Engineering Review of Wind-Induced Torsional Moment and Response of Buildings,2023,Journal of Structural Engineering United States,07339445,149,11,,Review,Alinejad H.,,,Seoul National University,South Korea,3,1,
2-s2.0-85179555847,10.1063/5.0176121,Wind turbine dynamic shading: The effects on combined solar and wind farms,2023,Journal of Renewable and Sustainable Energy,,15,6,,Article,Dekker N.J.,,,Solar Energy,Netherlands,7,1,
2-s2.0-85170405680,10.1016/j.enbuild.2023.113420,Combining point cloud and surface methods for modeling partial shading impacts of trees on urban solar irradiance,2023,Energy and Buildings,03787788,298,,,Article,Tian B.,,,Technische Universiteit Eindhoven,Netherlands,22,1,
2-s2.0-85170437572,10.1016/j.energy.2023.128992,An efficient power extraction technique for improved performance and reliability of solar PV arrays during partial shading,2023,Energy,03605442,282,,,Article,Satpathy P.R.,,,Najran University,Saudi Arabia,26,1,
2-s2.0-85167783854,10.1016/j.jobe.2023.107521,Pneufin: A switchable foil cushion inspired soft pneumatic adaptive shading,2023,Journal of Building Engineering,,77,,,Article,Aditra R.F.,,,University of Nottingham;Institut Teknologi Bandung,United Kingdom;Indonesia,4,1,
2-s2.0-85168003403,10.1016/j.enbuild.2023.113432,Evaluation of the effects of cut design parameters on the environmental performance of a kirigami-inspired façade concept,2023,Energy and Buildings,03787788,297,,,Article,Arauz R.,,,Swanson School of Engineering,United States,10,0,
2-s2.0-85166637933,10.1016/j.apenergy.2023.121209,Performance assessment of active insulation systems in residential buildings for energy savings and peak demand reduction,2023,Applied Energy,03062619,348,,,Article,Kunwar N.,,,Oak Ridge National Laboratory,United States,15,2,
2-s2.0-85176105103,10.1145/3607822.3618020,Interactive VRS-NeRF: Lightning fast Neural Radiance Field Rendering for Virtual Reality,2023,Proceedings Sui 2023 ACM Symposium on Spatial User Interaction,,,,,Conference Paper,Rolff T.,,,Universität Hamburg,Germany,7,0,
2-s2.0-85179158560,10.1051/e3sconf/202343601013,"Sustainability, through passive solar building envelope design, based on the principles of bioinspiration.",2023,E3s Web of Conferences,25550403,436,,,Conference Paper,Dikou C.,,,University of West Attica,Greece,2,1,
2-s2.0-85174565531,10.1364/OE.496856,Estimation of solar resource for vehicle-integrated photovoltaics in urban environments using image-based shade detection,2023,Optics Express,,31,21,34240-34251,Article,Núñez R.,,,Universidad Politécnica de Madrid;Escuela Técnica Superior de Ingeniería y Diseño Industrial,Spain;Spain,9,1,
2-s2.0-85165553149,10.1016/j.jhazmat.2023.132137,Selective enrichments for color microplastics loading of marine lipophilic phycotoxins,2023,Journal of Hazardous Materials,03043894,459,,,Article,Li R.,,,Guangxi University,China,12,0,
2-s2.0-85163866442,10.1016/j.scs.2023.104740,Origami-based adaptive facade for reducing reflected solar radiation in outdoor urban environments,2023,Sustainable Cities and Society,22106707,97,,,Article,Meloni M.,,,"Southeast University;Royal Danish Academy – Architecture, Design, Conservation",China;Denmark,21,1,
2-s2.0-85171620926,10.1016/j.enbuild.2023.113391,A state-space model to control an adaptive facade prototype using data-driven techniques,2023,Energy and Buildings,03787788,296,,,Article,Jumabekova A.,,,I2M - Institut de Mécanique et d'Ingénierie de Bordeaux,France,9,2,
2-s2.0-85165353988,10.1016/j.enbuild.2023.113320,Adaptive Façades Strategy: An architect-friendly computational approach based on co-simulation and white-box models for the early design stage,2023,Energy and Buildings,03787788,296,,,Article,Nie Z.,,,South China University of Technology,China,10,0,
2-s2.0-85169019778,10.1016/j.buildenv.2023.110751,Optimal temperature-actuated control of a thermally-insulated roller blind,2023,Building and Environment,03601323,244,,,Article,Alkhatib H.,,,"Technological University Dublin;MaREI, the SFI Research Centre for Energy, Climate and Marine",Ireland;Ireland,15,1,
2-s2.0-85174214387,10.3390/su151914319,Study of Technological Advancement and Challenges of Façade System for Sustainable Building: Current Design Practice,2023,Sustainability Switzerland,,15,19,,Review,Fernando D.,,,Swinburne University of Technology,Australia,53,1,
2-s2.0-85162256640,10.1016/j.energy.2023.128052,Experimental assessment of the energy performance of microfluidic glazing components: The first results of a monitoring campaign carried out in an outdoor test facility,2023,Energy,03605442,280,,,Article,Baracani M.,,,Politecnico di Torino,Italy,9,1,
2-s2.0-85164364748,10.1016/j.foar.2023.05.010,A design framework for a kinetic shading device system for building envelopes,2023,Frontiers of Architectural Research,20952635,12,5,837-854,Article,Tavares da Silva F.,,,Universidade Federal da Paraíba,Brazil,11,1,
2-s2.0-85167817916,10.1016/j.enconman.2023.117519,Priority queue-based switching matrix algorithm for adaptive neuro-fuzzy inference system assisted MPPT controlled PV system,2023,Energy Conversion and Management,01968904,293,,,Article,Raj R.D.A.,,,"National Institute of Technology, Warangal",India,33,0,
2-s2.0-85151526234,10.1007/s12273-023-0993-5,Design and optimization of thermally responsive autonomous dynamic glazed attachment systems for building solar heat gain control,2023,Building Simulation,19963599,16,10,1971-1986,Article,Ardabili N.G.,,,Penn State College of Engineering,United States,17,0,
2-s2.0-85164688708,10.1016/j.jobe.2023.106995,An innovative multifunctional biomimetic adaptive building envelope based on a novel integrated methodology of merging biological mechanisms,2023,Journal of Building Engineering,,76,,,Article,Soliman M.E.,,,Southwest Jiaotong University;Faculty of Engineering,China;Egypt,39,0,
2-s2.0-85173863789,10.3390/en16196978,Topology Morphing Insulation: A Review of Technologies and Energy Performance in Dynamic Building Insulation,2023,Energies,,16,19,,Review,Stevens T.R.,,,Ira A. Fulton College of Engineering,United States,7,1,
2-s2.0-85175547871,10.3390/galaxies11050105,Three Dimensional Natures of Massive Star Envelopes,2023,Galaxies,,11,5,,Review,Jiang Y.F.,,,Simons Foundation,United States,11,1,
2-s2.0-85177842932,10.1063/5.0170347,The motion-based analysis of kinetic shading devices activated by smart materials,2023,Aip Conference Proceedings,0094243X,2928,1,,Conference Paper,Yalçln O.,,,İstanbul Teknik Üniversitesi,Turkey,0,0,
2-s2.0-85173843361,10.1680/jsmic.23.00015,The impact of building surface optimization and dynamic control on climate adaptation,2023,Proceedings of the Institution of Civil Engineers Smart Infrastructure and Construction,,177,1,35-44,Article,Bai C.,,,Henan University of Science and Technology,China,1,1,
2-s2.0-85162103987,10.1016/j.rser.2023.113458,Static and dynamic regulations of photovoltaic double skin facades towards building sustainability: A review,2023,Renewable and Sustainable Energy Reviews,13640321,183,,,Review,Liu X.,,,"School of Architecture and Design, Harbin Institute of Technology",China,93,0,
2-s2.0-85172734730,10.3390/en16186637,Flexible and Lightweight Solutions for Energy Improvement in Construction: A Literature Review,2023,Energies,,16,18,,Review,Spanodimitriou Y.,,,Università degli Studi della Campania Luigi Vanvitelli,Italy,13,1,
2-s2.0-85170576508,10.3390/en16176402,Characterization of a Wall System with Dynamic Thermal Insulation—Experimental Campaign and Numerical Simulation,2023,Energies,,16,17,,Article,Almeida R.M.S.F.,,,Universidade do Porto;Instituto Politécnico de Viseu,Portugal;Portugal,0,1,
2-s2.0-85162847924,10.1016/j.istruc.2023.06.070,Frequency calculation method and wind-induced dynamic response of cable net façades considering the façade stiffness,2023,Structures,,55,,718-726,Article,Zhou Q.,,,Jiangxi University of Science and Technology,China,6,1,
2-s2.0-105018889940,10.1007/s44150-023-00091-y,Evaluation of building energy load of a multipurpose hall and its optimization through spectrally selective fenestration and passive design concepts,2023,Architecture Structures and Construction,27309886,3,3,299-313,Article,Rastogi H.,,,Shiv Nadar Institution of Eminence deemed to be University,India,3,1,
2-s2.0-85162807439,10.1016/j.enconman.2023.117315,Optimized topology for a photovoltaic array using switches control,2023,Energy Conversion and Management,01968904,291,,,Article,Oufettoul H.,,,"Ecole Mohammadia d'Ingenieurs, Mohammed V University in Rabat;Green Energy Park",Morocco;Morocco,15,0,
2-s2.0-85153407141,10.1002/cta.3629,A novel hybrid image processing-based reconfiguration with RBF neural network MPPT approach for improving global maximum power and effective tracking of PV system,2023,International Journal of Circuit Theory and Applications,00989886,51,9,4397-4426,Article,Rao C.V.,,,"National Institute of Technology, Warangal",India,21,0,
2-s2.0-85172737242,10.3390/en16186687,Modelling Porous Cementitious Media with/without Integrated Latent Heat Storage: Application Scenario,2023,Energies,,16,18,,Article,Nazari Sam M.,,,Technische Universität Darmstadt,Germany,3,1,
2-s2.0-85176352496,10.1002/9781119785491.ch11,Handwriting and speech-based secured multimodal biometrics identification technique,2023,Multimodal Biometric and Machine Learning Technologies Applications for Computer Vision,,,,227-250,Book Chapter,Gowroju S.,,,Sreyas Institute of Engineering and Technology,India,6,0,
2-s2.0-85163062642,10.1016/j.conbuildmat.2023.132028,Magnetic actuation of bistable flaps for kinetic building shades,2023,Construction and Building Materials,09500618,392,,,Article,Vazquez E.,,,Pennsylvania State University;The University of North Carolina at Charlotte,United States;United States,6,0,
2-s2.0-85159225348,10.1016/j.jobe.2023.106800,Parametric design of an automated kinetic building façade using BIM: A case study perspective,2023,Journal of Building Engineering,,73,,,Article,Haghighat S.,,,Virginia Tech College of Engineering,United States,13,0,
2-s2.0-85151370881,10.1016/j.foar.2023.02.005,Modular responsive facade proposals based on semi-regular and demi-regular tessellation: daylighting and visual comfort,2023,Frontiers of Architectural Research,20952635,12,4,601-612,Article,Kızılörenli E.,,,Yaşar Üniversitesi,Turkey,25,1,
2-s2.0-85169140900,10.3390/buildings13081932,"Daylighting Assessment of a Heritage Place of Instruction and Office Building in Alice, South Africa",2023,Buildings,,13,8,,Article,Overen O.K.,,,University of Fort Hare,South Africa,8,1,
2-s2.0-85169091659,10.3390/app13169057,A Distributed Intelligent Lighting Control System Based on Deep Reinforcement Learning,2023,Applied Sciences Switzerland,,13,16,,Article,Fang P.,,,Shandong Jianzhu University,China,24,1,
2-s2.0-85167729686,10.3390/electronics12153317,Photovoltaic Array Dynamic Reconfiguration Based on an Improved Pelican Optimization Algorithm,2023,Electronics Switzerland,,12,15,,Article,Li S.,,,Nanjing Institute of Technology,China,27,1,
2-s2.0-85169124666,10.22452/jdbe.vol23no1.3,Double skin façade adoption influencing ventilation performance in educational buildings,2023,Journal of Design and Built Environment,18234208,23,1,35-47,Article,Elhamy A.A.,,,College of Engineering and Technology,Egypt,0,1,
2-s2.0-85198731386,10.1115/1.4056928,Computational Design of Multi-State Lattice Structures With Finite Mechanisms for Shape Morphing,2023,Journal of Mechanical Design,10500472,145,7,,Article,Lumpe T.S.,,,ETH Zürich,Switzerland,11,0,
2-s2.0-85166175921,10.3390/su151411132,A Comprehensive Review of Recent Maximum Power Point Tracking Techniques for Photovoltaic Systems under Partial Shading,2023,Sustainability Switzerland,,15,14,,Review,Worku M.Y.,,,King Fahd University of Petroleum and Minerals,Saudi Arabia,66,1,
2-s2.0-85164496083,10.1051/e3sconf/202339604002,Comparing the thermal performance of Living Lab monitoring and simulation with different level of input detail,2023,E3s Web of Conferences,25550403,396,,,Conference Paper,Zinzi M.,,,"Ente Per Le Nuove Tecnologie, l'Energia e l'Ambiente",Italy,2,1,
2-s2.0-85150371652,10.1016/j.jobe.2023.106241,Enhancing visual comfort with Miura-ori-based responsive facade model,2023,Journal of Building Engineering,,69,,,Article,Kahramanoğlu B.,,,Kocaeli Üniversitesi,Turkey,23,0,
2-s2.0-85150336122,10.1016/j.jobe.2023.106118,Targeting modular adaptive façade personalization in a shared office space using fuzzy logic and genetic optimization,2023,Journal of Building Engineering,,69,,,Article,Tabadkani A.,,,Stantec,Australia,16,1,
2-s2.0-85153574391,10.1016/j.enbuild.2023.113056,Energy flexibility of building systems in future scenarios: optimization of the control strategy of a dynamic shading system and definition of a new energy flexibility metric,2023,Energy and Buildings,03787788,289,,,Article,Carlucci F.,,,Politecnico di Bari,Italy,17,1,
2-s2.0-85150448155,10.1016/j.jobe.2023.106101,Optimal design method for photovoltaic shading devices (PVSDs) by combining geometric optimization and adaptive control model,2023,Journal of Building Engineering,,69,,,Article,Liu J.,,,South China University of Technology,China,36,0,
2-s2.0-85154620492,10.1016/j.buildenv.2023.110339,Thermal comfort and passive survivability in earthen buildings,2023,Building and Environment,03601323,238,,,Article,Ben-Alon L.,,,Columbia University,United States,67,0,
2-s2.0-85162130738,10.15627/JD.2023.2,Visual Comfort Assessment of Hospital Patient Rooms with Climate Responsive Facades,2023,Journal of Daylighting,23838701,10,1,17-30,Article,Toodekharman H.,,,University of Tehran,Iran,15,1,
2-s2.0-85156145141,10.1016/j.seta.2023.103259,Comparative analysis of different MPPT techniques using boost converter for photovoltaic systems under dynamic shading conditions,2023,Sustainable Energy Technologies and Assessments,22131388,57,,,Article,Majeed Shaikh A.,,,Sukkur IBA University,Pakistan,49,0,
2-s2.0-85149789328,10.1016/j.seta.2023.103124,Multivariate optimization towards energy balance with geometric constraints of building design and urban space intensity,2023,Sustainable Energy Technologies and Assessments,22131388,57,,,Article,Jiang M.,,,Princeton University,United States,11,0,
2-s2.0-85148855066,10.1007/s40313-023-00988-5,An Automatic Column Wiring Resistance Algorithm for Static Reconfiguration of PV Arrays and Analysis of Reconfigured T-C-T and T-T-C-L Under Dynamic Shading Conditions,2023,Journal of Control Automation and Electrical Systems,21953880,34,3,637-657,Article,Rajani K.,,,National Institute of Technology Andhra Pradesh,India,17,0,
2-s2.0-85148689706,10.1016/j.jobe.2023.105998,Near-optimal adaptive predictive control model study for roller shades in office spaces,2023,Journal of Building Engineering,,68,,,Article,Bi G.,,,South China University of Technology,China,12,0,
2-s2.0-85163711219,10.3390/buildings13061381,Exploring Energy Retrofitting Strategies and Their Effect on Comfort in a Vernacular Building in a Dry Mediterranean Climate,2023,Buildings,,13,6,,Article,Lozoya-Peral A.,,,Universitat d'Alacant,Spain,20,1,
2-s2.0-85153672084,10.1016/j.buildenv.2023.110336,"Optimizing overheating, lighting, and heating energy performances in Canadian school for climate change adaptation: Sensitivity analysis and multi-objective optimization methodology",2023,Building and Environment,03601323,237,,,Article,Baba F.M.,,,Université de Sherbrooke;Centre for Zero Energy Building Studies,Canada;Canada,49,0,
2-s2.0-85160775362,10.1051/e3sconf/202338801030,Energy-Efficient Soho in South Jakarta with The Application of Adaptive Solar Facade,2023,E3s Web of Conferences,25550403,388,,,Conference Paper,Ignatius Nahor S.J.,,,Bina Nusantara University,Indonesia,0,1,
2-s2.0-85147607160,10.1016/j.jobe.2023.106043,The integrated design process of adaptive façades – A comprehensive perspective,2023,Journal of Building Engineering,,67,,,Article,Voigt M.P.,,,Universität Stuttgart,Germany,18,0,
2-s2.0-85151884739,10.1016/j.solener.2023.03.042,Comparison of control parameters for roller blinds,2023,Solar Energy,0038092X,256,,110-126,Article,Alkhatib H.,,,"Technological University Dublin;MaREI, the SFI Research Centre for Energy, Climate and Marine",Ireland;Ireland,20,1,
2-s2.0-85160646711,10.1063/5.0138985,Dynamic Analysis of Different Fenestration Design in Artificial Hip Joint Using Finite Element Analysis,2023,Aip Conference Proceedings,0094243X,2674,,,Conference Paper,Ikhsan ,,,Universitas Sebelas Maret,Indonesia,2,0,
2-s2.0-85151018182,10.1016/j.buildenv.2023.110195,Implementation of ISO/DIS 52016-3 for adaptive façades: A case study of an office building,2023,Building and Environment,03601323,235,,,Article,Norouziasas A.,,,Norges Teknisk-Naturvitenskapelige Universitet,Norway,36,1,
2-s2.0-85151983532,10.1007/s00226-023-01464-8,Hygroscopy and adaptive architectural façades: an overview,2023,Wood Science and Technology,00437719,57,3,557-582,Review,El-Dabaa R.,,,"Heriot-Watt University, Dubai Campus",United Arab Emirates,14,1,
2-s2.0-85149867129,10.1016/j.enbuild.2023.112912,Semi-automated vs manually controlled dynamic facades: assessment through a field study on multi-domain occupant satisfaction,2023,Energy and Buildings,03787788,286,,,Article,Luna-Navarro A.,,,Department of Engineering;Faculteit Bouwkunde van de TU Delft,United Kingdom;Netherlands,11,1,
2-s2.0-85159271790,10.3390/en16093793,Energy Performance and Control Strategy for Dynamic Façade with Perovskite PV Panels—Technical Analysis and Case Study,2023,Energies,,16,9,,Article,Ożadowicz A.,,,AGH University of Krakow,Poland,9,1,
2-s2.0-85217916651,10.55670/fpll.futech.2.2.2,"Skin porosity geometry from the energy efficiency point of view; case study: an office building in Mashhad, Iran",2023,Future Technology,,2,2,11-24,Article,Khayami S.,,,Tarbiat Modares University,Iran,0,1,
2-s2.0-85147506039,10.1177/01436244231153839,Assessing the performance gap of two dynamic thermal modelling software tools when comparing with real-time data in relation to thermal loss,2023,Building Services Engineering Research and Technology,01436244,44,3,233-246,Article,Salehi B.,,,Mott MacDonald Group Limited,United Kingdom,3,2,
2-s2.0-85165363410,10.17762/ijritcc.v11i5s.7108,A Novel MPPT Technique based on Hybrid Radial Movement Optimization with Teaching Learning Based Optimization for PV System,2023,International Journal on Recent and Innovation Trends in Computing and Communication,,11,,459-476,Article,Guntupalli R.,,,Puducherry Technological University,India,0,1,
2-s2.0-85159654611,10.1063/5.0112023,Sustainable energy in the concept of kinetic architecture (case study: D*haus dynamic),2023,Aip Conference Proceedings,0094243X,2594,,,Conference Paper,Gandawijaya R.A.A.,,,Bina Nusantara University,Indonesia,0,0,
2-s2.0-85148544560,10.1016/j.enbuild.2023.112881,Multi-domain model-based control of an adaptive façade based on a flexible double skin system,2023,Energy and Buildings,03787788,285,,,Article,Catto Lucchino E.,,,Norges Teknisk-Naturvitenskapelige Universitet,Norway,27,1,
2-s2.0-85150033000,10.1016/j.buildenv.2023.110153,Significance of dynamic over static solar screens on thermal perception in perimeter offices under different sky conditions,2023,Building and Environment,03601323,234,,,Article,Naik N.S.,,,University of Oregon,United States,3,0,
2-s2.0-85144819052,10.1016/j.jobe.2022.105712,Experimental identification and verification of a moveable facade element for energy harvesting and vibration control,2023,Journal of Building Engineering,,65,,,Article,Zhang Y.,,,Brandenburg University of Technology Cottbus-Senftenberg,Germany,8,1,
2-s2.0-85144630997,10.1016/j.jobe.2022.105709,A comprehensive optimization framework for the design of high-performance building systems,2023,Journal of Building Engineering,,65,,,Article,Zeng Z.,,,Argonne National Laboratory,United States,17,0,
2-s2.0-85153778105,10.3390/en16083411,Decision Support for Defining Adaptive Façade Design Goals in the Early Design Phase,2023,Energies,,16,8,,Article,Voigt M.P.,,,Universität Stuttgart,Germany,6,1,
2-s2.0-85147606550,10.1016/j.enbuild.2023.112850,A responsive double-skin façade for the retrofit of existing buildings: Analysis on an office building in a Mediterranean climate,2023,Energy and Buildings,03787788,284,,,Article,Aruta G.,,,Università degli Studi di Napoli,Italy,31,0,
2-s2.0-85152645224,10.3390/app13074633,Kinetic Photovoltaic Facade System Based on a Parametric Design for Application in Signal Box Buildings in Switzerland,2023,Applied Sciences Switzerland,,13,7,,Article,Choi H.S.,,,Gachon University,South Korea,8,1,
2-s2.0-85157962488,10.1680/jener.21.00102,"Energy-efficient design of building facade, inspired by human skin",2023,Proceedings of Institution of Civil Engineers Energy,17514223,176,2,105-119,Article,Tafreshi F.,,,University of Kashan,Iran,2,0,
2-s2.0-85156186000,10.3390/buildings13041090,Passive Intelligent Kinetic External Dynamic Shade Design for Improving Indoor Comfort and Minimizing Energy Consumption,2023,Buildings,,13,4,,Article,Sorooshnia E.,,,Western Sydney University,Australia,12,1,
2-s2.0-85149323451,10.1016/j.ufug.2023.127886,Effect of green infrastructures supported by adaptative solar shading systems on livability in open spaces,2023,Urban Forestry and Urban Greening,16188667,82,,,Article,Palomo Amores T.R.,,,"Universidad de Sevilla, Escuela Técnica Superior de Ingeniería",Spain,39,1,
2-s2.0-85161619464,10.17660/ActaHortic.2023.1366.21,Analysis and modelling of tree shading impacts on apple fruit quality: case study with an agrivoltaic system,2023,Acta Horticulturae,05677572,1366,,187-194,Conference Paper,Juillion P.,,,Unité de Recherche Plantes et Systèmes de Culture Horticoles;Sun’Agri,France;France,9,0,
2-s2.0-85147604019,10.1016/j.buildenv.2023.110069,Why are adaptive facades not widely used in practice? Identifying ecological and economical benefits with life cycle assessment,2023,Building and Environment,03601323,232,,,Article,Borschewski D.,,,Universität Stuttgart,Germany,22,1,
2-s2.0-85144751594,10.1109/TIA.2022.3228227,Global Maximum Power Point Tracking in Dynamic Partial Shading Conditions Using Ripple Correlation Control,2023,IEEE Transactions on Industry Applications,00939994,59,2,2030-2040,Article,Mahmud S.,,,College of Engineering,United States,22,0,
2-s2.0-85151617946,10.3390/buildings13030782,Integrated Kinetic Fins for Western Facades in Territories with Low Solar Altitudes,2023,Buildings,,13,3,,Article,Fahmy M.K.,,,Capital University,Egypt,7,1,
2-s2.0-85151417516,10.3390/su15065284,AGRI|gen: Analysis and Design of a Parametric Modular System for Vertical Urban Agriculture,2023,Sustainability Switzerland,,15,6,,Article,Ghazal I.,,,An-Najah National University,Palestine,15,1,
2-s2.0-85150160176,10.3390/biomimetics8010052,Environmentally Responsive Materials for Building Envelopes: A Review on Manufacturing and Biomimicry-Based Approaches,2023,Biomimetics,,8,1,,Review,Ortega Del Rosario M.D.L.Á.,,,Universidad Tecnológica de Panamá;Sistema Nacional de Investigación (SNI),Panama;Panama,31,1,
2-s2.0-85146098882,10.1016/j.buildenv.2023.109984,Selection of spatial sensitivity curve and installation location of photosensors for daylight-linked control systems in space with dynamic shading devices,2023,Building and Environment,03601323,230,,,Article,Do C.T.,,,Hanoi University of Civil Engineering,Viet Nam,17,0,
2-s2.0-85147151982,10.1073/pnas.2210351120,Multilayered optofluidics for sustainable buildings,2023,Proceedings of the National Academy of Sciences of the United States of America,00278424,120,6,,Article,Kay R.,,,University of Toronto,Canada,14,1,
2-s2.0-85150357468,10.37934/araset.29.3.6276,Solar Responsive Facade as Siamese Cultural Aesthetic Frontage in Malaysia,2023,Journal of Advanced Research in Applied Sciences and Engineering Technology,,29,3,62-76,Article,Chuan N.S.B.S.,,,Universiti Sains Malaysia,Malaysia,3,1,
2-s2.0-85149244015,10.3390/sym15020255,Optimization Design and Trajectory Error Compensation of a Facade-Adaptive Wall-Climbing Robot,2023,Symmetry,,15,2,,Article,Zhang D.,,,Hebei University of Technology,China,17,1,
2-s2.0-85148695173,10.1089/3dp.2022.0061,Codesign of Biobased Cellulose-Filled Filaments and Mesostructures for 4D Printing Humidity Responsive Smart Structures,2023,3D Printing and Additive Manufacturing,23297662,10,1,1-14,Article,Tahouni Y.,,,Universität Stuttgart,Germany,39,1,
2-s2.0-85148008079,10.3390/su15032294,A Comparative Study on Smart Windows Focusing on Climate-Based Energy Performance and Users’ Comfort Attributes,2023,Sustainability Switzerland,,15,3,,Review,Rashidzadeh Z.,,,The University of Oklahoma,United States,42,1,
2-s2.0-85149213705,10.3390/buildings13020534,"Ensuring the Authenticity of the Conservation and Reuse of Modern Industrial Heritage Architecture: A Case Study of the Large Machine Factory, China",2023,Buildings,,13,2,,Article,Xiong X.,,,Southeast University;Universitat Politècnica de Catalunya,China;Spain,19,1,
2-s2.0-85145492526,10.1016/j.watres.2022.119410,Novel insights into the temporal molecular fractionation of dissolved black carbon at the iron oxyhydroxide - water interface,2023,Water Research,00431354,229,,,Article,Ye Y.,,,Lanzhou University,China,33,0,
2-s2.0-85142220025,10.1016/j.engstruct.2022.115152,A novel mechanism - smart morphing façade system - to mitigate wind-induced vibration of tall buildings,2023,Engineering Structures,01410296,275,,,Article,Hou F.,,,College of Engineering,United States,21,0,
2-s2.0-85142740815,10.1016/j.apenergy.2022.120360,Modelling pavement photovoltaic arrays with cellular automata,2023,Applied Energy,03062619,330,,,Article,Mao M.,,,Imperial College London,United Kingdom,10,0,
2-s2.0-85142729559,10.1016/j.enbuild.2022.112665,Thermodynamic responses of adaptive mechanisms in BiPV façade systems coupled with latent thermal energy storage,2023,Energy and Buildings,03787788,279,,,Article,Čurpek J.,,,"Brno University of Technology, Faculty of Civil Engineering;Institute of Construction and Architecture Slovak Academy of Sciences",Czech Republic;Slovakia,28,0,
2-s2.0-85140404295,10.1016/j.energy.2022.125699,Optimal energy performance of dynamic sliding and insulated shades for residential buildings,2023,Energy,03605442,263,,,Article,Krarti M.,,,University of Colorado Boulder,United States,18,0,
2-s2.0-85110797255,10.1108/SASBE-04-2021-0075,Recommended angle of a modular dynamic façade in hot-arid climate: daylighting and energy simulation,2023,Smart and Sustainable Built Environment,20466099,12,1,27-37,Article,Golzan S.S.,,,University of Art,Iran,15,0,
2-s2.0-85141579593,10.1080/19401493.2022.2142294,A novel approach to account for shape-morphing and kinetic shading systems in building energy performance simulations,2023,Journal of Building Performance Simulation,19401493,16,3,346-365,Article,Carlucci F.,,,Politecnico di Bari,Italy,17,2,
2-s2.0-85197195065,10.52842/conf.caadria.2023.1.493,PARAMETRIC DESIGN AND ANALYSIS OF DYNAMIC LOUVER FOR OPTIMIZED DAYLIGHTING IN HIGH-RISE OFFICE BUILDINGS,2023,Proceedings of the International Conference on Computer Aided Architectural Design Research in Asia,27104257,1,,493-502,Conference Paper,Jahanara A.,,,The University of Texas at San Antonio,United States,1,1,
2-s2.0-85191187291,,The Impact of Thermally Adaptive Light Louvers Attached to Clerestories on Indoor Natural-Light Performance during the Winter Season,2023,ASHRAE Transactions,00012505,129,,515-522,Conference Paper,Humaidan O.,,,University of Kansas,United States,0,0,
2-s2.0-85169037133,,Effects of Kinetic Façades on Energy Performance: A Simulation in Patient’s Rooms of a Hospital in Iraq,2023,Isvs E Journal,23202661,10,7,178-193,Article,Hassooni A.H.,,,University of Baghdad,Iraq,5,0,
2-s2.0-85169675352,10.1007/978-981-19-8637-6_36,Hexagonal Responsive Facade Prototype in Responding Sunlight,2023,Computational Design and Robotic Fabrication,27319040,Part F1309,,418-431,Book Chapter,Ningsih T.A.,,,Universitas Indonesia,Indonesia,8,1,
2-s2.0-85141781427,10.1016/j.autcon.2022.104660,Flexural biomimetic responsive building façade using a hybrid soft robot actuator and fabric membrane,2023,Automation in Construction,09265805,145,,,Article,Kim M.j.,,,Ajou University,South Korea,40,0,
2-s2.0-85169702223,10.1088/1755-1315/1210/1/012012,"Development and optimization of kinetic façade system for the improvement of visual comfort in an office building at Gurugram, India",2023,Iop Conference Series Earth and Environmental Science,17551307,1210,1,,Conference Paper,Sharma R.,,,National Institute of Technology Tiruchirappalli,India,4,1,
2-s2.0-85179506485,10.26868/25222708.2023.1504,Adaptive façades for residential buildings: a preliminary study,2023,Building Simulation Conference Proceedings,25222708,18,,2501-2508,Conference Paper,Al-Saedi A.,,,University of Strathclyde,United Kingdom,2,1,
2-s2.0-85185394858,10.1115/IMECE2023-113117,"INTELLIGENT FACADE INNOVATION (IFI): USING IIOT, DIGITAL TWIN, AND NEXT-GEN ARCHITECTURE DESIGNS",2023,ASME International Mechanical Engineering Congress and Exposition Proceedings Imece,,3,,,Conference Paper,Salamaga D.,,,Kennesaw State University,United States,3,0,
2-s2.0-85145713061,10.1080/13467581.2022.2160636,Improving illuminance performance by implementing a kinetic façade system: case study of office building in Dubai,2023,Journal of Asian Architecture and Building Engineering,13467581,22,5,2809-2826,Article,Taleb H.M.,,,British University in Dubai,United Arab Emirates,13,1,
2-s2.0-85194192494,10.1109/SmartCities4.056956.2023.10525757,Solar Radiation Analysis : Computational Performance Analysis for the Foldable Axis of a Responsive External Skin on the South Façade,2023,2023 2nd International Conference on Smart Cities 4 0 Smart Cities 4 0 2023,,,,328-332,Conference Paper,Ibrahim M.,,,German University in Cairo,Egypt,0,0,
2-s2.0-85143235541,10.13189/cea.2023.110122,Exploring the Impact of Kinetic Façade Environmental Control Systems in the Development of Sustainable Design: A Systematic Literature Review,2023,Civil Engineering and Architecture,23321091,11,1,268-278,Article,Khraisat D.,,,Al-Balqa Applied University,Jordan,7,1,
2-s2.0-85153756074,10.1017/pds.2023.330,SYSTEMATIC CLASSIFICATION OF ADAPTIVE FAÇADES - PREPARING A DATABASE,2023,Proceedings of the Design Society,,3,,3295-3304,Conference Paper,Voigt M.P.,,,Universität Stuttgart,Germany,5,1,
2-s2.0-85180745029,10.1109/ICKII58656.2023.10332659,Computer-Aided Design Application in Determining Minimum Discomfort Glare,2023,Proceedings of the 2023 IEEE 6th International Conference on Knowledge Innovation and Invention Ickii 2023,,,,303-308,Conference Paper,Matin N.H.,,,The University of Oklahoma,United States,3,0,
2-s2.0-85140480666,10.1007/978-981-19-3303-5_3,An Adaptive Facade Configuration for Daylighting Toward Energy-Efficient: Case Study on High-Rise Office Building in HCMC,2023,Lecture Notes in Civil Engineering,23662557,268,,39-47,Conference Paper,Nguyen V.T.,,,Van Lang University,Viet Nam,1,0,
2-s2.0-85169662384,10.1088/1755-1315/1210/1/012003,Identifying external louver angle for residence opening to optimize the indoor environment for the composite climate of Delhi NCR,2023,Iop Conference Series Earth and Environmental Science,17551307,1210,1,,Conference Paper,Luthra J.,,,National Institute of Technology Tiruchirappalli,India,2,1,
2-s2.0-85179517009,10.26868/25222708.2023.1518,Application of ISO/DIS 52016-3 for Dynamic Shadings in an Office Building,2023,Building Simulation Conference Proceedings,25222708,18,,2599-2607,Conference Paper,Norouziasas A.,,,Norges Teknisk-Naturvitenskapelige Universitet,Norway,2,1,
2-s2.0-85197184816,10.52842/conf.caadria.2023.1.199,OPTIMISING THE CONTROL STRATEGIES FOR PERFORMANCEDRIVEN DYNAMIC BUILDING FACADES USING MACHINE LEARNING,2023,Proceedings of the International Conference on Computer Aided Architectural Design Research in Asia,27104257,1,,199-208,Conference Paper,Li Y.,,,Qingdao City University,China,1,1,
2-s2.0-85179510685,10.26868/25222708.2023.1499,Effect of Infill Height Design Variation of 4D-printed Hygromorphic-Based Louvers on Daylight Performance,2023,Building Simulation Conference Proceedings,25222708,18,,2466-2471,Conference Paper,El-Dabaa R.,,,"Heriot-Watt University, Dubai Campus",United Arab Emirates,1,1,
2-s2.0-85132763551,10.1080/17452007.2022.2085654,Integrating performance indicators in the production rules of shape-shifting grammars for architectural adaptive façade systems,2023,Architectural Engineering and Design Management,17452007,19,4,419-437,Article,El-Dabaa R.,,,Arab Academy for Science and Technology and Maritime Transport Heliopolis Campus,Egypt,2,0,
2-s2.0-85150176718,10.3389/fbuil.2023.1119696,Multi-performative façade systems: The case of real-time adaptive BIPV shading systems to enhance energy generation potential and visual comfort,2023,Frontiers in Built Environment,,9,,,Article,Biloria N.,,,University of Technology Sydney;University of Johannesburg,Australia;South Africa,32,1,
2-s2.0-85161439734,,Improving Performance of Project through Utilizing Statistical Control Chart Based on Adaptive Management and Scientific Engineering,2023,International Journal of Intelligent Systems and Applications in Engineering,,11,4s,587-593,Article,Nimr A.H.N.,,,Altinbas Universitesi,Turkey,0,0,
2-s2.0-85172725045,10.1007/978-981-19-9822-5_9,Energy-Saving Potential of Thermochromic Glazing in a Cold Climate,2023,Environmental Science and Engineering,18635520,,,71-80,Conference Paper,Khaled K.,,,Toronto Metropolitan University,Canada,2,0,
2-s2.0-85178041754,10.2478/rtuect-2023-0053,Revolutionizing the Building Envelope: A Comprehensive Scientific Review of Innovative Technologies for Reduced Emissions,2023,Environmental and Climate Technologies,,27,1,724-737,Article,Narbuts J.,,,Riga Technical University,Latvia,21,1,
2-s2.0-85187286399,10.1109/AIKIIE60097.2023.10389818,Responsive Design and Adaptability of Building Skin Using Deep Learning Algorithms,2023,IEEE 1st International Conference on Ambient Intelligence Knowledge Informatics and Industrial Electronics Aikiie 2023,,,,,Conference Paper,Zhu J.,,,Shenzhen University,China,0,0,
2-s2.0-85153720927,10.1109/PEDSTC57673.2023.10087181,An Adaptive Technique of MPPT for PV Array under Partial and Dynamic Shading Conditions,2023,2023 14th Power Electronics Drive Systems and Technologies Conference Pedstc 2023,,,,,Conference Paper,Kouchaki A.,,,Amirkabir University of Technology,Iran,3,0,
2-s2.0-105025581407,10.58491/2735-4202.3093,The Role of Smart Mashrabiya to Provide Daylighting in Office Buildings,2023,Mej Mansoura Engineering Journal,11100923,48,2,,Article,Gad A.M.,,,Faculty of Engineering,Egypt,3,1,
2-s2.0-85146666655,10.3390/en16020832,A Parametric Design Method for the Lighting Environment of a Library Building Based on Building Performance Evaluation,2023,Energies,,16,2,,Article,Liu Q.,,,Ministry of Education of the People's Republic of China;Chang'an University,China;China,11,1,
2-s2.0-85179517459,10.1109/IECON51785.2023.10312289,Photovoltaic Maximum Power Point Tracking Based on Bayesian Optimization Neural Network,2023,IECON Proceedings Industrial Electronics Conference,21624704,,,,Conference Paper,Hu P.,,,University of Auckland,New Zealand,0,0,
2-s2.0-85173628216,10.1080/14786451.2023.2248514,The impact of a kinetic façade on the lighting performance and energy efficiency of a public building: the case of Dubai frame,2023,International Journal of Sustainable Energy,14786451,42,1,1317-1363,Article,Alawaysheh A.,,,British University in Dubai,United Arab Emirates,10,1,
2-s2.0-85165536780,10.1051/epjpv/2023012,Performance of PV array configurations under dynamic partial shadings,2023,EPJ Photovoltaics,,14,,,Article,Shao C.,,,Laboratoire de Génie Electrique et Electronique de Paris,France,16,1,
2-s2.0-85143384479,10.1080/13467581.2022.2145208,"Energy-efficient retrofitting with exterior shading device in hot and humid climate–case studies from fully glazed multi-storied office buildings in Chennai, India",2023,Journal of Asian Architecture and Building Engineering,13467581,22,4,2209-2223,Article,C C.,,,Dr. M.G.R Educational and Research Institute,India,17,1,
2-s2.0-85141922105,10.1016/j.jobe.2022.105535,Energy performance of integrated adaptive envelope technologies for commercial buildings,2023,Journal of Building Engineering,,63,,,Article,Dehwah A.H.A.,,,University of Colorado Boulder,United States,17,0,
2-s2.0-85179509350,10.1109/IECON51785.2023.10311755,Maximum Power Point Tracking Algorithm Based on Adaptive Particle Swarm Optimization Under Partial Shading Conditions,2023,IECON Proceedings Industrial Electronics Conference,21624704,,,,Conference Paper,Hu P.,,,University of Auckland,New Zealand,3,0,
2-s2.0-85180158073,10.1088/1742-6596/2600/9/092028,Optimization of the thermal-optical performance of a PCM-integrated thermochromic glazing system,2023,Journal of Physics Conference Series,17426588,2600,9,,Conference Paper,Long X.,,,Tongji University,China,0,1,
2-s2.0-85149995840,10.1007/978-3-031-21219-2_343,Introduction of Innovative Adaptive Building Envelopes to Improve Energy Efficiency of Apartment Buildings,2023,Lecture Notes in Networks and Systems,23673370,575 LNNS,,3064-3073,Conference Paper,Gorbaneva E.,,,Voronezh State Technical University;Research Institute of Building Physics RAASN,Russian Federation;Russian Federation,3,0,
2-s2.0-85182729761,,Dynamic and Climate Responsive Enclosure Systems (DCRES): Enhancing Indoor Environmental Comfort and Energy Efficiency,2023,2023 Aee World Energy Conference and Expo,,,,,Conference Paper,Shi Z.,,,Carnegie Mellon University,United States,0,0,
2-s2.0-85191183630,,Improving the Performance of Thin-Film BIPV Using Thermally-Adaptive Composite Materials,2023,ASHRAE Transactions,00012505,129,,523-531,Conference Paper,Almazam K.,,,University of Kansas,United States,0,0,
2-s2.0-85141527652,10.1016/j.enbuild.2022.112637,Low-carbon assessment of building facades using dynamic CO2 intensity of electricity generation in Japan,2023,Energy and Buildings,03787788,278,,,Article,Hiyama K.,,,Meiji University,Japan,9,0,
2-s2.0-85180158871,10.1088/1742-6596/2600/9/092017,Sequentially coupling LBNL-method and Modelica to model and operate adaptive facades with inhomogeneous printing patterns,2023,Journal of Physics Conference Series,17426588,2600,9,,Conference Paper,Weber S.O.,,,Universität Stuttgart,Germany,2,1,
2-s2.0-85179511685,10.26868/25222708.2023.1446,Multispectral Lighting Simulation Approaches for Predicting Opsin-driven Metrics and their Application in a Neonatal Intensive Care Unit,2023,Building Simulation Conference Proceedings,25222708,18,,2081-2088,Conference Paper,Jung B.,,,University of Washington,United States,1,1,
2-s2.0-85187506554,10.47982/jfde.2023.1.03,An Evaluation Study of Shading Devices and Their Impact on the Aesthetic Perception vs. Their Energy Efficiency,2023,Journal of Facade Design and Engineering,2213302X,11,1,37-59,Article,Ibrahim A.,,,Jordan University of Science and Technology;Al Yamamah University,Jordan;Saudi Arabia,4,1,
2-s2.0-85179504543,10.26868/25222708.2023.1455,Impact of Different Perforation Rates of Perforated Louvers on Indoor Visual Comfort and Outdoor Views,2023,Building Simulation Conference Proceedings,25222708,18,,2151-2158,Conference Paper,Guo X.,,,Hunan University,China,0,1,
2-s2.0-85153486181,10.1080/14626268.2023.2200770,Techno-optimism and optimization in media architecture practice and theory,2023,Digital Creativity,14626268,34,2,88-102,Article,Savić S.,,,Basel Academy of Art and Design FHNW,Switzerland,3,0,
2-s2.0-85159410701,10.1007/978-3-031-24208-3_11,Thermal Adaptation in Non-Extreme Climates to Potentially Reduce Energy Consumption,2023,Green Energy and Technology,18653529,,,145-155,Book Chapter,Maristany A.R.,,,Universidad Nacional de Córdoba,Argentina,0,0,
2-s2.0-85207046420,10.24425/ace.2023.147672,Influence of anchoring and bracing system on dynamic characteristics of façade scaffolding,2023,Archives of Civil Engineering,12302945,69,4,493-506,Article,Bęc J.,,,Politechnika Lubelska,Poland,4,1,
2-s2.0-85162251263,10.1007/978-3-031-33465-8_49,"Evaluating the Humidity Responsiveness of Bacterial Cellulose for Application in Responsive, Breathable Building Skins",2023,Rilem Bookseries,22110844,45,,640-652,Book Chapter,Pynirtzi N.,,,Newcastle University,United Kingdom,0,0,
2-s2.0-85167657737,10.1109/ISCAS46773.2023.10181763,A Modified Bat Algorithm with Reduced Search Space Exploration for MPPT under Dynamic Partial Shading Conditions,2023,Proceedings IEEE International Symposium on Circuits and Systems,02714310,2023-May,,,Conference Paper,Pervez I.,,,King Abdullah University of Science and Technology,Saudi Arabia,6,0,
2-s2.0-85193907834,10.1007/978-3-031-36320-7_49,Building Envelope Cooling Inspired by Evapotranspiration in Trees,2023,Sustainable Development Goals Series,25233084,Part F2789,,775-793,Book Chapter,Siripurapu M.,,,Ant Studio,India,2,0,
2-s2.0-85172734244,10.1007/978-981-19-9822-5_23,Experimentation Processes for Building Envelope Innovation: The Building Future Lab,2023,Environmental Science and Engineering,18635520,,,203-212,Conference Paper,Trombetta C.,,,Università degli Studi di Reggio Calabria,Italy,0,0,
2-s2.0-85207568006,10.1007/978-3-031-25795-7_25,Impact of Automated Roof Shading on Building Energy Performance in Warm and Humid Climates of India,2023,Sustainable and Digital Building Proceedings of the International Conference 2022,,,,311-320,Book Chapter,Sadevi K.K.,,,Indian Institute of Technology Roorkee,India,0,0,
2-s2.0-85146601788,10.3390/en16020577,"Influence of a Hybrid MPPT Technique, SA-P&O, on PV System Performance under Partial Shading Conditions",2023,Energies,,16,2,,Article,Abo-Khalil A.G.,,,University of Sharjah,United Arab Emirates,40,1,
2-s2.0-85180150748,10.1088/1742-6596/2600/2/022006,Projected energy savings of a 3D printed selective heat transfer facade,2023,Journal of Physics Conference Series,17426588,2600,2,,Conference Paper,Seshadri B.,,,ETH Zürich,Switzerland,0,1,
2-s2.0-85145608238,10.1201/9781003348443-122,Extraordinary mechanics in slender structural surfaces,2023,Current Perspectives and New Directions in Mechanics Modelling and Design of Structural Systems Proceedings of the 8th International Conference on Structural Engineering Mechanics and Computation 2022,,,,745-749,Conference Paper,Adriaenssens S.,,,School of Engineering and Applied Science,United States,0,0,
2-s2.0-85173758593,10.3389/fmars.2023.1162896,Intermittent shading can moderate coral bleaching on shallow reefs,2023,Frontiers in Marine Science,,10,,,Article,Butcherine P.,,,Southern Cross University,Australia,25,1,
2-s2.0-85173610979,10.1155/2023/9905979,Hybrid Social Grouping Algorithm-Perturb and Observe Power Tracking Scheme for Partially Shaded Photovoltaic Array,2023,International Journal of Energy Research,0363907X,2023,,,Article,Vadivel S.,,,SRM Valliammai Engineering College,India,18,1,
2-s2.0-85137012418,10.1016/j.optcom.2022.128894,Three-dimensional holographic communication system for the metaverse,2023,Optics Communications,00304018,526,,,Article,He L.,,,Tsinghua University,China,69,0,
2-s2.0-85176842863,10.1016/B978-0-12-824541-5.00003-0,Next-generation CubeSats and SmallSats thermal control subsystem,2023,Next Generation Cubesats and Smallsats Enabling Technologies Missions and Markets,,,,307-328,Book Chapter,Cech Young J.A.,,,Blue Canyon Technologies LLC,United States,5,0,
2-s2.0-85113152750,10.1080/13488678.2021.1961184,Sociocultural profile of Koreanized English words,2023,Asian Englishes,13488678,25,1,133-145,Article,Fayzrakhmanova Y.,,,Kamchatka State University,Russian Federation,0,0,
2-s2.0-85159385162,10.1007/978-3-031-24208-3_18,Daylighting Design Strategies for Office Spaces in Different Chilean Climates,2023,Green Energy and Technology,18653529,,,255-266,Book Chapter,Palarino-Vico C.,,,Universidad del Bio Bio,Chile,0,0,
2-s2.0-85173613581,10.1109/SeFeT57834.2023.10245966,Study on Artificial Neural Network Based MPPT Algorithm in PV Application,2023,2023 IEEE 3rd International Conference on Sustainable Energy and Future Electric Transportation Sefet 2023,,,,,Conference Paper,Shyam S.,,,National Institute of Technology Rourkela,India,14,0,
2-s2.0-85168134298,10.23919/SpliTech58164.2023.10193153,Improving the cooling performance of an Opaque Ventilated Facade using an Airflow Network Model for the Mediterranean climate,2023,2023 8th International Conference on Smart and Sustainable Technologies Splitech 2023,,,,,Conference Paper,Karanafti A.,,,Aristotle University of Thessaloniki,Greece,2,0,
2-s2.0-85168155964,10.1080/15567036.2023.2245771,A Comprehensive Evaluation of Up-to-Date Optimization Algorithms on MPPT Application for Photovoltaic Systems,2023,Energy Sources Part A Recovery Utilization and Environmental Effects,15567036,45,4,10381-10407,Article,Cikan M.,,,Çukurova Üniversitesi,Turkey,9,2,
2-s2.0-85153058894,10.1109/PIECON56912.2023.10085785,Optimal Power Point Detection in Dynamic Partial Shading of PV Systems Using Darts Game Optimizer Algorithm,2023,2023 International Conference on Power Instrumentation Energy and Control Piecon 2023,,,,,Conference Paper,Patil M.,,,Vardhaman College of Engineering,India,1,0,
2-s2.0-85171879026,10.52842/conf.ecaade.2023.1.439,4D Printing of Hygroscopic Wood Based Actuators for Climate Responsive Skin,2023,Proceedings of the International Conference on Education and Research in Computer Aided Architectural Design in Europe,26841843,1,,439-448,Conference Paper,Nas M.O.,,,Middle East Technical University (METU),Turkey,1,1,
2-s2.0-85171809972,10.1590/1519-6984.274475,Foliar application of silicon sources and shading levels in Peltophorum dubium (Spreng.) Taub,2023,Brazilian Journal of Biology,15196984,83,,,Article,Trovato V.W.,,,Universidade Federal da Grande Dourados,Brazil,0,1,
2-s2.0-85169588608,10.1088/1742-6596/2550/1/012007,MPP Tracking with a Modified Duty Cycle Sweeping (MDCS) Algorithm for Various Environmental Irradiance Conditions,2023,Journal of Physics Conference Series,17426588,2550,1,,Conference Paper,Jusoh M.A.,,,Universiti Malaysia Perlis,Malaysia,1,1,
2-s2.0-85142149818,10.1016/j.jobe.2022.105498,Auto-responsive technologies on opaque facades: Worldwide climatic suitability under current and future weather conditions,2023,Journal of Building Engineering,,63,,,Article,Andrade Santos R.,,,CERIS – Civil Engineering Research and Innovation for Sustainability,Portugal,7,0,
2-s2.0-85174850788,10.31545/intagr/167454,"Spectral composition of the applied radiation as a factor affecting the development, habit and yield of spring barley",2023,International Agrophysics,02368722,37,3,293-310,Article,Doroszewski A.,,,Instytut Uprawy Nawozenia i Gleboznawstwa Państwowy Instytut Badawczy,Poland,1,1,
2-s2.0-85148246406,10.13189/cea.2023.110221,A Sensitivity Analysis of Geometric Parameters of 4D-Printed Bidirectional Shape-Memory Composite in Architectural Façade Design,2023,Civil Engineering and Architecture,23321091,11,2,818-835,Article,Yi H.,,,Ajou University,South Korea,4,1,
2-s2.0-85163971380,10.1007/978-3-031-29515-7_39,From Nature to Architecture for Low Tech Solutions: Biomimetic Principles for Climate-Adaptive Building Envelope,2023,Urban Book Series,2365757X,Part F813,,429-438,Book Chapter,Sommese F.,,,Università degli Studi di Napoli Federico II,Italy,3,1,
2-s2.0-85163992096,10.1007/978-3-031-29515-7_62,Adaptive Building Technologies for Building Envelopes Under Climate Change Conditions,2023,Urban Book Series,2365757X,Part F813,,695-702,Book Chapter,Milardi M.,,,Università degli Studi di Reggio Calabria,Italy,2,1,
2-s2.0-85172450303,,Tropical Responsive Envelopes for Urban Heat Island Mitigation in Tropical Countries: A proposed workflow for integrated environmental digital simulation,2023,Proceedings of the International Conference on Education and Research in Computer Aided Architectural Design in Europe,26841843,2,,249-258,Conference Paper,Irsyad N.A.,,,Universitas Indonesia,Indonesia,0,0,
2-s2.0-85182570322,10.7782/JKSR.2023.26.12.843,Application of Multibody Dynamics Simulation in Approximation of Rail Vehicle Dynamic Envelope,2023,Journal of the Korean Society for Railway,17386225,26,12,843-855,Article,Suthasupradit S.,,,King Mongkut's Institute of Technology Ladkrabang,Thailand,1,0,
2-s2.0-85159441652,10.1088/1742-6596/2477/1/012027,Structural Design and Analysis of an Adaptive Manipulator,2023,Journal of Physics Conference Series,17426588,2477,1,,Conference Paper,Peng Y.,,,Chengdu University of Technology,China,1,1,
2-s2.0-85172442884,10.52842/conf.ecaade.2023.2.791,Utilizing Web Applications for Developing Digital Twin: Case study urban tunnel with kinetic roof,2023,Proceedings of the International Conference on Education and Research in Computer Aided Architectural Design in Europe,26841843,2,,791-800,Conference Paper,Rezakhani M.,,,Sungkyunkwan University,South Korea,2,1,
2-s2.0-85175970769,10.1007/978-981-99-6489-5_3,Design and Research of a New Underactuated Manipulator,2023,Lecture Notes in Computer Science Including Subseries Lecture Notes in Artificial Intelligence and Lecture Notes in Bioinformatics,03029743,14269 LNAI,,27-40,Conference Paper,Wang B.,,,Anhui University of Technology,China,0,0,
2-s2.0-85179003206,10.1109/BlackSeaCom58138.2023.10299692,Adaptive Envelope Detector-Based Phase Fault Detection Method for Power System Grid Distortions,2023,2023 IEEE International Black Sea Conference on Communications and Networking Blackseacom 2023,,,,247-252,Conference Paper,Alaca O.,,,Oak Ridge National Laboratory;College of Engineering,United States;United States,3,2,
2-s2.0-85212483830,10.1007/978-3-031-24907-5_32,Maximization of the Smart Readiness Indicator of Buildings Under Budget Constraints,2023,Lecture Notes in Operations Research,2731040X,Part F3789,,261-269,Book Chapter,Emich T.,,,Karlsruher Institut für Technologie,Germany,2,0,
2-s2.0-85162162220,10.34133/research.0103,Switchable Kirigami Structures as Window Envelopes for Energy-Efficient Buildings,2023,Research,20965168,6,,,Article,Yin H.,,,Huazhong University of Science and Technology,China,46,1,
2-s2.0-85177882406,10.1007/978-981-99-4634-1_68,Multi-body Dynamics Simulations of Spacecraft Docking by Monte Carlo Technique,2023,Lecture Notes in Electrical Engineering,18761100,1066 LNEE,,871-879,Conference Paper,Chand V.S.P.R.,,,U R Rao Satellite Centre,India,0,0,
2-s2.0-85166469769,10.1504/IJEHV.2023.132031,Powertrain mount layout and stiffness selection in electric vehicle application-a multi-objective approach,2023,International Journal of Electric and Hybrid Vehicles,17514088,15,2,127-150,Article,Hazra S.,,,Tata Motors Ltd,India,2,0,
2-s2.0-85178999167,,3D Printing and Shape Memory Alloys,2023,Hybrids and Haecceities Proceedings of the 42nd Annual Conference of the Association for Computer Aided Design in Architecture Acadia 2022,,,,76-89,Conference Paper,Kwon H.,,,ETH Zürich,Switzerland,1,0,
2-s2.0-85173658337,10.1177/23312165231205713,"Susceptibility to Steady Noise Largely Explains Susceptibility to Dynamic Maskers in Cochlear Implant Users, but not in Normal-Hearing Listeners",2023,Trends in Hearing,,27,,,Article,Chen B.,,,"Beijing Tongren Hospital, Capital Medical University",China,4,1,
2-s2.0-85159959519,10.14311/APP.2022.38.0463,INNOVATION AND EXPERIMENTATION OF ADAPTIVE MODEL FOR CURTAIN WALL,2022,Acta Polytechnica Ctu Proceedings,,38,,463-469,Conference Paper,Milardi M.,,,Università degli Studi di Reggio Calabria,Italy,0,1,
2-s2.0-85148018129,10.2495/SC220241,COMPOSITE INDICATORS FOR ASSESSING THE CARBON EMISSION REDUCTION ON BIO-ECO-RESILIENCE OF RESIDENTIAL BUILDINGS,2022,Wit Transactions on Ecology and the Environment,1746448X,260,2022,289-298,Conference Paper,Aboubakr S.H.,,,Faculty of Engineering,Egypt,2,1,
2-s2.0-85148002346,10.2495/SC220021,SMART MATERIALS AND ADAPTIVE BUILDING ENVELOPES AS AN APPROACH FOR REDUCING ENERGY CONSUMPTION IN EGYPT: A LITERATURE REVIEW,2022,Wit Transactions on Ecology and the Environment,1746448X,260,2022,13-25,Conference Paper,Soliman S.A.A.,,,Faculty of Engineering,Egypt,1,1,
2-s2.0-85142712988,10.1016/j.est.2022.106143,Building performance simulation of a photovoltaic façade enhanced with latent heat storage: Model validation and power generation prediction,2022,Journal of Energy Storage,,56,,,Article,Čurpek J.,,,"Slovak University of Technology in Bratislava;Brno University of Technology, Faculty of Civil Engineering",Slovakia;Czech Republic,13,0,
2-s2.0-85114519423,10.1108/ECAM-05-2021-0428,4D-printed parametric façade in architecture: prototyping a self-shaping skin using programmable two-way shape memory composite (TWSMC),2022,Engineering Construction and Architectural Management,09699988,29,10,4132-4152,Article,Yi H.,,,Ajou University,South Korea,20,0,
2-s2.0-85115234714,10.1108/ECAM-05-2021-0448,Investigating the probability of designing net-zero energy buildings with consideration of electric vehicles and renewable energy,2022,Engineering Construction and Architectural Management,09699988,29,10,4061-4087,Article,Rezaei Nasab S.S.,,,"Islamic Azad University, Qazvin Branch",Iran,6,0,
2-s2.0-85147337423,10.47982/jfde.2022.powerskin.01,"Active, Passive and Cyber-Physical Adaptive Façade Strategies: a Comparative Analysis Through Case Studies",2022,Journal of Facade Design and Engineering,2213302X,10,2,1-18,Article,Böke J.,,,priedemann fassadenberatung GmbH,Germany,9,1,
2-s2.0-85144873747,10.3390/buildings12122089,Using a Biomimicry Approach in the Design of a Kinetic Façade to Regulate the Amount of Daylight Entering a Working Space,2022,Buildings,,12,12,,Article,Sankaewthong S.,,,Japan Advanced Institute of Science and Technology;Sirindhorn International Institute of Technology Thammasat University,Japan;Thailand,21,1,
2-s2.0-85131514385,10.3992/jgb.17.1.71,RESPONSIVE KINETIC FAÇADE STRATEGY AND DETERMINATION OF THE EFFECT ON SOLAR HEAT GAIN USING PARAMETRIC BIM-BASED ENERGY SIMULATION,2022,Journal of Green Building,15526100,17,1,71-88,Article,Salah F.,,,Karabük Üniversitesi,Turkey,7,0,
2-s2.0-85147755626,10.15627/JD.2022.15,Evaluation of Daylight and Glare Quality of Office Spaces with Flat and Dynamic Shading System Facades in Hot Arid Climate,2022,Journal of Daylighting,23838701,9,2,197-208,Article,Özdemir H.,,,Konya Technical University,Turkey,28,1,
2-s2.0-85144863025,10.3390/buildings12122112,"Adaptive Façades: Review of Designs, Performance Evaluation, and Control Systems",2022,Buildings,,12,12,,Review,Zhang X.,,,The University of Sydney,Australia,37,1,
2-s2.0-85138480647,10.1016/j.array.2022.100250,Power reserve control strategy of PV system for active power reserve under dynamic shading patterns,2022,Array,,16,,,Article,Verma P.,,,Punjab Engineering College (Deemed to be University),India,6,1,
2-s2.0-85136534272,10.1016/j.tws.2022.109941,Novel shading modules with buckling as driver for shape morphing,2022,Thin Walled Structures,02638231,181,,,Article,Khezri M.,,,Faculty of Engineering,Australia,10,0,
2-s2.0-85140906999,10.1016/j.buildenv.2022.109704,Modelling and validation of a single-storey flexible double-skin façade system with a building energy simulation tool,2022,Building and Environment,03601323,226,,,Article,Catto Lucchino E.,,,Norges Teknisk-Naturvitenskapelige Universitet,Norway,21,1,
2-s2.0-85138105517,10.1016/j.jobe.2022.105233,Experimental performance evaluation of a climate-responsive ventilated building façade,2022,Journal of Building Engineering,,61,,,Article,Soudian S.,,,Toronto Metropolitan University,Canada,29,0,
2-s2.0-85141649228,10.1016/j.ijleo.2022.170141,Modeling and experimental validation of matrix structure photovoltaic array reconfiguration technique to harvest maximum power under continuous dynamic shading condition,2022,Optik,00304026,271,,,Article,Anjum S.,,,"Indian Institute of Technology (Indian School of Mines), Dhanbad",India,8,0,
2-s2.0-85134237013,10.1038/s41467-022-31527-6,Decapod-inspired pigment modulation for active building facades,2022,Nature Communications,,13,1,,Article,Kay R.,,,University of Toronto,Canada,19,1,
2-s2.0-85143760432,10.3390/su142315968,"Modeling, Simulation, and Performance Analysis of a Liquid-Infill Tunable Window",2022,Sustainability Switzerland,,14,23,,Article,Wang X.,,,Shenzhen University;Shenzhen Key Laboratory of Architecture for Health & Well-being (in preparation),China;China,8,1,
2-s2.0-85132223720,10.1016/j.foar.2022.05.006,Design and mechanism of building responsive skins: State-of-the-art and systematic analysis,2022,Frontiers of Architectural Research,20952635,11,6,1151-1176,Review,Fattahi Tabasi S.,,,University of Tehran,Iran,18,1,
2-s2.0-85140907867,10.1016/j.ecmx.2022.100315,Optical evaluation of a smart transparent insulation material for window application,2022,Energy Conversion and Management X,,16,,,Article,Ming Y.,,,University of Nottingham,United Kingdom,22,1,
2-s2.0-85135907483,10.1061/(ASCE)AE.1943-5568.0000559,Performance Optimization of Building Facade Floodlighting under Dynamic Sky Luminance,2022,Journal of Architectural Engineering,10760431,28,4,,Article,Yuan J.,,,Hebei University of Technology,China,1,0,
2-s2.0-85141400171,10.1016/j.asoc.2022.109748,Combining PPO and incremental conductance for MPPT under dynamic shading and temperature,2022,Applied Soft Computing,15684946,131,,,Article,Chevtchenko S.F.,,,Universidade Federal de Pernambuco,Brazil,20,0,
2-s2.0-85143646090,10.3390/en15239214,Energy Balance Data-Based Optimization of Louver Installation Angles for Different Regions in Korea,2022,Energies,,15,23,,Article,Choe S.J.,,,Chonnam National University,South Korea,2,1,
2-s2.0-85102990809,10.1108/JCHMSD-12-2020-0174,Improvement of the cultural heritage perception potential model by the usage of eye-tracking technology,2022,Journal of Cultural Heritage Management and Sustainable Development,20441266,12,4,321-344,Article,Doğan H.A.,,,Kaunas University of Technology,Lithuania,5,0,
2-s2.0-85139353810,10.1016/j.enbuild.2022.112495,Modeling and demand-based control of responsive building envelope with integrated thermal mass and active thermal insulations,2022,Energy and Buildings,03787788,276,,,Article,He Y.,,,Tickle College of Engineering,United States,25,0,
2-s2.0-85144907737,10.3390/buildings12122236,Shape Memory Polymer Foam for Autonomous Climate-Adaptive Building Envelopes,2022,Buildings,,12,12,,Article,Walter M.,,,Fraunhofer-Institut für Angewandte Polymerforschung,Germany,10,1,
2-s2.0-105024206095,10.1007/s44150-022-00042-z,A wood-textile thermal active architectural envelope,2022,Architecture Structures and Construction,27309886,2,4,553-563,Article,Foged I.W.,,,"Royal Danish Academy – Architecture, Design, Conservation",Denmark,1,1,
2-s2.0-85140295917,10.1016/j.egyr.2022.10.222,The incidence of smart windows in building energy saving and future climate projections,2022,Energy Reports,,8,,283-289,Article,De Masi R.F.,,,Università degli Studi del Sannio,Italy,12,1,
2-s2.0-85141590648,10.1021/acs.jafc.2c05456,"Effects of Preharvest Shading on Dynamic Changes in Metabolites, Gene Expression, and Enzyme Activity of Three Tea Types during Processing",2022,Journal of Agricultural and Food Chemistry,00218561,70,45,14544-14558,Article,Shao C.,,,Hunan Agricultural University,China,26,0,
2-s2.0-85146368808,10.1145/3555568,Towards Responsive Architecture that Mediates Place: Recommendations on How and When an Autonomously Moving RoboticWall Should Adapt a Spatial Layout,2022,Proceedings of the ACM on Human Computer Interaction,,6,CSCW2,,Article,Nguyen B.V.D.,,,KU Leuven,Belgium,24,2,
2-s2.0-85136141964,10.1016/j.scs.2022.104109,Optimal design of complex dynamic shadings: Towards sustainable built environment,2022,Sustainable Cities and Society,22106707,86,,,Article,Wu H.,,,Southeast University,China,34,0,
2-s2.0-85149470400,10.3390/buildings12112017,Development of a Solar Tracking-Based Movable Louver System to Save Lighting Energy and Create a Comfortable Light Environment,2022,Buildings,,12,11,,Article,Jung S.Y.,,,Sangmyung University,South Korea,17,1,
2-s2.0-85141722871,10.3390/en15218168,"Exploring the Effects of Climate-Adaptive Building Shells: An Applicative Time-Saving Algorithm on a Case Study in Bologna, Italy",2022,Energies,,15,21,,Article,Gaspari J.,,,Alma Mater Studiorum Università di Bologna,Italy,5,1,
2-s2.0-85134890855,10.1016/j.tws.2022.109749,"Functionalising buckling for structural morphing in kinetic façades: Concepts, strategies and applications",2022,Thin Walled Structures,02638231,180,,,Article,Khezri M.,,,Faculty of Engineering,Australia,23,0,
2-s2.0-85136203135,10.1016/j.jobe.2022.105027,General morphological analysis of Orosi windows and morpho butterfly wing's principles for improving occupant's daylight performance through interactive kinetic façade,2022,Journal of Building Engineering,,59,,,Article,Hosseini S.M.,,,University of Tehran,Iran,33,0,
2-s2.0-85163680546,10.1115/1.4056394,Assessment of Dynamic Photovoltaic Shading Systems on Energy Performance of Commercial Buildings,2022,Journal of Engineering for Sustainable Buildings and Cities,26426641,3,4,,Article,Alwelayti D.,,,College of Engineering and Applied Science,United States,1,0,
2-s2.0-85143490994,10.1016/j.eml.2022.101909,Effect of crease curvature on the bistability of the origami waterbomb base,2022,Extreme Mechanics Letters,,57,,,Article,Flores J.,,,School of Engineering and Applied Science,United States,17,0,
2-s2.0-85148074544,10.3390/su142114163,Sensitivity Analysis for Decisive Design Parameters for Energy and Indoor Visual Performances of a Glazed Façade Office Building,2022,Sustainability Switzerland,,14,21,,Article,Singh R.,,,Lovely Professional University,India,13,1,
2-s2.0-85144608384,10.3390/buildings12112026,Dynamic Concentrated Solar Building Skin Design Based on Multiobjective Optimization,2022,Buildings,,12,11,,Article,Shao Z.,,,China University of Mining and Technology,China,8,1,
2-s2.0-85138058442,10.1016/j.rser.2022.112850,A critical review of biomimetic building envelopes: towards a bio-adaptive model from nature to architecture,2022,Renewable and Sustainable Energy Reviews,13640321,169,,,Review,Sommese F.,,,Università degli Studi di Napoli Federico II,Italy,66,0,
2-s2.0-85140832958,10.17559/TV-20220209160649,Effects of Dynamic Shading on Thermal Exergy and Exergy Efficiency of a Photovoltaic Array,2022,Tehnicki Vjesnik,13303651,29,6,1889-1895,Article,Pour Rahmati Khalejan S.H.,,,Ondokuz Mayis Üniversitesi,Turkey,5,1,
2-s2.0-85130135255,10.1108/ARCH-09-2021-0255,The FIX-up mix-up; undue façadism or adaptive reuse? Examining the former FIX brewery transformation into the National Museum of Contemporary Art in Athens,2022,Archnet Ijar International Journal of Architectural Research,26316862,16,3,688-709,Article,Tsilika E.,,,Independent Researcher,Greece,28,0,
2-s2.0-85137267858,10.1016/j.enbuild.2022.112403,Energy saving through building automation systems: Experimental and numerical study of a smart glass with liquid crystal and its control logics in summertime,2022,Energy and Buildings,03787788,273,,,Article,Ruggiero S.,,,Università degli Studi del Sannio,Italy,27,0,
2-s2.0-85133182630,10.1002/cpe.7152,Adaptive façade for building energy efficiency improvement by arithmetical optimization algorithm,2022,Concurrency and Computation Practice and Experience,15320626,34,22,,Article,Shi L.,,,Huazhong University of Science and Technology,China,16,0,
2-s2.0-85132765919,10.1016/j.rser.2022.112647,"Dynamic façades design typologies, technologies, measurement techniques, and physical performances across thermal, optical, ventilation, and electricity generation outlooks",2022,Renewable and Sustainable Energy Reviews,13640321,167,,,Review,Shafaghat A.,,,Kennesaw State University,United States,67,0,
2-s2.0-85133409780,10.1016/j.tws.2022.109626,Buckling shape control in metal plates via material distribution,2022,Thin Walled Structures,02638231,179,,,Article,Zhang H.,,,Faculty of Engineering,Australia,6,0,
2-s2.0-85139911022,10.3390/su141912652,Parametric-Based Multi-Objective Optimization Workflow: Daylight and Energy Performance Study of Hospital Building in Algeria,2022,Sustainability Switzerland,,14,19,,Article,Besbas S.,,,Université Mohamed Khider Biskra,Algeria,30,1,
2-s2.0-85142533892,10.1007/978-3-031-13249-0_31,Morphology of kinetic asymptotic grids,2022,Towards Radical Regeneration Design Modelling Symposium Berlin 2022,,,,374-393,Book Chapter,Schling E.,,,The University of Hong Kong,Hong Kong,6,0,
2-s2.0-85196944411,10.1007/978-3-031-13249-0_20,ADAPTEX: Physical and digital prototyping of smart textile sun shading,2022,Towards Radical Regeneration Design Modelling Symposium Berlin 2022,,,,237-248,Book Chapter,Denz P.R.,,,Priedemann Fassadenberatung GmbH,Germany,0,0,
2-s2.0-85139220297,10.3389/fbuil.2022.1006300,"Tectonics of kinetic architecture: Moving envelope, changing space and the shades of the shed",2022,Frontiers in Built Environment,,8,,,Article,Akgün Y.,,,Yaşar Üniversitesi,Turkey,4,1,
2-s2.0-85136512525,10.1016/j.solener.2022.08.008,Energy modelling and saving potential of polymeric solar-responsive thermochromic window films,2022,Solar Energy,0038092X,244,,84-103,Article,Khaled K.,,,Toronto Metropolitan University,Canada,35,0,
2-s2.0-85136601993,10.1016/j.buildenv.2022.109479,"Multi-criteria decision making for adaptive façade optimal design in varied climates: Energy, daylight, occupants’ comfort, and outdoor view analysis",2022,Building and Environment,03601323,223,,,Article,Le D.M.,,,Korea Advanced Institute of Science and Technology,South Korea,67,0,
2-s2.0-85133288515,10.3390/biomimetics7030085,Phenotype Variability Mimicking as a Process for the Test and Optimization of Dynamic Facade Systems,2022,Biomimetics,,7,3,,Article,Cocho-Bermejo A.,,,Anglia Ruskin University,United Kingdom,3,1,
2-s2.0-85123505986,10.1177/1045389X211072202,Modeling and design optimization of shape memory alloy-enabled building skins for adaptive ventilation,2022,Journal of Intelligent Material Systems and Structures,1045389X,33,16,2086-2105,Article,Fang Y.,,,Chongqing University;Samueli School of Engineering,China;United States,8,0,
2-s2.0-85125265170,10.1016/j.ijepes.2022.108018,A novel series arc fault detection method for photovoltaic system based on multi-input neural network,2022,International Journal of Electrical Power and Energy Systems,01420615,140,,,Article,Chen X.,,,Fuzhou University,China,61,0,
2-s2.0-85134547337,10.1002/advs.202202740,A Highly Multi-Stable Meta-Structure via Anisotropy for Large and Reversible Shape Transformation,2022,Advanced Science,,9,26,,Article,Risso G.,,,ETH Zürich,Switzerland,45,1,
2-s2.0-85134432535,10.1016/j.buildenv.2022.109386,Human-centred performance criteria for adaptive façade design: Based on the results of a user experience survey,2022,Building and Environment,03601323,222,,,Article,Koyaz M.,,,İstanbul Teknik Üniversitesi;Istanbul Bilgi Üniversitesi,Turkey;Turkey,12,0,
2-s2.0-85134432171,10.1016/j.buildenv.2022.109382,Investigating the micro-scale thermal effects of natural underlying surfaces on adjacent spaces in a subtropical zone with an optimized method,2022,Building and Environment,03601323,222,,,Article,Zhang X.,,,South China University of Technology,China,22,0,
2-s2.0-85135782780,10.1016/j.buildenv.2022.109436,Adaptive building roof combining variable transparency shape-stabilized phase change material: Application potential and adaptability in different climate zones,2022,Building and Environment,03601323,222,,,Article,Wang P.,,,Hunan University,China,25,0,
2-s2.0-85129685137,10.1016/j.jobe.2022.104408,Kinetic facades: An evolutionary-based performance evaluation framework,2022,Journal of Building Engineering,,53,,,Article,Sadegh S.O.,,,Politecnico di Milano,Italy,29,0,
2-s2.0-85133905882,10.1016/j.buildenv.2022.109265,Quantifying potential dynamic façade energy savings in early design using constrained optimization,2022,Building and Environment,03601323,221,,,Article,Hinkle L.E.,,,Penn State College of Engineering,United States,32,0,
2-s2.0-85136494355,10.3390/en15155390,Biomimetic Design for Adaptive Building Façades: A Paradigm Shift towards Environmentally Conscious Architecture,2022,Energies,,15,15,,Review,Faragalla A.M.A.,,,Penn State College of Engineering;University of Juba,United States;South Sudan,32,1,
2-s2.0-85137316779,10.3390/buildings12081101,Design of Innovative Parametric/Dynamic Façade Integrated in the Library Extension Building on UAEU Campus †,2022,Buildings,,12,8,,Article,Bande L.,,,United Arab Emirates University,United Arab Emirates,16,1,
2-s2.0-85123351704,10.1016/j.seta.2021.101894,Thermal and energy performance of a user-responsive microalgae bioreactive façade for climate adaptability,2022,Sustainable Energy Technologies and Assessments,22131388,52,,,Article,Talaei M.,,,Tarbiat Modares University;Ferdowsi University of Mashhad,Iran;Iran,38,0,
2-s2.0-85134587811,10.1016/j.clet.2022.100533,Enhanced energy output from a PV system under partial shaded conditions through grey wolf optimizer,2022,Cleaner Engineering and Technology,,9,,,Article,Motahhir S.,,,Université Sidi Mohamed Ben Abdellah,Morocco,46,1,
2-s2.0-85137274984,10.3390/atmos13081244,A Parameterized Design Method for Building a Shading System Based on Climate Adaptability,2022,Atmosphere,,13,8,,Article,Wang S.,,,Xi'an University of Architecture and Technology,China,15,1,
2-s2.0-85136777805,10.3390/electronics11152421,A Novel MPPT Algorithm for Photovoltaic Systems Based on Improved Sliding Mode Control,2022,Electronics Switzerland,,11,15,,Article,Zhang Y.,,,Liaoning University of Technology,China,22,1,
2-s2.0-85123836021,10.1016/j.seta.2022.102001,Sustainability performance by ten representative intelligent Façade technologies: A systematic review,2022,Sustainable Energy Technologies and Assessments,22131388,52,,,Review,Habibi S.,,,UPC,Spain,47,1,
2-s2.0-85131225204,10.1016/j.enbuild.2022.112209,"An environment-adaptive wall: concept, implementation and effects on the energy performance of a residential building",2022,Energy and Buildings,03787788,268,,,Article,Baldinelli G.,,,Università degli Studi di Perugia,Italy,11,0,
2-s2.0-85133165347,10.3390/buildings12070878,A Novel Framework for Optimizing Indoor Illuminance and Discovering Association of Involved Variables,2022,Buildings,,12,7,,Article,Matin N.H.,,,The University of Oklahoma,United States,9,1,
2-s2.0-85130291770,10.1007/s11356-022-20693-1,Recent advancements in the challenges and strategies of globally used traffic noise prediction models,2022,Environmental Science and Pollution Research,09441344,29,32,48168-48184,Review,Patel R.,,,"Indian Institute of Technology (Indian School of Mines), Dhanbad",India,18,0,
2-s2.0-85129448635,10.1109/JPHOTOV.2022.3166919,Intelligent DC Arc-Fault Detection of Solar PV Power Generation System via Optimized VMD-Based Signal Processing and PSO-SVM Classifier,2022,IEEE Journal of Photovoltaics,21563381,12,4,1058-1077,Article,Cai X.,,,National Taiwan University of Science and Technology,Taiwan,70,0,
2-s2.0-85137354687,10.3390/land11071055,The Future of City Squares: Robotics in the Urban Design of Tomorrow,2022,Land,,11,7,,Article,Dąbrowska-Żółtak K.,,,Politechnika Warszawska,Poland,0,1,
2-s2.0-85133358937,10.3389/fbuil.2022.814911,D1244: Design and Construction of the First Adaptive High-Rise Experimental Building,2022,Frontiers in Built Environment,,8,,,Article,Blandini L.,,,Universität Stuttgart,Germany,40,1,
2-s2.0-85132150541,10.3390/app12125853,Architectural Experiment Design of Solar Energy Harvesting: A Kinetic Façade System for Educational Facilities,2022,Applied Sciences Switzerland,,12,12,,Article,Choi H.S.,,,Gachon University,South Korea,8,1,
2-s2.0-85128505195,10.1016/j.autcon.2022.104246,Simulation-based personalized real-time control of adaptive facades in shared office spaces,2022,Automation in Construction,09265805,138,,,Article,Tabadkani A.,,,Deakin University,Australia,32,2,
2-s2.0-85132117289,10.15627/jd.2022.2,Development of Two-Step Biomimetic Design and Evaluation Framework for Performance-Oriented Design of Multi-Functional Adaptable Building Envelopes,2022,Journal of Daylighting,23838701,9,1,13-27,Article,Sadegh S.O.,,,Politecnico di Milano,Italy,18,1,
2-s2.0-85132855844,10.3390/buildings12060861,The Effect of Smart Colored Windows on Visual Performance of Buildings,2022,Buildings,,12,6,,Article,Matin N.H.,,,The University of Oklahoma,United States,18,1,
2-s2.0-85125576128,10.1061/(ASCE)AE.1943-5568.0000533,Visual Discomfort Analysis as a Tool to Support Façade Shading Design: A Case Study in the Architectural Design Studio,2022,Journal of Architectural Engineering,10760431,28,2,,Article,Abdelwahab S.,,,"Faculty of Engineering, Al-Azhar University",Egypt,3,2,
2-s2.0-85132717533,10.3390/computation10060100,Model of Series-Parallel Photovoltaic Arrays Using Double-Diode Model and Parallel Computing,2022,Computation,,10,6,,Article,Bastidas-Rodríguez J.D.,,,Universidad Nacional de Colombia Manizales,Colombia,3,1,
2-s2.0-85127054209,10.1016/j.enbuild.2022.112024,Characterization of a naturally ventilated double-skin façade through the design of experiments (DOE) methodology in a controlled environment,2022,Energy and Buildings,03787788,263,,,Article,Jankovic A.,,,Norges Teknisk-Naturvitenskapelige Universitet,Norway,13,1,
2-s2.0-85127155771,10.1016/j.enbuild.2022.112030,Experiment and numerical simulation of an adaptive building roof combining variable transparency shape-stabilized PCM,2022,Energy and Buildings,03787788,263,,,Article,Wang P.,,,Hunan University,China,38,0,
2-s2.0-85125417925,10.1016/j.energy.2022.123544,Adaptive envelope protection control of wind turbines under varying operational conditions,2022,Energy,03605442,247,,,Article,Sahin M.,,,Middle East Technical University (METU),Turkey,17,2,
2-s2.0-85126597439,10.1016/j.enbuild.2022.112019,Analysis of dynamic louver control with prism redirecting fenestrations for office daylighting optimization,2022,Energy and Buildings,03787788,262,,,Article,Fang J.,,,Soochow University,China,31,0,
2-s2.0-85130723798,10.3390/su14106106,Comparison of Thermal Energy Saving Potential and Overheating Risk of Four Adaptive Façade Technologies in Office Buildings,2022,Sustainability Switzerland,,14,10,,Article,Attia S.,,,Université de Liège,Belgium,40,1,
2-s2.0-85131377494,10.1017/pds.2022.257,Main Characteristics of Adaptive Façades,2022,Proceedings of the Design Society,,2,,2543-2552,Conference Paper,Voigt M.P.,,,Universität Stuttgart,Germany,12,1,
2-s2.0-85141817744,10.1115/1.4054775,A Comparative Energy Analysis of Dynamic External Shadings for Office Buildings,2022,Journal of Engineering for Sustainable Buildings and Cities,26426641,3,2,,Article,Krarti M.,,,University of Colorado Boulder,United States,14,0,
2-s2.0-85130285277,10.3390/en15093447,Multi-Skin Adaptive Ventilated Facade: A Review,2022,Energies,,15,9,,Review,Andreeva D.,,,Peter the Great St. Petersburg Polytechnic University,Russian Federation,24,1,
2-s2.0-85130270363,10.1145/3522625,Training and Predicting Visual Error for Real-Time Applications,2022,Proceedings of the ACM on Computer Graphics and Interactive Techniques,,5,1,,Article,Cardoso J.L.,,,TU Wien,Austria,3,2,
2-s2.0-85123267436,10.1016/j.jobe.2021.103942,Shape-programmable fluid bubbles for responsive building skins,2022,Journal of Building Engineering,,48,,,Article,Kay R.,,,University of Toronto,Canada,8,0,
2-s2.0-85125717330,10.1088/1361-6501/ac3c1c,From coarse to fine: An augmented reality-based dynamic inspection method for visualized railway routing of freight cars,2022,Measurement Science and Technology,09570233,33,5,,Article,Yi B.,,,Central South University,China,8,0,
2-s2.0-85125702463,10.1007/s11071-022-07324-7,Rate-dependent asymmetric hysteresis modeling and robust adaptive trajectory tracking for piezoelectric micropositioning stages,2022,Nonlinear Dynamics,0924090X,108,3,2023-2043,Article,Nie L.,,,Jilin University,China,57,0,
2-s2.0-85125474253,10.1016/j.buildenv.2022.108907,An occupant-centric adaptive façade based on real-time and contactless glare and thermal discomfort estimation using deep learning algorithm,2022,Building and Environment,03601323,214,,,Article,Wang Y.,,,"Ministry of Industry and Information Technology;School of Architecture and Design, Harbin Institute of Technology",China;China,47,0,
2-s2.0-85128025432,10.3390/en15072610,Integration and Verification of PLUG-N-HARVEST ICT Platform for Intelligent Management of Buildings,2022,Energies,,15,7,,Article,Korkas C.,,,Centre for Research and Technology-Hellas,Greece,16,1,
2-s2.0-85116884931,10.1177/1420326X211050114,Solar radiation control passive strategy for reduction of heating and cooling energy use in arid climate: Case of Afghanistan,2022,Indoor and Built Environment,1420326X,31,4,955-971,Article,Ahady S.,,,Delhi Technological University,India,11,0,
2-s2.0-85124423553,10.1007/s40940-022-00166-0,Experimental and numerical characterization of twisting response of thin glass,2022,Glass Structures and Engineering,23635142,7,1,45-69,Article,Galuppi L.,,,Università di Parma,Italy,8,1,
2-s2.0-85127589156,10.3390/su14073910,Optimization of Architectural Thermal Envelope Parameters in Modern Single-Family House Typologies in Southeastern Spain to Improve Energy Efficiency in a Dry Mediterranean Climate,2022,Sustainability Switzerland,,14,7,,Article,Pérez-Carramiñana C.,,,Universitat d'Alacant,Spain,14,1,
2-s2.0-85120816290,10.1016/j.energy.2021.122778,Realization of bi-level optimization of adaptive building envelope with a finite-difference model featuring short execution time and versatility,2022,Energy,03605442,243,,,Article,Zeng Z.,,,Georgia Institute of Technology;Lawrence Berkeley National Laboratory,United States;United States,15,0,
2-s2.0-85127315495,10.1088/1755-1315/992/1/012004,Studying the influence of shading devices on indoor thermal comfort in desert and Mediterranean climates,2022,Iop Conference Series Earth and Environmental Science,17551307,992,1,,Conference Paper,Berkouk D.,,,Université Mohamed Khider Biskra,Algeria,5,1,
2-s2.0-85127309298,10.1088/1755-1315/992/1/012005,The Influence of Using Responsive Façade as a Tool for Improving the Built Environment: Case study: Attaba - Opera square,2022,Iop Conference Series Earth and Environmental Science,17551307,992,1,,Conference Paper,Eltanboly M.F.,,,"Faculty of Engineering, Cairo University;Cairo Higher Institute for Engineering",Egypt;Egypt,5,1,
2-s2.0-85123959420,10.1016/j.applthermaleng.2021.117923,Parametric optimization of multifunctional integrated climate-responsive opaque and ventilated façades using CFD simulations,2022,Applied Thermal Engineering,13594311,204,,,Article,Shahrzad S.,,,Toronto Metropolitan University,Canada,19,0,
2-s2.0-85123181369,10.1016/j.buildenv.2021.108703,Dynamic façades – An exploratory campaign to assess occupant multi-domain environmental satisfaction and façade interaction,2022,Building and Environment,03601323,211,,,Article,Luna-Navarro A.,,,Department of Engineering,United Kingdom,26,0,
2-s2.0-85112841586,10.1007/s10098-021-02183-z,Biomimetic building facades demonstrate potential to reduce energy consumption for different building typologies in different climate zones,2022,Clean Technologies and Environmental Policy,1618954X,24,2,493-518,Article,Webb M.,,,Griffith University,Australia,36,1,
2-s2.0-85127550709,10.3390/buildings12030366,Climate-Adaptive Façades with an Air Chamber,2022,Buildings,,12,3,,Review,Vasileva I.L.,,,Peter the Great St. Petersburg Polytechnic University,Russian Federation,22,1,
2-s2.0-85125500008,10.1088/1361-665X/ac5014,Bistable kinetic shades actuated with shape memory alloys: Prototype development and daylight performance evaluation,2022,Smart Materials and Structures,09641726,31,3,,Article,Vazquez E.,,,Pennsylvania State University,United States,17,0,
2-s2.0-85116068103,10.1177/17442591211045418,Adaptive opaque façades and their potential to reduce thermal energy use in residential buildings: A simulation-based evaluation,2022,Journal of Building Physics,17442591,45,5,675-720,Article,Juaristi M.,,,Universidad de Navarra,Spain,19,2,
2-s2.0-85125362703,10.3390/buildings12030263,Indoor Daylight Performances of Optimized Transmittances with Electrochromic-Applied Kinetic Louvers,2022,Buildings,,12,3,,Article,Kim J.H.,,,Chonnam National University,South Korea,16,1,
2-s2.0-85121308536,10.1016/j.seta.2021.101878,A combined scheme for maximising the output power of a Photovoltaic array under partial shading conditions,2022,Sustainable Energy Technologies and Assessments,22131388,50,,,Article,Etarhouni M.,,,University of Leeds,United Kingdom,18,2,
2-s2.0-85142352228,10.48044/jauf.2022.008,Modeling the Shading Effect of Vancouver’s Urban Tree Canopy in Relation to Neighborhood Variations,2022,Arboriculture and Urban Forestry,19355297,48,2,95-112,Article,Lu Y.,,,The University of British Columbia,Canada,5,0,
2-s2.0-85119679814,10.1016/j.mattod.2021.10.029,Interfacing DNA hydrogels with ceramics for biofunctional architectural materials,2022,Materials Today,13697021,53,,98-105,Article,Pardo Y.A.,,,Cornell University College of Engineering,United States,10,0,
2-s2.0-85151952400,10.1007/978-3-030-90625-2_8,Deriving the production rules of shape-shifting grammars for adaptive façades: The case of hygromorphic thermo-bimetal composites (HMTM),2022,Design Computing and Cognition 20,,,,129-149,Book Chapter,El-Dabaa R.,,,Arab Academy for Science and Technology and Maritime Transport Heliopolis Campus,Egypt,3,0,
2-s2.0-85121468703,10.1016/j.enbuild.2021.111734,Numerical analysis on the thermal performance of PCM-integrated thermochromic glazing systems,2022,Energy and Buildings,03787788,257,,,Article,Jin Q.,,,Ministry of Education of the People's Republic of China;Tongji University,China;China,51,0,
2-s2.0-85122358876,10.1016/j.buildenv.2021.108700,Laboratory testbed and methods for flexible characterization of thermal and fluid dynamic behaviour of double skin facades,2022,Building and Environment,03601323,210,,,Article,Jankovic A.,,,Norges Teknisk-Naturvitenskapelige Universitet,Norway,17,1,
2-s2.0-85102566878,10.1108/ECAM-07-2020-0559,ANP model for evaluating the performance of adaptive façade systems in complex commercial buildings,2022,Engineering Construction and Architectural Management,09699988,29,1,431-455,Article,Yitmen I.,,,Jönköping University,Sweden,22,1,
2-s2.0-85123551690,10.3390/en15030829,State of the Art of Technologies in Adaptive Dynamic Building Envelopes (ADBEs),2022,Energies,,15,3,,Review,Mohtashami N.,,,Rheinisch-Westfälische Technische Hochschule Aachen,Germany,29,1,
2-s2.0-85121212735,10.1016/j.buildenv.2021.108650,Switching daylight: Performance prediction of climate adaptive ETFE foil façades,2022,Building and Environment,03601323,209,,,Article,Flor J.F.,,,University of Nottingham,United Kingdom,32,1,
2-s2.0-85123552064,10.3390/en15030891,"An Adaptive Building Skin Concept Resulting from a New Bioinspiration Process: Design, Prototyping, and Characterization",2022,Energies,,15,3,,Article,Hubert T.,,,"Université de Bordeaux;NOBATEK/INEF4, France;MNHN (National Museum of Natural History)",France;France;France,11,1,
2-s2.0-85123597602,10.3390/app12031496,New Use of BIM-Origami-Based Techniques for Energy Optimisation of Buildings,2022,Applied Sciences Switzerland,,12,3,,Article,Pavón R.M.,,,Universidad Politécnica de Madrid,Spain,12,1,
2-s2.0-85118537387,10.1016/j.cag.2021.10.010,An integrative view of foveated rendering,2022,Computers and Graphics Pergamon,00978493,102,,474-501,Article,Mohanto B.,,,Universität Rostock,Germany,50,1,
2-s2.0-85120481344,10.1016/j.enbuild.2021.111679,Passive house renovation of a block of flats – Measured performance and energy signature analysis,2022,Energy and Buildings,03787788,256,,,Article,Rose J.,,,Aalborg University,Denmark,22,1,
2-s2.0-85125376216,10.3791/61240,Echocardiographic Evaluation of Atrial Communications before Transcatheter Closure,2022,Journal of Visualized Experiments,1940087X,2022,180,,Article,Molnár A.Á.,,,Semmelweis Egyetem,Hungary,4,0,
2-s2.0-85124597555,10.3390/en15041314,Assessing Responsive Building Envelope Designs Through Robustness‐Based Multi‐Criteria Decision Making in Zero‐Emission Buildings,2022,Energies,,15,4,,Article,Moschetti R.,,,SINTEF Foundation for Scientific and Industrial Research,Norway,10,1,
2-s2.0-85086784735,10.1007/s00366-020-01040-9,Enveloping CAD models for visualization and interaction in XR applications,2022,Engineering with Computers,01770667,38,1,781-799,Article,Hurtado J.,,,Pontifícia Universidade Católica do Rio de Janeiro,Brazil,14,0,
2-s2.0-85145207484,10.1051/e3sconf/202233600032,Smart wall by wireless sensor network toward building energy optimization,2022,E3s Web of Conferences,25550403,336,,,Conference Paper,Doublali A.,,,Ecole Nationale Supérieure d'Arts et Métiers de Rabat,Morocco,2,1,
2-s2.0-85122913377,10.1016/j.buildenv.2021.108634,Performance of smart glazed overhang systems for US residential buildings,2022,Building and Environment,03601323,208,,,Article,Krarti M.,,,University of Colorado Boulder,United States,14,0,
2-s2.0-85121932824,10.1016/j.solener.2021.12.033,Survey and evaluation of solar technologies for agricultural greenhouse application,2022,Solar Energy,0038092X,232,,18-34,Review,Kumar M.,,,École de Technologie Supérieure;Université de Pau et des Pays de l'Adour,Canada;France,70,0,
2-s2.0-85119919525,10.1016/j.enbuild.2021.111650,Impact of active façade control parameters and sensor network complexity on comfort and efficiency: A residential Italian case-study,2022,Energy and Buildings,03787788,255,,,Article,Roberts J.A.,,,Free University of Bozen-Bolzano;Eurac Research,Italy;Italy,18,1,
2-s2.0-85120399897,10.1016/j.buildenv.2021.108624,Dynamic compartmentalization of double-skin façade for an office building with single-sided ventilation,2022,Building and Environment,03601323,208,,,Article,Yoon N.,,,Korea University,South Korea,23,0,
2-s2.0-85161109782,10.1007/978-3-031-09695-2_7,Energy Performance Analysis of Kinetic Façades by Climate Zones,2022,Advanced Materials in Smart Building Skins for Sustainability from Nano to Macroscale,,,,149-165,Book Chapter,Wu C.,,,State University,United States,1,0,
2-s2.0-85183757871,10.52842/conf.caadria.2022.1.141,MACHINE LEARNING MODELING AND GENETIC OPTIMIZATION OF ADAPTIVE BUILDING FAÇADE TOWARDS THE LIGHT ENVIRONMENT,2022,Proceedings of the International Conference on Computer Aided Architectural Design Research in Asia,27104257,,,141-150,Conference Paper,Li Y.,,,Qingdao City University,China,6,1,
2-s2.0-85087517310,10.1080/17508975.2020.1765722,Towards an implementation of bio-inspired hydro-actuated building façade,2022,Intelligent Buildings International,17508975,14,2,151-171,Article,Khosromanesh R.,,,Tabriz Islamic Art University,Iran,6,0,
2-s2.0-85143213658,10.1088/1755-1315/1099/1/012005,Bio-mimetic Approaches to Kinetic Facades: A Design Proposal for a Light-Responsive Facade Module.,2022,Iop Conference Series Earth and Environmental Science,17551307,1099,1,,Conference Paper,Scavée A.,,,Aalborg University,Denmark,3,1,
2-s2.0-85117376650,10.1016/j.enbuild.2021.111546,Optimizing the modular adaptive façade control strategy in open office space using integer programming and surrogate modelling,2022,Energy and Buildings,03787788,254,,,Article,Shen L.,,,"Ministry of Industry and Information Technology;School of Architecture and Design, Harbin Institute of Technology",China;China,36,0,
2-s2.0-85108286145,10.1080/17452007.2021.1941739,Hybrid kinetic facade: fabrication and feasibility evaluation of full-scale prototypes,2022,Architectural Engineering and Design Management,17452007,18,6,791-811,Article,Globa A.,,,The University of Sydney,Australia,16,2,
2-s2.0-85125241913,10.1007/978-3-030-94514-5_10,Exploration of a Dynamic Building Skin System Responding to Light Environment Information,2022,Lecture Notes in Civil Engineering,23662557,226 LNCE,,91-97,Conference Paper,Guo Z.,,,Northwestern Polytechnical University,China,2,0,
2-s2.0-85140846809,10.1080/23744731.2022.2122675,"Design, fabrication and computational simulation of a bio-kinetic façade inspired by the mechanism of the Lupinus Succulentus plant for daylight and energy efficiency",2022,Science and Technology for the Built Environment,23744731,28,10,1456-1471,Article,Anzaniyan E.,,,Pars University,Iran,15,0,
2-s2.0-85142423638,10.1109/CW55638.2022.00011,Kinetic Façade Design with Eshelby Twist for Sunlight Exposure Reduction,2022,Proceedings 2022 International Conference on Cyberworlds Cw 2022,,,,8-15,Conference Paper,Sanakaewthong S.,,,Japan Advanced Institute of Science and Technology;Sirindhorn International Institute of Technology Thammasat University,Japan;Thailand,1,0,
2-s2.0-85134429322,10.47982/jfde.2022.1.02,Towards a Human Centred Approach for Adaptive Façades An Overview of User Experiences in Work Environments,2022,Journal of Facade Design and Engineering,2213302X,10,1,29-54,Review,Koyaz M.,,,İstanbul Teknik Üniversitesi;Istanbul Bilgi Üniversitesi,Turkey;Turkey,5,1,
2-s2.0-85136105100,10.14455/ISEC.2022.9(1).AAE-18,INVESTIGATING THE IMPACT OF BIO-INSPIRED FAÇADE DESIGN ON INDOOR ENVIRONMENT,2022,Proceedings of International Structural Engineering and Construction,,9,1,18-AAE-18-6,Conference Paper,Shashwat S.,,,University of Northumbria,United Kingdom,2,0,
2-s2.0-85128612826,10.1007/978-3-031-03918-8_20,Evaluating Adaptive Facade Performance in Early Building Design Stage: An Integrated Daylighting Simulation and Machine Learning,2022,Lecture Notes on Data Engineering and Communications Technologies,23674512,113,,211-223,Book Chapter,El-Mowafy B.N.,,,Faculty of Engineering- Port Said University,Egypt,15,0,
2-s2.0-85169066096,10.52842/conf.caadria.2022.1.151,REINFORCEMENT LEARNING-BASED GENERATIVE DESIGN METHODOLOGY FOR KINETIC FACADE,2022,Proceedings of the International Conference on Computer Aided Architectural Design Research in Asia,27104257,,,151-160,Conference Paper,Dai S.,,,Clemson University,United States,3,1,
2-s2.0-85122271221,10.3390/buildings12010025,Design Optimisation of Fixed and Adaptive Shading Devices on Four Façade Orientations of a High-Rise Office Building in the Tropics,2022,Buildings,,12,1,,Article,Mangkuto R.A.,,,Institut Teknologi Bandung,Indonesia,44,1,
2-s2.0-85184339063,,ADAPTIVE EXTERNAL SHADING SYSTEM FOR BETTER DAYLIGHT BALANCING WITH HEAT GAIN FOR THE COMPOSITE CLIMATE OF DELHI NCR,2022,Zemch International Conference,,,,679-688,Conference Paper,Luthra J.,,,National Institute of Technology Tiruchirappalli,India,1,0,
2-s2.0-85101859685,10.1080/17508975.2021.1872478,A data-driven optimized daylight pattern for responsive facades design,2022,Intelligent Buildings International,17508975,14,3,363-374,Article,Heidari Matin N.,,,The University of Oklahoma,United States,18,0,
2-s2.0-85141161213,10.1109/ACIT54803.2022.9913105,The Concept and Means of Adaptive Shading,2022,Proceedings International Conference on Advanced Computer Information Technologies Acit,27705218,,,33-38,Conference Paper,Romanyuk O.,,,Vinnytsia National Technical University,Ukraine,3,0,
2-s2.0-85142899109,10.47982/jfde.2022.1.03,Exploring the Impact of Geometry and Fibre Arrangements on Daylight Control in Bistable Kinetic Shades,2022,Journal of Facade Design and Engineering,2213302X,10,1,,Article,Vazquez E.,,,Pennsylvania State University;The University of North Carolina at Charlotte,United States;United States,5,1,
2-s2.0-85146934745,,PREDICTING COOLING ENERGY DEMANDS OF ADAPTIVE FACADES USING ARTIFICIAL NEURAL NETWORK,2022,Simulation Series,07359276,54,1,169-182,Conference Paper,Alammar A.,,,Cardiff University,United Kingdom,0,0,
2-s2.0-85062514750,10.1080/17508975.2019.1577213,Technologies used in responsive facade systems: a comparative study,2022,Intelligent Buildings International,17508975,14,1,54-73,Review,Heidari Matin N.,,,Eastern Michigan University,United States,35,0,
2-s2.0-105019930027,10.21926/aeer.2203038,Implementation of a Dynamic Thermal and Illuminance Control System in Responsive Façades: Shading Study,2022,Advances in Environmental and Engineering Research,,3,3,,Article,de Bem G.,,,"Universidade Tecnológica Federal do Paraná;California State Polytechnic University, Pomona;Instituto Federal de Educação Ciência e Tecnologia Farroupilha – IFFarroupilha",Brazil;United States;Brazil,2,1,
2-s2.0-85138101402,10.23919/ANNSIM55834.2022.9859413,Predicting Cooling Energy Demands of Adaptive Facades Using Artificial Neural Network,2022,Proceedings of the 2022 Annual Modeling and Simulation Conference Annsim 2022,,,,656-669,Conference Paper,Alammar A.,,,Cardiff University,United Kingdom,7,0,
2-s2.0-85121667028,10.1007/978-3-030-92038-8_90,Integrated Adaptive Facades for Building Energy Efficiency and User’s Thermal Comfort,2022,Lecture Notes in Networks and Systems,23673370,361 LNNS,,882-888,Conference Paper,Badeche M.,,,Université Oum El Bouaghi;Université Constantine 3,Algeria;Algeria,4,0,
2-s2.0-85142865625,,Moveable Facade Elements for Sustainable High-rise Buildings,2022,IABSE Congress Nanjing 2022 Bridges and Structures Connection Integration and Harmonisation Report,,,,1046-1054,Conference Paper,Zhang Y.,,,Brandenburg University of Technology Cottbus-Senftenberg,Germany,2,0,
2-s2.0-85151548623,10.26868/25222708.2021.30525,The influence of occupant behaviour on the energy performance of single office space with adaptive facades: simulation versus measured data,2022,Building Simulation Conference Proceedings,25222708,,,3544-3551,Conference Paper,Luna-Navarro A.,,,University of Cambridge;Delft University of Technology,United Kingdom;Netherlands,0,0,
2-s2.0-85151552398,10.26868/25222708.2021.30753,Radiant spectral energy for simulation in the built environment,2022,Building Simulation Conference Proceedings,25222708,,,1967-1974,Conference Paper,Del Rocco J.,,,College of Engineering and Computer Science,United States,1,0,
2-s2.0-85130971086,10.1007/978-981-19-1812-4_12,Pho’liage: Towards a Kinetic Biomimetic Thermoregulating Façade,2022,Environmental Footprints and Eco Design of Products and Processes,23457651,,,367-401,Book Chapter,Charpentier L.,,,ARTBUILD Architect,France,10,0,
2-s2.0-85129230713,10.1080/00038628.2022.2063248,Dynamic solar screens for high-performance buildings–a critical review of perforated external shading systems,2022,Architectural Science Review,00038628,65,3,217-231,Review,Naik N.S.,,,University of Oregon,United States,11,0,
2-s2.0-85206503963,,Physiomimetic Façade Design Systematics for a function-oriented transfer of biological principles to thermally-adaptive façade design concepts,2022,A Be Architecture and the Built Environment,22123202,4,,1-404,Article,Gosztonyi S.,,,TU Wien,Austria,1,0,
2-s2.0-85118529507,10.1016/j.jobe.2021.103384,Experimental-simulation methodology for estimation of thermal parameters of adaptive facades in mild climate conditions: A water-flow glazing case study,2022,Journal of Building Engineering,,45,,,Article,Claros-Marfil L.J.,,,Universidad Politécnica de Madrid,Spain,7,0,
2-s2.0-85136138152,10.14455/ISEC.2022.9(1).AAE-08,THE APPLICATION OF AN ADAPTIVE SOFT STRUCTURE FOR LIGHTWEIGHT FACADES,2022,Proceedings of International Structural Engineering and Construction,,9,1,08-AAE-08-6,Conference Paper,Srisuwan T.,,,Thammasat University,Thailand,1,0,
2-s2.0-85124269240,10.1080/17452007.2022.2032576,Advanced control strategy to maximize view and control discomforting glare: a complex adaptive façade,2022,Architectural Engineering and Design Management,17452007,18,6,829-849,Article,Valitabar M.,,,University of Zanjan,Iran,37,2,
2-s2.0-85184320541,,"ENERGY-SAVING BY SHADING DEVICE'S SHADED AREA ON A FULLY GLAZED MULTI-STOREYED OFFICE BUILDING IN A HOT AND HUMID CLIMATE, CHENNAI, INDIA.",2022,Zemch International Conference,,,,629-641,Conference Paper,Chandrasekaran C.,,,Dr. M.G.R Educational and Research Institute,India,0,0,
2-s2.0-85147428263,,NATURE-INSPIRED SUSTAINABLE SOLUTIONS FOR AN ARCHITECTURAL ENVIRONMENT,2022,15th International Scientific Conference Woodema 2022 Crisis Management and Safety Foresight in Forest Based Sector and Smes Operating in the Global Environment,,,,215-220,Conference Paper,Kitek Kuzman M.,,,Univerza v Ljubljani,Slovenia,0,0,
2-s2.0-85151557435,10.26868/25222708.2021.30754,Occupant-centric control of transparent dynamic façades through an integrated co-simulation framework,2022,Building Simulation Conference Proceedings,25222708,,,2679-2686,Conference Paper,Giovannini L.,,,Politecnico di Torino,Italy,1,0,
2-s2.0-85132073479,10.14627/537724064,Hybrid Landscapes of India: Communicators Between the Worlds,2022,Journal of Digital Landscape Architecture,23674253,2022,7,692-703,Article,Zaidi A.M.,,,Zoras India,India,1,0,
2-s2.0-85169884090,,Evaluating the Impacts of Weather Forecast Inaccuracy on Performance of Model Predictive Control for Dynamic Facades,2022,ASHRAE and Ibpsa Usa Building Simulation Conference,,2022-September,,217-224,Conference Paper,Grant P.,,,Lawrence Berkeley National Laboratory,United States,2,0,
2-s2.0-85140771269,10.1109/ETSAIDE53569.2022.9906380,Intelligent Façade Skinning System Based on Crowd-Sensing and Air-Quality Monitoring,2022,2022 Engineering and Technology for Sustainable Architectural and Interior Design Environments Etsaide 2022,,,,,Conference Paper,Al-Janabi I.M.,,,Al-Iraqia University,Iraq,1,0,
2-s2.0-85178623320,,Solar shading as a cost-effective means to stop rising air-conditioning needs in Europe,2022,Eceee Summer Study Proceedings,16537025,,,1109-1118,Conference Paper,Hermelink A.H.,,,Guidehouse,Germany,0,0,
2-s2.0-85161252200,10.1007/978-3-031-09695-2_13,Design Research on Climate-Responsive Building Skins from Prototype and Case Study Perspectives,2022,Advanced Materials in Smart Building Skins for Sustainability from Nano to Macroscale,,,,257-275,Book Chapter,Lin Z.,,,South China University of Technology,China,1,0,
2-s2.0-85161184874,10.1007/978-3-031-09695-2_12,Aesthetics and Perception: Dynamic Facade Design with Programmable Materials,2022,Advanced Materials in Smart Building Skins for Sustainability from Nano to Macroscale,,,,243-256,Book Chapter,Clifford D.,,,"California Polytechnic State University, San Luis Obispo",United States,0,0,
2-s2.0-85132177960,10.1117/12.2612851,Kinetic Bistable Flaps Actuated with Magneto-Active Elastomers,2022,Proceedings of SPIE the International Society for Optical Engineering,0277786X,12044,,,Conference Paper,Vazquez E.,,,Pennsylvania State University,United States,0,0,
2-s2.0-85111904133,10.1007/s42835-021-00855-w,Dynamic Multi-peak MPPT for Photovoltaic Power Generation Under Local Shadows Based on Improved Mayfly Optimization,2022,Journal of Electrical Engineering and Technology,19750102,17,1,39-50,Article,Yi L.,,,Hunan Province Multi-Energy Cooperative Control Technology Engineering Research Center,China,13,0,
2-s2.0-85161246225,10.1007/978-3-031-09695-2_4,Material Programming for Bio-inspired and Bio-based Hygromorphic Building Envelopes,2022,Advanced Materials in Smart Building Skins for Sustainability from Nano to Macroscale,,,,99-112,Book Chapter,Wood D.,,,Universität Stuttgart,Germany,8,0,
2-s2.0-85140894019,10.13189/cea.2022.100719,"Parametric Hypercell Mechanism for Adaptive Building Skin: A Case Study in New Administrative Capital, Egypt",2022,Civil Engineering and Architecture,23321091,10,7,3046-3070,Article,Elsamanoudi A.,,,Modern Academy in Maadi,Egypt,0,1,
2-s2.0-85125244497,10.1080/13467581.2021.2007102,Harvesting renewable energies through innovative kinetic honeycomb architectural facades: the mathematical & CFD modeling for wind turbine design optimization,2022,Journal of Asian Architecture and Building Engineering,13467581,21,6,2593-2604,Article,Mintorogo D.S.,,,Universitas Kristen Petra,Indonesia,4,1,
2-s2.0-85169934946,,Algae Bio-reactive Building Envelope: Dynamic Lighting and Energy Aspects for Algae-based Building Skin,2022,ASHRAE and Ibpsa Usa Building Simulation Conference,,2022-September,,269-277,Conference Paper,Zhang J.,,,Pennsylvania State University,United States,4,0,
2-s2.0-85176505484,,Implementation and Calibration of a Model to Treat Naturally Ventilated Complex Fenestration Systems in TRNSYS,2022,Building Simulation Applications,,2022-June,,41-48,Conference Paper,Demanega I.,,,Eurac Research,Italy,2,0,
2-s2.0-85167711872,,Co-Simulation and Validation of Automated Shading Devices using EnergyPlus and Radiance to Optimize Building Energy Use,2022,ASHRAE Transactions,00012505,128,,305-313,Conference Paper,Vanage S.,,,College of Engineering,United States,1,0,
2-s2.0-85151546005,10.26868/25222708.2021.30432,Advanced Control of Dynamic Facades and HVAC with Reinforcement Learning based on Standardized Co-simulation,2022,Building Simulation Conference Proceedings,25222708,,,231-238,Conference Paper,Gehbauer C.,,,Lawrence Berkeley National Laboratory,United States,4,0,
2-s2.0-85144487883,10.2478/rtuect-2022-0096,The Effect of Fresnel Lens Focal Point Location on Heat Transfer in Phase Change Material (PCM) Enhanced Dynamic Solar Facade,2022,Environmental and Climate Technologies,,26,1,1268-1278,Article,Narbuts J.,,,Riga Technical University,Latvia,0,1,
2-s2.0-85170073090,,Energy Use Sensitivity Analysis of Sensor Placement in Small Office Buildings with Dynamic Shading and Lighting,2022,ASHRAE Transactions,00012505,128,,19-22,Conference Paper,Dong H.,,,Michigan State University,United States,0,0,
2-s2.0-85131431101,10.37575/b/sci/210082,Assessing the Effect of Building Skin Adaptability on Energy Consumption in Hot Arid Regions,2022,Scientific Journal of King Faisal University Basic and Applied Sciences,16580311,23,1,36-43,Article,Khelil S.,,,Université Mohamed Khider Biskra,Algeria,2,1,
2-s2.0-85106260631,10.1080/17452007.2021.1926898,Low-energy cooling and ventilation refurbishments for buildings in a Mediterranean climate,2022,Architectural Engineering and Design Management,17452007,18,4,473-494,Article,Spentzou E.,,,Loughborough University,United Kingdom,18,1,
2-s2.0-85149115511,10.2495/CMEM-V10-N4-314-328,OPTIMIZATION OF AN ADAPTIVE ALGAE FAÇADE BASED ON SOLAR RADIATION SIMULATION,2022,International Journal of Computational Methods and Experimental Measurements,20460546,10,4,314-328,Article,El-Mahdy D.,,,The British University in Egypt,Egypt,3,0,
2-s2.0-85144597442,10.1109/CCTA49430.2022.9966186,A Hydroactive Facade for Rainwater Harvesting and Evaporative Cooling: Dynamic Modeling and Simplification for Application in Optimization-based Long-term Building Operation Strategy∗,2022,2022 IEEE Conference on Control Technology and Applications Ccta 2022,,,,418-424,Conference Paper,Rentz A.,,,Universität Stuttgart,Germany,4,0,
2-s2.0-85140440872,10.1007/978-3-031-16895-6_9,Kinetic Architecture and BIM: The State of Art and Future Visions,2022,Communications in Computer and Information Science,18650929,1627 CCIS,,135-144,Conference Paper,Akgün Y.,,,Yaşar Üniversitesi,Turkey,1,0,
2-s2.0-85143754355,10.1109/IUS54386.2022.9958933,Dynamic F-number and shading weights determined by element directivity for PAM,2022,IEEE International Ultrasonics Symposium Ius,19485719,2022-October,,,Conference Paper,Li C.,,,University of Leeds,United Kingdom,3,0,
2-s2.0-85130888521,10.1016/B978-0-12-821053-6.00007-2,"Morphological differentiation for the environmental adaptation of biomimetic buildings: Skins, surfaces, and structures",2022,Biomimicry for Materials Design and Habitats Innovations and Applications,,,,439-466,Book Chapter,Badarnah L.,,,University of the West of England,United Kingdom,10,0,
2-s2.0-85143834227,10.1109/SSD54932.2022.9955506,Improved Particle Swarm Optimizer-Based MPPT Control of PV Systems Under Dynamic Partial Shading,2022,2022 19th IEEE International Multi Conference on Systems Signals and Devices Ssd 2022,,,,1603-1608,Conference Paper,Dziri S.,,,"Université de Tunis El Manar, Ecole Nationale d'Ingénieurs de Tunis",Tunisia,9,0,
2-s2.0-85149879864,10.47982/jfde.2022.powerskin.2,Influence of Automated Façades on Occupants: A Review,2022,Journal of Facade Design and Engineering,2213302X,10,2,19-38,Article,de la Barra P.,,,Delft University of Technology,Netherlands,4,1,
2-s2.0-85151556466,10.26868/25222708.2021.30864,Radiation Control Optimization for Dynamic Glazing in Building Façade in Subtropical Climate,2022,Building Simulation Conference Proceedings,25222708,,,2775-2782,Conference Paper,Suzuki E.H.,,,Universidade de São Paulo,Brazil,0,0,
2-s2.0-85143890758,10.1109/IECON49645.2022.9968810,Enhanced Stability with Fast Transient Performance in Digitally Current Mode Controlled Multi-phase Buck Converters using Event-based Sampling,2022,IECON Proceedings Industrial Electronics Conference,21624704,2022-October,,,Conference Paper,Golla T.,,,Indian Institute of Technology Kharagpur,India,2,0,
2-s2.0-85161217213,10.1007/978-3-031-09695-2_8,Integration of Solar Technologies in Facades: Performances and Applications for Curtain Walling,2022,Advanced Materials in Smart Building Skins for Sustainability from Nano to Macroscale,,,,167-188,Book Chapter,Rigone P.,,,Politecnico di Milano,Italy,3,2,
2-s2.0-85137052208,10.15627/jd.2022.11,The optimization of louvers shading devices and room orientation under three different sky conditions,2022,Journal of Daylighting,23838701,9,2,137-149,Article,Khidmat R.P.,,,The University of Kitakyushu;Institut Teknologi Sumatera (ITERA),Japan;Indonesia,24,1,
2-s2.0-85144651522,10.1007/978-3-031-11232-4_5,Hygromorphs: Exploring Morphologies of Architectural Adaptive Systems Using Hygroscopic Properties of Wood,2022,Advances in Science Technology and Innovation,25228714,,,55-66,Book Chapter,Ibrahim A.,,,School of Sciences and Engineering,Egypt,3,0,
2-s2.0-85137783848,10.1109/ITC-Egypt55520.2022.9855733,Microgrid Optimal Sizing and Economic Operation for Rural Area in Assiut (Egypt) Using Meta-Heuristic Optimization Techniques,2022,International Telecommunications Conference Itc Egypt 2022 Proceedings,,,,,Conference Paper,Boghdady T.A.,,,Cairo University,Egypt,1,0,
2-s2.0-85106286476,10.1080/00038628.2021.1924610,Urban heat-mitigating building form and façade framework,2022,Architectural Science Review,00038628,65,1,57-71,Article,Loh N.,,,Gensler,United States,12,0,
2-s2.0-85124775061,10.2220/biomedres.43.11,Diet-related changes of basal lamina fenestrations in the villous epithelium of the rat small intestine: Statistical analysis on scanning electron microscopy,2022,Biomedical Research Japan,03886107,43,1,11-22,Article,Sato M.,,,"Niigata University, Graduate School of Medical and Dental Science",Japan,1,1,
2-s2.0-85134244856,10.1109/ACCESS.2022.3184815,Optimized Fuzzy Controller Based on Cuckoo Optimization Algorithm for Maximum Power-Point Tracking of Photovoltaic Systems,2022,IEEE Access,,10,,71699-71716,Article,Jalali Zand S.,,,Semnan University,Iran,47,1,
2-s2.0-85153493982,,Three-Dimensional Simulation of Electromagnetic System of AC Contactor and Research on Characteristics of Shading Coil,2022,Icrepec 2022 Proceedings of the 8th International Conference on Reliability of Electrical Products and Electrical Contacts,,,,185-191,Conference Paper,Feng J.,,,Fuzhou University,China,0,0,
2-s2.0-85121698940,10.3390/app12010082,"Kinetic solar envelope: Performance assessment of a shape memory alloy-based autoreactive façade system for urban heat island mitigation in athens, Greece",2022,Applied Sciences Switzerland,,12,1,,Article,Koukelli C.,,,"Arup Limited, Germany",Germany,19,1,
2-s2.0-85167610378,,"Design and Development of a Scalable, Modular and Efficient Maximum Power Point Tracking Stage for a CubeSat EPS",2022,Proceedings of the International Astronautical Congress Iac,00741795,2022-September,,,Conference Paper,Tamarin E.,,,AAC Hyperion,Netherlands,0,0,
2-s2.0-85161152137,10.1007/978-3-031-09695-2_6,Thermally Responsive Building Envelopes from Materials to Engineering,2022,Advanced Materials in Smart Building Skins for Sustainability from Nano to Macroscale,,,,129-147,Book Chapter,Zhou H.,,,"The University of Tennessee, Knoxville",United States,4,0,
2-s2.0-85104812806,10.1080/17508975.2021.1902257,"Adaptive building envelope simulation in current design practice: findings from interviews with practitioners about their understanding of methods, tools and workarounds and implications for future tool developments",2022,Intelligent Buildings International,17508975,14,2,172-189,Article,Borkowski E.,,,University College London,United Kingdom,9,1,
2-s2.0-85148509819,10.47982/jfde.2022.1.06,Empirical validation of co-simulation models for adaptive building envelopes,2022,Journal of Facade Design and Engineering,2213302X,10,1,119-154,Article,Borkowski E.,,,University College London;ETH Zürich,United Kingdom;Switzerland,2,1,
2-s2.0-85169924526,,"Modeling, Simulation and Evaluation of a Double-Sided Hydronic Layer Embedded Opaque Climate-Adaptive Building Envelope",2022,ASHRAE and Ibpsa Usa Building Simulation Conference,,2022-September,,278-286,Conference Paper,Hwang Y.,,,Rensselaer Polytechnic Institute;Science and Ecology,United States;United States,4,0,
2-s2.0-85161122878,10.1007/978-3-031-09695-2_11,"Design Principles, Strategies, and Environmental Interaction of Dynamic Envelopes",2022,Advanced Materials in Smart Building Skins for Sustainability from Nano to Macroscale,,,,221-241,Book Chapter,Wang P.,,,Southeast University;Beijing Jiaotong University,China;China,0,0,
2-s2.0-85125451910,10.1117/12.2623984,Research on the Gauges of Low-medium Speed Maglev Train,2022,Proceedings of SPIE the International Society for Optical Engineering,0277786X,12081,,,Conference Paper,Shao N.,,,"CRRC Tangshan Co., Ltd.",China,0,0,
2-s2.0-85167569946,,Control Strategies and Thermal Performance of Responsive Building Envelope with Active Insulation System,2022,Thermal Performance of the Exterior Envelopes of Whole Buildings,,,,302-313,Conference Paper,He Y.,,,"The University of Tennessee, Knoxville",United States,0,0,
2-s2.0-85139770436,,Kinetic Architecture and BIM Integration: A case study on a Bricard linkage canopy system,2022,Proceedings of the International Conference on Education and Research in Computer Aided Architectural Design in Europe,26841843,1,,243-252,Conference Paper,Kavuncuoglu C.,,,Ya§ar University,Turkey,1,0,
2-s2.0-85125448164,10.1117/12.2623994,Calculation of Low-floor Vehicle Gauge,2022,Proceedings of SPIE the International Society for Optical Engineering,0277786X,12081,,,Conference Paper,Li D.,,,"CRRC Tangshan Co., Ltd.",China,0,0,
2-s2.0-85161151770,10.1007/978-3-031-09695-2_10,Material Driven Adaptive Design Model for Environmentally-Responsive Envelopes,2022,Advanced Materials in Smart Building Skins for Sustainability from Nano to Macroscale,,,,207-220,Book Chapter,Mansoori M.,,,Voiland College of Engineering and Architecture,United States,4,0,
2-s2.0-85135734969,,Joint Optimization of HVAC and Active Insulation Control Strategies in Residential Buildings,2022,ASHRAE Transactions,00012505,128,,132-139,Conference Paper,Sepehri A.,,,Pennsylvania State University,United States,3,0,
2-s2.0-85146624692,10.1088/1755-1315/1113/1/012026,Comparative Analysis between different types of Responsive Design Approach: (Applicability to Use in Different Climatic Regions in Egypt),2022,Iop Conference Series Earth and Environmental Science,17551307,1113,1,,Conference Paper,Eltanboly M.F.,,,Cairo Higher Institute;Environmental Design and Energy Efficiency Department,Egypt;,2,1,
2-s2.0-85130959963,10.1007/978-981-19-1812-4_10,Exploiting the Potential of Nature for Sustainable Building Designs: A Novel Bioinspired Framework Based on a Characterization of Living Envelopes,2022,Environmental Footprints and Eco Design of Products and Processes,23457651,,,289-331,Book Chapter,Hubert T.,,,"Université de Bordeaux;NOBATEK/INEF4, France;Ecole nationale supérieure d'architecture et de paysage de Bordeaux",France;France;France,3,1,
2-s2.0-85139777874,,Comprehensive Characterization of an Open Source Approach to Design in Architectural Education.: The integration of the “Do It Yourself” process in architectural design education,2022,Proceedings of the International Conference on Education and Research in Computer Aided Architectural Design in Europe,26841843,1,,253-260,Conference Paper,Papavasiliou M.,,,National Technical University of Athens (NTUA),Greece,1,0,
2-s2.0-85130232234,10.1145/3478513.3480514,Perceptual model for adaptive local shading and refresh rate,2021,ACM Transactions on Graphics,07300301,40,6,,Article,Jindal A.,,,University of Cambridge,United Kingdom,35,1,
2-s2.0-85121431558,10.1088/1742-6596/2069/1/012222,Comparative field tests of an electrochromic shading device - Thermal and visual comfort,2021,Journal of Physics Conference Series,17426588,2069,,,Conference Paper,Nocente A.,,,SINTEF Foundation for Scientific and Industrial Research,Norway,2,1,
2-s2.0-85121448052,10.1088/1742-6596/2069/1/012024,"Performance analysis of the MICRO-V (Multifunctional, Integrated, Climate-responsive, Opaque, and Ventilated) façade with different ventilation modes",2021,Journal of Physics Conference Series,17426588,2069,,,Conference Paper,Shahrzad S.S.S.,,,,,2,1,
2-s2.0-85121439668,10.1088/1742-6596/2069/1/012089,Static and dynamic thermal characterization of facade with mineral foam insulation using a hot-box apparatus,2021,Journal of Physics Conference Series,17426588,2069,,,Conference Paper,Gengembre E.,,,LafargeHolcim Innovation Center,France,2,1,
2-s2.0-85121462543,10.1088/1742-6596/2069/1/012132,Innovative approaches to thermochromic materials for adaptive building envelopes,2021,Journal of Physics Conference Series,17426588,2069,,,Conference Paper,Pérez G.,,,CSIC - Instituto de Ciencias de la Construcción Eduardo Torroja (IETCC),Spain,6,1,
2-s2.0-85121425535,10.1088/1742-6596/2069/1/012131,Electrochromic window integration in adaptive building envelopes in different climates: A genetic optimization of switchable glazing parameters to reduce energy consumptions in office buildings,2021,Journal of Physics Conference Series,17426588,2069,,,Conference Paper,Carlucci F.,,,Politecnico di Bari,Italy,8,1,
2-s2.0-85112425762,10.1016/j.foar.2021.07.004,Bio-inspired interactive kinetic façade: Using dynamic transitory-sensitive area to improve multiple occupants’ visual comfort,2021,Frontiers of Architectural Research,20952635,10,4,821-837,Article,Hosseini S.M.,,,University of Tehran;Technische Universiteit Eindhoven,Iran;Netherlands,46,1,
2-s2.0-85121628743,10.3390/buildings11120637,"Optimization of useful daylight illuminance for vertical shading fins covered by photovoltaic panels for a case study of an office room in the city of Wroclaw, Poland",2021,Buildings,,11,12,,Article,Brzezicki M.,,,Politechnika Wrocławska,Poland,18,1,
2-s2.0-85136517576,10.3390/architecture1020007,Design and Manufacturing of Adaptive Facades in a Life Cycle Approach: A Survey on Challenges and Solutions in the Italian Building Industry,2021,Architecture,,1,2,69-82,Article,Crespi M.,,,Sapienza Università di Roma,Italy,4,1,
2-s2.0-85117858885,10.1016/j.solener.2021.10.062,Improved methodology for the characterization of thermochromic coatings for adaptive façades,2021,Solar Energy,0038092X,230,,409-420,Article,Perez G.,,,CSIC - Instituto de Ciencias de la Construcción Eduardo Torroja (IETCC),Spain,13,1,
2-s2.0-85121099661,10.3390/en14248272,Efficient shading device as an important part of daylightophil architecture; a designerly framework of high-performance architecture for an office building in Tehran,2021,Energies,,14,24,,Article,Bazazzadeh H.,,,Politechnika Poznanska,Poland,15,1,
2-s2.0-85129529934,10.3390/civileng2040055,"Controlling Switchable Electrochromic Glazing for Energy Savings, Visual Comfort and Thermal Comfort: A Model Predictive Control",2021,Civileng,,2,4,1019-1051,Article,Ganji Kheybari A.,,,Rheinland-Pfälzische Technische Universität Kaiserslautern-Landau,Germany,30,1,
2-s2.0-85122621015,10.1016/j.mtener.2021.100874,Shape-morphing materials and structures for energy-efficient building envelopes,2021,Materials Today Energy,,22,,,Review,Li Y.,,,NC State College of Engineering,United States,70,0,
2-s2.0-85116428468,10.1007/s40866-021-00118-7,Development of an Improved GMPPT Based on Scanning Method for PV System Operating under a Dynamic Partial Shading Conditions,2021,Technology and Economics of Smart Grids and Sustainable Energy,,6,1,,Article,Chalh A.,,,Université Sidi Mohamed Ben Abdellah,Morocco,8,1,
2-s2.0-85122617272,10.18280/ijdne.160601,Adjustable Internal Shading for Home Office Daylighting in Tropical Climates,2021,International Journal of Design and Nature and Ecodynamics,17557437,16,6,609-624,Article,Mousavi S.M.,,,Persian Gulf University,Iran,5,1,
2-s2.0-85136643589,,Adjustable Internal Shading for Home Office Daylighting in Tropical Climates,2021,International Journal of Design and Nature and Ecodynamics,17557437,16,6,909-924,Article,Mousavi S.M.,,,Persian Gulf University,Iran,0,0,
2-s2.0-85114441240,10.1061/(ASCE)AE.1943-5568.0000504,Taxonomical Investigation of Self-Sufficient Kinetic Building Envelopes,2021,Journal of Architectural Engineering,10760431,27,4,,Article,Cattaruzzi J.,,,"Alma Mater Studiorum Università di Bologna, Cesena",Italy,8,0,
2-s2.0-85121833504,10.13189/cea.2021.090731,Biomimetic approaches for adaptive building envelopes: Applications and design considerations,2021,Civil Engineering and Architecture,23321091,9,7,2464-2475,Article,Faragllah R.N.,,,Faculty of Engineering,Egypt,8,1,
2-s2.0-85114672791,10.1016/j.rser.2021.111615,A review of transparent-reflective switchable glass technologies for building facades,2021,Renewable and Sustainable Energy Reviews,13640321,152,,,Review,Tong S.W.,,,"A-Star, Institute of Materials Research and Engineering",Singapore,72,0,
2-s2.0-85120781658,10.3390/su132413547,Reconfigurable neighborhood—mechatronisation of the urban design,2021,Sustainability Switzerland,,13,24,,Article,Dąbrowska-żółtak K.,,,Politechnika Warszawska,Poland,6,1,
2-s2.0-85121249285,10.3389/fenvs.2021.779163,Assessing Energy Efficiency for Economic and Sustainable Development in the Region of European Union Countries,2021,Frontiers in Environmental Science,,9,,,Article,Yan D.,,,Jiangsu University,China,13,1,
2-s2.0-85120848775,10.1088/1742-6596/2042/1/012056,Evaporative cooling strategies in urban areas: The potential of vertical greening systems to reduce nocturnal heat stress,2021,Journal of Physics Conference Series,17426588,2042,1,,Conference Paper,Görgen F.,,,"Hochschule für Technik, Wirtschaft und Kultur Leipzig",Germany,7,1,
2-s2.0-85120866533,10.1088/1742-6596/2042/1/012072,Time enhanced architectural modelling (T.E.A.M.): Virtual reality project for the planning and visualization of kinetic architecture and dynamic design,2021,Journal of Physics Conference Series,17426588,2042,1,,Conference Paper,Temporin V.,,,Università IUAV di Venezia,Italy,2,1,
2-s2.0-85120480218,10.1088/1755-1315/907/1/012012,Designing louvers toward optimum daylight performance in Indonesia: A parametric study,2021,Iop Conference Series Earth and Environmental Science,17551307,907,1,,Conference Paper,Khidmat R.P.,,,The University of Kitakyushu;Institut Teknologi Sumatera (ITERA),Japan;Indonesia,2,1,
2-s2.0-85119376531,10.1063/5.0068362,Surveying impacts of adaptive facades on acoustical quality of classrooms,2021,Aip Conference Proceedings,0094243X,2420,,,Conference Paper,Van T.N.,,,Van Lang University,Viet Nam,1,1,
2-s2.0-85122673961,10.1016/j.jobe.2021.103076,"Prototyping of 4D-printed self-shaping building skin in architecture: Design, fabrication, and investigation of a two-way shape memory composite (TWSMC) façade panel",2021,Journal of Building Engineering,,43,,,Article,Yi H.,,,Ajou University,South Korea,54,0,
2-s2.0-85104906552,10.1016/j.jobe.2021.102535,Enhancing energy efficiency and comfort in buildings through model predictive control for dynamic façades with electrochromic glazing,2021,Journal of Building Engineering,,43,,,Article,Isaia F.,,,Politecnico di Torino,Italy,54,0,
2-s2.0-85118968789,10.3390/buildings11110494,An evaluation of useful daylight illuminance in an office room with a light shelf and translucent ceiling at 51◦ n,2021,Buildings,,11,11,,Article,Brzezicki M.,,,Politechnika Wrocławska,Poland,27,1,
2-s2.0-85111664765,10.1016/j.jobe.2021.103027,Operation of climate-adaptive building shells utilizing machine learning under sparse data conditions,2021,Journal of Building Engineering,,43,,,Article,Hiyama K.,,,Meiji University,Japan,9,0,
2-s2.0-85118508179,10.3390/polym13213767,Mono–material 4d printing of digital shape–memory components,2021,Polymers,,13,21,,Article,Niazy D.,,,"Faculty of Engineering, Ain Shams University",Egypt,16,1,
2-s2.0-85118292558,10.1109/JPHOTOV.2021.3098376,Series Arc Fault Detection of Grid-Connected PV System via SVD Denoising and IEWT-TWSVM,2021,IEEE Journal of Photovoltaics,21563381,11,6,1493-1510,Article,Gao W.,,,National Taiwan University of Science and Technology,Taiwan,36,0,
2-s2.0-85119120665,10.3390/universe7110422,Multi-component MHD model of hot jupiter envelopes,2021,Universe,,7,11,,Article,Zhilkin A.,,,Institute of Astronomy of the Russian Academy of Sciences,Russian Federation,11,1,
2-s2.0-85110071920,10.1108/OHI-02-2021-0028,4D printing of wooden actuators: encoding FDM wooden filaments for architectural responsive skins,2021,Open House International,01682601,46,3,376-390,Article,El-Dabaa R.,,,Arab Academy for Science and Technology and Maritime Transport Heliopolis Campus,Egypt,18,0,
2-s2.0-85109390454,10.1108/OHI-02-2021-0031,"A dynamic vertical shading optimisation to improve view, visual comfort and operational energy",2021,Open House International,01682601,46,3,401-415,Article,Valitabar M.,,,University of Zanjan,Iran,23,0,
2-s2.0-85111345109,10.1016/j.apenergy.2021.117341,Biomimetic adaptive electrochromic windows for enhancing building energy efficiency,2021,Applied Energy,03062619,300,,,Article,Bui D.K.,,,University of Melbourne,Australia,59,0,
2-s2.0-85108005602,10.1016/j.energy.2021.121165,Energy performance of integrated adaptive envelope systems for residential buildings,2021,Energy,03605442,233,,,Article,Dehwah A.H.A.,,,University of Colorado Boulder,United States,32,0,
2-s2.0-85109460031,10.1016/j.buildenv.2021.108092,"Design, construction and validation of MATELab: A novel outdoor chamber for investigating occupant-facade interaction",2021,Building and Environment,03601323,203,,,Article,Luna-Navarro A.,,,Department of Engineering,United Kingdom,13,1,
2-s2.0-85124092686,10.1145/3461696,Shading Rig: Dynamic Art-directable Stylised Shading for 3D Characters,2021,ACM Transactions on Graphics,07300301,40,5,,Article,Petikam L.,,,Victoria University of Wellington,New Zealand,10,0,
2-s2.0-85146788097,10.1051/e3sconf/202130507001,Development of Shading Tolerant Rice Varieties Suitable for Intercropping Cultivation in Agroforestry Systems,2021,E3s Web of Conferences,25550403,305,,,Conference Paper,Hairmansis A.,,,Indonesian Center for Rice Research,Indonesia,5,1,
2-s2.0-85146395762,10.1051/e3sconf/202129701051,MPPT of PV System Under Partial Shading Conditions Based on Bio-inspired Swarm Intelligence Technique,2021,E3s Web of Conferences,25550403,297,,,Conference Paper,Agdam M.,,,Université Ibn Zohr,Morocco,4,1,
2-s2.0-85107643069,10.1016/j.enbuild.2021.111138,Movable window insulation as an instantiation of the adaptive building envelope: An investigation of its cost-effectiveness in the U.S,2021,Energy and Buildings,03787788,247,,,Article,Zeng Z.,,,Georgia Institute of Technology;Lawrence Berkeley National Laboratory,United States;United States,28,2,
2-s2.0-85118460027,10.23919/SpliTech52315.2021.9566358,"Energy refurbishment of an office building by addition of a second skin: Improvement of thermal behavior, energy performance and possible conversion by PV",2021,2021 6th International Conference on Smart and Sustainable Technologies Splitech 2021,,,,,Conference Paper,Ascione F.,,,Università degli Studi di Napoli Federico II,Italy,3,0,
2-s2.0-85096836688,10.1007/s00004-020-00538-5,The Parigi Mechanism: A Novel 1-DOF Mechanism and Its Application as a Kinetic Reciprocal System (KRS) Adaptive Facade,2021,Nexus Network Journal,15905896,23,3,629-646,Article,Parigi D.,,,,,3,0,
2-s2.0-85115123664,10.3390/su131810313,Sustainability‐related parameters and decision support tools for kinetic green façades,2021,Sustainability Switzerland,,13,18,,Article,Seyrek C.I.,,,Politechnika Wrocławska,Poland,16,1,
2-s2.0-85106386626,10.1016/j.scs.2021.102979,"Review of approaches, opportunities, and future directions for improving aerodynamics of tall buildings with smart facades",2021,Sustainable Cities and Society,22106707,72,,,Article,Jafari M.,,,College of Engineering,United States,50,1,
2-s2.0-85107134486,10.1016/j.apenergy.2021.117112,"Model predictive control for integrated control of air-conditioning and mechanical ventilation, lighting and shading systems",2021,Applied Energy,03062619,297,,,Article,Yang S.,,,School of Mechanical and Aerospace Engineering;Energy Research Institute @NTU,Singapore;Singapore,74,2,
2-s2.0-85108626295,10.1002/adfm.202103408,"Obtaining Reversible, High Contrast Electrochromism, Electrofluorochromism, and Photochromism in an Aqueous Hydrogel Device Using Chromogenic Thiazolothiazoles",2021,Advanced Functional Materials,1616301X,31,36,,Article,Adams T.J.,,,The University of North Carolina at Charlotte,United States,87,0,
2-s2.0-85108866841,10.1016/j.enbuild.2021.111034,Design processes and multi-regulation of biomimetic building skins: A comparative analysis,2021,Energy and Buildings,03787788,246,,,Article,Cruz E.,,,Museum National d'Histoire Naturelle,France,30,1,
2-s2.0-85112464771,10.1109/JPHOTOV.2021.3087748,Evaluating the Output of a Car-Mounted Photovoltaic Module under Driving Conditions,2021,IEEE Journal of Photovoltaics,21563381,11,5,1299-1304,Article,Ota Y.,,,University of Miyazaki,Japan,31,0,
2-s2.0-85114744779,10.3390/plants10091891,Effects of light condition on growth and physiological characteristics of the endangered species sedirea japonica under rcp 6.0 climate change scenarios,2021,Plants,,10,9,,Article,Lee K.C.,,,Korea National University of Agriculture and Fisheries,South Korea,8,1,
2-s2.0-85107288885,10.1016/j.autcon.2021.103776,Scientometric mapping of smart building research: Towards a framework of human-cyber-physical system (HCPS),2021,Automation in Construction,09265805,129,,,Review,Li P.,,,Tongji University,China,54,0,
2-s2.0-85097248742,10.1002/cae.22370,Robotics application for the advanced integration of design and technology in architecture,2021,Computer Applications in Engineering Education,10613773,29,5,1146-1162,Article,Yi H.,,,Ajou University,South Korea,6,0,
2-s2.0-85103393355,10.1016/j.foar.2021.02.003,Exploring expressive and functional capacities of knitted textiles exposed to wind influence,2021,Frontiers of Architectural Research,20952635,10,3,669-691,Article,Hörteborn E.,,,Chalmers University of Technology,Sweden,8,1,
2-s2.0-85112551743,10.1088/1755-1315/798/1/012001,Energy Efficient Buildings with Algae,2021,Iop Conference Series Earth and Environmental Science,17551307,798,1,,Conference Paper,Yaman Y.,,,Dokuz Eylül Üniversitesi,Turkey,7,1,
2-s2.0-85113729756,10.3390/ijerph18168870,The significance of occupants’ interaction with their environment on reducing cooling loads and dermatological distresses in east mediterranean climates,2021,International Journal of Environmental Research and Public Health,16617827,18,16,,Article,Muhaidat J.,,,Faculty of Medicine Jordan University of Science and Technology,Jordan,23,1,
2-s2.0-85112088754,10.3390/su13168701,SLICE: An innovative photovoltaic solution for adaptive envelope prototyping and testing in a relevant environment,2021,Sustainability Switzerland,,13,16,,Article,Monteleone A.,,,Università degli Studi di Catania,Italy,11,1,
2-s2.0-85107745428,10.1016/j.solener.2021.06.012,Performance prediction of biomimetic adaptive building skins: Integrating multifunctionality through a novel simulation framework,2021,Solar Energy,0038092X,224,,253-270,Article,Kuru A.,,,UNSW Sydney,Australia,35,0,
2-s2.0-85108617942,10.1016/j.solener.2021.06.035,The evolution of building energy retrofit via double-skin and responsive façades: A review,2021,Solar Energy,0038092X,224,,703-717,Article,Ascione F.,,,Università degli Studi di Napoli Federico II,Italy,92,0,
2-s2.0-85104908833,10.1016/j.enbuild.2021.111022,Current and future coating technologies for architectural glazing applications,2021,Energy and Buildings,03787788,244,,,Review,Khaled K.,,,Toronto Metropolitan University,Canada,118,0,
2-s2.0-85112097850,10.3390/polym13152554,"The adaptive power of ammophila arenaria: Biomimetic study, systematic observation, parametric design, and experimental tests with bimetal",2021,Polymers,,13,15,,Article,de Andrade T.A.B.,,,"Centro de Investigação em Arquitetura, Urbanismo e Design",Portugal,15,1,
2-s2.0-85113210486,10.3390/buildings11080348,"Evaluating the effect of external horizontal fixed shading devices’ geometry on internal air temperature, daylighting and energy demand in hot dry climate. Case study of ghardaïa, algeria",2021,Buildings,,11,8,,Article,Elouadjeri S.M.,,,Université Mohamed Khider Biskra;High School of Architecture;High School of Architecture (ENSAM),Algeria;Algeria;France,15,1,
2-s2.0-85105498606,10.1016/j.rser.2021.111135,A novel musical chairs algorithm applied for MPPT of PV systems,2021,Renewable and Sustainable Energy Reviews,13640321,146,,,Article,Eltamaly A.M.,,,King Saud University;Faculty of Engineering,Saudi Arabia;Egypt,131,0,
2-s2.0-85104915977,10.1016/j.apenergy.2021.116904,Analysis of the impact of automatic shading control scenarios on occupant's comfort and energy load,2021,Applied Energy,03062619,294,,,Article,Tabadkani A.,,,Deakin University,Australia,63,2,
2-s2.0-85116227946,10.1109/ICARM52023.2021.9536103,Structure design and simulation analysis of under-rank endpicker of hub forging robot,2021,2021 6th IEEE International Conference on Advanced Robotics and Mechatronics Icarm 2021,,,,358-363,Conference Paper,Shen Y.,,,Jiangsu University of Science and Technology,China,0,0,
2-s2.0-85111154588,10.3390/su13147670,Parametric design and comfort optimization of dynamic shading structures,2021,Sustainability Switzerland,,13,14,,Article,Chi D.A.,,,Universidad de las Américas Puebla,Mexico,23,1,
2-s2.0-85109940032,10.3390/ma14143771,Coherent investigation on a smart kinetic wooden façade based on material passport concepts and environmental profile inquiry,2021,Materials,,14,14,,Article,Almusaed A.,,,Jönköping University,Sweden,24,1,
2-s2.0-85109511276,10.3390/buildings11070274,A study on the trends for expression in Korean contemporary architectural facade design: Focusing on large buildings in the city center,2021,Buildings,,11,7,,Article,Lee S.,,,Wonkwang University,South Korea,12,1,
2-s2.0-85114738334,10.7480/jfde.2021.2.5331,Blast resilience enhancement of cable-supported Façade utilizing super-elastic shape memory alloy,2021,Journal of Facade Design and Engineering,2213302X,9,2,1-20,Article,Gupta S.,,,University of Wolverhampton,United Kingdom,4,0,
2-s2.0-85115688871,10.1109/APEC42165.2021.9487270,A two-level MPPT algorithm in dynamic partial shading condition using ripple correlation control,2021,Conference Proceedings IEEE Applied Power Electronics Conference and Exposition APEC,,,,89-96,Conference Paper,Mahmud S.,,,College of Engineering,United States,6,0,
2-s2.0-85108640427,10.1145/3446790,Temporally Adaptive Shading Reuse for Real-Time Rendering and Virtual Reality,2021,ACM Transactions on Graphics,07300301,40,2,,Article,Mueller J.H.,,,Technische Universitat Graz,Austria,40,0,
2-s2.0-85079369642,10.1177/1420326X20903082,"Biophilic, photobiological and energy-efficient design framework of adaptive building façades for Northern Canada",2021,Indoor and Built Environment,1420326X,30,5,665-691,Article,Parsaee M.,,,Université Laval,Canada,24,0,
2-s2.0-85108017781,10.3390/en14113272,Zero energy building economic and energetic assessment with simulated and real data using photovoltaics and water flow glazing,2021,Energies,,14,11,,Article,Del Ama Gonzalo F.,,,Keene State College,United States,7,1,
2-s2.0-85089452205,10.1007/s12273-020-0674-6,Potential annual daylighting performance of a high-efficiency daylight redirecting slat system,2021,Building Simulation,19963599,14,3,495-510,Article,Fernandes L.L.,,,Lawrence Berkeley National Laboratory,United States,12,2,
2-s2.0-85105694875,10.1016/j.jweia.2021.104586,Aerodynamic shape optimization of rectangular and elliptical double-skin façades to mitigate wind-induced effects on tall buildings,2021,Journal of Wind Engineering and Industrial Aerodynamics,01676105,213,,,Article,Jafari M.,,,College of Engineering,United States,52,0,
2-s2.0-85175823497,10.3390/electronicmat2020014,Portable Photovoltaic-Self-Powered Flexible Electrochromic Windows for Adaptive Envelopes,2021,Electronic Materials,,2,2,174-185,Article,Cánovas-Saura A.,,,Universidad Politecnica de Cartagena,Spain,6,1,
2-s2.0-85107426727,10.1088/1742-6596/1904/1/012014,A data-driven method to minimize sensor use for dynamic shading control,2021,Journal of Physics Conference Series,17426588,1904,1,,Conference Paper,Zhu J.,,,Elite Preparatory Academy,United States,4,1,
2-s2.0-85110837314,10.23919/ACC50511.2021.9482665,Adaptive Bid Shading Optimization of First-Price Ad Inventory,2021,Proceedings of the American Control Conference,07431619,2021-May,,4983-4990,Conference Paper,Karlsson N.,,,Aol and Yahoo,,13,0,
2-s2.0-85104347322,10.1016/j.solener.2021.03.065,"Biophilic photobiological adaptive envelopes for sub-Arctic buildings: Exploring impacts of window sizes and shading panels’ color, reflectance, and configuration",2021,Solar Energy,0038092X,220,,802-827,Article,Parsaee M.,,,Université Laval,Canada,19,0,
2-s2.0-85105734919,10.3390/s21103417,Characterizing smart environments as interactive and collective platforms: A review of the key behaviors of responsive architecture,2021,Sensors,14248220,21,10,,Review,Lee J.H.,,,UNSW Sydney,Australia,28,1,
2-s2.0-85107300411,10.3390/app11104680,Phase change material integration in building envelopes in different building types and climates: Modeling the benefits of active and passive strategies,2021,Applied Sciences Switzerland,,11,10,,Article,Carlucci F.,,,Politecnico di Bari,Italy,31,1,
2-s2.0-85103402498,10.1016/j.jweia.2021.104601,A smart façade system controller for optimized wind-induced vibration mitigation in tall buildings,2021,Journal of Wind Engineering and Industrial Aerodynamics,01676105,212,,,Article,Abdelaziz K.M.,,,Carl R. Ice College of Engineering,United States,28,0,
2-s2.0-85099208246,10.1016/j.tsep.2020.100812,Numerical investigation of indoor thermal comfort and air quality for a multi-purpose hall with various shading and glazing ratios,2021,Thermal Science and Engineering Progress,,22,,,Article,Amini R.,,,MR CFD LLC,Georgia,31,0,
2-s2.0-85100431205,10.1016/j.jclepro.2021.126117,"Development of an integrated tool based on life cycle assessment, Levelized energy, and life cycle cost analysis to choose sustainable Facade Integrated Photovoltaic Systems",2021,Journal of Cleaner Production,09596526,293,,,Article,Hadi E.,,,Khavaran Institute of Higher Education,Iran,30,0,
2-s2.0-85104917961,10.7480/jfde.2021.1.5535,PAOSS : Pneumatically Actuated Origami Sun Shading,2021,Journal of Facade Design and Engineering,2213302X,9,1,147-162,Article,Eisenbarth C.,,,Universität Stuttgart,Germany,7,0,
2-s2.0-85104908798,10.7480/jfde.2021.1.5539,Smart Textile Sun Shading Development of Functional ADAPTEX Prototypes,2021,Journal of Facade Design and Engineering,2213302X,9,1,101-116,Article,Denz P.R.,,,Faculteit Bouwkunde van de TU Delft,Netherlands,12,0,
2-s2.0-85104838454,10.4271/2021-01-0836,"Impact of Powertrain Dimensional Variation on Buzz, Squeak and Rattle Noise for Cradle Type Electric Vehicle",2021,SAE Technical Papers,,,2021,,Conference Paper,Hazra S.,,,Tata Motors Ltd,India,1,0,
2-s2.0-85104840171,10.4271/2021-01-0821,Engine Roll and Its Impact on Powertrain Battery Cable Structural Design,2021,SAE Technical Papers,,,2021,,Conference Paper,Thankaraj R.J.,,,Stellantis N.V.,Netherlands,0,0,
2-s2.0-85100644431,10.1016/j.enbuild.2021.110787,Calibration of energy simulation using optimization for buildings with dynamic shading systems,2021,Energy and Buildings,03787788,236,,,Article,Kunwar N.,,,College of Engineering,United States,30,0,
2-s2.0-85106522002,10.3390/en14071799,Evaluation of building energy performance with optimal control of movable shading device integrated with pv system,2021,Energies,,14,7,,Article,Jung D.E.,,,Hanbat National University,South Korea,9,1,
2-s2.0-85102298720,10.1016/j.solener.2021.01.059,Optimal control of switchable ethylene-tetrafluoroethylene (ETFE) cushions for building façades,2021,Solar Energy,0038092X,218,,180-194,Article,Faramarzi A.,,,Armour College of Engineering,United States,11,0,
2-s2.0-85098986949,10.1016/j.cad.2020.102988,Integrative design and fabrication methodology for bio-inspired folding mechanisms for architectural applications,2021,CAD Computer Aided Design,00104485,133,,,Article,Körner A.,,,Universität Stuttgart,Germany,26,0,
2-s2.0-85099257473,10.1007/s40032-020-00657-5,Simplified Model for Directional Delivery of Air Through Louvers Used in Air-Conditioning Systems,2021,Journal of the Institution of Engineers India Series C,22500545,102,2,427-437,Article,Vidiyala V.,,,S. V. National Institute of Technology,India,0,0,
2-s2.0-85123768643,10.13128/techne-10687,Applied innovation: Technological experiments on biomimetic façade systems and solar panels,2021,Techne,,2,,82-86,Article,Petriccione L.,,,Università degli Studi di Udine,Italy,4,0,
2-s2.0-85112087786,10.13128/techne-10699,Novel component for smart sustainable. Building Envelopes,2021,Techne,,2,,144-148,Article,Rodonò G.,,,Università degli Studi di Catania,Italy,1,0,
2-s2.0-85100081620,10.1016/j.enbuild.2021.110739,"Assessment of control strategy of adaptive façades for heating, cooling, lighting energy conservation and glare prevention",2021,Energy and Buildings,03787788,235,,,Article,Lee D.,,,Inha University,South Korea,35,0,
2-s2.0-85098191209,10.1016/j.energy.2020.119557,Optimal design of an Origami-inspired kinetic façade by balancing composite motion optimization for improving daylight performance and energy efficiency,2021,Energy,03605442,219,,,Article,Le-Thanh L.,,,Van Lang University,Viet Nam,88,0,
2-s2.0-85099219026,10.1016/j.buildenv.2020.107570,Ten questions concerning co-simulation for performance prediction of advanced building envelopes,2021,Building and Environment,03601323,191,,,Article,Taveres-Cachat E.,,,Norges Teknisk-Naturvitenskapelige Universitet;SINTEF Foundation for Scientific and Industrial Research,Norway;Norway,44,1,
2-s2.0-85098989371,10.1016/j.jobe.2020.102113,Self-shaping building skin: Comparative environmental performance investigation of shape-memory-alloy (SMA) response and artificial-intelligence (AI) kinetic control,2021,Journal of Building Engineering,,35,,,Article,Yi H.,,,Ajou University,South Korea,36,0,
2-s2.0-85086149629,10.1108/TR-05-2019-0173,Hospitality technology progress towards intelligent buildings: a perspective article,2021,Tourism Review,16605373,76,1,69-73,Review,Leung R.,,,I-Shou University,Taiwan,30,0,
2-s2.0-85096851236,10.1016/j.applthermaleng.2020.116331,"Deployment and control of adaptive building facades for energy generation, thermal insulation, ventilation and daylighting: A review",2021,Applied Thermal Engineering,13594311,185,,,Article,Alkhatib H.,,,"Technological University Dublin;MaREI, the SFI Research Centre for Energy, Climate and Marine",Ireland;Ireland,97,1,
2-s2.0-85101498447,10.1002/celc.202001595,Electrochromic Polymer Ink Derived from a Sidechain-Modified EDOT for Electrochromic Devices with Colorless Bright State,2021,Chemelectrochem,,8,4,726-734,Article,Macher S.,,,Fraunhofer Institute for Silicate Research ISC,Germany,9,1,
2-s2.0-85105520156,10.3390/en14040953,An improved cuckoo search algorithm for maximum power point tracking of photovoltaic systems under partial shading conditions,2021,Energies,,14,4,,Article,Eltamaly A.M.,,,King Saud University;Faculty of Engineering;K.A. CARE Energy Research and Innovation Center,Saudi Arabia;Egypt;Saudi Arabia,129,1,
2-s2.0-85097079203,10.1016/j.autcon.2020.103464,A review of occupant-centric control strategies for adaptive facades,2021,Automation in Construction,09265805,122,,,Review,Tabadkani A.,,,Deakin University,Australia,52,0,
2-s2.0-85096372838,10.1016/j.enbuild.2020.110589,Development of a performance-based design framework for multifunctional climate-responsive façades,2021,Energy and Buildings,03787788,231,,,Article,Soudian S.,,,Toronto Metropolitan University,Canada,42,0,
2-s2.0-85096829796,10.1016/j.enbuild.2020.110607,Passive control strategies for cooling a non-residential nearly zero energy office: Simulated comfort resilience now and in the future,2021,Energy and Buildings,03787788,231,,,Article,O' Donovan A.,,,Munster Technological University (MTU),Ireland,43,1,
2-s2.0-85136112302,10.1016/B978-0-12-822477-9.00018-8,Biomimetic adaptive building skins: design and performance,2021,Rethinking Building Skins Transformative Technologies and Research Trajectories,,,,181-200,Book Chapter,Kuru A.,,,The University of Sydney;UNSW Sydney,Australia;Australia,4,0,
2-s2.0-85124765122,,An Autonomous Bio-Inspired Shading Façade System based on Plant Movement Principles,2021,Proceedings of the International Conference on Education and Research in Computer Aided Architectural Design in Europe,26841843,2,,463-472,Conference Paper,Sharp A.,,,University of Waterloo,Canada,1,0,
2-s2.0-85101152885,10.15627/jd.2021.5,Biomimetic kinetic shading facade inspired by tree morphology for improving occupant’s daylight performance,2021,Journal of Daylighting,23838701,8,1,65-82,Article,Hosseini S.M.,,,Technische Universiteit Eindhoven,Netherlands,47,1,
2-s2.0-85124652049,10.52842/conf.ecaade.2021.1.365,Towards a Digital Workflow for Designing Bistable Kinetic Façades,2021,Proceedings of the International Conference on Education and Research in Computer Aided Architectural Design in Europe,26841843,1,,365-372,Conference Paper,Vazquez E.,,,Pennsylvania State University,United States,5,1,
2-s2.0-85112286642,10.1080/23311983.2021.1960699,A typology of adaptive façades. An empirical study based on the morphology of glazed facades,2021,Cogent Arts and Humanities,,8,1,,Article,Brzezicki M.,,,Politechnika Wrocławska,Poland,10,1,
2-s2.0-85116026456,10.33383/2019-087,Approaches to optimization for movable shading systems: A review of optimization methods and tools,2021,Light and Engineering,02362945,29,3,123-134,Article,Keskinel Y.,,,Izmir Yüksek Teknoloji Enstitüsü,Turkey,1,0,
2-s2.0-85088046524,10.1016/j.jobe.2020.101554,A user detective adaptive facade towards improving visual and thermal comfort,2021,Journal of Building Engineering,,33,,,Article,Rizi R.A.,,,Özyeğin Üniversitesi,Turkey,84,0,
2-s2.0-85136130089,10.1016/B978-0-12-822477-9.00007-3,Embedding intelligence to control adaptive building envelopes,2021,Rethinking Building Skins Transformative Technologies and Research Trajectories,,,,155-179,Book Chapter,Favoino F.,,,Politecnico di Torino,Italy,9,0,
2-s2.0-85078011441,10.1080/17480272.2020.1713885,Programmable passive actuation for adaptive building façade design using hygroscopic properties of wood,2021,Wood Material Science and Engineering,17480272,16,4,246-259,Article,El-Dabaa R.,,,"Faculty of Engineering, Ain Shams University;Arab Academy for Science and Technology and Maritime Transport Heliopolis Campus",Egypt;Egypt,18,0,
2-s2.0-85121792665,10.2495/SC210331,RESPONSIVE FAÇADES DESIGN USING NANOMATERIALS for OPTIMIZING BUILDINGS' ENERGY PERFORMANCE,2021,Wit Transactions on Ecology and the Environment,1746448X,253,,397-408,Article,Aziz H.N.A.,,,Faculty of Engineering,Egypt,4,1,
2-s2.0-85095915818,10.1016/j.autcon.2020.103450,Design approaches and typologies of adaptive facades: A review,2021,Automation in Construction,09265805,121,,,Review,Tabadkani A.,,,Deakin University,Australia,157,1,
2-s2.0-85105823271,10.35378/gujs.725902,Adaptive architecture based on environmental performance: an advanced intelligent façade (Aif) module,2021,Gazi University Journal of Science,,34,3,630-650,Article,Karakoc E.,,,İstanbul Teknik Üniversitesi,Turkey,9,1,
2-s2.0-85141914528,10.1080/16874048.2021.1920138,"Utilizing dynamic shading system to achieve daylight performance according to LEED standards V.4: case study, university classrooms in Egypt",2021,Hbrc Journal,16874048,17,1,177-200,Article,Ahmed E.B.,,,Beni-Suef University,Egypt,9,1,
2-s2.0-85129265183,,SWITCHING TRANSFORMATION FOR SOFT PNEUMATIC ADAPTIVE SHADING,2021,Structural Membranes 2021 10th International Conference on Textile Composites and Inflatable Structures,,,,,Conference Paper,Aditra R.F.,,,University of Nottingham;Institut Teknologi Bandung,United Kingdom;Indonesia,0,0,
2-s2.0-85101091295,10.1007/978-3-030-59328-5_26,Kinetic Adaptive Façades. A Systematic Review of Technological and Adaptive Features,2021,Polito Springer Series,25096796,,,499-519,Book Chapter,Romano R.,,,Università degli Studi di Firenze,Italy,7,0,
2-s2.0-85106201908,10.1007/978-981-33-6560-5_22,Kinetic Façade Design to Enhance Daylight Performance for Office Building in Malaysia,2021,Lecture Notes in Civil Engineering,23662557,139 LNCE,,201-213,Conference Paper,Moesas O.S.,,,Universiti Putra Malaysia,Malaysia,4,0,
2-s2.0-85120787117,,Adaptive bending-active modules for a tensile solar shading system,2021,Compdyn Proceedings,26233347,2021-June,,,Conference Paper,D'Ambrosio A.,,,Università degli Studi di Salerno,Italy,2,0,
2-s2.0-85130738705,10.1109/ICACEH54312.2021.9768848,Using Smart Colored Windows for Improving Users' Comfort in Buildings,2021,3rd IEEE International Conference on Architecture Construction Environment and Hydraulics 2021 Icaceh 2021,,,,29-33,Conference Paper,Matin N.H.,,,The University of Oklahoma,United States,1,0,
2-s2.0-85081920232,10.1080/00038628.2020.1742644,Design-to-fabrication with thermo-responsive shape memory polymer applications for building skins,2021,Architectural Science Review,00038628,64,1-2,72-86,Article,Yoon J.,,,University of Seoul,South Korea,25,0,
2-s2.0-85120804451,,Geometric patterns and dynamics of foldable moduli for adaptive façades,2021,Compdyn Proceedings,26233347,2021-June,,,Conference Paper,Abbate V.,,,Università degli Studi di Salerno,Italy,0,0,
2-s2.0-85093962315,10.1016/j.buildenv.2020.107385,Design of a passive mechanical system actuated by the nitinol helical springs for shading and sustainable development purposes of the buildings☆,2021,Building and Environment,03601323,187,,,Article,Mansourizadeh K.,,,Politecnico di Milano,Italy,7,0,
2-s2.0-85079216383,10.1080/00038628.2020.1713042,Development of a self-sufficient dynamic façade within the context of climate change,2021,Architectural Science Review,00038628,64,1-2,87-97,Article,Ricci A.,,,Alma Mater Studiorum Università di Bologna,Italy,21,0,
2-s2.0-85129310067,,RETROFITTING OFFICE BUILDINGS: ENHANCING DAYLIGHTING PERFORMANCE WITH SWITCHABLE ETFE DOUBLE-SKIN FAÇADES,2021,Structural Membranes 2021 10th International Conference on Textile Composites and Inflatable Structures,,,,,Conference Paper,Flor J.F.,,,,,2,0,
2-s2.0-85137868865,10.1016/B978-0-12-822477-9.00019-X,"Interactive media facades—research prototypes, application areas and future directions",2021,Rethinking Building Skins Transformative Technologies and Research Trajectories,,,,313-337,Book Chapter,Tomitsch M.,,,The University of Sydney;Central Academy of Fine Arts,Australia;China,7,0,
2-s2.0-85125762052,,Design of Library Extension Featuring a Parametric/Dynamic Façade and Integrated with the Landscape in UAEU Campus,2021,Zemch International Conference,,,,716-729,Conference Paper,Bande L.,,,United Arab Emirates University,United Arab Emirates,0,0,
2-s2.0-85100006012,10.1016/B978-0-12-823767-0.00010-0,Bioshading system design method (BSDM),2021,Climate Change Science Causes Effects and Solutions for Global Warming,,,,195-222,Book Chapter,De Oliveira M.J.,,,Iscte – Instituto Universitário de Lisboa,Portugal,2,2,
2-s2.0-85104797731,10.1080/24751448.2021.1863662,Notes from the Valley of Death: A Case for Entrepreneurship in Architecture,2021,Technology Architecture and Design,24751448,5,1,20-24,Article,Sung D.,,,University of Southern California,United States,0,0,
2-s2.0-85114275649,,Research on photovoltaic system’s maximum power point tracking based on improved automatic bacterial foraging method,2021,UPB Scientific Bulletin Series C Electrical Engineering and Computer Science,22863540,83,3,225-240,Article,Wei L.,,,Jilin Jianzhu University,China,1,0,
2-s2.0-85105299904,10.18848/2325-1662/CGP/V15I01/71-83,Designing an interactive and energy efficient building facade using photo voltaic panels,2021,International Journal of Architectonic Spatial and Environmental Design,23251662,15,1,71-83,Article,Foroughi R.,,,Appalachian State University,United States,1,0,
2-s2.0-85104637043,,The synergy of building massing and facade: An evo-devo approach for performance-based design optimization combining facade design with building massing,2021,Projections Proceedings of the 26th International Conference of the Association for Computer Aided Architectural Design Research in Asia Caadria 2021,,1,,451-460,Conference Paper,Zhang H.,,,Nanjing University,China,10,0,
2-s2.0-85121868197,,Living cities: A dialogue between environment and construction,2021,Sustainable Mediterranean Construction,23851546,,Thirteen,94-98,Article,D’Angelo G.,,,,,0,0,
2-s2.0-85136160419,10.1016/B978-0-12-822477-9.00022-X,"Inverse design for advanced building envelope materials, systems and operation",2021,Rethinking Building Skins Transformative Technologies and Research Trajectories,,,,377-402,Book Chapter,Loonen R.C.G.M.,,,Technische Universiteit Eindhoven,Netherlands,11,0,
2-s2.0-85103482905,10.1007/978-3-030-63879-5_8,Calculation of Thermal Dynamic Characteristics of the Residential Buildings Living Walls,2021,Lecture Notes in Civil Engineering,23662557,122,,105-115,Conference Paper,Kalinović S.M.,,,University of Belgrade,Serbia,2,0,
2-s2.0-85122146867,10.23967/wccm-eccomas.2020.097,Computational modeling of the mechanics of energy harvesters based on tensegrity solar faÇades,2021,World Congress in Computational Mechanics and Eccomas Congress,,900,,,Conference Paper,Miranda R.,,,Università degli Studi di Salerno,Italy,0,1,
2-s2.0-85106145690,10.1007/978-3-030-57332-4_4,"Open Innovation Strategies, Green Policies, and Action Plans for Sustainable Cities—Challenges, Opportunities, and Approaches",2021,Green Energy and Technology,18653529,,,49-68,Conference Paper,Aboulnaga M.,,,"Faculty of Engineering, Cairo University",Egypt,4,0,
2-s2.0-85171377186,10.1016/B978-0-12-823764-9.00009-1,Biointelligent quotient house as an algae-based green building,2021,Handbook of Algal Biofuels Aspects of Cultivation Conversion and Biorefinery,,,,587-598,Book Chapter,Tallou A.,,,Université Sultan Moulay Slimane,Morocco,6,0,
2-s2.0-85098179020,10.1007/978-981-15-8783-2_24,Smart Materials for Adaptive Façade Systems. The Case Study of SELFIE Components,2021,Smart Innovation Systems and Technologies,21903018,203,,285-296,Conference Paper,Romano R.,,,Università degli Studi di Firenze,Italy,4,0,
2-s2.0-85111509119,10.46754/JSSM.2021.06.011,A Qualitative Study On Airflow Characteristics Across A Wooden Slotted Down Window Panel For Passive Ventilation And Façade Shading Application,2021,Journal of Sustainability Science and Management,18238556,16,4,124-136,Article,Rasli N.B.I.,,,School of Civil Engineering,Malaysia,6,1,
2-s2.0-85112712446,10.2478/rtuect-2021-0033,Laboratory Testing of Small-Scale Active Solar Façade Module,2021,Environmental and Climate Technologies,,25,1,455-466,Article,Narbuts J.,,,Riga Technical University,Latvia,7,1,
2-s2.0-85104007221,10.1109/ACCESS.2020.3034310,Performance Analysis and Hardware-in-the-Loop (HIL) Validation of Single Switch High Voltage Gain DC-DC Converters for MPP Tracking in Solar PV System,2021,IEEE Access,,9,,48811-48830,Article,Ahmad J.,,,Zakir Husain College of Engineering and Technology,India,47,1,
2-s2.0-85100042183,10.3390/biomimetics6010008,Proof of concept (Poc) 1.0—implementing a bioshading system design method,2021,Biomimetics,,6,1,1-26,Article,de Oliveira M.J.,,,Iscte – Instituto Universitário de Lisboa,Portugal,1,1,
2-s2.0-85101800826,10.1080/09613218.2021.1889950,Thermal performance of alternative binders lime hemp concrete (LHC) building: comparison with conventional building materials,2021,Building Research and Information,09613218,49,7,763-776,Article,Haik R.,,,Ben-Gurion University of the Negev,Israel,13,0,
2-s2.0-85101737996,10.1109/ACCESS.2021.3060431,An Effective Salp Swarm Based MPPT for Photovoltaic Systems under Dynamic and Partial Shading Conditions,2021,IEEE Access,,9,,34570-34589,Article,Jamaludin M.N.I.,,,Universiti Malaysia Perlis,Malaysia,78,1,
2-s2.0-85113814258,10.14455/ISEC.2021.8(1).STR-12,Full-scale experimental testing to investigate windwind-induced vibrations on curtain wall systems,2021,Proceedings of International Structural Engineering and Construction,,8,1,12-STR-12-6,Conference Paper,Vutukuru K.S.,,,FIU College of Engineering and Computing,United States,5,0,
2-s2.0-85107476783,10.1080/09613218.2021.1934377,Thermal pleasure inside solar screened spaces: an experimental study to explore alliesthesia in architecture,2021,Building Research and Information,09613218,49,7,795-812,Article,Naik N.S.,,,University of Oregon,United States,7,0,
2-s2.0-85124566177,10.1109/ICPSE53473.2021.9656867,Assessment of the Potential of Adaptive Building Envelopes in Beirut,2021,2021 10th International Conference on Power Science and Engineering Icpse 2021,,,,117-120,Conference Paper,Hammoud R.,,,Université Libanaise;Université Saint-Joseph de Beyrouth,Lebanon;Lebanon,1,0,
2-s2.0-85124977232,10.1109/IMCET53404.2021.9665544,On the possibility of using simple weather forecast in the adaptation of building envelopes for energy efficiency,2021,2021 IEEE 3rd International Multidisciplinary Conference on Engineering Technology Imcet 2021,,,,179-183,Conference Paper,Hammoud R.,,,Université Libanaise;Université Saint-Joseph de Beyrouth,Lebanon;Lebanon,1,0,
2-s2.0-85117696817,10.1007/978-3-030-74349-9_10,Potentials of Plant’s Strategies for an Adaptive Building Envelope,2021,Advances in Science Technology and Innovation,25228714,,,131-141,Book Chapter,Nour ElDin N.,,,Faculty of Fine Arts,Egypt,1,0,
2-s2.0-85111840130,10.1007/978-3-030-75890-5_23,Asymptotic Methods for Soliton Excitations,2021,Advanced Structured Materials,18698433,157,,405-422,Book Chapter,Kovalev A.,,,V. N. Karazin Kharkiv National University;B. Verkin Institute for Low Temperature Physics and Engineering of the National Academy of Sciences of Ukraine,Ukraine;Ukraine,2,0,
2-s2.0-85134205523,10.1117/12.2619752,The Application of 350 Degree Laser Scanner in the Gauge Test of Suspended Vehicle,2021,Proceedings of SPIE the International Society for Optical Engineering,0277786X,12058,,,Conference Paper,Li H.,,,CRRC Corporation Limited,China,0,0,
2-s2.0-85099293992,10.1080/10420150.2020.1867138,Kinetic envelope soliton in non-thermal quantum pair-ion plasma and Wigner stability,2021,Radiation Effects and Defects in Solids,10420150,176,5-6,462-480,Article,Chaudhuri S.,,,Jadavpur University,India,2,0,
2-s2.0-85097823159,10.1007/978-3-030-63403-2_39,The Contribution of Great Circles for Building Retractable Polyhedra,2021,Advances in Intelligent Systems and Computing,21945357,1296,,430-445,Conference Paper,Wagner M.A.,,,Universidade Estadual de Campinas,Brazil,0,0,
2-s2.0-85124970694,10.1109/ICSC50472.2021.9666598,Vehicle Lateral Dynamics with Sliding Mode Control Strategy for Evasive Maneuvering,2021,2021 9th International Conference on Systems and Control ICSC 2021,,,,165-172,Conference Paper,Da Silva Junior A.,,,Technische Hochschule Ingolstadt,Germany,2,2,
2-s2.0-85126525659,,Systemization of Cities Beyond Industry 4.0,2021,Ctbuh Journal,19461186,2021,2,46-53,Article,Ferng J.,,,"AECOM Technology Corporation, Australia",Australia,1,0,
2-s2.0-85089441901,10.1007/s12567-020-00331-7,Validation and verification of a nanosatellite passive isolator for pyroshock attenuation,2021,Ceas Space Journal,18682502,13,1,133-143,Article,Almesmari A.,,,Khalifa University;YahSat Space Lab,United Arab Emirates;United Arab Emirates,4,0,
2-s2.0-85104604035,10.1515/cls-2021-0013,Folded surface elements coupled with planar scissor linkages: A novel hybrid type of deployable structures,2021,Curved and Layered Structures,,8,1,137-146,Article,Vlachaki E.,,,University of Patras,Greece,15,1,
2-s2.0-85171538240,10.33586/hya.2019.2882,Forming process of façade panels by curved folding with combined geometric and mechanical optimisation,2020,Hormigon Y Acero,04395689,71,292,63-69,Article,Berrubé A.,,,T/E/S/S atelier d'ingénierie,France,0,1,
2-s2.0-85091640124,10.1016/j.jclepro.2020.123343,Potential of building integrated and attached/applied photovoltaic (BIPV/BAPV) for adaptive less energy-hungry building's skin: A comprehensive review,2020,Journal of Cleaner Production,09596526,276,,,Review,Ghosh A.,,,University of Exeter,United Kingdom,312,2,
2-s2.0-85097157612,10.1002/bapi.202000034,Exploring the potential of dynamic façade systems: an exterior shading system versus a switchable window,2020,Bauphysik,01715445,42,6,277-288,Article,Kheybari A.G.,,,Rheinland-Pfälzische Technische Universität Kaiserslautern-Landau,Germany,8,1,
2-s2.0-85097083308,10.3390/su122310118,Development and validation of a roadmap to assist the performance-based early-stage design process of adaptive opaque facades,2020,Sustainability Switzerland,,12,23,1-28,Article,Juaristi M.,,,Universidad de Navarra,Spain,13,1,
2-s2.0-85092929162,10.1016/j.eng.2020.07.020,Tall Buildings with Dynamic Facade Under Winds,2020,Engineering,20958099,6,12,1443-1453,Article,Ding F.,,,University of Notre Dame,United States,61,1,
2-s2.0-85096679911,10.1016/j.solener.2020.11.003,Evaluation of the effectiveness of a multi-sectional facade with Venetian blinds and roller shades with automated shading control strategies,2020,Solar Energy,0038092X,212,,241-257,Article,Do C.T.,,,"College of Engineering, National Taiwan University",Taiwan,37,0,
2-s2.0-85090706239,10.1016/j.autcon.2020.103397,A fuzzy-logic IoT lighting and shading control system for smart buildings,2020,Automation in Construction,09265805,120,,,Article,Chiesa G.,,,Politecnico di Torino,Italy,97,0,
2-s2.0-85097335556,,The adaptive envelope and its role in providing improvements for high-rise buildings performance,2020,Journal of Engineering and Applied Science,11101903,67,7,1613-1632,Article,Abdullah M.R.,,,Cairo University,Egypt,0,0,
2-s2.0-85099220530,10.1186/s43065-020-00011-0,Large-scale inflatable structures for tunnel protection: a review of the Resilient Tunnel Plug project,2020,Journal of Infrastructure Preservation and Resilience,,1,1,,Review,Sosa E.M.,,,Benjamin M. Statler College of Engineering and Mineral Resources,United States,12,1,
2-s2.0-85099553034,10.1109/EEAE49144.2020.9279078,The influence of solar-shading systems on an office building cooling load,2020,2020 7th International Conference on Energy Efficiency and Agricultural Engineering EE and Ae 2020 Proceedings,,,,,Conference Paper,Damian A.,,,Universitatea Tehnica de Constructii Bucuresti,Romania,2,0,
2-s2.0-85096997179,10.1063/5.0032997,How did the knowledge of CPV contribute to the standardization activity of VIPV?,2020,Aip Conference Proceedings,0094243X,2298,,,Conference Paper,Araki K.,,,Toyota Technological Institute,Japan,6,1,
2-s2.0-85096432051,10.1088/1757-899X/951/1/012014,Progressive Collapse of flat slab structures-key elements and connections,2020,Iop Conference Series Materials Science and Engineering,17578981,951,1,,Conference Paper,Sokolova G.,,,"University of Architecture, Civil Engineering and Geodesy",Bulgaria,0,1,
2-s2.0-85089419516,10.1016/j.enbuild.2020.110377,Tunable infrared transmission for energy-efficient pneumatic building façades,2020,Energy and Buildings,03787788,226,,,Article,Tomholt L.,,,Wyss Institute for Biologically Inspired Engineering;Harvard Graduate School of Design,United States;United States,17,0,
2-s2.0-85087678583,10.1016/j.scs.2020.102368,Optimum design of building integrated PV module as a movable shading device,2020,Sustainable Cities and Society,22106707,62,,,Article,Akbari Paydar M.,,,University of Tehran,Iran,78,0,
2-s2.0-85091204812,10.1016/j.buildenv.2020.107292,A multi-objective optimization approach for climate-adaptive building envelope design using parametric behavior maps,2020,Building and Environment,03601323,185,,,Article,Kim H.,,,"California State University, Sacramento",United States,96,1,
2-s2.0-85092247207,10.1016/j.enconman.2020.113480,Reliability and losses investigation of photovoltaic power generators during partial shading,2020,Energy Conversion and Management,01968904,223,,,Article,Satpathy P.R.,,,Siksha O Anusandhan (Deemed to be University),India,38,0,
2-s2.0-85089254762,10.1007/s40940-020-00126-6,Slumped IGU’s with large airspaces: engineering challenges and solutions,2020,Glass Structures and Engineering,23635142,5,3,287-299,Article,Bott D.,,,Heintges Consulting Architects & Engineers P.C.,United States,2,0,
2-s2.0-85096365504,10.1088/1742-6596/1659/1/012041,Solar Road Power Generation Assessment Based on Coupled Transportation and Power Distribution Systems,2020,Journal of Physics Conference Series,17426588,1659,1,,Conference Paper,Wu L.,,,Hohai University,China,11,1,
2-s2.0-85060331691,10.1080/17508975.2018.1562414,Factors affecting the design and development of responsive facades: a historical evolution,2020,Intelligent Buildings International,17508975,12,4,257-270,Review,Heidari Matin N.,,,Eastern Michigan University,United States,22,0,
2-s2.0-85094943627,10.1088/1361-665X/abb987,"Design, prototyping, and evaluation of a concept for a shape-changing smart material building surface tile",2020,Smart Materials and Structures,09641726,29,11,,Article,Zupan R.J.,,,University of Pittsburgh,United States,10,2,
2-s2.0-85096526581,,The impact of kinetic principles of traditional architecture in producing modern kinetic buildings,2020,Journal of Green Engineering,19044720,10,10,8259-8283,Article,Wahhab K.A.,,,Al-Nahrain University,Iraq,1,0,
2-s2.0-85090335845,10.1016/j.jmsy.2020.08.017,A comprehensive adaptive approach to calculating the envelope surface of the digital models in CNC machining,2020,Journal of Manufacturing Systems,02786125,57,,119-132,Article,Liu X.,,,Central South University,China,12,0,
2-s2.0-85084830682,10.1002/ese3.725,Future trends and main concepts of adaptive facade systems,2020,Energy Science and Engineering,,8,9,3255-3272,Article,Attia S.,,,Université de Liège,Belgium,74,1,
2-s2.0-85084033487,10.1016/j.jobe.2020.101404,Integrating interactive kinetic façade design with colored glass to improve daylight performance based on occupants’ position,2020,Journal of Building Engineering,,31,,,Article,Hosseini S.M.,,,Technische Universiteit Eindhoven,Netherlands,67,1,
2-s2.0-85094326094,10.1109/APPEEC48164.2020.9220378,PV Hosting Capacity Assessment of Solar Road Considering Dynamic Shading and Spatial Correlation,2020,Asia Pacific Power and Energy Engineering Conference Appeec,21574839,2020-September,,,Conference Paper,Wu L.,,,Hohai University,China,5,0,
2-s2.0-85085270237,10.1016/j.scs.2020.102232,Dynamic Climate Analysis for early design stages: a new methodological approach to detect preferable Adaptive Opaque Façade Responses,2020,Sustainable Cities and Society,22106707,60,,,Article,Juaristi M.,,,Universidad de Navarra,Spain,19,0,
2-s2.0-85083000344,10.1016/j.jobe.2020.101397,Prototype of a cyber-physical façade system,2020,Journal of Building Engineering,,31,,,Article,Böke J.,,,Delft University of Technology,Netherlands,19,1,
2-s2.0-85086497914,10.1061/(ASCE)AE.1943-5568.0000419,New Approach in Designing a Kinetic Window Shading Using Optimization Methods,2020,Journal of Architectural Engineering,10760431,26,3,,Article,Foroughi R.,,,Appalachian State University,United States,6,0,
2-s2.0-85085250686,10.1061/(ASCE)AE.1943-5568.0000410,Simulation Workflow for Parametric Optimization of Outdoor Comfort-Based Origami Shelter,2020,Journal of Architectural Engineering,10760431,26,3,,Article,Rodonò G.,,,Università degli Studi di Catania,Italy,13,0,
2-s2.0-85087008459,10.1016/j.ejvs.2020.05.023,Early Renal Function Alterations in Renal Branches vs. Renal Fenestrations – A Dynamic Scintigraphy Based Prospective Study,2020,European Journal of Vascular and Endovascular Surgery,10785884,60,3,395-401,Article,Orrico M.,,,Università degli Studi di Siena;Azienda Ospedaliera San Camillo Forlanini,Italy;Italy,4,1,
2-s2.0-85090845855,10.3390/POLYM12091914,Shape memory polymer foam with programmable apertures,2020,Polymers,,12,9,,Article,Walter M.,,,Fraunhofer-Institut für Angewandte Polymerforschung,Germany,18,1,
2-s2.0-85114074650,10.1145/3406184,Efficient Adaptive Deferred Shading with Hardware Scatter Tiles,2020,Proceedings of the ACM on Computer Graphics and Interactive Techniques,,3,2,,Article,Mallett I.,,,The University of Utah,United States,2,0,
2-s2.0-85090332201,10.1088/1757-899X/890/1/012169,Images of associative psychology as a generator of architectural education ideas,2020,Iop Conference Series Materials Science and Engineering,17578981,890,1,,Conference Paper,Marina S.,,,Kazan State University of Architecture and Engineering,Russian Federation,3,1,
2-s2.0-85091373991,10.1088/1757-899X/879/1/012145,Utilizing Technology of Dynamic Faces on Buildings,2020,Iop Conference Series Materials Science and Engineering,17578981,879,1,,Conference Paper,Fattah D.P.M.,,,Universitas Komputer Indonesia,Indonesia,0,1,
2-s2.0-85086162735,10.1016/j.solener.2020.05.087,Innovative control approaches to assess energy implications of adaptive facades based on simulation using EnergyPlus,2020,Solar Energy,0038092X,206,,256-268,Article,Tabadkani A.,,,Deakin University,Australia,60,0,
2-s2.0-85089192606,10.1039/c9se01246j,Destructive reverse bias pinning in perovskite/silicon tandem solar modules caused by perovskite hysteresis under dynamic shading,2020,Sustainable Energy and Fuels,,4,8,4067-4075,Article,Qian J.,,,The Australian National University,Australia,31,2,
2-s2.0-85076507965,10.1016/j.renene.2019.12.004,Thermal and visual comfort analysis of adaptive vacuum integrated switchable suspended particle device window for temperate climate,2020,Renewable Energy,09601481,156,,1361-1372,Article,Nundy S.,,,Sungkyunkwan University,South Korea,95,2,
2-s2.0-85083816257,10.1016/j.enbuild.2020.110020,Parametric behavior maps: A method for evaluating the energy performance of climate-adaptive building envelopes,2020,Energy and Buildings,03787788,219,,,Article,Kim H.,,,"California State University, Sacramento",United States,39,0,
2-s2.0-85085554038,10.1016/j.solener.2020.05.080,"Development, testing and evaluation of energy savings potentials of photovoltachromic windows in office buildings. A perspective study for Australian climates",2020,Solar Energy,0038092X,205,,358-371,Article,Fiorito F.,,,UNSW Sydney;Politecnico di Bari,Australia;Italy,32,0,
2-s2.0-85086653930,10.1016/j.joule.2020.05.008,Electrolyte for Improved Durability of Dynamic Windows Based on Reversible Metal Electrodeposition,2020,Joule,,4,7,1501-1513,Article,Hernandez T.S.,,,Stanford University;College of Engineering and Applied Science,United States;United States,93,1,
2-s2.0-85088433108,10.3389/fbuil.2020.00095,Integrating Ionic Electroactive Polymer Actuators and Sensors Into Adaptive Building Skins – Potentials and Limitations,2020,Frontiers in Built Environment,,6,,,Article,Neuhaus R.,,,Universität Stuttgart,Germany,22,1,
2-s2.0-85089198087,10.3390/BUILDINGS10070114,A framework to achieve multifunctionality in biomimetic adaptive building skins,2020,Buildings,,10,7,,Article,Kuru A.,,,UNSW Sydney,Australia,33,1,
2-s2.0-85083325294,10.1016/j.enbuild.2020.110050,Energy consumption of water-filled glass (WFG) hybrid building envelope,2020,Energy and Buildings,03787788,218,,,Article,Gutai M.,,,Loughborough University,United Kingdom,43,2,
2-s2.0-85088457239,10.1051/e3sconf/202017202009,Managing climate-change-induced overheating in non-residential buildings,2020,E3s Web of Conferences,25550403,172,,,Conference Paper,Badura A.,,,Berlin University of Applied Sciences,Germany,1,1,
2-s2.0-85081652116,10.1016/j.jclepro.2020.120708,An experimental study of vertical greenery systems for window shading for energy saving in summer,2020,Journal of Cleaner Production,09596526,259,,,Article,Zheng X.,,,Chongqing University,China,57,2,
2-s2.0-85084736550,10.1016/j.buildenv.2020.106880,Occupant-Facade interaction: a review and classification scheme,2020,Building and Environment,03601323,177,,,Article,Luna-Navarro A.,,,University of Cambridge,United Kingdom,68,2,
2-s2.0-85083332795,10.1016/j.enbuild.2020.109968,Auto-responsive technologies for thermal renovation of opaque facades,2020,Energy and Buildings,03787788,217,,,Article,Andrade Santos R.,,,CERIS – Civil Engineering Research and Innovation for Sustainability,Portugal,23,0,
2-s2.0-85088145745,10.1088/1757-899X/809/1/012005,Research on Adaptive Facade Renovation Design of Industrial Architectural Heritage: A Case Study of Nanjing Hutchison Factory,2020,Iop Conference Series Materials Science and Engineering,17578981,809,1,,Conference Paper,Wu Y.,,,Southeast University,China,0,1,
2-s2.0-85076254654,10.1016/j.foar.2019.10.004,A computational approach for achieving optimum daylight inside buildings through automated kinetic shading systems,2020,Frontiers of Architectural Research,20952635,9,2,335-349,Article,Samadi S.,,,Texas A&M University,United States,61,1,
2-s2.0-85057366878,10.1109/TVCG.2018.2883314,Tile Pair-Based Adaptive Multi-Rate Stereo Shading,2020,IEEE Transactions on Visualization and Computer Graphics,10772626,26,6,2303-2314,Article,Yuan Y.,,,National Key Laboratory of Computer-Aided Design and Graphics Systems,China,3,0,
2-s2.0-85085911472,10.3390/su12114391,Performance evaluation and design of thermo-responsive SMP shading prototypes,2020,Sustainability Switzerland,,12,11,,Article,Yoon J.,,,University of Seoul,South Korea,22,1,
2-s2.0-85094812727,10.1109/icSmartGrid49881.2020.9144954,Modeling and Implementation of an Adaptive Facade Design for Energy Efficiently Buildings Based Biomimicry,2020,8th International Conference on Smart Grid Icsmartgrid 2020,,,,140-145,Conference Paper,Nalcaci G.,,,Middle East Technical University (METU),Turkey,26,0,
2-s2.0-85081115350,10.1016/j.autcon.2020.103151,3D-printed attachable kinetic shading device with alternate actuation: Use of shape-memory alloy (SMA) for climate-adaptive responsive architecture,2020,Automation in Construction,09265805,114,,,Article,Yi H.,,,Ajou University,South Korea,63,0,
2-s2.0-85078105040,10.1016/j.renene.2020.01.070,Climate response of a BiPV façade system enhanced with latent PCM-based thermal energy storage,2020,Renewable Energy,09601481,152,,368-384,Article,Čurpek J.,,,Slovak University of Technology in Bratislava;Brno University of Technology,Slovakia;Czech Republic,79,0,
2-s2.0-85087803642,10.3390/en13123216,Evaluation of mathematical model to characterize the performance of conventional and hybrid PV array topologies under static and dynamic shading patterns,2020,Energies,,13,12,,Article,Premkumar M.,,,GMR Institute of Technology,India,108,1,
2-s2.0-85058104789,10.1109/TVCG.2018.2884940,Interaction Driven Enhancement of Depth Perception in Angiographic Volumes,2020,IEEE Transactions on Visualization and Computer Graphics,10772626,26,6,2247-2257,Article,Drouin S.,,,McConnell Brain Imaging Centre,Canada,8,2,
2-s2.0-85140060613,,Hydrogel-Based Evaporative and Radiative Cooling Prototype for Hot-Arid Climates,2020,Simaud 2020 Proceedings of the 11th Annual Symposium on Simulation for Architecture and Urban Design,,,,,Conference Paper,Aviv D.,,,University of Pennsylvania;Princeton University,United States;United States,5,0,
2-s2.0-85128181107,,"Wood-based Responsive Systems: A Workflow for Simulating, Predicting and Steering Material Performance in Architectural Design",2020,Simaud 2020 Proceedings of the 11th Annual Symposium on Simulation for Architecture and Urban Design,,,,,Conference Paper,Fragkia V.,,,Aalborg University,Denmark,1,0,
2-s2.0-85081731264,10.1016/j.buildenv.2020.106801,A review of automatic control strategies based on simulations for adaptive facades,2020,Building and Environment,03601323,175,,,Review,Tabadkani A.,,,Deakin University,Australia,82,0,
2-s2.0-85081216955,10.1016/j.apenergy.2020.114797,Enhancing building energy efficiency by adaptive façade: A computational optimization approach,2020,Applied Energy,03062619,265,,,Article,Bui D.K.,,,University of Melbourne,Australia,119,0,
2-s2.0-85081971163,10.1016/j.solener.2020.03.017,Influence of two motion types on solar transmittance and daylight performance of dynamic façades,2020,Solar Energy,0038092X,201,,561-580,Article,Shi X.,,,Tianjin University,China,58,0,
2-s2.0-85079325450,10.1016/j.autcon.2020.103113,Automated adaptive façade functions in practice - Case studies on office buildings,2020,Automation in Construction,09265805,113,,,Article,Böke J.,,,Delft University of Technology,Netherlands,38,1,
2-s2.0-85079685271,10.1016/j.rser.2020.109719,Simulation and experimental validation of fast adaptive particle swarm optimization strategy for photovoltaic global peak tracker under dynamic partial shading,2020,Renewable and Sustainable Energy Reviews,13640321,124,,,Article,Eltamaly A.M.,,,King Saud University;Faculty of Engineering,Saudi Arabia;Egypt,112,0,
2-s2.0-85111293681,10.1145/3384537,Real-time Approximation of Photometric Polygonal Lights,2020,Proceedings of the ACM on Computer Graphics and Interactive Techniques,,3,1,,Article,Luksch C.,,,VRVis Research Center,Austria,3,0,
2-s2.0-85080077231,10.1016/j.energy.2020.117190,Energy savings and daylighting evaluation of dynamic venetian blinds and lighting through full-scale experimental testing,2020,Energy,03605442,197,,,Article,Kunwar N.,,,College of Engineering,United States,73,0,
2-s2.0-85077903224,10.1002/stc.2463,Explorative study on adaptive facades with superelastic antagonistic actuation,2020,Structural Control and Health Monitoring,15452255,27,4,,Article,Amarante dos Santos F.,,,Faculdade de Ciências e Tecnologia da Universidade Nova de Lisboa,Portugal,10,0,
2-s2.0-85083718105,10.1371/journal.pone.0231554,Occupant-centered optimization framework to evaluate and design new dynamic shading typologies,2020,Plos One,,15,4,,Article,Charpentier V.,,,School of Engineering and Applied Science,United States,7,1,
2-s2.0-85083001459,10.1016/j.mechrescom.2020.103503,Mechanics of smart origami sunscreens with energy harvesting ability,2020,Mechanics Research Communications,00936413,105,,,Article,Miranda R.,,,Università degli Studi di Salerno,Italy,45,0,
2-s2.0-85083862307,10.1109/TVT.2020.2974506,Adaptive Deep Learning Aided Digital Predistorter Considering Dynamic Envelope,2020,IEEE Transactions on Vehicular Technology,00189545,69,4,4487-4491,Article,Sun J.,,,School of Communications and Information Engineering,China,34,0,
2-s2.0-85078716275,10.1016/j.applthermaleng.2020.114900,Effects of static and dynamic shading on thermodynamic and electrical performance for photovoltaic panels,2020,Applied Thermal Engineering,13594311,169,,,Article,Bayrak F.,,,Siirt Üniversitesi,Turkey,47,0,
2-s2.0-85082575519,10.1088/1755-1315/426/1/012107,A study of an adaptive building facade in West Jakarta,2020,Iop Conference Series Earth and Environmental Science,17551307,426,1,,Conference Paper,Saputra S.H.,,,Bina Nusantara University,Indonesia,0,1,
2-s2.0-85082446690,10.1088/1757-899X/753/2/022065,The Prospects of Application in Russia New Generation of Envelopes - Dynamic/Adaptive Facades,2020,Iop Conference Series Materials Science and Engineering,17578981,753,2,,Conference Paper,Spiridonov A.,,,Russian Academy of Architecture and Construction Science,Russian Federation,0,1,
2-s2.0-85078165861,10.1016/j.enbuild.2020.109762,An assessment of the load modifying potential of model predictive controlled dynamic facades within the California context,2020,Energy and Buildings,03787788,210,,,Article,Gehbauer C.,,,Lawrence Berkeley National Laboratory,United States,44,1,
2-s2.0-85101734566,10.5749/envispacplac.12.1.0110,"(In)stable Boundaries–towards Adaptive Architecture: Interrelated Changes in Architecture, Atmosphere and Human Experience",2020,Environment Space Place,20665377,12,1,110-128,Article,Ulber M.,,,HafenCity University Hamburg,Germany,2,0,
2-s2.0-85081748792,10.3390/en13051254,Maximum power point tracking technology of photovoltaic array under partial shading based on adaptive improved differential evolution algorithm,2020,Energies,,13,5,,Article,Zhang P.,,,Shandong University,China,13,1,
2-s2.0-85078998867,10.1016/j.solener.2020.01.070,Novel Grass Hopper optimization based MPPT of PV systems for complex partial shading conditions,2020,Solar Energy,0038092X,198,,499-518,Article,Mansoor M.,,,University of Science and Technology of China,China,164,0,
2-s2.0-85076591468,10.1016/j.enbuild.2019.109661,Economic model predictive control of space heating and dynamic solar shading,2020,Energy and Buildings,03787788,209,,,Article,Knudsen M.D.,,,Aarhus Universitet,Denmark,35,1,
2-s2.0-85074022155,10.1080/23744731.2019.1642095,Body force model for simulating airflow through dynamically oscillating louvers,2020,Science and Technology for the Built Environment,23744731,26,2,219-228,Article,Pati B.,,,"National Institute of Technology, Durgapur",India,0,0,
2-s2.0-85101809210,10.3390/buildings10020022,Evaluating the Influence of Varied External Shading Elements on Internal Daylight Illuminances,2020,Buildings,,10,2,,Article,Grobman Y.J.,,,Technion - Israel Institute of Technology,Israel,17,1,
2-s2.0-85081231680,10.3390/app10041218,A methodology of interactive motion facades design through parametric strategies,2020,Applied Sciences Switzerland,,10,4,,Article,Panya D.S.,,,Kyungpook National University (KNU),South Korea,24,1,
2-s2.0-85075860107,10.1016/j.apenergy.2019.114183,Suppression strategy of short-term and long-term environmental disturbances for maritime photovoltaic system,2020,Applied Energy,03062619,259,,,Article,Tang R.,,,Wuhan University of Technology,China,39,0,
2-s2.0-85072035566,10.1007/s12273-019-0562-0,Comparison of passive cooling techniques in reducing overheating of clay-straw building in semi-arid climate,2020,Building Simulation,19963599,13,1,65-88,Article,Sghiouri H.,,,Université Mohammed Premier Oujda,Morocco,35,0,
2-s2.0-85078287826,10.1063/1.5128474,Bionic torus as a self-adaptive soft grasper in robots,2020,Applied Physics Letters,00036951,116,2,,Article,Zang H.,,,Southwest University of Science and Technology,China,29,0,
2-s2.0-85076808957,10.1080/13467581.2019.1696206,Design strategies and energy performance of a net-zero energy house based on natural philosophy,2020,Journal of Asian Architecture and Building Engineering,13467581,19,1,1-15,Article,Shi F.,,,Xiamen University,China,23,1,
2-s2.0-85184991093,,The impact of kinetic facades on building occupants Psychological state and cognitive performance,2020,PLEA 2020 35th PLEA Conference on Passive and Low Energy Architecture Planning Post Carbon Cities Proceedings,,2,,926-931,Conference Paper,Petersen S.,,,Aarhus Universitet,Denmark,1,0,
2-s2.0-85067350173,10.1007/978-3-030-20151-7_37,Dynamic Façades: Optimization of Natural Light at Workplaces,2020,Advances in Intelligent Systems and Computing,21945357,966,,392-402,Conference Paper,Preto S.,,,Universidade de Lisboa,Portugal,3,0,
2-s2.0-85085959044,10.1007/978-3-030-33570-0_19,Adaptive skins: towards new material systems,2020,Research for Development,21987300,,,209-219,Book Chapter,Albag O.,,,,,11,1,
2-s2.0-85091338421,10.52842/conf.caadria.2020.1.579,Parametric modelling and simulation of an indoor temperature responsive rotational shading system design,2020,Re Anthropocene Design in the Age of Humans Proceedings of the 25th International Conference on Computer Aided Architectural Design Research in Asia Caadria 2020,,1,,579-588,Conference Paper,Cheng J.,,,The University of Sheffield,United Kingdom,2,1,
2-s2.0-85097526375,,Designing a dynamic fenestration to improve visual performance in educational spaces using daylight,2020,Periodicals of Engineering and Natural Sciences,,8,3,1898-1910,Article,Ma'bdeh S.,,,Jordan University of Science and Technology,Jordan,6,0,
2-s2.0-85128244716,10.52842/conf.ecaade.2020.1.133,Hygrosensitive Kinetic Facade: A full-scale meteorosensitive shading system based on wood's self-actuated hygroscopic behavior,2020,Proceedings of the International Conference on Education and Research in Computer Aided Architectural Design in Europe,26841843,1,,133-142,Conference Paper,Nan M.,,,University of Virginia,United States,4,0,
2-s2.0-85086049751,10.1007/978-3-030-47016-6_3,Selected high-performance building envelopes,2020,Green Energy and Technology,18653529,,,67-100,Book Chapter,Hachem-Vermette C.,,,University of Calgary,Canada,3,0,
2-s2.0-85141912564,,"Single-Skin and Multi-Skin Building Envelopes in Extreme Sub-Arctic Climates: Biophilic, Healthy Lighting and Thermal Performance Evaluations",2020,PLEA 2020 35th PLEA Conference on Passive and Low Energy Architecture Planning Post Carbon Cities Proceedings,,1,,475-479,Conference Paper,Parsaee M.,,,Université Laval,Canada,1,0,
2-s2.0-85099731186,,Dynamics of tensegrity solar FaÇades operating as mechanical energy harvesters,2020,Proceedings of the International Conference on Structural Dynamic Eurodyn,23119020,1,,2113-2122,Conference Paper,Miranda R.,,,Università degli Studi di Salerno,Italy,1,0,
2-s2.0-85085959535,,Thermo-shading: Digital design and additive manufacturing of SMP prototypes,2020,Re Anthropocene Design in the Age of Humans Proceedings of the 25th International Conference on Computer Aided Architectural Design Research in Asia Caadria 2020,,1,,35-44,Conference Paper,Yoon J.,,,University of Seoul,South Korea,2,0,
2-s2.0-85103648888,,Semi-passive architecture facade design,2020,Proceedings of the International Conference of Architectural Science Association,,2020-November,,946-955,Conference Paper,Hsu P.H.,,,National Chiao Tung University,Taiwan,1,0,
2-s2.0-85185220756,,The Impact of Static and Dynamic Solar Screens on the Indoor Thermal Environment and Predicted Thermal Comfort,2020,PLEA 2020 35th PLEA Conference on Passive and Low Energy Architecture Planning Post Carbon Cities Proceedings,,1,,103-108,Conference Paper,Naik N.,,,University of Oregon,United States,0,0,
2-s2.0-85089282163,10.1016/B978-0-12-819481-2.00012-X,Building integrated photobioreactor,2020,Bio Based Materials and Biotechnologies for Eco Efficient Construction,,,,243-258,Book Chapter,Umdu E.S.,,,Yaşar Üniversitesi,Turkey,13,0,
2-s2.0-85104924617,,Adaptive textile facades through the integration of shape memory alloy,2020,Proceedings of the 40th Annual Conference of the Association for Computer Aided Design in Architecture Distributed Proximities Acadia 2020,,1,,360-370,Conference Paper,Schneider M.,,,weißensee Kunsthochschule Berlin,Germany,5,0,
2-s2.0-85096044479,10.7480/jfde.2020.1.4700,A novel approach to shape memory alloys applied to passive adaptive shading systems,2020,Journal of Facade Design and Engineering,2213302X,8,1,43-64,Article,Vercesi L.,,,Politecnico di Milano;Buro Happold Ltd,Italy;United Kingdom,11,0,
2-s2.0-105007397822,10.1002/9783433609613.ch37,The use of biological models for building engineering design,2020,Physical Models their Historical and Current Use in Civil and Building Engineering Design,,,,1005-1016,Book Chapter,Knippers J.,,,Universität Stuttgart,Germany,1,0,
2-s2.0-85090259646,10.4186/ej.2020.24.4.229,Prototype of automated shading device: preliminary development,2020,Engineering Journal,01258281,24,4,229-238,Article,Nurjannah A.,,,"Ministry of Public Works, Jakarta",Indonesia,5,1,
2-s2.0-85091330349,,Hygro-compliant: Responsive architecture with passively actuated compliant mechanisms,2020,Re Anthropocene Design in the Age of Humans Proceedings of the 25th International Conference on Computer Aided Architectural Design Research in Asia Caadria 2020,,1,,223-232,Conference Paper,Loo S.Y.N.,,,Singapore University of Technology and Design,Singapore,0,0,
2-s2.0-85083065546,10.1007/978-3-030-29041-2_35,Moving Forward to 3D/4D Printed Building Facades,2020,Lecture Notes in Mechanical Engineering,21954356,,,277-282,Conference Paper,Craveiro F.,,,"School of Technology and Management;Centro de Investigação em Arquitetura, Urbanismo e Design",Portugal;Portugal,5,0,
2-s2.0-85128206398,,Extending the Passive Actuation of Low-tech Architectural Adaptive Systems by Integrating Hygroscopic and Thermal Properties of Wood,2020,Proceedings of the International Conference on Education and Research in Computer Aided Architectural Design in Europe,26841843,2,,641-650,Conference Paper,Ibrahim A.,,,The American University in Cairo,Egypt,2,0,
2-s2.0-85071652593,10.1177/0142331219865627,Photovoltaic maximum power point tracking under dynamic partial shading changes by novel adaptive particle swarm optimization strategy,2020,Transactions of the Institute of Measurement and Control,01423312,42,1,104-115,Article,Eltamaly A.M.,,,King Saud University;Faculty of Engineering,Saudi Arabia;Egypt,54,0,
2-s2.0-85075417999,10.1016/j.energy.2019.116448,Comparison of energy conservation measures considering adaptive thermal comfort and climate change in existing Mediterranean dwellings,2020,Energy,03605442,190,,,Article,Bienvenido-Huertas D.,,,Universidad de Sevilla,Spain,33,2,
2-s2.0-85096784584,10.1115/SMASIS2020-2302,Design optimization of shape memory alloy-based adaptive building skins for thermal regulation,2020,ASME 2020 Conference on Smart Materials Adaptive Structures and Intelligent Systems Smasis 2020,,,,,Conference Paper,Fang Y.,,,Chongqing University;Samueli School of Engineering,China;United States,0,0,
2-s2.0-85140706482,10.1016/B978-0-12-820791-8.00017-1,Building performance of thermochromic glazing,2020,Eco Efficient Materials for Reducing Cooling Needs in Buildings and Construction Design Properties and Applications,,,,401-437,Book Chapter,Favoino F.,,,Politecnico di Torino,Italy,7,0,
2-s2.0-85185006802,,The Potential of Electrochromic Glazing for Occupant Well-Being and Reduced Energy Load in a Mediterranean Climate,2020,PLEA 2020 35th PLEA Conference on Passive and Low Energy Architecture Planning Post Carbon Cities Proceedings,,3,,1733-1738,Conference Paper,Magri E.,,,L-Università ta' Malta,Malta,0,0,
2-s2.0-85083220796,,Dry magnetic separation of magnetite ores,2020,Periodico Tche Quimica,18060374,17,34,700-710,Article,Chokin K.S.,,,Institute of Physics and Technology Kazakhstan,Kazakhstan,3,0,
2-s2.0-85090829802,,Numerical and experimental characterization of the thermal behavior of complex fenestrations systems under dynamic conditions,2020,Building Simulation Applications,,2020-June,,109-116,Conference Paper,Demanega I.,,,Eurac Research,Italy,2,0,
2-s2.0-85105096140,10.1016/j.ifacol.2020.12.1585,Facade-integrated semi-active vibration control for wind-excited super-slender tall buildings,2020,IFAC Papersonline,,53,2,8395-8400,Conference Paper,Zhang Y.,,,Brandenburg University of Technology Cottbus-Senftenberg,Germany,10,1,
2-s2.0-85088013001,10.1016/j.promfg.2020.02.238,Bioclimatic building design theory and application,2020,Procedia Manufacturing,,44,,326-333,Conference Paper,Couvelas A.,,,Couvelas-Kouvelas Architects,Greece,16,1,
2-s2.0-85086699675,10.1109/ACCESS.2020.2999311,An Improved Gray Wolf Optimizer MPPT Algorithm for PV System with BFBIC Converter under Partial Shading,2020,IEEE Access,,8,,103476-103490,Article,Guo K.,,,Chongqing University,China,194,1,
2-s2.0-85070110145,10.1016/j.renene.2019.07.119,Carbon counter electrode mesoscopic ambient processed & characterised perovskite for adaptive BIPV fenestration,2020,Renewable Energy,09601481,145,,2151-2158,Article,Ghosh A.,,,University of Exeter,United Kingdom,54,1,
2-s2.0-85095409202,,Investigating the impacts of solar screens on occupant's thermal comfort: An observational field study,2020,ASHRAE Transactions,00012505,126,,99-108,Conference Paper,Naik N.,,,University of Oregon,United States,1,0,
2-s2.0-85184995809,,The influence of discomfort glare on shading devices and its implications for daylit offices in tropical regions,2020,PLEA 2020 35th PLEA Conference on Passive and Low Energy Architecture Planning Post Carbon Cities Proceedings,,2,,860-865,Conference Paper,Chaloeytoy K.,,,Tokyo Metropolitan University,Japan,0,0,
2-s2.0-85078402493,10.1109/ACCESS.2020.2964759,A novel bat algorithm strategy for maximum power point tracker of photovoltaic energy systems under dynamic partial shading,2020,IEEE Access,,8,,10048-10060,Article,Eltamaly A.M.,,,King Saud University;Faculty of Engineering,Saudi Arabia;Egypt,118,1,
2-s2.0-85085147798,10.31838/jcr.07.06.18,Conventional maximum power point tracking techniques for solar photo voltaic systems: A concise review,2020,Journal of Critical Reviews,,7,6,86-99,Review,Ravi A.,,,Francis Xavier Engineering College,India,6,1,
2-s2.0-85075524110,10.1016/j.solener.2019.11.024,Evaluation of thermal performance for a smart switchable adaptive polymer dispersed liquid crystal (PDLC) glazing,2020,Solar Energy,0038092X,195,,185-193,Article,Hemaida A.,,,University of Exeter,United Kingdom,169,1,
2-s2.0-85184995407,,Thermo-Spatial Performances of Eight Responsive Envelopes Simulation Studies Benchmarking Built Active Solar Shading Envelopes,2020,PLEA 2020 35th PLEA Conference on Passive and Low Energy Architecture Planning Post Carbon Cities Proceedings,,2,,1142-1147,Conference Paper,Foged I.W.,,,Aalborg University,Denmark,0,0,
2-s2.0-85090284654,10.2478/rtuect-2020-0027,Solar Facade Module for Nearly Zero Energy Building. Extended Test Period,2020,Environmental and Climate Technologies,,24,1,442-453,Article,Mols T.,,,Riga Technical University,Latvia,4,1,
2-s2.0-85141912734,,Photobiological Climate-Based Lighting Adaptation Scenarios for High-Performance Biophilic Buildings,2020,PLEA 2020 35th PLEA Conference on Passive and Low Energy Architecture Planning Post Carbon Cities Proceedings,,3,,1810-1815,Conference Paper,Parsaee M.,,,Université Laval,Canada,1,0,
2-s2.0-85185001462,,Window Design and the Design of Air Flow Simulation Studies Revealing How Windows Form Air Movement,2020,PLEA 2020 35th PLEA Conference on Passive and Low Energy Architecture Planning Post Carbon Cities Proceedings,,2,,970-975,Conference Paper,Foged I.W.,,,Aalborg University,Denmark,0,0,
2-s2.0-85160419231,,Exergy-Based Responsive Building Composites For Thermal Control Stimuli of an Adaptive Envelope,2020,PLEA 2020 35th PLEA Conference on Passive and Low Energy Architecture Planning Post Carbon Cities Proceedings,,2,,848-853,Conference Paper,Fragkia V.,,,Aalborg University,Denmark,4,0,
2-s2.0-85091707846,,Villa Girasole,2020,Re Anthropocene Design in the Age of Humans Proceedings of the 25th International Conference on Computer Aided Architectural Design Research in Asia Caadria 2020,,2,,143-152,Conference Paper,Mulder H.,,,Syddansk Universitet,Denmark,0,0,
2-s2.0-85100391054,,The modern movement heritage: Proto-bioclimatic solutions and building elements,2020,Rehabend,23868198,,,130-140,Conference Paper,Franchini C.,,,Politecnico di Torino,Italy,0,0,
2-s2.0-85098010750,10.1007/978-3-030-17308-1_41,New technologies for adaptive architecture,2020,Advances in Science Technology and Innovation,25228714,,,457-465,Book Chapter,Di Salvo S.,,,Università degli Studi di Palermo,Italy,1,0,
2-s2.0-85098769354,,The concept of application of nanomaterials on the envelope facade of buildings in Egypt,2020,Journal of Engineering and Applied Science,11101903,67,8,2205-2224,Article,Abdallah M.R.,,,Cairo University,Egypt,0,0,
2-s2.0-85091882564,10.1115/ES2020-1669,Comparison and implementation of thermally massive wall and roof models for use in simplified building energy models,2020,ASME 2020 14th International Conference on Energy Sustainability Es 2020,,,,,Conference Paper,Fernandez C.,,,Georgia Institute of Technology,United States,0,0,
2-s2.0-85105728083,,Quantifying the residential demand response participation of dynamic building envelopes,2020,ASHRAE Transactions,00012505,126,,510-518,Conference Paper,Kreiger B.,,,College of Engineering and Applied Science,United States,0,0,
2-s2.0-85076982928,10.3390/en13010060,Multi-season assessment of occupant responses to manual shading and dynamic glass in a workplace environment,2019,Energies,,13,1,,Article,Choi J.H.,,,University of Southern California,United States,22,1,
2-s2.0-85074177314,10.1016/j.enbuild.2019.109544,Biomimetic adaptive building skins: Energy and environmental regulation in buildings,2019,Energy and Buildings,03787788,205,,,Article,Kuru A.,,,UNSW Sydney,Australia,58,2,
2-s2.0-85074160165,10.1016/j.engstruct.2019.109839,Computational design optimization of a smart material shape changing building skin tile,2019,Engineering Structures,01410296,201,,,Article,Zupan R.J.,,,Swanson School of Engineering,United States,6,2,
2-s2.0-85073974533,10.1016/j.enbuild.2019.109543,Modular facade retrofit with renewable energy technologies: The definition and current status in Europe,2019,Energy and Buildings,03787788,205,,,Review,Du H.,,,Cardiff University,United Kingdom,58,2,
2-s2.0-85076249440,10.1364/AO.58.009718,Experimental and numerical investigation of the interaction between blast wave and precrack in a defected material,2019,Applied Optics,1559128X,58,35,9718-9727,Article,Peng X.,,,"China University of Mining & Technology, Beijing",China,15,0,
2-s2.0-85104165555,,"Dynamic vocabularies: Active facade tectonics: Sensing and reacting to the wicked, complex entanglements of building envelope architecting",2019,Routledge Companion to Paradigms of Performativity in Design and Architecture Using Time to Craft an Enduring Resilient and Relevant Architecture,,,,332-340,Book Chapter,Noble D.E.,,,University of Southern California,United States,0,0,
2-s2.0-85064130830,10.3992/1943-4618.14.1.165,Environmentally responsive kinetic faÇade for educational buildings,2019,Journal of Green Building,15526100,14,1,165-186,Article,Fakourian F.,,,Tabriz Islamic Art University,Iran,12,1,
2-s2.0-85083834833,10.3390/su11247096,A Study on Multi-Objective Parametric Design Tool for Surround-Type Movable Shading Device,2019,Sustainability Switzerland,,11,24,,Article,Kim H.J.,,,Dankook University,South Korea,16,1,
2-s2.0-85078610203,10.15627/jd.2019.14,Photobioreactors as a dynamic shading system conceived for an outdoor workspace of the state library of queensland in brisbane: Study of daylighting performances,2019,Journal of Daylighting,23838701,6,2,148-168,Article,Lo Verso V.R.M.,,,Politecnico di Torino,Italy,14,1,
2-s2.0-85065818964,10.1016/j.renene.2019.04.121,Influence of slat angle and low-emissive partitioning radiant energy veils on the thermal performance of multilayered windows for dynamic facades,2019,Renewable Energy,09601481,143,,142-148,Article,Sadooghi P.,,,University of Toronto,Canada,11,0,
2-s2.0-85073719492,10.1016/j.autcon.2019.102959,Self-reconfigurable façade-cleaning robot equipped with deep-learning-based crack detection based on convolutional neural networks,2019,Automation in Construction,09265805,108,,,Article,Kouzehgar M.,,,Singapore University of Technology and Design,Singapore,94,1,
2-s2.0-85072262008,10.1016/j.apenergy.2019.113896,Improved thermal-electrical-optical model and performance assessment of a PV-blind embedded glazing façade system with complex shading effects,2019,Applied Energy,03062619,255,,,Article,Luo Y.,,,Huazhong University of Science and Technology,China,27,0,
2-s2.0-85077167867,10.1177/1478077119891840,Development of a hybrid behavioural and thermal adaptive building envelope,2019,International Journal of Architectural Computing,14780771,17,4,323-335,Article,Foged I.W.,,,Aalborg University,Denmark,3,0,
2-s2.0-85075131861,10.1177/1478077119886528,Hybrid design method for wind-adaptive architecture,2019,International Journal of Architectural Computing,14780771,17,4,307-322,Article,Kabošová L.,,,Technická Univerzita v Košiciach,Slovakia,13,0,
2-s2.0-85075214518,10.1016/j.jsr.2019.09.002,Market basket analysis of safety at active highway-railroad grade crossings,2019,Journal of Safety Research,00224375,71,,125-137,Article,Saunders W.J.,,,Louisiana Department of Transportation and Development,United States,9,0,
2-s2.0-85076256444,10.1088/1742-6596/1343/1/012162,Shaping light to influence occupants' experience of space: A kinetic shading system with composite materials,2019,Journal of Physics Conference Series,17426588,1343,1,,Conference Paper,Baehr-Bruyere J.,,,École Polytechnique Fédérale de Lausanne,Switzerland,4,1,
2-s2.0-85076262438,10.1088/1742-6596/1343/1/012172,The energy of the green: Green facades and vertical farm as dynamic envelope for resilient building,2019,Journal of Physics Conference Series,17426588,1343,1,,Conference Paper,Trombadore A.,,,Università degli Studi di Firenze,Italy,9,1,
2-s2.0-85072712874,10.1016/j.enconman.2019.112078,Novel methodology for detecting non-ideal operating conditions for grid-connected photovoltaic plants using Internet of Things architecture,2019,Energy Conversion and Management,01968904,200,,,Article,Dupont I.M.,,,Universidade Federal do Ceará,Brazil,31,0,
2-s2.0-85072753526,10.1016/j.enbuild.2019.109454,Evaluation of climate-based daylighting techniques for complex fenestration and shading systems,2019,Energy and Buildings,03787788,203,,,Article,Brembilla E.,,,Loughborough University,United Kingdom,49,1,
2-s2.0-85073716764,10.1016/j.solener.2019.10.021,Thermo and light-responsive building envelope: Energy analysis under different climate conditions,2019,Solar Energy,0038092X,193,,866-877,Article,Hu J.,,,Southeast University,China,65,0,
2-s2.0-85071987660,10.1016/j.buildenv.2019.106396,Interactive kinetic façade: Improving visual comfort based on dynamic daylight and occupant's positions by 2D and 3D shape changes,2019,Building and Environment,03601323,165,,,Article,Hosseini S.M.,,,Technische Universiteit Eindhoven,Netherlands,126,1,
2-s2.0-85071466157,10.1016/j.scs.2019.101782,Form-finding mechanism derived from plant movement in response to environmental conditions for building envelopes,2019,Sustainable Cities and Society,22106707,51,,,Article,Khosromanesh R.,,,Tabriz Islamic Art University,Iran,14,0,
2-s2.0-85075590950,10.6113/JPE.2019.19.6.1566,Adaptive partial shading determinant algorithm for solar array systems,2019,Journal of Power Electronics,15982092,19,6,1566-1574,Article,Wellawatta T.R.,,,University of Ulsan,South Korea,7,0,
2-s2.0-85075278082,10.35940/ijitee.K2456.119119,Diagnosis of cervical cancer using CLAHE and SGLDM on RGB pap smear images through ANN,2019,International Journal of Innovative Technology and Exploring Engineering,,9,1,530-534,Article,Jaya S.,,,"Sri Sarada College for Women (Autonomous), Salem",India,5,1,
2-s2.0-85068889316,10.1016/j.apenergy.2019.113506,Thermally responsive coating on building heating and cooling energy efficiency and indoor comfort improvement,2019,Applied Energy,03062619,253,,,Article,Wang C.,,,Changzhou University,China,42,0,
2-s2.0-85074426311,10.1088/1757-899X/609/3/032006,A test bed for thermal fluid dynamic analysis of double skin facade systems,2019,Iop Conference Series Materials Science and Engineering,17578981,609,3,,Conference Paper,Jankovic A.,,,Norges Teknisk-Naturvitenskapelige Universitet,Norway,1,1,
2-s2.0-85074712085,10.1088/1757-899X/609/7/072027,Control method for adaptive fa?ades based on energy conservation and glare protection strategies,2019,Iop Conference Series Materials Science and Engineering,17578981,609,7,,Conference Paper,Lee D.,,,Inha University,South Korea,0,1,
2-s2.0-85074688353,10.1088/1757-899X/609/7/072067,The energy retrofit of building fa?ades in 22@ innovation district of Barcelona: Energy performance and cost-benefit analysis.,2019,Iop Conference Series Materials Science and Engineering,17578981,609,7,,Conference Paper,Mauro M.,,,Toronto Metropolitan University,Canada,3,1,
2-s2.0-85068161154,10.1080/23744731.2019.1620578,Numerical optimization of integrated passive heating and cooling systems yields simple protocols for building energy decarbonization,2019,Science and Technology for the Built Environment,23744731,25,9,1226-1236,Article,Rempel A.R.,,,University of Oregon,United States,13,0,
2-s2.0-85069661354,10.1016/j.engstruct.2019.109415,Dynamic identification of a masonry façade from seismic response data based on an elementary Ordinary Least Squares approach,2019,Engineering Structures,01410296,197,,,Article,Aloisio A.,,,Università degli Studi dell'Aquila,Italy,37,0,
2-s2.0-85067042246,10.1016/j.autcon.2019.102857,Integrated parametric design of adaptive facades for user's visual comfort,2019,Automation in Construction,09265805,106,,,Article,Tabadkani A.,,,Deakin University,Australia,161,2,
2-s2.0-85066233857,10.1016/j.apenergy.2019.113335,Thermochromic glazing performance: From component experimental characterisation to whole building performance evaluation,2019,Applied Energy,03062619,251,,,Article,Giovannini L.,,,Politecnico di Torino,Italy,74,0,
2-s2.0-85071003124,10.1016/j.solener.2019.07.027,Impact of different control strategies of perforated curved louvers on the visual comfort and energy consumption of office buildings in different climates,2019,Solar Energy,0038092X,190,,495-510,Article,Uribe D.,,,Pontificia Universidad Católica de Chile,Chile,65,0,
2-s2.0-85068876939,10.1016/j.enbuild.2019.07.004,A review of heat transfer characteristics of switchable insulation technologies for thermally adaptive building envelopes,2019,Energy and Buildings,03787788,199,,427-444,Review,Cui H.,,,University of Cambridge,United Kingdom,98,0,
2-s2.0-85071248411,10.1049/iet-rpg.2018.6127,Proof of concept for a novel and smart shade resilient photovoltaic module,2019,Iet Renewable Power Generation,17521416,13,12,2184-2194,Article,Golroodbari S.Z.M.,,,Copernicus Institute of Sustainable Development,Netherlands,7,1,
2-s2.0-85068484135,10.1016/j.foar.2019.06.001,Adaptive biomimetic facades: Enhancing energy efficiency of highly glazed buildings,2019,Frontiers of Architectural Research,20952635,8,3,319-331,Article,Sheikh W.T.,,,"University of Engineering and Technology, Lahore",Pakistan,68,1,
2-s2.0-85065988691,10.1016/j.jobe.2019.100797,Structural characterisation of adaptive facades in Europe - Part II: Validity of conventional experimental testing methods and key issues,2019,Journal of Building Engineering,,25,,,Review,Bedon C.,,,Università degli Studi di Trieste,Italy,24,2,
2-s2.0-85064955394,10.1016/j.jobe.2019.02.013,"Structural characterisation of adaptive facades in Europe – Part I: Insight on classification rules, performance metrics and design methods",2019,Journal of Building Engineering,,25,,,Review,Bedon C.,,,Università degli Studi di Trieste,Italy,42,2,
2-s2.0-85073747949,10.14393/BJ-v35n5a2019-45039,Vegetative growth and yield of robusta coffee genotypes cultivated under different shading levels,2019,Bioscience Journal,15163725,35,5,1490-1503,Article,Venancio L.P.,,,Universidade Federal de Vicosa,Brazil,15,1,
2-s2.0-85077528522,10.3992/1943-4618.14.4.1,Adaptive building and skin: An innovative computational workflow to design energy efficient buildings in different climate zones,2019,Journal of Green Building,15526100,14,4,1-15,Article,Rossi-Schwarzenbeck M.,,,"Hochschule für Technik, Wirtschaft und Kultur Leipzig",Germany,7,1,
2-s2.0-85072123032,10.1088/1757-899X/556/1/012042,Dynamic performance analysis of façade-integrated tri-functional photovoltaic/thermal solar collector,2019,Iop Conference Series Materials Science and Engineering,17578981,556,1,,Conference Paper,Ma J.,,,Anhui Jianzhu University,China,2,1,
2-s2.0-85067082599,10.1016/j.buildenv.2019.106183,Evolution of all-glass nearly Zero Energy Buildings with respect to the local climate and free-cooling techniques,2019,Building and Environment,03601323,160,,,Article,Domjan S.,,,Univerza v Ljubljani,Slovenia,33,2,
2-s2.0-85070579362,10.1088/1755-1315/296/1/012014,Chameleon Building,2019,Iop Conference Series Earth and Environmental Science,17551307,296,1,,Conference Paper,Mandaglio M.,,,Università degli Studi di Reggio Calabria,Italy,2,1,
2-s2.0-85069176656,10.1007/s40940-018-0088-3,Sustainable facade design for glazed buildings in a blast resilient urban environment,2019,Glass Structures and Engineering,23635142,4,2,145-173,Article,Lori G.,,,Permasteelisa S.p.A.,Italy,19,0,
2-s2.0-85065639636,10.1108/JCHMSD-09-2018-0066,"Assessment of the perception of cultural heritage as an adaptive re-use and sustainable development strategy: Case study of Kaunas, Lithuania",2019,Journal of Cultural Heritage Management and Sustainable Development,20441266,9,3,430-443,Article,Dogan H.A.,,,Kaunas University of Technology,Lithuania,17,0,
2-s2.0-85067676489,10.1080/00038628.2019.1614902,Prototype development of responsive kinetic façade control system for the elderly based on Ambient Assisted Living,2019,Architectural Science Review,00038628,62,4,273-285,Article,Ham S.,,,Korea Land and Geospatial Informatix Corporation,South Korea,4,0,
2-s2.0-85065057146,10.1016/j.solener.2019.04.069,Full-scale experimental testing of integrated dynamically-operated roller shades and lighting in perimeter office spaces,2019,Solar Energy,0038092X,186,,17-28,Article,Kunwar N.,,,College of Engineering,United States,41,0,
2-s2.0-85078048112,10.1109/ACIRS.2019.8936020,An Improved Face Detection Method Based on Face Recognition Application,2019,2019 4th Asia Pacific Conference on Intelligent Robot Systems Acirs 2019,,,,260-264,Conference Paper,Li Q.,,,Beijing University of Posts and Telecommunications,China,4,0,
2-s2.0-85072103736,10.1109/IWMN.2019.8805024,Sensors and control solutions for Smart-IoT façade modules,2019,2019 IEEE International Symposium on Measurements and Networking M and N 2019 Proceedings,,,,,Conference Paper,Arnesano M.,,,Università Politecnica delle Marche,Italy,10,2,
2-s2.0-85084321583,10.1109/CYBER46603.2019.9066634,Research on Driving Performance of Pneumatic Soft Finger,2019,9th IEEE International Conference on Cyber Technology in Automation Control and Intelligent Systems Cyber 2019,,,,1171-1176,Conference Paper,Chen W.,,,College of Resources and Civil Engineering,China,0,0,
2-s2.0-85065973235,10.1016/j.bbrc.2019.04.172,Quantitative proteomic study of arsenic treated mouse liver sinusoidal endothelial cells using a reverse super-SILAC method,2019,Biochemical and Biophysical Research Communications,0006291X,514,2,475-481,Article,Li W.,,,National Engineering Research Center for Protein Drugs;Beijing Proteome Research Center,China;China,5,2,
2-s2.0-85068756517,10.1088/1755-1315/290/1/012100,Solar Aperture of a Building Enclosure: The Case Study of a Well-Insulated Family House in Semi-Continental Climate,2019,Iop Conference Series Earth and Environmental Science,17551307,290,1,,Conference Paper,Kopecký P.,,,University Centre for Energy Efficient Buildings,Czech Republic,0,1,
2-s2.0-85068793809,10.1088/1755-1315/290/1/012080,Experimental Assessment of the Facąde-Integrated Thermoelectric Air-Conditioning Unit towards Development of the Autonomous Curtain Walling Module,2019,Iop Conference Series Earth and Environmental Science,17551307,290,1,,Conference Paper,Matuška T.,,,Czech Technical University in Prague,Czech Republic,4,1,
2-s2.0-85065241431,10.1016/j.buildenv.2019.04.054,Development and validation of a survey for well-being and interaction assessment by occupants in office buildings with adaptive facades,2019,Building and Environment,03601323,157,,268-276,Article,Attia S.,,,Université de Liège,Belgium,51,1,
2-s2.0-85078728789,,Learning modules for geometric pattern identification and mathematical modeling of facade systems,2019,ASEE Annual Conference and Exposition Conference Proceedings,,,,,Conference Paper,Matin N.H.,,,Eastern Michigan University,United States,1,0,
2-s2.0-85067084697,10.1049/iet-rpg.2018.5336,Grade point average assessment for metaheuristic GMPP techniques of partial shaded PV systems,2019,Iet Renewable Power Generation,17521416,13,8,1215-1231,Review,Eltamaly A.M.,,,King Saud University;Faculty of Engineering,Saudi Arabia;Egypt,42,0,
2-s2.0-85062429753,10.1016/j.autcon.2019.01.014,"Dynamic shading systems: A review of design parameters, platforms and evaluation strategies",2019,Automation in Construction,09265805,102,,195-216,Review,Al-Masrani S.M.,,,SEGi University,Malaysia,129,0,
2-s2.0-85081614131,10.1109/PVSC40753.2019.8980544,Impact of Dynamic Shading in cSi PV Modules and Systems for Novel Applications,2019,Conference Record of the IEEE Photovoltaic Specialists Conference,01608371,,,3088-3092,Conference Paper,Newman B.K.,,,Nederlandse Organisatie voor toegepast natuurwetenschappelijk onderzoek- TNO,Netherlands,3,0,
2-s2.0-85070591975,10.3390/electronics8060680,A novel nature-inspired maximum power point tracking (MPPT) controller based on SSA-GWO algorithm for partially shaded photovoltaic systems,2019,Electronics Switzerland,,8,6,,Article,Wan Y.,,,Chongqing University,China,66,1,
2-s2.0-85064278798,10.1016/j.buildenv.2019.04.002,Building facade multi-objective optimization for daylight and aesthetical perception,2019,Building and Environment,03601323,156,,178-190,Article,Yi Y.K.,,,University of Illinois Urbana-Champaign,United States,93,0,
2-s2.0-85063787030,10.1108/ECAM-11-2017-0242,Designing with pixels: parametric thinking for patterning dynamic building facades,2019,Engineering Construction and Architectural Management,09699988,26,4,668-688,Article,Mallasi Z.,,,Effat University;AECOM USA,Saudi Arabia;United States,4,0,
2-s2.0-85064216441,10.1016/j.solener.2019.04.034,Novel MPPT techniques for photovoltaic systems under uniform irradiance and Partial shading,2019,Solar Energy,0038092X,184,,628-648,Article,Mirza A.F.,,,University of Science and Technology of China,China,141,0,
2-s2.0-85060948233,10.1080/19401493.2018.1561754,Opportunities and pitfalls of using building performance simulation in explorative R&D contexts,2019,Journal of Building Performance Simulation,19401493,12,3,272-288,Article,Loonen R.C.G.M.,,,Technische Universiteit Eindhoven,Netherlands,29,1,
2-s2.0-85099584123,10.1145/3320287,Visually lossless content and motion adaptive shading in games,2019,Proceedings of the ACM on Computer Graphics and Interactive Techniques,,2,1,,Article,Yang L.,,,NVIDIA,United States,18,0,
2-s2.0-85067082836,10.3390/su11092681,Rapid simulation of optimally responsive façade during schematic design phases: Use of a new hybrid metaheuristic algorithm,2019,Sustainability Switzerland,,11,9,,Article,Yi H.,,,Ajou University,South Korea,32,1,
2-s2.0-85070493126,10.1109/PHM-Paris.2019.00044,A Convolutional Neural Network Aided Physical Model Improvement for AC Solenoid Valves Diagnosis,2019,Proceedings 2019 Prognostics and System Health Management Conference Phm Paris 2019,,,,223-227,Conference Paper,Tod G.,,,Flanders Make,Belgium,15,2,
2-s2.0-85063258841,10.1016/j.buildenv.2019.03.027,A photobiological approach to biophilic design in extreme climates,2019,Building and Environment,03601323,154,,211-226,Article,Parsaee M.,,,Université Laval,Canada,44,0,
2-s2.0-85062525032,10.1016/j.buildenv.2019.02.040,A morphological approach for kinetic façade design process to improve visual and thermal comfort: Review,2019,Building and Environment,03601323,153,,186-204,Review,Hosseini S.M.,,,Technische Universiteit Eindhoven,Netherlands,180,1,
2-s2.0-85064393213,10.1088/1755-1315/242/6/062061,Construction and Control Strategy of Dynamic Facade Model of Office Building in Severe Cold Region,2019,Iop Conference Series Earth and Environmental Science,17551307,242,6,,Conference Paper,Yin Q.,,,Harbin Institute of Technology,China,0,1,
2-s2.0-85065925496,10.3390/buildings9040084,Design and fabrication of a responsive carrier component envelope,2019,Buildings,,9,4,,Review,Chang T.W.,,,National Yunlin University of Science and Technology,Taiwan,9,1,
2-s2.0-85065913873,10.3390/buildings9040080,Thermal responsive performances of a Spanish balcony-based vernacular envelope,2019,Buildings,,9,4,,Article,Foged I.W.,,,Aalborg University,Denmark,4,1,
2-s2.0-85061099017,10.1016/j.rser.2019.01.005,Active building envelope systems toward renewable and sustainable energy,2019,Renewable and Sustainable Energy Reviews,13640321,104,,470-491,Review,Luo Y.,,,Ministry of Education of the People's Republic of China;Princeton University;Hunan University;School of Engineering and Applied Science,China;United States;China;United States,153,0,
2-s2.0-85059003890,10.1016/j.jclepro.2018.11.015,Performance enhancement by shade dispersion of Solar Photo-Voltaic array under continuous dynamic partial shading conditions,2019,Journal of Cleaner Production,09596526,213,,462-479,Article,Tatabhatla V.M.R.,,,National Institute of Technology Delhi,India,89,0,
2-s2.0-85063378144,10.1088/1755-1315/238/1/012042,Multivariable Optimization of Dynamic Translucent Solar Screen on West-Facing Offices,2019,Iop Conference Series Earth and Environmental Science,17551307,238,1,,Conference Paper,Lu Y.,,,South China University of Technology,China,2,1,
2-s2.0-85062828961,10.3390/su11051253,"Heating, cooling, and lighting energy demand simulation analysis of kinetic shading devices with automatic dimming control for Asian Countries",2019,Sustainability Switzerland,,11,5,,Article,Lee B.,,,Chungbuk National University,South Korea,11,1,
2-s2.0-85057812662,10.1016/j.jobe.2018.11.008,An approach to calculate the equivalent solar heat gain coefficient of glass windows with fixed and dynamic shading in tropical climates,2019,Journal of Building Engineering,,22,,90-100,Article,Bhatia A.,,,"International Institute of Information Technology, Hyderabad",India,33,0,
2-s2.0-85062149950,10.1016/j.aej.2018.11.013,Adaptive building envelopes of multistory buildings as an example of high performance building skins,2019,Alexandria Engineering Journal,11100168,58,1,345-352,Article,Shahin H.S.M.,,,Faculty of Engineering,Egypt,80,1,
2-s2.0-85072816087,,Kinetic elements in residential designs,2019,Gazi University Journal of Science,,32,1,39-61,Article,Saricioglu P.,,,Gazi Üniversitesi,Turkey,0,0,
2-s2.0-85062466985,10.1177/0020294019830115,Determination of the flight dynamic envelope via stable manifold,2019,Measurement and Control United Kingdom,00202940,52,3-4,244-251,Article,Yuan G.,,,Air Force Engineering University China,China,9,1,
2-s2.0-85060548002,10.1016/j.solener.2019.01.044,Numerical study on the energy performance of building zones with transparent water storage envelopes,2019,Solar Energy,0038092X,180,,690-706,Article,Liu X.,,,Tianjin University,China,14,0,
2-s2.0-85055884829,10.1002/cae.22080,Robotics and kinetic design for underrepresented minority (URM) students in building education: Challenges and opportunities,2019,Computer Applications in Engineering Education,10613773,27,2,351-370,Article,Yi H.,,,Ajou University,South Korea,14,0,
2-s2.0-85062409615,10.1088/1757-899X/471/8/082047,SWOT Analysis of Biomimicry for Sustainable Buildings - A Literature Review of the Importance of Kinetic Architecture Applications in Sustainable Construction Projects,2019,Iop Conference Series Materials Science and Engineering,17578981,471,8,,Conference Paper,Bayhan H.G.,,,İstanbul Aydın Üniversitesi,Turkey,9,1,
2-s2.0-85062415524,10.1051/e3sconf/20198504003,Solar protection influence on dynamic insulation efficiency of double skin façades,2019,E3s Web of Conferences,,85,,,Conference Paper,Cherecheş N.C.,,,Universitatea Tehnica Gh. Asachi din IasI,Romania,1,1,
2-s2.0-85062458386,10.3389/fmats.2019.00007,On the kinematics and actuation of dynamic sunscreens with tensegrity architecture,2019,Frontiers in Materials,,6,,,Article,Babilio E.,,,Università degli Studi di Napoli Federico II,Italy,31,1,
2-s2.0-85056998685,10.1016/j.apenergy.2018.11.066,An inverse modeling approach for the thermal response modeling of green façades,2019,Applied Energy,03062619,235,,1447-1456,Article,Šuklje T.,,,Univerza v Ljubljani,Slovenia,26,2,
2-s2.0-85058955614,10.1016/j.buildenv.2018.12.045,Responsive building envelope concepts in zero emission neighborhoods and smart cities - A roadmap to implementation,2019,Building and Environment,03601323,149,,446-457,Article,Taveres-Cachat E.,,,Norges Teknisk-Naturvitenskapelige Universitet;SINTEF Foundation for Scientific and Industrial Research,Norway;Norway,90,1,
2-s2.0-85055938298,10.1007/s00040-018-0671-2,An improved approach for the collective construction of architectures inspired by wasp nests,2019,Insectes Sociaux,00201812,66,1,73-80,Article,Rahmani M.,,,Université Dr Taher Moulay Saida - Algeria,Algeria,0,0,
2-s2.0-85062896429,10.1088/1402-4896/aaecb5,Wigner transform and stability of kinetic envelope soliton in an electron depleted dusty plasma with two temperature non-thermal ions,2019,Physica Scripta,00318949,94,3,,Article,Chaudhuri S.,,,Jadavpur University,India,2,0,
2-s2.0-85058040144,10.1016/j.solener.2018.11.063,A cost-benefit analysis for reconfigurable PV modules under shading,2019,Solar Energy,0038092X,178,,69-78,Article,Baka M.,,,National Technical University of Athens (NTUA),Greece,41,0,
2-s2.0-85055534291,10.1002/dac.3829,Adaptive envelope process and minimum service curve applied to resource block allocation in the LTE downlink,2019,International Journal of Communication Systems,10745351,32,1,,Article,Abrahão D.C.,,,Universidade Federal de Goiás,Brazil,2,0,
2-s2.0-85015911326,10.1080/14733315.2017.1302658,Modelling natural ventilation for summer thermal comfort in Mediterranean dwellings,2019,International Journal of Ventilation,14733315,18,1,28-45,Article,Spentzou E.,,,Loughborough University,United Kingdom,27,2,
2-s2.0-85044443630,10.1080/17508975.2018.1447437,State-of-the-art of intelligent building envelopes in the context of intelligent technical systems,2019,Intelligent Buildings International,17508975,11,1,27-45,Review,Böke J.,,,Faculteit Bouwkunde van de TU Delft,Netherlands,54,1,
2-s2.0-85061536141,10.1080/13602365.2018.1527385,The kinetic architecture of jean tinguely’s culture stations,2019,Journal of Architecture,13602365,24,1,51-72,Article,Holden S.,,,The University of Queensland,Australia,1,0,
2-s2.0-85150782199,,Calculation Method for Evaluating Diffuse Solar Heat Gains Through Adaptive Façades,2019,Zemch International Conference,,,,83-89,Conference Paper,Lee D.S.,,,Inha University,South Korea,0,0,
2-s2.0-85081595613,,A unified framework for optimizing the performance of a kinetic façade,2019,Simulation Series,07359276,51,8,303-310,Conference Paper,Im O.K.,,,The University of North Carolina at Charlotte,United States,2,0,
2-s2.0-85062951783,10.33383/2018-038,A novel framework to evaluate the performance of responsive kinetic shading devices,2019,Light and Engineering,02362945,27,1,51-60,Article,Teksoy M.,,,Teksoy Yapi Mimarlik Ltd.,Turkey,0,2,
2-s2.0-85202615055,10.46855/energy-proceedings-2995,THE IMPACT OF DYNAMIC FACADE TYPOLOGY ON DAYLIGHT AND ENERGY PERFORMANCE: COMPARING ROTATION AND FOLDING MOTION,2019,Energy Proceedings,,4,,,Conference Paper,Shi X.,,,Tianjin University,China,0,1,
2-s2.0-85068360969,,Algorithmic design and performance analysis of adaptive façades,2019,Intelligent and Informed Proceedings of the 24th International Conference on Computer Aided Architectural Design Research in Asia Caadria 2019,,1,,685-694,Conference Paper,Martinho H.,,,Instituto Superior Técnico,Portugal,2,0,
2-s2.0-85061911695,10.7480/jfde.2019.1.2778,A study on the impact of climate adaptive building shells on indoor comfort,2019,Journal of Facade Design and Engineering,2213302X,7,1,27-39,Article,Gaspari J.,,,Alma Mater Studiorum Università di Bologna,Italy,19,0,
2-s2.0-85095431782,,"Best practices for full-scale testing and energy savings, daylighting and visual comfort evaluation of dynamic shading",2019,ASHRAE Transactions,00012505,125,,423-430,Conference Paper,Kunwar N.,,,,,0,0,
2-s2.0-85071493486,,A study of kinetic façade modelling performance using virtual reality,2019,Proceedings of the 36th International Symposium on Automation and Robotics in Construction Isarc 2019,,,,356-359,Conference Paper,Panya D.S.,,,Kyungpook National University (KNU),South Korea,2,0,
2-s2.0-85076378633,10.7480/jfde.2019.2.2467,Rethinking Adaptive Building Skins from a Life Cycle Assessment perspective,2019,Journal of Facade Design and Engineering,2213302X,7,2,021-043,Article,Crespi M.,,,Sapienza Università di Roma,Italy,13,0,
2-s2.0-85129452352,10.5151/proceedings-ecaadesigradi2019_459,Dynamic Façade Design Studio From sketches to microcontrollers,2019,Proceedings of the International Conference on Education and Research in Computer Aided Architectural Design in Europe,26841843,2,,725-730,Conference Paper,Bourdakis V.,,,University of Thessaly,Greece,0,1,
2-s2.0-85069792022,10.1117/12.2514132,Towards resilient adaptive origami-inspired diagrid building envelope,2019,Proceedings of SPIE the International Society for Optical Engineering,0277786X,10967,,,Conference Paper,Bellamy A.,,,Stanley and Karen Pigman College of Engineering,United States,7,0,
2-s2.0-85076305444,10.7480/jfde.2019.2.2463,Superposition matrix for the assessment of performance-relevant adaptive façade functions,2019,Journal of Facade Design and Engineering,2213302X,7,2,1-20,Article,Boeke J.,,,Delft University of Technology,Netherlands,11,0,
2-s2.0-85069169883,10.5176/2301-394X_ACE19.526,Wind pressure analysis of movable shading by using cfd,2019,Proceedings of the Annual International Conference on Architecture and Civil Engineering,2301394X,,,500-504,Conference Paper,Hwang K.J.,,,University of Seoul,South Korea,0,0,
2-s2.0-85068211274,10.1007/978-981-13-8410-3_26,The Effect of Hygroscopic Design Parameters on the Programmability of Laminated Wood Composites for Adaptive Façades,2019,Communications in Computer and Information Science,18650929,1028,,372-383,Conference Paper,Abdelmohsen S.,,,"Faculty of Engineering, Ain Shams University;School of Sciences and Engineering",Egypt;Egypt,8,0,
2-s2.0-85061933873,10.7480/jfde.2019.1.2662,SMP Prototype Design and Fabrication for Thermo-responsive Façade Elements,2019,Journal of Facade Design and Engineering,2213302X,7,1,41-61,Article,Yoon J.,,,University of Seoul,South Korea,36,0,
2-s2.0-85079029446,10.7712/120119.7066.18385,Computational modeling of the dynamics of active sunscreens with tensegrity architecture,2019,Compdyn Proceedings,26233347,2,,2159-2166,Conference Paper,Babilio E.,,,Università degli Studi di Napoli Federico II,Italy,2,0,
2-s2.0-85063901370,10.1016/j.egypro.2019.01.822,Thermo-chromic glazing in buildings: A novel methodological framework for a multi-objective performance evaluation,2019,Energy Procedia,18766102,158,,4115-4122,Conference Paper,Giovannini L.,,,Politecnico di Torino,Italy,7,1,
2-s2.0-85064475717,10.1061/9780784482261.009,Daylighting and visual comfort performance of integrated dynamic roller shades and lighting controls,2019,Aei 2019 Integrated Building Solutions the National Agenda Proceedings of the Architectural Engineering National Conference 2019,,,,72-79,Conference Paper,Kunwar N.,,,College of Engineering,United States,1,0,
2-s2.0-85107425675,,Occupant-centred control strategies for adaptive facades: A preliminary study of the impact of shortwave solar radiation on thermal comfort,2019,Building Simulation Conference Proceedings,25222708,7,,4910-4917,Conference Paper,Navarro A.L.,,,Department of Engineering,United Kingdom,8,0,
2-s2.0-85107325243,,Occupant behavior modelling to support the development of adaptive facade control strategies,2019,Building Simulation Conference Proceedings,25222708,4,,2254-2261,Conference Paper,Gaetani I.,,,Technische Universiteit Eindhoven;Arup Group Limited,Netherlands;United Kingdom,1,0,
2-s2.0-85103014481,,Field study of energy savings potential of dynamic façade systems using fabric attachment of different degrees of openness,2019,Thermal Performance of the Exterior Envelopes of Whole Buildings,,,,,Conference Paper,Srinivasan Krishnan K.C.,,,Accredited State University,United States,0,0,
2-s2.0-85129406629,10.5151/proceedings-ecaadesigradi2019_262,Hybrid Environmental-Media Facade Full-Scale Prototype Panel Fabrication,2019,Proceedings of the International Conference on Education and Research in Computer Aided Architectural Design in Europe,26841843,2,,685-694,Conference Paper,Globa A.,,,The University of Sydney,Australia,3,1,
2-s2.0-85086248507,,Simulative study and potential analysis of inflatable facade elements to balance environmental disturbances,2019,9th Eccomas Thematic Conference on Smart Structures and Materials Smart 2019,,,,125-136,Conference Paper,Guenther J.,,,Universität Stuttgart,Germany,2,0,
2-s2.0-85062896626,10.1007/978-3-030-03676-8_26,Hygroscapes: Innovative shape shifting façades,2019,Lecture Notes in Civil Engineering,23662557,24,,675-702,Book Chapter,Abdelmohsen S.,,,Ain Shams University;The American University in Cairo,Egypt;Egypt,15,0,
2-s2.0-85097978241,,Subjective and measured evidence for residential lighting metrics in the tropics,2019,Building Simulation Conference Proceedings,25222708,2,,1151-1159,Conference Paper,Jakubiec J.A.,,,University of Toronto,Canada,14,0,
2-s2.0-85102409665,,Switchable ETFE cushion: Designing and building a model for experimental testing,2019,Iass Symposium 2019 60th Anniversary Symposium of the International Association for Shell and Spatial Structures Structural Membranes 2019 9th International Conference on Textile Composites and Inflatable Structures Form and Force,,,,388-393,Conference Paper,Flor J.F.,,,University of Nottingham,United Kingdom,2,0,
2-s2.0-85107417277,,"EN ISO 52016-1: The new international standard to calculate building energy needs for heating and cooling, internal temperatures and heating and cooling load",2019,Building Simulation Conference Proceedings,25222708,6,,4061-4068,Conference Paper,van Dijk D.,,,EPB-research - Dick van Dijk,Netherlands,10,0,
2-s2.0-85067450784,10.2514/1.J057186,Dynamic behavior and gust simulation in an unsteady flow wind tunnel,2019,AIAA Journal,00011452,57,4,1423-1433,Article,Rennie R.M.,,,College of Engineering,United States,23,0,
2-s2.0-85085190104,,"Grid-interactive, efficient buildings: Expanding value streams through optimised control of flexible building technologies",2019,Eceee Summer Study Proceedings,16537025,2019-June,,1489-1498,Conference Paper,Salzman M.,,,United States Department of Energy,United States,0,0,
2-s2.0-85073168132,,Forming process of façade panels by curved folding with combined geometric and mechanical optimisation,2019,Proceedings of the International Fib Symposium on Conceptual Design of Structures,,,,271-276,Conference Paper,Berrubé A.,,,T/E/S/S atelier d'ingénierie,France,0,0,
2-s2.0-85134792801,,Forming process of façade panels by curved folding with combined geometric and mechanical optimisation,2019,Fib Symposium,26174820,,,271-276,Conference Paper,Berrubé A.,,,T/E/S/S atelier d'ingénierie,France,0,0,
2-s2.0-85073747537,10.17660/ActaHortic.2019.1252.26,Folding photovoltaic shading screen,2019,Acta Horticulturae,05677572,1252,,201-203,Conference Paper,Janet A.,,,Solar Cloth System,France,0,0,
2-s2.0-85062462263,10.2495/ARC180121,A shape grammar approach to climatically adaptable façade systems with real time performance evaluation,2019,Wit Transactions on the Built Environment,17433509,183,,127-138,Conference Paper,Nguyen T.,,,University of Derby,United Kingdom,0,1,
2-s2.0-85055440520,10.1016/j.engstruct.2018.10.061,Experimental and numerical studies on the static and the dynamic behaviors of embedded cable support (ECS) glass facade system,2019,Engineering Structures,01410296,178,,521-533,Article,Wang Y.,,,Tsinghua University,China,14,0,
2-s2.0-85079221576,10.1201/9780429426506-171,"Manufacturing, optimization and design of electroactive cnt-actuators for adaptive building envelopes",2019,Advances in Engineering Materials Structures and Systems Innovations Mechanics and Applications Proceedings of the 7th International Conference on Structural Engineering Mechanics and Computation 2019,,,,983-988,Conference Paper,Neuhaus R.,,,Universität Stuttgart,Germany,0,0,
2-s2.0-85079212903,10.1201/9780429426506-179,Design and control of adaptive tensegrity sunscreens,2019,Advances in Engineering Materials Structures and Systems Innovations Mechanics and Applications Proceedings of the 7th International Conference on Structural Engineering Mechanics and Computation 2019,,,,1027-1032,Conference Paper,Miranda R.,,,Università degli Studi di Salerno,Italy,3,0,
2-s2.0-85096316024,,Modeling of partially shaded BIPV systems - Model complexity selection for early stage design support,2019,Building Simulation Conference Proceedings,25222708,7,,4451-4458,Conference Paper,Bognár Á.,,,Technische Universiteit Eindhoven,Netherlands,5,0,
2-s2.0-85144623435,10.1109/NORPIE55843.2019.9967823,Plug-in Solar Electric Vehicle as a Distributed Generation and Storage Resource for Smart Grid,2019,Norpie 2019 Nordic Workshop on Power and Industrial Electronics Conference Proceeding,,,,,Conference Paper,Sohail U.,,,UiT Norges Arktiske Universitet,Norway,1,0,
2-s2.0-85061937994,10.7480/jfde.2019.1.2619,Trombe curtain wall façade,2019,Journal of Facade Design and Engineering,2213302X,7,1,1-12,Article,Wüest T.,,,Hochschule Luzern,Switzerland,6,0,
2-s2.0-85061107512,10.1109/ACCESS.2018.2890533,A novel modified sine-cosine optimized MPPT algorithm for grid integrated PV system under real operating conditions,2019,IEEE Access,,7,,10467-10477,Article,Padmanaban S.,,,Aalborg University,Denmark,129,1,
2-s2.0-85080912420,10.2316/J.2019.203-0167,Hybrid algorithm for tracking maximum power in solar PV array under partially shaded condition,2019,International Journal of Power and Energy Systems,10783466,39,3,166-176,Article,Vetrivelan B.,,,"Vellore Institute of Technology, Chennai",India,8,0,
2-s2.0-85084098195,10.1115/SMASIS2019-5674,Developing a smart façade system controller for wind-induced vibration mitigation in tall buildings,2019,ASME 2019 Conference on Smart Materials Adaptive Structures and Intelligent Systems Smasis 2019,,,,,Conference Paper,Abdelaziz K.M.,,,Carl R. Ice College of Engineering,United States,3,0,
2-s2.0-85073383162,10.1590/1983-40632019v4955450,Micropropagation of Guadua chacoensis (Rojas) Londoño & P. M. Peterson,2019,Pesquisa Agropecuaria Tropical,15176398,49,,,Article,Ornellas T.,,,Universidade Federal de Santa Catarina,Brazil,8,1,
2-s2.0-85107447089,,Seasonal optimization of a dynamic thermo-optical ETFE façade system,2019,Building Simulation Conference Proceedings,25222708,7,,4887-4893,Conference Paper,Han J.M.,,,Harvard Graduate School of Design,United States,2,0,
2-s2.0-85104907044,10.5151/proceedings-ecaadesigradi2019_446,Material Studies for Thermal Responsive Composite Envelopes,2019,Proceedings of the International Conference on Education and Research in Computer Aided Architectural Design in Europe,26841843,1,,207-214,Conference Paper,Foged I.W.,,,Aalborg University,Denmark,8,1,
2-s2.0-85104811493,,Optimisation of controller parameters for adaptive building envelopes through a co-simulation interface: A case study,2019,Building Simulation Conference Proceedings,25222708,2,,1372-1379,Conference Paper,Borkowski E.,,,University College London,United Kingdom,2,0,
2-s2.0-85129362464,10.5151/proceedings-ecaadesigradi2019_305,Building envelope adapting from and to the wind flow,2019,Proceedings of the International Conference on Education and Research in Computer Aided Architectural Design in Europe,26841843,2,,131-138,Conference Paper,Kabošová L.,,,Technická Univerzita v Košiciach,Slovakia,0,1,
2-s2.0-85070740419,10.1007/978-981-13-3305-7_186,Dynamic envelope and its characteristics under scheduled control law,2019,Lecture Notes in Electrical Engineering,18761100,459,,2300-2309,Conference Paper,Zheng W.,,,Air Force Engineering University China,China,0,0,
2-s2.0-85067035642,10.18494/SAM.2019.2147,Enhancing validity of green building information modeling with artificial-neural-network-supervised learning —taking construction of adaptive building envelope based on daylight simulation as an example,2019,Sensors and Materials,09144935,31,6,1831-1845,Article,Chen S.,,,Feng Chia University,Taiwan,10,1,
2-s2.0-85074447310,,Kinetic architecture application at the shed at Hudson yards,2019,20th Congress of IABSE New York City 2019 the Evolving Metropolis Report,,,,768-773,Conference Paper,Hamill B.,,,Hardesty and Hanover,United States,0,0,
2-s2.0-85065920239,10.1201/9781315229126-32,A hybrid adaptive composite based auxiliary envelope,2019,Structures and Architecture Bridging the Gap and Crossing Borders Proceedings of the 4th International Conference on Structures and Architecture Icsa 2019,,,,264-271,Conference Paper,Foged I.W.,,,Aalborg University;STUDIO AREA,Denmark;Denmark,2,0,
2-s2.0-85107476575,,Dynamic thermal performance metrics for adaptive building constructions,2019,Building Simulation Conference Proceedings,25222708,1,,330-335,Conference Paper,Arkar C.,,,Univerza v Ljubljani,Slovenia,1,0,
2-s2.0-85089026111,10.5151/proceedings-ecaadesigradi2019_407,Responsive complex surfaces manufacturing using origami,2019,Proceedings of the International Conference on Education and Research in Computer Aided Architectural Design in Europe,26841843,2,,715-724,Conference Paper,Capone M.,,,Università degli Studi di Napoli Federico II,Italy,2,1,
2-s2.0-85063911160,10.3390/buildings9020044,Adaptive kinetic architecture and collective behavior: A Dynamic analysis for emergency evacuation,2019,Buildings,,9,2,,Article,Johnson A.,,,University of Southern California,United States,8,1,
2-s2.0-85095438992,,Uncertainties on cooling energy based on computational indoor air modeling in sports facilities,2019,ASHRAE Transactions,00012505,125,,14-16,Conference Paper,Ayed S.B.,,,,,0,0,
2-s2.0-85052785405,10.1007/978-3-030-00365-4_51,Underactuated elements design criterion for envelop gripper mechanism,2019,Mechanisms and Machine Science,22110984,66,,432-442,Conference Paper,Yao S.,,,Yanshan University,China,3,0,
2-s2.0-85107338842,,Evaluation of post processing analysis to determine optimal thermo-optical properties for adaptive glazing systems with quick adaptation speed,2019,Building Simulation Conference Proceedings,25222708,5,,2933-2940,Conference Paper,Pelle M.,,,Politecnico di Milano,Italy,0,0,
2-s2.0-85051643393,10.1016/j.bspc.2018.08.013,Objective and subjective assessment of envelope enhancement algorithms for assistive hearing devices,2019,Biomedical Signal Processing and Control,17468094,47,,16-25,Article,Moshgelani F.,,,Western University,Canada,4,0,
2-s2.0-85084098231,10.1115/ES2019-3909,Comparison and implementation of thermally massive wall and roof models for use in simplified building energy models,2019,ASME 2019 13th International Conference on Energy Sustainability Es 2019 Collocated with the ASME 2019 Heat Transfer Summer Conference,,,,,Conference Paper,Fernandez C.,,,Georgia Institute of Technology,United States,2,0,
2-s2.0-85060679321,10.1109/ETCM.2018.8580319,Actuation Confirmation and Negation via Facial-Identity and-Expression Recognition,2018,2018 IEEE 3rd Ecuador Technical Chapters Meeting Etcm 2018,,,,,Conference Paper,Cheng A.L.,,,Faculteit Bouwkunde van de TU Delft;Universidad Internacional SEK Ecuador,Netherlands;Ecuador,8,2,
2-s2.0-85053380187,10.1016/j.comnet.2018.09.008,Scheduling algorithm for the LTE downlink with F-OFDM using adaptive multifractal envelope process and minimum service curve,2018,Computer Networks,13891286,146,,12-32,Article,Cruz Abrahão D.,,,Universidade Federal de Goiás,Brazil,4,0,
2-s2.0-85050405261,10.1061/(ASCE)AE.1943-5568.0000323,Exploration of Adaptive Origami Shading Concepts through Integrated Dynamic Simulations,2018,Journal of Architectural Engineering,10760431,24,4,,Article,Pesenti M.,,,Politecnico di Milano,Italy,65,2,
2-s2.0-85061820846,10.1556/1848.2018.9.2.5,Adaptive solar shading of buildings,2018,International Review of Applied Sciences and Engineering,20620810,9,2,107-113,Article,Hraska J.,,,Slovak University of Technology in Bratislava,Slovakia,19,1,
2-s2.0-85045104638,10.1177/0040517517729385,"Multifunctional components from carbon concrete composite C3 – integrated, textile-based sensor solutions for in situ structural monitoring of adaptive building envelopes",2018,Textile Research Journal,00405175,88,23,2699-2711,Article,Haentzsche E.,,,Technische Universität Dresden,Germany,4,2,
2-s2.0-85054433136,10.1016/j.foar.2018.07.003,Scenario-based design: New applications in metamorphic architecture,2018,Frontiers of Architectural Research,20952635,7,4,530-543,Article,Eilouti B.,,,Prince Sultan University,Saudi Arabia,29,1,
2-s2.0-85059914633,10.1109/PVSC.2018.8548246,Optimization Methodology for Reconfigurable PV Modules,2018,2018 IEEE 7th World Conference on Photovoltaic Energy Conversion Wcpec 2018 A Joint Conference of 45th IEEE Pvsc 28th Pvsec and 34th Eu Pvsec,,,,3630-3634,Conference Paper,Manganiello P.,,,KU Leuven;Interuniversity Microelectronics Centre,Belgium;Belgium,0,2,
2-s2.0-85053850250,10.1016/j.enbuild.2018.09.017,Current trends and future challenges in the performance assessment of adaptive façade systems,2018,Energy and Buildings,03787788,179,,165-182,Article,Attia S.,,,Faculty of Applied Sciences,Belgium,187,1,
2-s2.0-85045693815,10.1080/16864360.2018.1462566,Use of neural network supervised learning to enhance the light environment adaptation ability and validity of Green BIM,2018,Computer Aided Design and Applications,16864360,15,6,831-840,Article,Chen S.,,,Feng Chia University,Taiwan,4,1,
2-s2.0-85056663195,10.1088/1757-899X/415/1/012054,"Vertical greenery systems for the energy retrofitting of buildings in Mediterranean climate: A case study in Catania, Italy",2018,Iop Conference Series Materials Science and Engineering,17578981,415,1,,Conference Paper,Cascone S.,,,Università degli Studi di Catania,Italy,4,1,
2-s2.0-85051140391,10.1016/j.apenergy.2018.07.046,Optical aspects and energy performance of switchable ethylene-tetrafluoroethylene (ETFE) foil cushions,2018,Applied Energy,03062619,229,,335-351,Article,Flor J.F.,,,University of Nottingham,United Kingdom,42,2,
2-s2.0-85056581823,10.1002/ad.2368,Three Main Drivers of Sustainable Design: A New Architectural Vernacular for China,2018,Architectural Design,00038504,88,6,74-79,Article,Song Y.,,,,,1,0,
2-s2.0-85056522122,10.1109/EEEIC.2018.8494565,A Novel Methodology to Optimize Visual Comfort and Energy Performance for Transparent Adaptive Façades,2018,Proceedings 2018 IEEE International Conference on Environment and Electrical Engineering and 2018 IEEE Industrial and Commercial Power Systems Europe Eeeic I and Cps Europe 2018,,,,,Conference Paper,Giovannini L.,,,Politecnico di Torino,Italy,4,0,
2-s2.0-85052899267,10.1016/j.buildenv.2018.08.028,Qualitative analysis of promising materials and technologies for the design and evaluation of Climate Adaptive Opaque Façades,2018,Building and Environment,03601323,144,,482-501,Review,Juaristi M.,,,Universidad de Navarra,Spain,64,0,
2-s2.0-85052106938,10.1016/j.enbuild.2018.07.040,A reflective adaptive solar façade for multi-building energy and comfort management,2018,Energy and Buildings,03787788,177,,303-315,Article,Powell D.,,,ETH Zürich,Switzerland,50,0,
2-s2.0-85049615913,10.1016/j.enbuild.2018.06.016,Passive cooling & climate responsive façade design exploring the limits of passive cooling strategies to improve the performance of commercial buildings in warm climates,2018,Energy and Buildings,03787788,175,,30-47,Article,Prieto A.,,,Faculteit Bouwkunde van de TU Delft,Netherlands,76,1,
2-s2.0-85047811689,10.1016/j.autcon.2018.05.013,Performative design environment for kinetic photovoltaic architecture,2018,Automation in Construction,09265805,93,,339-347,Article,Jayathissa P.,,,ETH Zürich,Switzerland,38,0,
2-s2.0-85047597890,10.1016/j.apenergy.2018.05.034,Energy savings due to building integration of innovative solid-state electrochromic devices,2018,Applied Energy,03062619,225,,975-985,Article,Cannavale A.,,,Politecnico di Bari,Italy,83,0,
2-s2.0-85048519734,10.1016/j.enbuild.2018.05.051,Investigating the potential of a closed-loop dynamic insulation system for opaque building elements,2018,Energy and Buildings,03787788,173,,409-427,Article,Koenders S.,,,Technische Universiteit Eindhoven,Netherlands,59,1,
2-s2.0-85049357650,10.1016/j.energy.2018.04.167,Solar facade module for nearly zero energy building,2018,Energy,03605442,157,,1025-1034,Article,Vanaga R.,,,Riga Technical University,Latvia,76,0,
2-s2.0-85054841920,10.1145/3230744.3230803,A process to create dynamic landscape paintings using barycentric shading with control paintings,2018,ACM SIGGRAPH 2018 Posters SIGGRAPH 2018,,,,,Conference Paper,Justice M.,,,Texas A&M University,United States,0,0,
2-s2.0-85054873295,10.1145/3231578.3232160,Deferred adaptive compute shading,2018,High Performance Graphics ACM SIGGRAPH Eurographics Symposium Proceedings Hpg,20798679,,,,Conference Paper,Mallett I.,,,The University of Utah,United States,3,1,
2-s2.0-85047722244,10.1016/j.solener.2018.05.041,Integrating illuminance and energy evaluations of cellular automata controlled dynamic shading system using new hourly-based metrics,2018,Solar Energy,0038092X,170,,336-351,Article,Ayoub M.,,,"Arab Academy for Science, Technology and Maritime Transport",Egypt,29,0,
2-s2.0-85048321554,10.1016/j.solener.2018.04.047,Design optimisation of solar shading systems for tropical office buildings: Challenges and future trends,2018,Solar Energy,0038092X,170,,849-872,Review,Al-Masrani S.M.,,,SEGi University,Malaysia,143,0,
2-s2.0-85048680487,10.1007/s12273-018-0433-0,Daylighting and visual comfort of oriental sun responsive skins: A parametric analysis,2018,Building Simulation,19963599,11,4,663-676,Article,Tabadkani A.,,,Politecnico di Milano,Italy,109,2,
2-s2.0-85050261029,10.3390/su10072548,Performance analyses of temporary membrane structures: Energy saving and CO2 reduction through dynamic simulations of textile envelopes,2018,Sustainability Switzerland,,10,7,,Article,De Vita M.,,,Consiglio Nazionale delle Ricerche,Italy,9,1,
2-s2.0-85047991592,10.1108/MEQ-01-2018-0008,Comparison of static and dynamic shading systems for office building energy consumption and cooling load assessment,2018,Management of Environmental Quality an International Journal,14777835,29,5,978-998,Article,De Luca F.,,,Tallinna Tehnikaülikool,Estonia,29,0,
2-s2.0-85065827605,10.1109/POWERI.2018.8704454,Performance evaluation of PV array under dynamic hard shading conditions,2018,8th IEEE Power India International Conference Piicon 2018,,,,,Conference Paper,Kumar A.,,,National Institute of Technology Kurukshetra,India,2,0,
2-s2.0-85062082499,10.1109/IEECON.2018.8712327,Modeling and Simulation of MPPT SEPIC-BOOST Using Modified Particle Swarm Optimization (MPSO)-FLC under Dynamic Partial Shading Condition in DC Microgrid System,2018,Ieecon 2018 6th International Electrical Engineering Congress,,,,,Conference Paper,Murdianto F.D.,,,Electronic Engineering Polytechnic,Indonesia,14,0,
2-s2.0-85047141653,10.11591/ijeecs.v11.i1.pp400-408,Performance characteristics of miniature photovoltaic farm under dynamic partial shading,2018,Indonesian Journal of Electrical Engineering and Computer Science,25024752,11,1,400-408,Article,Rajagukguk A.,,,Institut Teknologi Sepuluh Nopember;Universitas Riau,Indonesia;Indonesia,4,1,
2-s2.0-85045117364,10.1016/j.jobe.2018.03.022,Energy efficiency optimization strategies for university research buildings with hot summer and cold winter climate of China based on the adaptive thermal comfort,2018,Journal of Building Engineering,,18,,321-330,Article,Ge J.,,,College of Civil Engineering and Architecture Zhejiang University,China,83,0,
2-s2.0-85041240840,10.1109/TSTE.2018.2791968,An Enhanced Adaptive P&O MPPT for Fast and Efficient Tracking Under Varying Environmental Conditions,2018,IEEE Transactions on Sustainable Energy,19493029,9,3,1487-1496,Article,Ahmed J.,,,Swinburne University of Technology Sarawak Campus;School of Electrical Engineering,Malaysia;Malaysia,381,0,
2-s2.0-85035098548,10.1007/s11053-017-9360-5,Identifying Groundwater Potential in Crystalline Basement Rocks Using Remote Sensing and Electromagnetic Sounding Techniques in Central Western Mozambique,2018,Natural Resources Research,15207439,27,3,275-298,Article,Magaia L.A.,,,Kyoto University;Universidade Eduardo Mondlane,Japan;Mozambique,29,0,
2-s2.0-85047783225,10.1016/j.cja.2018.05.006,Envelope protection for aircraft encountering upset condition based on dynamic envelope enlargement,2018,Chinese Journal of Aeronautics,10009361,31,7,1461-1469,Review,ZHENG W.,,,Air Force Engineering University China,China,15,1,
2-s2.0-85051186113,,Evaluating visual comfort metrics of responsive facade systems as educational activities,2018,ASEE Annual Conference and Exposition Conference Proceedings,,2018-June,,,Conference Paper,Matin N.H.,,,University of Maryland Eastern Shore,United States,4,0,
2-s2.0-85050028984,10.1109/ICAMIMIA.2017.8387609,"Comparison method of MPSO, FPA, and GWO algorithm in MPPT SEPIC converter under dynamic partial shading condition",2018,Proceeding Icamimia 2017 International Conference on Advanced Mechatronics Intelligent Manufacture and Industrial Automation,,,,315-320,Conference Paper,Murdianto F.D.,,,Electronic Engineering Polytechnic,Indonesia,32,0,
2-s2.0-85046032794,10.1016/j.solmat.2018.02.004,Solar energy materials for thermal applications: A primer,2018,Solar Energy Materials and Solar Cells,09270248,180,,213-226,Article,Granqvist C.G.,,,Ångströmlaboratoriet,Sweden,59,2,
2-s2.0-85050151806,10.1109/ICPHYS.2018.8387662,"Shading prediction, fault detection, and consensus estimation for solar array control",2018,Proceedings 2018 IEEE Industrial Cyber Physical Systems Icps 2018,,,,217-222,Conference Paper,Katoch S.,,,Sensor Signal and Information Processing (SenSIP) Center,United States,28,0,
2-s2.0-85053584841,10.1007/978-3-319-79099-2_18,Biomechanics and functional morphology of plants-inspiration for biomimetic materials and structures,2018,Plant Biomechanics from Structure to Function at Multiple Scales,,,,399-433,Book Chapter,Speck T.,,,Universität Freiburg,Germany,25,0,
2-s2.0-85047517360,10.1177/1477153516675392,"Prototyping a façade-mounted, dynamic, dual-axis daylight redirection system",2018,Lighting Research and Technology,14771535,50,4,583-595,Article,Dogan T.,,,Cornell University,United States,18,0,
2-s2.0-85049243228,10.1556/1848.2018.9.1.6,Prevention of summer overheating of buildings with added convex windows,2018,International Review of Applied Sciences and Engineering,20620810,9,1,41-48,Article,Kerekes A.,,,Debreceni Egyetem Műszaki Kar,Hungary,1,1,
2-s2.0-85050697437,10.1088/1757-899X/362/1/012011,A Methodology for Evaluating the Hygroscopic Behavior of Wood in Adaptive Building Skins using Motion Grammar,2018,Iop Conference Series Materials Science and Engineering,17578981,362,1,,Conference Paper,El-Dabaa R.,,,Arab Academy for Science and Technology and Maritime Transport Heliopolis Campus,Egypt,6,1,
2-s2.0-85031684471,10.1016/j.tws.2017.10.014,Strain rate effect on the mechanical behavior of basalt: Observations from static and dynamic tests,2018,Thin Walled Structures,02638231,126,,127-137,Article,Malik A.,,,The NorthCap University,India,38,0,
2-s2.0-85038033720,10.1108/IR-09-2017-0165,An industrial security system for human-robot coexistence,2018,Industrial Robot,0143991X,45,2,220-226,Article,Long P.,,,College of Engineering,United States,52,2,
2-s2.0-85045196554,10.3390/app8040558,An evolutionary-based MPPT algorithm for photovoltaic systems under dynamic partial shading,2018,Applied Sciences Switzerland,,8,4,,Article,Dolara A.,,,Politecnico di Milano,Italy,52,1,
2-s2.0-85049918155,10.1108/SASBE-10-2017-0049,ParticipationPlus: Documenting a design process of a media architecture installation in the second digital turn era,2018,Smart and Sustainable Built Environment,20466099,7,1,133-149,Article,Haeusler M.H.,,,UNSW Sydney,Australia,3,2,
2-s2.0-85041433117,10.1007/s12273-017-0406-8,“Adaptive radiation” optimization for climate adaptive building facade design strategy,2018,Building Simulation,19963599,11,2,269-279,Article,Shan R.,,,"University of Michigan, Ann Arbor;Shenyang Jianzhu University",United States;China,16,0,
2-s2.0-85041283891,10.1115/1.4038961,Dynamic Modeling of Solar Radiation Disturbances Based on a Biomimetic Cloud Shading Model,2018,Journal of Solar Energy Engineering Transactions of the ASME,01996231,140,2,,Article,García J.,,,Universidad del Norte,Colombia,4,0,
2-s2.0-85040938076,10.1007/s00004-017-0365-5,"Architecture In-Play, Future Challenges",2018,Nexus Network Journal,15905896,20,1,9-23,Article,Paio A.,,,Iscte – Instituto Universitário de Lisboa,Portugal,0,1,
2-s2.0-85044427208,10.1088/1755-1315/126/1/012023,Dynamic facade module prototype development for solar radiation prevention in high rise building,2018,Iop Conference Series Earth and Environmental Science,17551307,126,1,,Conference Paper,Sega Sufia Purnama M.,,,Universitas Indonesia,Indonesia,5,1,
2-s2.0-85041484887,10.1016/j.enbuild.2017.12.015,Thermal and optical characterisation of dynamic shading systems with PCMs through laboratory experimental measurements,2018,Energy and Buildings,03787788,163,,92-110,Article,Bianco L.,,,Politecnico di Torino,Italy,21,0,
2-s2.0-85041382639,10.1016/j.solener.2018.01.082,Developing an advanced daylight model for building energy tool to simulate dynamic shading device,2018,Solar Energy,0038092X,163,,140-149,Article,Yi Y.K.,,,University of Illinois Urbana-Champaign,United States,36,0,
2-s2.0-85033789403,10.1016/j.apenergy.2017.08.115,Simulation of a biomimetic façade using TRNSYS,2018,Applied Energy,03062619,213,,670-694,Article,Webb M.,,,University of Melbourne,Australia,17,2,
2-s2.0-85076246643,10.1007/s40518-018-0103-y,Dynamic Shading in Buildings: a Review of Testing Methods and Recent Research Findings,2018,Current Sustainable Renewable Energy Reports,,5,1,93-100,Review,Kunwar N.,,,Iowa State University,United States,24,0,
2-s2.0-85051750668,10.3992/1943-4618.13.2.145,Modeling and fabrication of a kinetic solar energy-absorbing window as a green idea for sustainable future buildings,2018,Journal of Green Building,15526100,13,2,147-162,Article,Valinejadshoubi M.,,,"Islamic Azad University, Central Tehran Branch",Iran,8,1,
2-s2.0-85037045743,10.1007/s12273-017-0380-1,Natural ventilation strategies for indoor thermal comfort in Mediterranean apartments,2018,Building Simulation,19963599,11,1,175-191,Article,Spentzou E.,,,Loughborough University,United Kingdom,37,2,
2-s2.0-85043317193,10.3389/fpls.2018.00056,Auxin-to-gibberellin ratio as a signal for light intensity and quality in regulating soybean growth and matter partitioning,2018,Frontiers in Plant Science,,9,,,Article,Yang F.,,,Ministry of Agriculture of the People's Republic of China;Sichuan Agricultural University;Sichuan Engineering Research Center for Crop Strip Intercropping System,China;China;China,100,1,
2-s2.0-85041002961,10.1088/1755-1315/109/1/012039,Adaptive Façade: Variant-Finding using Shape Grammar,2018,Iop Conference Series Earth and Environmental Science,17551307,109,1,,Conference Paper,Tomasowa R.,,,Bina Nusantara University,Indonesia,0,1,
2-s2.0-85041080940,10.1063/1.5019104,Dynamic wind action on façade scaffoldings,2018,Aip Conference Proceedings,0094243X,1922,,,Conference Paper,Lipecki T.,,,Politechnika Lubelska,Poland,7,1,
2-s2.0-85056079306,10.52842/conf.caadria.2018.2.083,Adaptive façades: An evaluation of cellular automata controlled dynamic shading system using new hourly-based metrics,2018,Caadria 2018 23rd International Conference on Computer Aided Architectural Design Research in Asia Learning Prototyping and Adapting,,2,,83-92,Conference Paper,Ayoub M.,,,College of Engineering and Technology,Egypt,1,1,
2-s2.0-85056346941,10.7480/jfde.2018.3.2530,A redesign procedure to manufacture adaptive façades with standard products,2018,Journal of Facade Design and Engineering,2213302X,6,3,077-100,Article,Basarir B.,,,İstanbul Teknik Üniversitesi,Turkey,13,0,
2-s2.0-85056090386,,Design optimum responsive façade based on visual comfort and energy performance,2018,Caadria 2018 23rd International Conference on Computer Aided Architectural Design Research in Asia Learning Prototyping and Adapting,,2,,93-102,Conference Paper,Valitabar M.,,,University of Zanjan,Iran,10,0,
2-s2.0-85056342945,10.7480/jfde.2018.3.2564,Towards new metrics for the characterisation of the dynamic performance of adaptive façade systems,2018,Journal of Facade Design and Engineering,2213302X,6,3,175-196,Article,Bianco L.,,,Université Grenoble Alpes;Politecnico di Torino,France;Italy,16,0,
2-s2.0-85085932186,,Climate-adaptive facade design with smart materials: Evaluation and strategies of thermo-responsive smart material applications for building skins in Seoul,2018,PLEA 2018 Smart and Healthy within the Two Degree Limit Proceedings of the 34th International Conference on Passive and Low Energy Architecture,,2,,620-626,Conference Paper,Yoon J.,,,University of Seoul,South Korea,10,0,
2-s2.0-85056076335,10.52842/conf.caadria.2018.2.143,Pneumatic skin with adaptive openings: Adaptive façade with opening control integrated with CFD for natural ventilation,2018,Caadria 2018 23rd International Conference on Computer Aided Architectural Design Research in Asia Learning Prototyping and Adapting,,2,,143-151,Conference Paper,Lee J.,,,Yonsei University,South Korea,2,1,
2-s2.0-85056302357,10.7480/jfde.2018.3.2574,The role of geometry for adaptability: Comparison of shading systems and biological role models,2018,Journal of Facade Design and Engineering,2213302X,6,3,163-174,Article,Gosztonyi S.,,,Delft University of Technology;Hochschule Luzern,Netherlands;Switzerland,13,0,
2-s2.0-85117689569,10.7480/JFDE.2018.1.1865,Using parametric BIM integration for prototyping future responsive façades,2018,Journal of Facade Design and Engineering,2213302X,6,1,89-100,Article,Mallasi Z.,,,AECOM Technology Corporation;Effat University,United States;Saudi Arabia,6,0,
2-s2.0-85056342669,10.7480/jfde.2018.3.2464,Post-occupancy evaluation for adaptive façades,2018,Journal of Facade Design and Engineering,2213302X,6,3,001-009,Article,Attia S.,,,Université de Liège,Belgium,21,0,
2-s2.0-85054651394,10.7480/cgc.6.2133,Movable thin glass elements in façades,2018,Challenging Glass 6 Conference on Architectural and Structural Applications of Glass Cgc 2018 Proceedings,,,,195-202,Conference Paper,Neugebauer J.,,,FH Joanneum,Austria,12,0,
2-s2.0-85081578185,,Development of an adaptive passive façade: A replicable approach for managing multiple design solutions,2018,PLEA 2018 Smart and Healthy within the Two Degree Limit Proceedings of the 34th International Conference on Passive and Low Energy Architecture,,1,,353-358,Conference Paper,Ponzio C.,,,Architect,Italy,3,0,
2-s2.0-85056361471,10.7480/jfde.2018.3.2478,What is an adaptive façade? Analysis of recent terms and definitions from an international perspective,2018,Journal of Facade Design and Engineering,2213302X,6,3,065-076,Article,Romano R.,,,Università degli Studi di Firenze,Italy,94,0,
2-s2.0-85048316260,10.7480/jfde.2018.2.2216,Exploring the potential of smart and multifunctional materials in adaptive opaque façade systems,2018,Journal of Facade Design and Engineering,2213302X,6,2,107-117,Article,Juaristi M.,,,Universidad de Navarra,Spain,23,0,
2-s2.0-85054607143,10.7480/cgc.6.2129,Flexible transparency - A study on adaptive thin glass façade panels,2018,Challenging Glass 6 Conference on Architectural and Structural Applications of Glass Cgc 2018 Proceedings,,,,135-148,Conference Paper,Silveira R.R.,,,Delft University of Technology;Hugh Dutton Associés,Netherlands;France,8,0,
2-s2.0-85058961035,10.26687/archnet-ijar.v12i3.1607,Proposing a novel kinetic skin for building facades using scissor-like-element structures,2018,Archnet Ijar International Journal of Architectural Research,26316862,12,3,273-287,Article,Asefi M.,,,Tabriz Islamic Art University,Iran,7,1,
2-s2.0-85056656080,,Multivalent analysis of double-­skin envelope dynamic hygrothermal louver system,2018,Simulation Series,07359276,50,7,71-78,Conference Paper,Ida A.,,,The University of Arizona,United States,0,0,
2-s2.0-85032437374,10.1016/j.autcon.2017.10.006,An innovative building envelope (kinetic façade) with Shape Memory Alloys used as actuators and sensors,2018,Automation in Construction,09265805,85,,220-231,Article,Formentini M.,,,Università Politecnica delle Marche,Italy,80,0,
2-s2.0-85056332504,10.7480/jfde.2018.3.2475,Smart and multifunctional materials and their possible application in façade systems,2018,Journal of Facade Design and Engineering,2213302X,6,3,019-033,Article,Juaristi M.,,,Universidad de Navarra,Spain,20,0,
2-s2.0-85056337481,10.7480/jfde.2018.3.2602,Study of a BIPV adaptive system: Combining timber and photovoltaic technologies,2018,Journal of Facade Design and Engineering,2213302X,6,3,149-162,Article,Mazzucchelli E.S.,,,Politecnico di Milano,Italy,12,0,
2-s2.0-85035038023,10.1016/j.enbuild.2017.11.025,The mediterranean smart adaptive wall. An experimental design of a smart and adaptive facade module for the mediterranean climate,2018,Energy and Buildings,03787788,158,,1450-1460,Article,Iommi M.,,,Università degli Studi di Camerino,Italy,28,0,
2-s2.0-85056574509,10.13128/Techne-22702,The SELFIE façade system. From smart buildings to smart grid,2018,Techne,,SpecialSeries1,,166-172,Article,Romano R.,,,Università degli Studi di Firenze,Italy,4,0,
2-s2.0-85071365967,10.1080/24751448.2018.1420964,Snapping Facades: Exploring Elastic Instability for the Building Envelope,2018,Technology Architecture and Design,24751448,2,1,45-54,Article,Song J.Y.,,,"University at Buffalo, The State University of New York",United States,12,0,
2-s2.0-85045672511,10.1088/1748-3190/aa979c,Hindwings of insects as concept generator for hingeless foldable shading systems,2018,Bioinspiration and Biomimetics,17483182,13,1,,Article,Schieber G.,,,Universität Stuttgart,Germany,36,0,
2-s2.0-85038610561,10.1088/1361-665X/aa9c2f,Flectofold - A biomimetic compliant shading device for complex free form facades,2018,Smart Materials and Structures,09641726,27,1,,Article,Körner A.,,,Universität Stuttgart,Germany,86,2,
2-s2.0-85088354718,,Adaptive façade screens: The design of bimetallic façade screens for passive climate control,2018,PLEA 2018 Smart and Healthy within the Two Degree Limit Proceedings of the 34th International Conference on Passive and Low Energy Architecture,,3,,971-973,Conference Paper,Li W.,,,Harvard Graduate School of Design,United States,0,0,
2-s2.0-85056602583,10.1016/j.egypro.2018.08.096,Innovative electrochromic devices: Energy savings and visual comfort effects,2018,Energy Procedia,18766102,148,,900-907,Conference Paper,Cannavale A.,,,Politecnico di Bari,Italy,27,1,
2-s2.0-85048333744,10.7480/jfde.2018.1.1781,Numerical investigation of capabilities for dynamic self-shading through shape changing building surface tiles,2018,Journal of Facade Design and Engineering,2213302X,6,1,57-69,Article,Zupan R.J.,,,University of Pittsburgh,United States,8,0,
2-s2.0-85047448725,10.24425/118966,Dynamical analysis of steel point connectors used for fixation of glass façades,2018,Archives of Metallurgy and Materials,17333490,63,1,491-496,Article,Major I.,,,Częstochowa University Of Technology,Poland,8,1,
2-s2.0-85056076637,,Modulating natural ventilation to enhance resilience through modifying nozzle profiles: Exploring rapid prototyping through 3D-printing,2018,Caadria 2018 23rd International Conference on Computer Aided Architectural Design Research in Asia Learning Prototyping and Adapting,,2,,185-194,Conference Paper,Bhagat N.,,,Texas A&M University,United States,2,0,
2-s2.0-85049954445,10.2480/agrmet.D-17-00047,Shading and electric performance of a prototype greenhouse blind system based on semi-transparent photovoltaic technology,2018,Journal of Agricultural Meteorology,00218588,74,3,114-122,Article,Li Z.,,,Tottori University,Japan,39,1,
2-s2.0-85040784002,,Stretch controlled shading capabilities of special elastomeric silicone films,2018,8th International Conference on Textile Composites and Inflatable Structures Structural Membranes 2017,,,,241-252,Conference Paper,Stegmaier T.,,,DEUTSCHE INSTITUTE FUR TEXTIL- UND FASERFORSCHUNG DENKENDORF,Germany,1,0,
2-s2.0-85086487453,10.1201/9780429506208-81,Richard neutra and the history of the vertical louvered solar control system,2018,Building Knowledge Constructing Histories,,1,,637-642,Conference Paper,Fordham C.,,,Temple University,United States,1,0,
2-s2.0-85056357118,10.7480/jfde.2018.3.2531,Opportunities and challenges for performance prediction of dynamic complex fenestration systems (CFS),2018,Journal of Facade Design and Engineering,2213302X,6,3,101-115,Article,De Michele G.,,,Free University of Bozen-Bolzano,Italy,13,0,
2-s2.0-85055828942,10.18720/MCE.81.5,Productivity of microalgae as biofuel for bioadaptive systems of facades,2018,Magazine of Civil Engineering,20714726,81,5,43-51,Article,Zalata E.S.,,,Peter the Great St. Petersburg Polytechnic University,Russian Federation,5,0,
2-s2.0-85056350435,10.7480/jfde.2018.3.2477,Thermal assessment of glass façade panels under radiant heating: Experimental and preliminary numerical studies,2018,Journal of Facade Design and Engineering,2213302X,6,3,049-064,Article,Bedon C.,,,Università degli Studi di Trieste,Italy,8,0,
2-s2.0-85032392500,10.1016/j.enbuild.2017.10.042,An autonomous shading system based on coupled wood bilayer elements,2018,Energy and Buildings,03787788,158,,1013-1022,Article,Vailati C.,,,ETH Zürich;Empa - Swiss Federal Laboratories for Materials Science and Technology,Switzerland;Switzerland,58,0,
2-s2.0-85053277746,10.19199/2018.2.2038-5625.015,Dynamic assessment of whitewash shading and evaporative cooling on the greenhouse microclimate and cucumber growth in a mediterranean climate,2018,Italian Journal of Agrometeorology,20385625,2018,2,15-26,Article,Nikolaou G.,,,University of Thessaly,Greece,20,0,
2-s2.0-85030667780,10.1016/j.enbuild.2017.10.008,Indoor daylight distribution in a room with integrated dynamic solar concentrating facade,2018,Energy and Buildings,03787788,158,,1-13,Article,Zhu L.,,,Tianjin University,China,22,0,
2-s2.0-85058219946,10.1016/j.egypro.2018.09.133,"Balancing urban density, energy performance and environmental quality in the Mediterranean: A typological evaluation based on photovoltaic potential",2018,Energy Procedia,18766102,152,,1103-1108,Conference Paper,Natanian J.,,,Technische Universität München,Germany,36,1,
2-s2.0-85064618582,10.1016/j.prostr.2018.11.004,A specific out-of-plane model for the dynamic analysis of masonry façades and estimation of cumulative seismic damage,2018,Procedia Structural Integrity,,11,,20-27,Conference Paper,Casolo S.,,,Politecnico di Milano,Italy,1,1,
2-s2.0-85051483920,10.18720/MCE.80.6,The seismic stability of facade system with facing by composite panels,2018,Magazine of Civil Engineering,20714726,80,4,62-72,Article,Tusnina V.M.,,,Moscow State University of Civil Engineering,Russian Federation,4,0,
2-s2.0-85056173627,10.2514/6.2018-5135,Kinetic architecture of extensible work platforms for rocket assembly,2018,2018 AIAA Space and Astronautics Forum and Exposition,,,,,Conference Paper,Schultz A.M.,,,RS&H Inc.,United States,0,0,
2-s2.0-85127834047,,Kinetic Architecture Reinterpreting Persian Mathematics and Astronomy,2018,Proceedings of the International Conference on Education and Research in Computer Aided Architectural Design in Europe,26841843,1,,605-612,Conference Paper,Mansourimajoumerd P.,,,Tarbiat Modares University,Iran,1,0,
2-s2.0-85049957264,10.1117/12.2295363,Optimization of dynamic envelope measurement system for high speed train based on monocular vision,2018,Proceedings of SPIE the International Society for Optical Engineering,0277786X,10621,,,Conference Paper,Wu B.,,,Tianjin University,China,0,0,
2-s2.0-85049949177,10.1117/12.2304291,Research on an optoelectronic measurement system of dynamic envelope measurement for China Railway high-speed train,2018,Proceedings of SPIE the International Society for Optical Engineering,0277786X,10621,,,Conference Paper,Zhao Z.,,,Changcheng Institute of Metrology and Measurement,China,5,0,
2-s2.0-85056107558,,Analysis and applications of theo jansen's linkage Mechanism: Theo Jansen's linkage mechanism on kinetic architecture,2018,Caadria 2018 23rd International Conference on Computer Aided Architectural Design Research in Asia Learning Prototyping and Adapting,,2,,359-368,Conference Paper,Wang C.Y.,,,National Chiao Tung University,Taiwan,6,0,
2-s2.0-85063397155,,The influence of building envelope design on the thermal comfort of high-rise residential buildings in Hong Kong,2018,Proceedings of 10th Windsor Conference Rethinking Comfort,,,,1062-1075,Conference Paper,Kwok Y.T.,,,Chinese University of Hong Kong,Hong Kong,8,0,
2-s2.0-85060388021,10.1115/IMECE2018-87050,3D construction of a tilted cuboid mechanical metamaterial,2018,ASME International Mechanical Engineering Congress and Exposition Proceedings Imece,,9,,,Conference Paper,Yang Y.,,,University of Oxford,United Kingdom,3,0,
2-s2.0-85028744742,10.1016/j.renene.2017.07.079,Environmental assessment of an integrated adaptive system for the improvement of indoor visual comfort of existing buildings,2018,Renewable Energy,09601481,115,,620-633,Article,Michael A.,,,University of Cyprus,Cyprus,46,0,
2-s2.0-85105618539,10.26375/disegno.2.2018.10,About the ‘cape’. Considerations on geometries of the maurizio sacripanti’s osaka pavilion roof,2018,Disegno,,2018,2,77-88,Article,Greco L.,,,Sapienza Università di Roma,Italy,0,0,
2-s2.0-85055551398,,A new domestic source for high performance star trackers: The ball CT2020,2018,Advances in the Astronautical Sciences,00653438,164,,705-716,Conference Paper,Tchilian E.,,,Ball Aerospace,United States,1,0,
2-s2.0-85063964999,10.18848/2325-128X/CGP/v13i02/29-46,A hybrid framework of computer-aided instruction and problem-based learning for metamorphic design pedagogy,2018,International Journal of Design Education,2325128X,13,2,29-46,Article,Eilouti B.,,,Prince Sultan University,Saudi Arabia,3,0,
2-s2.0-85050348208,10.1109/CAC.2017.8242833,Modeling of hysteresis nonlinearity in piezoelectric ceramic micro-positioning platform based on generalized rate-dependent Prandtl-Ishlinskii model,2017,Proceedings 2017 Chinese Automation Congress Cac 2017,,2017-January,,574-578,Conference Paper,Luo Y.,,,Jilin University,China,2,0,
2-s2.0-85037095419,10.3390/su9122244,Energy toolbox-Framework for the development of a tool for the primary design of Zero Emission Buildings in European and Asian cities,2017,Sustainability Switzerland,,9,12,,Article,Koller C.,,,ZHAW Zurich University of Applied Sciences,Switzerland,7,1,
2-s2.0-85039788581,10.1038/s41598-017-08555-0,Atomic Force Microscopy Reveals the Dynamic Morphology of Fenestrations in Live Liver Sinusoidal Endothelial Cells,2017,Scientific Reports,,7,1,,Article,Zapotoczny B.,,,Uniwersytet Jagielloński,Poland,49,1,
2-s2.0-85023636842,10.1002/eqe.2927,A numerical study on the cumulative out-of-plane damage to church masonry façades due to a sequence of strong ground motions,2017,Earthquake Engineering and Structural Dynamics,00988847,46,15,2717-2737,Article,Casolo S.,,,Politecnico di Milano,Italy,41,0,
2-s2.0-85032691451,10.1016/j.solener.2017.10.025,Configuration of marine photovoltaic system and its MPPT using model predictive control,2017,Solar Energy,0038092X,158,,995-1005,Article,Tang R.,,,Wuhan University of Technology,China,52,0,
2-s2.0-85033597030,10.1016/j.buildenv.2017.10.017,Daylight and thermal harvesting performance evaluation of a liquid filled prismatic façade using the Radiance five-phase method and EnergyPlus,2017,Building and Environment,03601323,126,,396-409,Article,Vlachokostas A.,,,Pacific Northwest National Laboratory;The Grove School of Engineering,United States;United States,39,1,
2-s2.0-85034241425,10.3390/su9112096,Retrofits for energy efficient office buildings: Integration of optimized photovoltaics in the form of responsive shading devices,2017,Sustainability Switzerland,,9,11,,Article,Abdullah H.K.,,,Eastern Mediterranean University;Salahaddin University-Erbil,Turkey;Iraq,31,1,
2-s2.0-85050452741,10.1145/3137133.3141442,Poster: An energy-harvesting facade optimization system for built environments,2017,Buildsys 2017 Proceedings of the 4th ACM International Conference on Systems for Energy Efficient Built Environments,,2017-January,,,Conference Paper,Biju A.P.,,,Delft University of Technology,Netherlands,2,2,
2-s2.0-85033719769,10.1088/1757-899X/245/4/042073,Reasons for Implementing Movement in Kinetic Architecture,2017,Iop Conference Series Materials Science and Engineering,17578981,245,4,,Conference Paper,Cudzik J.,,,Gdańsk University of Technology,Poland,5,1,
2-s2.0-85028822074,10.1016/j.enbuild.2017.07.028,Improved methods for the calorimetric determination of the solar factor in outdoor test cell facilities,2017,Energy and Buildings,03787788,153,,513-524,Article,Pagliano L.,,,Politecnico di Milano,Italy,10,2,
2-s2.0-105007936422,10.1007/978-3-319-60919-5_10,Encoding gesture-oriented human behaviour for the development and control of an adaptive building skin,2017,Computational Morphologies Design Rules Between Organic Models and Responsive Architecture,,,,133-146,Book Chapter,Kontovourkis O.,,,University of Cyprus,Cyprus,1,0,
2-s2.0-85040312853,10.3390/en10101672,"Building applications, opportunities and challenges of active shading systems: A state-of-the-art review",2017,Energies,,10,10,,Review,Al Dakheel J.,,,United Arab Emirates University,United Arab Emirates,112,1,
2-s2.0-85031713907,10.1109/TII.2017.2703079,An Accurate Method for MPPT to Detect the Partial Shading Occurrence in a PV System,2017,IEEE Transactions on Industrial Informatics,15513203,13,5,2151-2161,Article,Ahmed J.,,,Universiti Teknologi Malaysia;Swinburne University of Technology Sarawak Campus,Malaysia;Malaysia,140,0,
2-s2.0-85021430828,10.1007/s12273-017-0360-5,Reducing thermal energy demand in residential buildings under Spanish climatic conditions: Qualitative control strategies for massive shutter positioning,2017,Building Simulation,19963599,10,5,643-661,Article,San Martin J.P.,,,Consejo Superior de Investigaciones Científicas,Spain,12,2,
2-s2.0-85032823261,10.1109/NICOInt.2017.16,Botanical puppet: Computer controlled shameplant,2017,Proceedings 2017 Nicograph International Nicoint 2017,,,,68-71,Conference Paper,Kurihara W.,,,Tokyo Metropolitan University,Japan,9,0,
2-s2.0-85020826686,10.1016/j.enbuild.2017.06.030,Lighting and cooling energy assessment of multi-purpose control strategies for external movable shading devices by using shaded fraction,2017,Energy and Buildings,03787788,150,,328-338,Article,Choi S.J.,,,Inha University,South Korea,54,0,
2-s2.0-85021349707,10.1016/j.enbuild.2017.05.067,Energy assessment of a novel dynamic PCMs based solar shading: results from an experimental campaign,2017,Energy and Buildings,03787788,150,,608-624,Article,Bianco L.,,,Politecnico di Torino,Italy,33,0,
2-s2.0-85044304598,10.2514/1.C034258,Dynamic envelope determination based on differential manifold theory,2017,Journal of Aircraft,00218669,54,5,2003-2007,Article,Zheng W.J.,,,College of Engineering;Air Force Engineering University China,United States;China,19,0,
2-s2.0-85027711885,10.3390/su9081449,Method of deriving shaded fraction according to shading movements of kinetic façade,2017,Sustainability Switzerland,,9,8,,Article,Choi S.J.,,,Inha University,South Korea,22,1,
2-s2.0-85029605831,10.17660/ActaHortic.2017.1170.115,Evaluating environmental conditions in open-roof greenhouses,2017,Acta Horticulturae,05677572,1170,,897-904,Conference Paper,Ishii M.,,,"Institute for Rural Engineering, NARO",Japan,0,0,
2-s2.0-85021871705,10.1080/00038628.2017.1337558,The impacts of dynamic façade shading typologies on building energy performance and occupant’s multi-comfort,2017,Architectural Science Review,00038628,60,4,316-324,Article,Elzeyadi I.,,,University of Oregon,United States,47,0,
2-s2.0-85046279443,10.1109/ITSC.2017.8317632,High-speed trajectory planning for autonomous vehicles using a simple dynamic model,2017,IEEE Conference on Intelligent Transportation Systems Proceedings ITSC,,2018-March,,,Conference Paper,Altché F.,,,Mines Paris - PSL;Ecole nationale des ponts et chaussées,France;France,54,2,
2-s2.0-85022208992,10.1016/j.jobe.2017.06.013,NEST HiLo: Investigating lightweight construction and adaptive energy systems,2017,Journal of Building Engineering,,12,,332-341,Article,Block P.,,,ETH Zürich,Switzerland,49,0,
2-s2.0-85044530680,10.1109/WSC.2017.8247978,Hybrid metaheuristic experiments of real-time adaptive optimization of parametric shading design through remote data transfer,2017,Proceedings Winter Simulation Conference,08917736,,,2495-2506,Conference Paper,Yi H.,,,Florida International University,United States,2,0,
2-s2.0-85049567313,10.1109/IFWS.2017.8245973,Daylighting simulation and analysis of buildings with dynamic photovoltaic window shading elements,2017,2017 14th China International Forum on Solid State Lighting International Forum on Wide Bandgap Semiconductors China Sslchina Ifws 2017,,2018-January,,52-55,Conference Paper,Gao Y.,,,Delft University of Technology;Delft Institute of Microelectronics and Submicrontechnology - DIMES;State Key Laboratory of Solid State Lighting,Netherlands;Netherlands;China,6,0,
2-s2.0-85030633674,10.1109/ICIS.2017.7960082,3D architecture facade optimization based on genetic algorithm and neural network,2017,Proceedings 16th IEEE Acis International Conference on Computer and Information Science Icis 2017,,,,693-698,Conference Paper,Zhang Y.,,,Communication University of China,China,2,0,
2-s2.0-85030535920,,Comparative analysis of technologies used in responsive building facades,2017,ASEE Annual Conference and Exposition Conference Proceedings,,2017-June,,,Conference Paper,Matin N.H.,,,Eastern Michigan University,United States,16,0,
2-s2.0-85017550986,10.1016/j.enbuild.2017.04.021,Daylight-linked synchronized shading operation using simplified model-based control,2017,Energy and Buildings,03787788,145,,200-212,Article,Shen H.,,,Texas A&M University-Kingsville,United States,50,0,
2-s2.0-85045850892,10.15627/jd.2017.1,Solar shading in low energy office buildings - design strategy and user perception,2017,Journal of Daylighting,23838701,4,1,1-14,Article,Grynning S.,,,SINTEF Foundation for Scientific and Industrial Research,Norway,27,1,
2-s2.0-85017288064,10.1080/00038628.2017.1300132,"Adaptive heating, ventilation and solar shading for dwellings",2017,Architectural Science Review,00038628,60,3,150-166,Article,Alders E.,,,Faculteit Bouwkunde van de TU Delft,Netherlands,14,1,
2-s2.0-85009513850,10.1080/17452007.2016.1274252,The impact of refurbished windows on Portuguese old school buildings,2017,Architectural Engineering and Design Management,17452007,13,3,185-201,Article,Carlos J.S.,,,Universidade da Beira Interior,Portugal,13,0,
2-s2.0-84978473795,10.1080/15397734.2016.1165117,A proposal for a convertible stadium roof structure derived from Watt-I linkage,2017,Mechanics Based Design of Structures and Machines,15397734,45,2,271-279,Article,Akgün Y.,,,Gediz Üniversitesi,Turkey,3,0,
2-s2.0-85018592600,10.1145/3024969.3024981,Interactive architecture: Exploring and unwrapping the potentials of organic user interfaces,2017,Tei 2017 Proceedings of the 11th International Conference on Tangible Embedded and Embodied Interaction,,,,89-100,Conference Paper,Nabil S.,,,Newcastle University,United Kingdom,24,0,
2-s2.0-85015954497,10.3390/su9030435,Sustainable materialisation of responsive architecture,2017,Sustainability Switzerland,,9,3,,Article,Holstov A.,,,Newcastle University,United Kingdom,77,1,
2-s2.0-85010756942,10.1016/j.enbuild.2017.01.018,Influence of orientation and the impact of external window shading on building thermal performance in tropical climate,2017,Energy and Buildings,03787788,139,,680-689,Article,Dutta A.,,,Indian Institute of Social Welfare and Business Management,India,81,0,
2-s2.0-84961198385,10.1080/19401493.2016.1152303,"Review of current status, requirements and opportunities for building performance simulation of adaptive facades†",2017,Journal of Building Performance Simulation,19401493,10,2,205-223,Review,Loonen R.C.G.M.,,,Technische Universiteit Eindhoven,Netherlands,233,1,
2-s2.0-85006868342,10.1080/00038628.2016.1266991,External shading in buildings: comparative analysis of daylighting performance in static and kinetic operation scenarios,2017,Architectural Science Review,00038628,60,2,126-136,Article,Grobman Y.J.,,,Technion - Israel Institute of Technology,Israel,46,0,
2-s2.0-84976864030,10.1080/17452007.2016.1203676,"Understanding kinetic architecture: typology, classification, and design strategy",2017,Architectural Engineering and Design Management,17452007,13,2,130-146,Article,Megahed N.A.,,,Faculty of Engineering- Port Said University,Egypt,29,0,
2-s2.0-85005977744,10.1002/advs.201600362,Ultrathin fluidic laminates for large-area Façade integration and smart windows,2017,Advanced Science,,4,3,,Article,Heiz B.P.V.,,,Friedrich-Schiller-Universität Jena,Germany,29,1,
2-s2.0-85002125636,10.1016/j.buildenv.2016.09.035,FAST energy and daylight optimization of an office with fixed and movable shading devices,2017,Building and Environment,03601323,113,,175-184,Article,Manzan M.,,,Università degli Studi di Trieste,Italy,53,2,
2-s2.0-84995551054,10.1016/j.solmat.2016.11.013,"Large area self-powered semitransparent trifunctional device combining photovoltaic energy production, lighting and dynamic shading control",2017,Solar Energy Materials and Solar Cells,09270248,160,,435-443,Article,Martina F.,,,Tozzi Green S.p.A.,Italy,23,0,
2-s2.0-85009063809,10.1109/TVCG.2016.2525774,Manga Vectorization and Manipulation with Procedural Simple Screentone,2017,IEEE Transactions on Visualization and Computer Graphics,10772626,23,2,1070-1084,Article,Yao C.Y.,,,National Taiwan University of Science and Technology,Taiwan,20,0,
2-s2.0-85000624359,10.1016/j.cad.2016.10.002,Computational modelling methods for pliable structures based on curved-line folding,2017,CAD Computer Aided Design,00104485,83,,51-63,Article,Vergauwen A.,,,Vrije Universiteit Brussel,Belgium,41,0,
2-s2.0-85012864563,10.1088/1748-3190/12/1/011001,Plant-inspired adaptive structures and materials for morphing and actuation: A review,2017,Bioinspiration and Biomimetics,17483182,12,1,,Article,Li S.,,,"College of Engineering, Computing and Applied Sciences",United States,120,0,
2-s2.0-85000843749,10.1016/j.enbuild.2016.11.053,"The effect of dynamic solar shading on energy, daylighting and thermal comfort in a nearly zero-energy loft room in Rome and Copenhagen",2017,Energy and Buildings,03787788,135,,302-311,Article,Skarning G.C.J.,,,Technical University of Denmark,Denmark,46,2,
2-s2.0-85020483075,10.1016/j.rser.2017.05.028,Biomimetic building skins: An adaptive approach,2017,Renewable and Sustainable Energy Reviews,13640321,79,,1472-1491,Review,Al-Obaidi K.M.,,,Universiti Malaya,Malaysia,127,0,
2-s2.0-85045560985,,Adaptive tensegrity structures for dynamic facades of energy efficient buildings,2017,Aimeta 2017 Proceedings of the 23rd Conference of the Italian Association of Theoretical and Applied Mechanics,,1,,1074-1081,Conference Paper,Miranda R.,,,Università degli Studi di Salerno,Italy,1,0,
2-s2.0-85029904068,10.1016/j.egypro.2017.07.319,Sensitivity of Building Properties and Use Types for the Application of Adaptive Photovoltaic Shading Systems,2017,Energy Procedia,18766102,122,,139-144,Conference Paper,Jayathissa P.,,,Institute of Technology in Architecture,Switzerland,23,1,
2-s2.0-85086311531,,"Taxonomy of sustainable, responsive and adaptive Façades",2017,Proceedings of 33rd PLEA International Conference Design to Thrive PLEA 2017,,3,,3991-3998,Conference Paper,Deljavan N.,,,Middle East Technical University (METU),Turkey,0,0,
2-s2.0-85042330837,10.7712/120117.5700.17756,Innovative structures for Dynamic Solar Façades,2017,Compdyn 2017 Proceedings of the 6th International Conference on Computational Methods in Structural Dynamics and Earthquake Engineering,,2,,4007-4016,Conference Paper,Miranda R.,,,Università degli Studi di Salerno,Italy,1,1,
2-s2.0-85020266180,10.1016/j.apenergy.2017.05.083,Optimising building net energy demand with dynamic BIPV shading,2017,Applied Energy,03062619,202,,726-735,Article,Jayathissa P.,,,ETH Zürich,Switzerland,172,0,
2-s2.0-85127839403,,Kinetic Shading System as a means for Optimizing Energy Load A Parametric Approach to Optimize Daylight Performance for an Office Building in Rome,2017,Proceedings of the International Conference on Education and Research in Computer Aided Architectural Design in Europe,26841843,2,,231-240,Conference Paper,Jahanara A.,,,Sapienza Università di Roma,Italy,7,0,
2-s2.0-85202061046,,REVIEW OF KINETIC SHADING SYSTEMS IN THE UAE; CHALLENGES AND OPPORTUNITIES,2017,Zemch International Conference,,,,63-77,Conference Paper,Al Dakheel J.A.,,,United Arab Emirates University,United Arab Emirates,0,0,
2-s2.0-85063474676,,Responsive plant-inspired skins: A review,2017,Proceedings of 33rd PLEA International Conference Design to Thrive PLEA 2017,,3,,3636-3643,Conference Paper,ElGhazi Y.,,,Faculty of Humanities and Social Sciences;Arab Academy for Science and Technology and Maritime Transport Heliopolis Campus,United Kingdom;Egypt,4,0,
2-s2.0-85020515078,10.1016/j.proeng.2017.04.289,"Adaptive Facades, Developed with Innovative Nanomaterials, for a Sustainable Architecture in the Mediterranean Area",2017,Procedia Engineering,,180,,1274-1283,Conference Paper,Gallo P.,,,Università degli Studi di Firenze,Italy,24,1,
2-s2.0-85029898447,10.1016/j.egypro.2017.07.380,"Adaptive Box Window, developed with innovative nanomaterial, for a sustainable architecture in the Mediterranean area",2017,Energy Procedia,18766102,122,,883-888,Conference Paper,Gallo P.,,,Università degli Studi di Firenze,Italy,5,1,
2-s2.0-85085927179,,Natural versus artificial lighting use in an office building under clear sunny skies,2017,Proceedings of 33rd PLEA International Conference Design to Thrive PLEA 2017,,2,,3143-3150,Conference Paper,Belakehal A.,,,Université Mohamed Khider Biskra,Algeria,0,0,
2-s2.0-85040001217,10.1016/j.egypro.2017.11.006,A Review on Interaction of Innovative Building Envelope Technologies and Solar Energy Gain,2017,Energy Procedia,18766102,141,,24-28,Conference Paper,Talaei M.,,,Tarbiat Modares University,Iran,20,1,
2-s2.0-85072232827,,"Passive design with affordances: Natural ventilation and adaptive shading for Comfort, Churachandpur",2017,Proceedings of 33rd PLEA International Conference Design to Thrive PLEA 2017,,3,,4381-4388,Conference Paper,Tungnung K.,,,National Institute of Technology Rourkela,India,2,0,
2-s2.0-85061365436,,Geometry-material coordination for passive adaptive solar morphing envelopes,2017,Simulation Series,07359276,49,11,172-179,Conference Paper,Mokhtar S.,,,University College London,United Kingdom,2,0,
2-s2.0-85048591225,,Architecture and time,2017,Chaos and Complexity in the Arts and Architecture Research in Progress,,,,171-184,Book Chapter,Sala N.,,,Università della Svizzera italiana,Switzerland,0,0,
2-s2.0-85029908446,10.1016/j.egypro.2017.07.347,Evaluation of a solar thermal glass façade with adjustable transparency in cold and hot climates,2017,Energy Procedia,18766102,122,,211-216,Conference Paper,Baumgärtner L.,,,Universität Liechtenstein,Liechtenstein,16,1,
2-s2.0-85085924063,,Optimizing the performance of variable geometry shading screens for occupant's comfort,2017,Proceedings of 33rd PLEA International Conference Design to Thrive PLEA 2017,,2,,3309-3316,Conference Paper,Naik N.,,,University of Oregon,United States,0,0,
2-s2.0-85017299328,10.1016/j.solener.2017.04.001,Designing an integrated daylighting system for deep-plan spaces in Malaysian low-rise buildings,2017,Solar Energy,0038092X,149,,85-101,Article,Al-Obaidi K.M.,,,Universiti Malaya,Malaysia,38,0,
2-s2.0-85061370026,,Assisting the development of innovative responsive façade elements using building performance simulation,2017,Simulation Series,07359276,49,11,202-209,Conference Paper,de Klijn-Chevalerias M.L.,,,Technische Universiteit Eindhoven,Netherlands,4,0,
2-s2.0-85046699823,10.3233/FDE-171645,"Biomimetic inspired, natural ventilated facade A conceptual study",2017,Journal of Facade Design and Engineering,2213302X,4,3-4,131-142,Article,Paar M.J.,,,University of Art and Design Linz,Austria,13,1,
2-s2.0-85085924374,,The improvement potential on building performance using seasonal adaptable facades - The context of residential buildings with high thermal load in humid subtropical climates,2017,Proceedings of 33rd PLEA International Conference Design to Thrive PLEA 2017,,1,,989-996,Conference Paper,Arantes B.,,,Universidade Estadual de Campinas,Brazil,0,0,
2-s2.0-85043390304,10.7480/jfde.2017.2.1737,Directions for the design of energy efficient kinematics in adaptive solar building envelopes,2017,Journal of Facade Design and Engineering,2213302X,5,2,35-44,Article,Basso P.,,,D'Appolonia S.p.A.,Italy,0,0,
2-s2.0-85086303044,,Free-running high rise housing in hot and humid climates - Issues and solutions,2017,Proceedings of 33rd PLEA International Conference Design to Thrive PLEA 2017,,3,,3935-3942,Conference Paper,Chulakasyena D.,,,Architectural Association (AA) School of Architecture,United Kingdom,0,0,
2-s2.0-85107349753,10.26868/25222708.2017.530,Sensitivity analysis of visual and thermal parameters for energy savings: combining illuminance and temperature set-points for possible trade-offs,2017,Building Simulation Conference Proceedings,25222708,3,,1573-1582,Conference Paper,Chinazzo G.,,,École Polytechnique Fédérale de Lausanne,Switzerland,1,2,
2-s2.0-85029899102,10.1016/j.egypro.2017.07.345,Electrochromic glazings: Dynamic simulation of both daylight and thermal performance,2017,Energy Procedia,18766102,122,,199-204,Conference Paper,Paule B.,,,École Polytechnique Fédérale de Lausanne,Switzerland,18,1,
2-s2.0-85020429698,,A comparative study of the building energy performance of thermotropic windows,2017,Open House International,01682601,42,1,16-22,Article,Yao J.,,,Ningbo University,China,2,0,
2-s2.0-85086303872,,Climate-responsive Façade design for office buildings in London,2017,Proceedings of 33rd PLEA International Conference Design to Thrive PLEA 2017,,3,,3730-3737,Conference Paper,Calleja H.,,,Architectural Association (AA) School of Architecture;ChapmanBDSP,United Kingdom;United Kingdom,1,0,
2-s2.0-85127871191,,Sun Shades About Designing Adaptable Solar Facades,2017,Proceedings of the International Conference on Education and Research in Computer Aided Architectural Design in Europe,26841843,1,,199-208,Conference Paper,Carl T.,,,Universität Kassel,Germany,2,0,
2-s2.0-85043703955,10.7480/jfde.2017.1.1421,Optimised parametric model of a modular multifunctional climate adaptive façade for shopping centres retrofitting,2017,Journal of Facade Design and Engineering,2213302X,5,1,23-36,Conference Paper,Pinotti R.,,,Free University of Bozen-Bolzano,Italy,5,0,
2-s2.0-85050564296,10.18086/swc.2017.12.08,Switchable windows - Spectral transmission and switching times,2017,Ises Solar World Congress 2017 Iea Shc International Conference on Solar Heating and Cooling for Buildings and Industry 2017 Proceedings,,,,627-637,Conference Paper,Lemarchand P.,,,Technological University Dublin,Ireland,2,2,
2-s2.0-85021961684,10.7480/jfde.2017.1.1425,Multi-active façade for Swedish multi-family homes renovation - Evaluating the potentials of passive design measures,2017,Journal of Facade Design and Engineering,2213302X,5,1,7-21,Conference Paper,Gosztonyi S.,,,Lunds Universitet;Delft University of Technology,Sweden;Netherlands,10,0,
2-s2.0-85027232772,10.4028/www.scientific.net/KEM.742.689,"Fiber-reinforced plastics with locally adapted stiffness for bio-inspired hingeless, deployable architectural systems",2017,Key Engineering Materials,10139826,742 KEM,,689-696,Conference Paper,Born L.,,,Universität Stuttgart,Germany,10,0,
2-s2.0-85032707601,10.1016/j.egypro.2017.09.543,The role of shading devices to improve thermal and visual comfort in existing glazed buildings,2017,Energy Procedia,18766102,134,,346-355,Conference Paper,Evola G.,,,Università degli Studi di Catania,Italy,67,1,
2-s2.0-85033366955,10.1016/j.egypro.2017.10.001,Experimental and Numerical Analysis of Modelling of Solar Shading,2017,Energy Procedia,18766102,132,,472-477,Conference Paper,Winther F.V.,,,,,7,1,
2-s2.0-85015913446,10.1016/j.solener.2016.10.015,Solar shading performance of window with constant and dynamic shading function in different climate zones,2017,Solar Energy,0038092X,147,,113-125,Article,Lai K.,,,Shanghai Jiao Tong University,China,57,0,
2-s2.0-85060706299,10.1007/978-981-10-1391-1_5,Cellular Automaton-Based Shading System Prototypes,2017,Springerbriefs in Architectural Design and Technology,2199580X,,,99-109,Book Chapter,Zawidzki M.,,,Massachusetts Institute of Technology,United States,0,0,
2-s2.0-85000819173,10.1016/j.isprsjprs.2016.11.008,A hierarchical methodology for urban facade parsing from TLS point clouds,2017,ISPRS Journal of Photogrammetry and Remote Sensing,09242716,123,,75-93,Article,Li Z.,,,Beijing Normal University,China,49,0,
2-s2.0-85043376079,10.7480/jfde.2017.2.1678,E2VENT - Design and integration of an adaptable module for residential building renovation,2017,Journal of Facade Design and Engineering,2213302X,5,2,7-23,Article,Basso P.,,,D'Appolonia S.p.A.,Italy,12,0,
2-s2.0-85007137545,10.1016/j.apenergy.2016.11.110,Coupling energy systems with lightweight structures for a net plus energy building,2017,Applied Energy,03062619,189,,310-326,Article,Lydon G.P.,,,ETH Zürich,Switzerland,53,0,
2-s2.0-85028724784,10.1016/j.solener.2017.08.058,Large-scale photovoltaic system on green ship and its MPPT controlling,2017,Solar Energy,0038092X,157,,614-628,Article,Tang R.,,,Wuhan University of Technology,China,55,0,
2-s2.0-84988602755,10.1016/j.rser.2016.09.076,A comprehensive review on solar PV maximum power point tracking techniques,2017,Renewable and Sustainable Energy Reviews,13640321,67,,826-847,Review,Ram J.P.,,,Vellore Institute of Technology,India,479,0,
2-s2.0-85041324911,10.1557/adv.2017.429,Superporous Intelligent Hydrogels for Environmentally Adaptive Building Skins,2017,MRS Advances,,2,46,2481-2488,Conference Paper,Smith S.I.,,,The University of Arizona,United States,8,0,
2-s2.0-85018751847,10.1016/j.apenergy.2017.04.046,An integrated thermal and lighting simulation tool to support the design process of complex fenestration systems for office buildings,2017,Applied Energy,03062619,198,,36-48,Article,Bustamante W.,,,Pontificia Universidad Católica de Chile,Chile,43,0,
2-s2.0-85016504898,10.1016/j.renene.2017.03.082,Experimental evaluation of the airflow behaviour in horizontal and vertical Open Joint Ventilated Facades using Stereo-PIV,2017,Renewable Energy,09601481,109,,613-623,Article,Sánchez M.N.,,,"Centro de Investigaciones Energéticas, Medioambientales y Tecnológicas",Spain,30,2,
2-s2.0-84976286912,10.1007/s10546-016-0180-7,Do Shallow Cumulus Clouds have the Potential to Trigger Secondary Circulations Via Shading?,2017,Boundary Layer Meteorology,00068314,162,1,143-169,Article,Gronemeier T.,,,Gottfried Wilhelm Leibniz Universität Hannover,Germany,23,0,
2-s2.0-85085919393,,Multi-zone adaptive building envelope: A pilot study,2017,Proceedings of 33rd PLEA International Conference Design to Thrive PLEA 2017,,2,,2531-2538,Conference Paper,Erickson J.,,,Arizona State University,United States,0,0,
2-s2.0-105026079548,10.1002/9781118887226.wbcha164,Yokohama Ferry Terminal: Foa,2017,Companions to the History of Architecture,,,,1-17,Book Chapter,Furján H.,,,,,0,0,
2-s2.0-85127848453,,ROAMNITURE Multi-Stable Soft Robotic Structures,2017,Proceedings of the International Conference on Education and Research in Computer Aided Architectural Design in Europe,26841843,2,,87-96,Conference Paper,Abramovic V.,,,Faculty of Architecture,Czech Republic,0,0,
2-s2.0-85029762543,,Technical planning tasks and participants involved in planning adaptive buildings,2017,Proceedings of the International Conference on Engineering Design Iced,22204334,1,DS87-1,131-140,Conference Paper,Honold C.,,,Universität Stuttgart,Germany,6,0,
2-s2.0-85063105240,10.5593/sgem2017H/63/S27.115,Kinetic principles of dynamic architecture and housing,2017,International Multidisciplinary Scientific Geoconference Surveying Geology and Mining Ecology Management Sgem,13142704,17,63,829-936,Conference Paper,Krundyshev K.,,,Moscow Central Research and Design Institute for Residential Construction,Russian Federation,0,0,
2-s2.0-85050036277,10.2749/222137817822208780,Eglinton crosstown and evergreen line LRTs - Structural design on mass transit projects,2017,IABSE Conference Vancouver 2017 Engineering the Future Report,,109,,3199-3205,Conference Paper,Ding Y.,,,SNC-Lavalin Group,Canada,0,0,
2-s2.0-85021767299,,Prototyping responsive carrier-component envelopes,2017,Caadria 2017 22nd International Conference on Computer Aided Architectural Design Research in Asia Protocols Flows and Glitches,,,,521-528,Conference Paper,Smolik A.,,,Curtin University,Australia,1,0,
2-s2.0-85029901904,10.1016/j.egypro.2017.07.474,Cooling oculus for desert climate-dynamic structure for evaporative downdraft and night sky cooling,2017,Energy Procedia,18766102,122,,1123-1128,Conference Paper,Aviv D.,,,Princeton University,United States,13,1,
2-s2.0-85016626917,10.1016/j.energy.2017.03.083,Design and control optimisation of adaptive insulation systems for office buildings. Part 1: Adaptive technologies and simulation framework,2017,Energy,03605442,127,,301-309,Article,Favoino F.,,,Eckersley O’Callaghan Ltd,United Kingdom,72,1,
2-s2.0-85085929351,,Incorporating biomimicry principles into building envelopes: An overview on developed examples,2017,Proceedings of 33rd PLEA International Conference Design to Thrive PLEA 2017,,2,,2610-2617,Conference Paper,Moghaddam M.F.,,,Middle East Technical University (METU),Turkey,0,0,
2-s2.0-85029582421,,Visual feature positioning technique based on landslide area of UAV mining area,2017,Boletin Tecnico Technical Bulletin,0376723X,55,8,387-394,Article,Li H.,,,Xi'an University of Science and Technology,China,0,0,
2-s2.0-85021131107,,Sunlight as an arranging factor of forming dynamic architecture,2017,Light and Engineering,02362945,25,2,79-87,Article,Saprykina N.,,,Moscow Architectural Institute,Russian Federation,0,0,
2-s2.0-85070240714,10.2495/CMEM-V5-N4-607-618,"Kinetic behavior, the dynamic potential through architecture and design",2017,International Journal of Computational Methods and Experimental Measurements,20460546,5,4,607-618,Article,Youssef M.M.,,,Faculty of FineArts,Egypt,10,1,
2-s2.0-85021282836,10.1016/j.solener.2017.06.029,Responsive glazing systems: Characterisation methods and winter performance,2017,Solar Energy,0038092X,155,,372-387,Article,Bianco L.,,,Politecnico di Torino,Italy,34,2,
2-s2.0-85006324081,10.1016/j.jngse.2016.12.003,Dynamic analysis of a hang-off drilling riser considering internal solitary wave and vessel motion,2017,Journal of Natural Gas Science and Engineering,18755100,37,,512-522,Article,Fan H.,,,China University of Petroleum-Beijing,China,107,0,
2-s2.0-84977571278,10.1016/j.optcom.2016.06.064,Integration of variable-rate OWC with OFDM-PON for hybrid optical access based on adaptive envelope modulation,2016,Optics Communications,00304018,381,,10-17,Article,Chen C.,,,Nanyang Technological University,Singapore,14,0,
2-s2.0-84993967103,10.1016/j.seta.2016.10.001,Compensation of voltage sag caused by partial shading in grid-connected PV system through the three-level SVM inverter,2016,Sustainable Energy Technologies and Assessments,22131388,18,,107-118,Article,Olamaei J.,,,"Islamic Azad University, South Tehran Branch",Iran,27,0,
2-s2.0-84994043992,10.1016/j.energy.2016.10.022,Optimal control of indoor-air cooling in buildings using a reduced order model,2016,Energy,03605442,116,,1191-1204,Article,Ben Ayed S.,,,Virginia Polytechnic Institute and State University,United States,6,2,
2-s2.0-85006707436,10.1109/POWERCON.2016.7754039,Sustainable building design based on building information modeling (BIM),2016,2016 IEEE International Conference on Power System Technology Powercon 2016,,,,,Conference Paper,Kurian C.P.,,,Manipal Institute of Technology,India,17,0,
2-s2.0-84991056263,10.1016/j.energy.2016.08.095,On detailed thermal response modeling of vertical greenery systems as cooling measure for buildings and cities in summer conditions,2016,Energy,03605442,115,,1055-1068,Article,Šuklje T.,,,Univerza v Ljubljani,Slovenia,79,0,
2-s2.0-84992304030,10.1016/j.solmat.2016.04.017,Life cycle assessment of dynamic building integrated photovoltaics,2016,Solar Energy Materials and Solar Cells,09270248,156,,75-82,Article,Jayathissa P.,,,ETH Zürich,Switzerland,61,0,
2-s2.0-85020515917,10.3390/en9110926,Modeling and experimental validation of a low-cost radiation sensor based on the photovoltaic effect for building applications,2016,Energies,,9,11,,Article,Gómez-Moreno Á.,,,Universidad de Jaén,Spain,1,1,
2-s2.0-84995545793,10.1109/ICAIPR.2016.7585202,Application of intelligence of swarm in architecture,2016,2016 3rd International Conference on Artificial Intelligence and Pattern Recognition Aipr 2016,,,,1-6,Conference Paper,Petrs J.,,,Faculty of Architecture,Czech Republic,2,0,
2-s2.0-84966339580,10.1016/j.renene.2016.04.070,A biomimetic approach for modeling cloud shading with dynamic behavior,2016,Renewable Energy,09601481,96,,157-166,Article,García J.M.,,,Universidad del Norte,Colombia,7,0,
2-s2.0-84986905876,10.1016/j.ijmecsci.2016.09.007,Cold orbital forging of gear rack,2016,International Journal of Mechanical Sciences,00207403,117,,227-242,Article,Han X.,,,Wuhan University of Technology,China,30,0,
2-s2.0-84990068882,10.1016/j.apenergy.2016.06.107,Optimal control and performance of photovoltachromic switchable glazing for building integration in temperate climates,2016,Applied Energy,03062619,178,,943-961,Article,Favoino F.,,,University of Cambridge,United Kingdom,93,1,
2-s2.0-84973440905,10.1016/j.engstruct.2016.05.051,Dynamic response of double skin façades under blast loads,2016,Engineering Structures,01410296,123,,155-165,Article,Ding C.,,,University of Melbourne,Australia,18,0,
2-s2.0-84990929260,10.3390/su8090883,Evaluating thermal and lighting energy performance of shading devices on kinetic façades,2016,Sustainability Switzerland,,8,9,,Article,Lee D.S.,,,Inha University,South Korea,40,1,
2-s2.0-85016450269,,The thermal performance of residential building integrated with adaptive kinetic shading system,2016,International Energy Journal,1513718X,16,3,97-106,Article,Ahmed M.M.S.,,,Faculty of Engineering,Egypt,19,0,
2-s2.0-84969584417,10.1016/j.solener.2016.04.026,Model-based shading and lighting controls considering visual comfort and energy use,2016,Solar Energy,0038092X,134,,416-428,Article,Xiong J.,,,Lyles School of Civil and Construction Engineering,United States,112,0,
2-s2.0-84988354665,10.1109/EEEIC.2016.7555519,Experimental comparison of MPPT methods for PV systems under dynamic partial shading conditions,2016,Eeeic 2016 International Conference on Environment and Electrical Engineering,,,,,Conference Paper,Aghaei M.,,,Politecnico di Milano,Italy,12,0,
2-s2.0-84991045159,10.3844/ajeassp.2016.713.723,Review on the use of FRP composites for façades and building skins,2016,American Journal of Engineering and Applied Sciences,19417020,9,3,713-723,Review,Bedon C.,,,Università degli Studi di Trieste,Italy,20,1,
2-s2.0-84988378431,10.1109/EEEIC.2016.7555768,"Adaptive control for lighting, shading and HVAC systems in near zero energy buildings",2016,Eeeic 2016 International Conference on Environment and Electrical Engineering,,,,,Conference Paper,Bisegna F.,,,Sapienza Università di Roma,Italy,11,0,
2-s2.0-84963938624,10.1016/j.solener.2016.03.044,"Experimental analysis of the energy performance of an ACTive, RESponsive and Solar (ACTRESS) façade module",2016,Solar Energy,0038092X,133,,226-248,Article,Favoino F.,,,University of Cambridge,United Kingdom,51,0,
2-s2.0-84984537140,10.1063/1.4959379,Biomimicry as an approach for sustainable architecture case of arid regions with hot and dry climate,2016,Aip Conference Proceedings,0094243X,1758,,,Conference Paper,Bouabdallah N.,,,Université Mohamed Khider Biskra,Algeria,2,0,
2-s2.0-84964689399,10.1016/j.enbuild.2016.04.020,High temperature phase change materials for the overheating protection of facade integrated solar thermal collectors,2016,Energy and Buildings,03787788,124,,1-6,Article,Hengstberger F.,,,Austrian Institute of Technology,Austria,31,0,
2-s2.0-84936971957,10.1080/19401493.2015.1058421,GlareShade: a visual comfort-based approach to occupant-centric shading systems,2016,Journal of Building Performance Simulation,19401493,9,4,351-365,Article,Hashemloo A.,,,University of Washington,United States,12,0,
2-s2.0-84957548628,10.1016/j.rser.2015.12.246,Dynamic operation of daylighting and shading systems: A literature review,2016,Renewable and Sustainable Energy Reviews,13640321,60,,268-283,Review,Konstantoglou M.,,,University of Thessaly,Greece,177,0,
2-s2.0-84975299252,10.1109/LMWC.2016.2574825,Adaptive Envelope Shaping for Low and Medium Power Amplifiers with Dynamic Supply,2016,IEEE Microwave and Wireless Components Letters,15311309,26,7,513-515,Article,Gilabert P.,,,Universitat Politècnica de Catalunya,Spain,6,2,
2-s2.0-84977548584,10.1109/ICRA.2016.7487700,SoRo-Track: A two-axis soft robotic platform for solar tracking and building-integrated photovoltaic applications,2016,Proceedings IEEE International Conference on Robotics and Automation,10504729,2016-June,,4945-4950,Conference Paper,Svetozarevic B.,,,ETH Zürich,Switzerland,22,0,
2-s2.0-85006210711,10.1016/j.foar.2016.03.002,The Adaptive Solar Facade: From concept to prototypes,2016,Frontiers of Architectural Research,20952635,5,2,143-156,Article,Nagy Z.,,,ETH Zürich,Switzerland,146,1,
2-s2.0-85008198676,10.1002/wat2.1143,How large is a river? Conceptualizing river landscape signatures and envelopes in four dimensions,2016,Wiley Interdisciplinary Reviews Water,,3,3,313-325,Review,Gurnell A.M.,,,Queen Mary University of London,United Kingdom,32,2,
2-s2.0-84968877311,10.1016/B978-0-08-100263-6.00018-6,Smart coatings for textiles in architecture,2016,Active Coatings for Smart Textiles,,,,429-453,Book Chapter,Ritter A.,,,Ritter architekten,Germany,3,0,
2-s2.0-84955320928,10.1016/j.enbuild.2016.01.006,A structured approach to overall environmental satisfaction in high-rise residential buildings,2016,Energy and Buildings,03787788,116,,181-189,Article,Xue P.,,,The Hong Kong Polytechnic University,Hong Kong,78,1,
2-s2.0-84948134987,10.1016/j.rser.2015.10.086,Shape morphing solar shadings: A review,2016,Renewable and Sustainable Energy Reviews,13640321,55,,863-884,Review,Fiorito F.,,,The University of Sydney,Australia,164,2,
2-s2.0-84954232103,10.1016/j.solener.2015.12.039,Parametric-based designs for kinetic facades to optimize daylight performance: Comparing rotation and translation kinetic motion for hexagonal facade patterns,2016,Solar Energy,0038092X,126,,111-127,Article,Mahmoud A.H.A.,,,"Faculty of Engineering, Cairo University",Egypt,113,0,
2-s2.0-84954063411,10.1109/MIAS.2015.2459097,A Fuzzy-Based Building Automation Control System: Optimizing the Level of Energy Performance and Comfort in an Office Space by Taking Advantage of Building Automation Systems and Solar Energy,2016,IEEE Industry Applications Magazine,10772618,22,2,10-17,Article,Martirano L.,,,Sapienza Università di Roma,Italy,20,0,
2-s2.0-85007134380,10.1002/ese3.115,Parametric analysis and systems design of dynamic photovoltaic shading modules,2016,Energy Science and Engineering,,4,2,134-152,Article,Hofer J.,,,ETH Zürich,Switzerland,71,1,
2-s2.0-84964791020,10.1145/2874358,Deformation lamps: A projection technique to make static objects perceptually dynamic,2016,ACM Transactions on Applied Perception,15443558,13,2,,Article,Kawabe T.,,,NTT Communication Science Laboratories,Japan,67,2,
2-s2.0-84964849415,10.1145/2856400.2876007,Adaptive deferred shading,2016,Proceedings 20th ACM SIGGRAPH Symposium on Interactive 3D Graphics and Games I3d 2016,,,,187,Conference Paper,Mallett I.,,,The University of Utah,United States,0,0,
2-s2.0-84960941126,10.1016/j.coviro.2016.02.007,Interspecies transmission and chikungunya virus emergence,2016,Current Opinion in Virology,18796257,16,,143-150,Review,Tsetsarkin K.A.,,,National Institute of Allergy and Infectious Diseases (NIAID),United States,110,0,
2-s2.0-84930357742,10.1080/17512549.2015.1040071,Adaptation of London's social housing to climate change through retrofit: a holistic evaluation approach,2016,Advances in Building Energy Research,17512549,10,1,99-124,Article,Makantasi A.M.,,,The Bartlett Faculty of the Built Environment,United Kingdom,28,0,
2-s2.0-85006059028,10.1016/j.egypro.2016.06.218,"Adaptive Façade: Concept, Applications, Research Questions",2016,Energy Procedia,18766102,91,,269-275,Conference Paper,Aelenei D.,,,Universidade Nova de Lisboa;Instituto de Desenvolvimento de Novas Tecnologias,Portugal;Portugal,113,1,
2-s2.0-84978285990,10.1007/978-3-319-40542-1_72,Sync-BIM: The interactive BIM-based platform for controlling data-driven kinetic façade,2016,Communications in Computer and Information Science,18650929,618,,445-450,Conference Paper,Shen Y.,,,Feng Chia University,Taiwan,6,0,
2-s2.0-84973538521,,Adaptive building facade optimisation : An integrated Green-BIM approach,2016,Caadria 2016 21st International Conference on Computer Aided Architectural Design Research in Asia Living Systems and Micro Utopias Towards Continuous Designing,,,,259-268,Conference Paper,Chen J.Y.,,,Taoyuan Innovation Institute of Technology,Taiwan,6,0,
2-s2.0-85041127006,10.1109/ICRERA.2016.7884508,A novel MPPT algorithm for photovoltie systems under dynamic partial shading-Recurrent scan and track method,2016,2016 IEEE International Conference on Renewable Energy Research and Applications Icrera 2016,,,,1122-1127,Conference Paper,Dolara A.,,,Politecnico di Milano,Italy,22,0,
2-s2.0-85125468288,,Origami Explorations A Generative Parametric Technique For kinetic cellular façade to optimize Daylight Performance,2016,Proceedings of the International Conference on Education and Research in Computer Aided Architectural Design in Europe,26841843,2,,399-408,Conference Paper,Elghazi Y.S.,,,Arab Academy for Science and Technology and Maritime Transport Heliopolis Campus,Egypt,8,0,
2-s2.0-84973526839,,Adaptive decorative building skin,2016,Caadria 2016 21st International Conference on Computer Aided Architectural Design Research in Asia Living Systems and Micro Utopias Towards Continuous Designing,,,,425-434,Conference Paper,Sjarifudin F.,,,Bina Nusantara University,Indonesia,2,0,
2-s2.0-84973549990,,The development of kinetic façade units with BIM-based active control system for the adaptive building energy performance service,2016,Caadria 2016 21st International Conference on Computer Aided Architectural Design Research in Asia Living Systems and Micro Utopias Towards Continuous Designing,,,,517-526,Conference Paper,Shen Y.T.,,,Feng Chia University,Taiwan,7,0,
2-s2.0-84960221188,10.4324/9781315775869,Architecture of change: Adaptive building skins,2016,Routledge Companion for Architecture Design and Practice Established and Emerging Trends,,,,223-238,Book Chapter,Kolarevic B.,,,University of Calgary,Canada,1,0,
2-s2.0-85127769591,,Material Active Geometry Constituting Programmable Materials for Responsive Building Skins,2016,Proceedings of the International Conference on Education and Research in Computer Aided Architectural Design in Europe,26841843,1,,639-648,Conference Paper,Borhani A.,,,Texas A&M University,United States,1,0,
2-s2.0-84989159548,,Study of energy and water conservation in a residential compound in Egypt,2016,International Journal of Applied Engineering Research,09734562,11,12,7846-7850,Article,El-Ghetany H.,,,National Research Centre,Egypt,0,0,
2-s2.0-85119252021,10.1002/SDTP.10687,Liquid Crystal Windows for Adaptive Facades,2016,Digest of Technical Papers SID International Symposium,0097966X,47,1,376-378,Conference Paper,Van Oosten C.,,,Merck Window Technologies B.V,Netherlands,6,0,
2-s2.0-85127763144,,Using Tensegrity and Folding to Generate Soft Responsive Architectural Skins,2016,Proceedings of the International Conference on Education and Research in Computer Aided Architectural Design in Europe,26841843,1,,529-536,Conference Paper,Abdelmohsen S.,,,The American University in Cairo,Egypt,9,0,
2-s2.0-84958952705,10.1007/978-94-017-7515-1_26,Optimization of a wood plastic composite to produce a new dynamic shading system,2016,Rilem Bookseries,22110844,12,,343-350,Conference Paper,Martins G.,,,Universidade de Coimbra,Portugal,2,0,
2-s2.0-85015265028,10.3762/BJNANO.7.200,"The cleaner, the greener? Product sustainability assessment of the biomimetic façade paint Lotusan® in comparison to the conventional façade paint Jumbosil®",2016,Beilstein Journal of Nanotechnology,,7,1,2100-2115,Article,Antony F.,,,Universität Freiburg;Competence Network Biomimetics;OEKO-Institute for Applied Ecology,Germany;Germany;Germany,33,1,
2-s2.0-84968903143,10.3130/jaabe.15.335,Fundamental study on the optimal design of a folding shading device: Solar radiation model & potential cooling load saving,2016,Journal of Asian Architecture and Building Engineering,13467581,15,2,335-341,Article,Baek S.,,,Chung-Ang University,South Korea,2,1,
2-s2.0-85015184129,10.1109/WF-IoT.2016.7845436,Adaptive building-skin components as context-aware nodes in an extended cyber-physical network,2016,2016 IEEE 3rd World Forum on Internet of Things Wf Iot 2016,,,,257-262,Conference Paper,Cheng A.L.,,,Faculteit Bouwkunde van de TU Delft;Universidad UTE,Netherlands;Ecuador,10,0,
2-s2.0-84992428115,10.1016/j.proeng.2016.08.029,The Sustainability of Adaptive Envelopes: Developments of Kinetic Architecture,2016,Procedia Engineering,,155,,275-284,Conference Paper,Barozzi M.,,,Politecnico di Milano,Italy,122,1,
2-s2.0-85015164426,10.1109/ICARCV.2016.7838752,An efficient and robust method of virtual augmentation of eye-glass for easy shopping,2016,2016 14th International Conference on Control Automation Robotics and Vision Icarcv 2016,,,,,Conference Paper,Mallik A.,,,Tata Consultancy Services India,India,0,0,
2-s2.0-84986880469,,Prismatic glazings for façade envelopes,2016,Cesb 2016 Central Europe Towards Sustainable Building 2016 Innovations for Sustainable Future,,,,1121-1126,Conference Paper,Jirka V.,,,University Centre for Energy Efficient Buildings,Czech Republic,0,0,
2-s2.0-85011266617,10.12989/eas.2016.11.6.983,Evaluation of the effect of smart façade systems in reducing dynamic response of structures subjected to seismic loads,2016,Earthquake and Structures,20927614,11,6,983-1000,Article,Samali B.,,,Western Sydney University,Australia,3,0,
2-s2.0-85046058626,10.2352/ISSN.2470-1173.2016.18.DPMI-249,A novel adaptive shading correction algorithm for camera systems,2016,Is and T International Symposium on Electronic Imaging Science and Technology,,,,,Conference Paper,De Silva V.,,,Arm Limited,United Kingdom,12,1,
2-s2.0-84992422423,10.1016/j.proeng.2016.08.031,Kinetic Roof Structure: Msheireb Heart of Doha,2016,Procedia Engineering,,155,,289-296,Conference Paper,Grunwald G.,,,"Covertex Membranes (Shanghai) Co., Ltd.",China,8,1,
2-s2.0-85018960635,,Kinetic roof structure: Msheireb heart of Doha,2016,IABSE Congress Stockholm 2016 Challenges in Design and Construction of an Innovative and Sustainable Built Environment,,,,2727-2733,Conference Paper,Hermeking T.,,,Pfeifer Seil- und Hebetechnik GmbH,Germany,0,0,
2-s2.0-84995407499,10.7712/100016.2172.4938,Simple closed form homogenization model for the non linear static and dynamic analysis of running bond masonry walls in and out of plane loaded,2016,Eccomas Congress 2016 Proceedings of the 7th European Congress on Computational Methods in Applied Sciences and Engineering,,3,,5172-5189,Conference Paper,Bertolesi E.,,,Politecnico di Milano,Italy,1,1,
2-s2.0-85010991418,,Wooden bilayers for innovative climate adaptive shading and tracking systems,2016,Wcte 2016 World Conference on Timber Engineering,,,,,Conference Paper,Vailati C.,,,ETH Zürich;École Polytechnique Fédérale de Lausanne,Switzerland;Switzerland,1,0,
2-s2.0-85006077950,10.1016/j.egypro.2016.06.261,S.M.O Solution: An Innovative Design Approach to Optimize the Output of BIPV Systems Located in Dense Urban Environments,2016,Energy Procedia,18766102,91,,945-953,Conference Paper,Frontini F.,,,Scuola Universitaria Professionale della Svizzera Italiana,Switzerland,9,1,
2-s2.0-85053830714,,New developments in dynamic glass: Towards a new era in sustainable construction,2016,Challenging Glass Conference Proceedings Challenging Glass 5 Conference on Architectural and Structural Applications of Glass Cgc 2016,,,,133-142,Conference Paper,Sok E.,,,Saint-Gobain,France,2,0,
2-s2.0-85006410982,10.1016/j.egypro.2016.09.173,Study of Natural Ventilation in wind Tunnels and Influence of the Position of Ventilation Modules and Types of Grids on a Modular Façade System,2016,Energy Procedia,18766102,96,,953-964,Conference Paper,Sacht H.,,,Universidade Federal da Integração Latino-Americana,Brazil,14,1,
2-s2.0-84979578586,10.1016/j.proeng.2016.06.384,Thermal Environment Dynamic Simulation of Double Skin Façade with Middle Shading Device in Summer,2016,Procedia Engineering,,146,,251-256,Conference Paper,Yang H.,,,Hebei University of Technology,China,5,1,
2-s2.0-84969132664,10.2514/1.J054590,Unsteady Low-Speed Wind Tunnels,2016,AIAA Journal,00011452,54,6,1817-1830,Article,Greenblatt D.,,,Technion - Israel Institute of Technology,Israel,88,0,
2-s2.0-84994591823,,The glass walls of the Brazilian palace of Congress,2016,Proceedings of the 14th International Docomomo Conference Adaptive Reuse the Modern Movement Towards the Future,,,,629-637,Conference Paper,Lima B.,,,Câmara dos Deputados,Brazil,0,0,
2-s2.0-85053668997,,Field demonstration of superior performance of advanced building envelope technologies,2016,Thermal Performance of the Exterior Envelopes of Whole Buildings,,2016-December,,396-406,Conference Paper,Shukla N.,,,Building Energy Technology Group,United States,0,0,
2-s2.0-85015006307,10.1201/b20891-86,An oak composite thermal dynamic envelope,2016,Structures and Architecture Proceedings of the 3rd International Conference on Structures and Architecture Icsa 2016,,,,624-630,Conference Paper,Foged I.,,,Aalborg University,Denmark,8,0,
2-s2.0-85048216619,,Machine learning integration for adaptive building envelopes,2016,Acadia 2016 Posthuman Frontiers Data Designers and Cognitive Machines Proceedings of the 36th Annual Conference of the Association for Computer Aided Design in Architecture,,,,98-105,Conference Paper,Smith S.I.,,,The University of Arizona,United States,6,0,
2-s2.0-85127753607,,Magnet-based Interactive Kinetic Bricks,2016,Proceedings of the International Conference on Education and Research in Computer Aided Architectural Design in Europe,26841843,1,,213-218,Conference Paper,Kouchaki M.,,,Tarbiat Modares University,Iran,1,0,
2-s2.0-85015661313,10.1109/EDPC.2016.7851338,Concept for a virtual process data linkage of assembly stations and a dynamic envelope curve for process monitoring,2016,2016 6th International Electric Drives Production Conference Edpc 2016 Proceedings,,,,224-227,Conference Paper,Sand C.,,,Friedrich-Alexander-Universität Erlangen-Nürnberg,Germany,1,0,
2-s2.0-85067901098,,A method of energy simulation for dynamic building envelopes,2016,ASHRAE and Ibpsa Usa Building Simulation Conference,,,,298-303,Conference Paper,Wang J.,,,South China University of Technology;University of Cincinnati,China;United States,14,0,
2-s2.0-84992397202,10.1016/j.proeng.2016.08.040,Performance Analyses of the D'aDif Pavilion,2016,Procedia Engineering,,155,,369-378,Conference Paper,De Vita M.,,,Università degli Studi dell'Aquila,Italy,1,1,
2-s2.0-84991069386,10.3844/ajeassp.2016.505.519,Investigating the dynamic thermal behavior of building envelope in summer conditions by means of in-field continuous monitoring,2016,American Journal of Engineering and Applied Sciences,19417020,9,3,505-519,Article,Pisello A.,,,Università degli Studi di Perugia,Italy,6,1,
2-s2.0-84951086391,10.1177/0954409714526172,Is there an optimum internal diameter for subway tunnels in terms of economic and technical viewpoints?,2016,Proceedings of the Institution of Mechanical Engineers Part F Journal of Rail and Rapid Transit,09544097,230,1,56-63,Article,Abdi A.,,,Imam Khomeini International University,Iran,2,0,
2-s2.0-84947982808,10.1016/j.solener.2015.11.003,Integrated control of dynamic facades and distributed energy resources for energy cost minimization in commercial buildings,2015,Solar Energy,0038092X,122,,1384-1397,Article,Lee E.S.,,,Lawrence Berkeley National Laboratory,United States,27,2,
2-s2.0-84947240752,10.1061/(ASCE)EY.1943-7897.0000225,Dynamic Commercial Façades versus Traditional Construction: Energy Performance and Comparative Analysis,2015,Journal of Energy Engineering,07339402,141,4,,Article,Shen H.,,,Lyles School of Civil and Construction Engineering,United States,16,0,
2-s2.0-84961167716,10.1016/j.watres.2015.06.010,Solar oxidation and removal of arsenic - Key parameters for continuous flow applications,2015,Water Research,00431354,86,,46-57,Article,Gill L.W.,,,Trinity College Dublin,Ireland,12,0,
2-s2.0-84942506508,10.1007/s10546-015-0054-4,Cloud Shading Effects on Characteristic Boundary-Layer Length Scales,2015,Boundary Layer Meteorology,00068314,157,2,237-263,Article,Horn G.L.,,,Wageningen University & Research,Netherlands,25,1,
2-s2.0-84940670082,10.1016/j.conbuildmat.2015.08.136,Hygromorphic materials for sustainable responsive architecture,2015,Construction and Building Materials,09500618,98,,570-582,Article,Holstov A.,,,Newcastle University,United Kingdom,140,0,
2-s2.0-84959323599,10.1145/2820926.2820930,Space-time varying color palettes,2015,SIGGRAPH Asia 2015 Posters SA 2015,,,,,Conference Paper,Zhou B.,,,J Cube Inc.,Japan,0,0,
2-s2.0-84962619718,10.1016/j.egypro.2015.11.210,"Dynamic facades, the smart way of meeting the energy requirements",2015,Energy Procedia,18766102,78,,1568-1573,Conference Paper,Johnsen K.,,,Aalborg University,Denmark,37,1,
2-s2.0-84962553287,10.1016/j.egypro.2015.11.675,Lighting and energy performance of an adaptive shading and daylighting system for arid climates,2015,Energy Procedia,18766102,78,,370-375,Conference Paper,Giovannini L.,,,Politecnico di Torino,Italy,33,1,
2-s2.0-84962562998,10.1016/j.egypro.2015.11.138,Daylighting and energy analysis of multi-sectional facades,2015,Energy Procedia,18766102,78,,189-194,Conference Paper,Chan Y.C.,,,Lyles School of Civil and Construction Engineering,United States,26,1,
2-s2.0-84962500327,10.1016/j.egypro.2015.11.125,Experimental analysis of an external dynamic solar shading integrating PCMs: First results,2015,Energy Procedia,18766102,78,,3452-3457,Conference Paper,Komerska A.,,,Politechnika Warszawska,Poland,17,1,
2-s2.0-84962526751,10.1016/j.egypro.2015.11.670,A novel concept of a responsive transparent façade module: Optimization of energy performance through parametric design,2015,Energy Procedia,18766102,78,,358-363,Conference Paper,Iennarella S.,,,Politecnico di Torino,Italy,12,1,
2-s2.0-84962484386,10.1016/j.egypro.2015.11.186,Modelling natural ventilation in double skin facade,2015,Energy Procedia,18766102,78,,1537-1542,Conference Paper,Angeli D.,,,Università degli Studi di Modena e Reggio Emilia,Italy,13,1,
2-s2.0-84962543672,10.1016/j.egypro.2015.11.677,Effect from a Variable U-Value in Adaptive Building Components with Controlled Internal Air Pressure,2015,Energy Procedia,18766102,78,,376-381,Conference Paper,Berge A.,,,Chalmers University of Technology,Sweden,39,1,
2-s2.0-84962493861,10.1016/j.egypro.2015.11.108,A Hydro-Thermal Study of the Bionic Leaf - A Basic Structural Element of the Bionic Façade Inspired by Vertical Greenery,2015,Energy Procedia,18766102,78,,1195-1200,Conference Paper,Šuklje T.,,,Univerza v Ljubljani,Slovenia,2,1,
2-s2.0-84962522336,10.1016/j.egypro.2015.11.663,Shaping an origami shading device through visual and thermal simulations,2015,Energy Procedia,18766102,78,,346-351,Conference Paper,Pesenti M.,,,Politecnico di Milano,Italy,39,1,
2-s2.0-84962536841,10.1016/j.egypro.2015.11.734,Dynamic insulation systems: Experimental analysis on a parietodynamic wall,2015,Energy Procedia,18766102,78,,549-554,Conference Paper,Fantucci S.,,,Politecnico di Torino,Italy,36,1,
2-s2.0-84962552696,10.1016/j.egypro.2015.11.783,Integrated evaluation of CO2eq emission and thermal dynamic simulation for different façade solutions for a typical office building,2015,Energy Procedia,18766102,78,,3216-3221,Conference Paper,Komerska A.,,,Politechnika Warszawska,Poland,12,1,
2-s2.0-84962567016,10.1016/j.egypro.2015.11.331,A new methodology for quantifying the impact of direct and diffuse solar radiation on energy savings in commercial office spaces,2015,Energy Procedia,18766102,78,,2214-2219,Conference Paper,Vlachokostas A.,,,The City University of New York,United States,1,1,
2-s2.0-84962598356,10.1016/j.egypro.2015.11.302,A simulation framework for the evaluation of next generation Responsive Building Envelope technologies,2015,Energy Procedia,18766102,78,,2602-2607,Conference Paper,Favoino F.,,,University of Cambridge,United Kingdom,17,1,
2-s2.0-84963623451,10.1109/ECCE.2015.7310586,Dynamic modeling of partial shading on photovoltaic arrays,2015,2015 IEEE Energy Conversion Congress and Exposition Ecce 2015,,,,6616-6621,Conference Paper,Haoyuan Y.,,,The University of Hong Kong,Hong Kong,7,0,
2-s2.0-84942088214,10.1177/1420326X14536066,The effects of direct sunlight on light shelf performance under tropical sky,2015,Indoor and Built Environment,1420326X,24,6,788-802,Article,Lim Y.W.,,,Universiti Teknologi Malaysia,Malaysia,47,0,
2-s2.0-84948784205,10.1088/0964-1726/24/12/125006,Modeling and compensating the dynamic hysteresis of piezoelectric actuators via a modified rate-dependent Prandtl-Ishlinskii model,2015,Smart Materials and Structures,09641726,24,12,,Article,Yang M.J.,,,Shanghai Jiao Tong University,China,62,0,
2-s2.0-84948123832,10.1017/S0890060415000463,Notes on the design process of a responsive sun-shading system: A case study of designer and user explorations supported by computational tools,2015,Artificial Intelligence for Engineering Design Analysis and Manufacturing AIEDAM,08900604,29,4,483-502,Conference Paper,Velasco R.,,,Universidad Piloto de Colombia;Frontis3D,Colombia;Colombia,3,0,
2-s2.0-84962325433,10.1109/CYBER.2015.7288032,MPPT of PV system under partial shading condition based on adaptive inertia weight particle swarm optimization algorithm,2015,2015 IEEE International Conference on Cyber Technology in Automation Control and Intelligent Systems IEEE Cyber 2015,,,,729-733,Conference Paper,Yuan X.,,,Hohai University,China,30,0,
2-s2.0-84945957814,10.1016/j.cja.2015.08.013,Dynamic attack zone of air-to-air missile after being launched in random wind field,2015,Chinese Journal of Aeronautics,10009361,28,5,1519-1528,Review,Hui Y.,,,Nanjing University of Aeronautics and Astronautics,China,36,1,
2-s2.0-84960894739,10.1109/ICCIS.2015.7274607,Rapid prototyping for kinetic architecture,2015,Proceedings of the 2015 7th IEEE International Conference on Cybernetics and Intelligent Systems Cis 2015 and Robotics Automation and Mechatronics Ram 2015,,,,118-123,Conference Paper,Ferschin P.,,,TU Wien,Austria,5,0,
2-s2.0-84942929411,10.1088/0964-1726/24/10/105032,On the use of tensegrity structures for kinetic solar facades of smart buildings,2015,Smart Materials and Structures,09641726,24,10,,Article,Fraternali F.,,,Università degli Studi di Salerno,Italy,48,0,
2-s2.0-85066277310,10.1007/978-3-319-17777-9_65,Smart envelope for nearly zero energy schools. The case study of Vallisneri Secondary School in Lucca,2015,Renewable Energy in the Service of Mankind,,1,,723-731,Book Chapter,Romano R.,,,Università degli Studi di Firenze,Italy,2,0,
2-s2.0-84941051807,10.1002/ad.1965,Actualising (overlooked) material capacities,2015,Architectural Design,00038504,85,5,128-133,Article,Kolarevic B.,,,University of Calgary,Canada,6,0,
2-s2.0-84944088873,,Dynamic and adaptive building envelopes,2015,Consulting Specifying Engineer,08925046,52,8,26-31,Article,Pau I.C.,,,Arup Group Limited,United Kingdom,0,0,
2-s2.0-84937598595,10.1177/0954410014562012,Dynamic analysis of satellite separation considering the flexibility of interface rings,2015,Proceedings of the Institution of Mechanical Engineers Part G Journal of Aerospace Engineering,09544100,229,10,1886-1902,Article,Cui D.,,,Tsinghua University;Xi'an Research Institute of High Technology,China;China,10,0,
2-s2.0-84930664430,10.1016/j.fcr.2015.05.010,Shading tolerance in rice is related to better light harvesting and use efficiency and grain filling rate during grain filling period,2015,Field Crops Research,03784290,180,,54-62,Article,Wang L.,,,Sichuan Agricultural University,China,132,0,
2-s2.0-85012260247,,Use of kinetic facades to enhance daylight performance in office buildings with emphasis on Egypt climates,2015,Journal of Engineering and Applied Science,11101903,62,4,339-361,Article,Wanas A.,,,Arab Academy for Science and Technology and Maritime Transport Heliopolis Campus,Egypt,13,0,
2-s2.0-84941648718,10.15446/dyna.v82n192.48567,Estimating the produced power by photovoltaic installations in shaded environments,2015,Dyna Colombia,00127353,82,192,37-43,Article,Ramos-Paja C.A.,,,Universidad Nacional de Colombia Medellin,Colombia,5,1,
2-s2.0-85027938817,10.1109/LMWC.2015.2440652,A Highly Efficient CMOS Envelope Tracking Power Amplifier Using All Bias Node Controls,2015,IEEE Microwave and Wireless Components Letters,15311309,25,8,517-519,Article,Jin S.,,,Pohang University of Science and Technology;Qualcomm Incorporated,South Korea;United States,19,0,
2-s2.0-84940927271,10.1109/ACC.2015.7171091,Adaptive envelope control design for a Buoyant Airborne wind energy system,2015,Proceedings of the American Control Conference,07431619,2015-July,,2395-2400,Conference Paper,Samson J.,,,University of Strathclyde,United Kingdom,2,0,
2-s2.0-84941299810,10.1371/journal.pone.0133519,Effects of adaptation rate and noise suppression on the intelligibility of compressed-envelope based speech,2015,Plos One,,10,7,,Article,Lai Y.H.,,,"Academia Sinica, Research Center for Information Technology Innovation",Taiwan,10,1,
2-s2.0-84935016179,10.1016/j.enbuild.2015.05.040,Toward mitigating urban heat island effects: Investigating the thermal-energy impact of bio-inspired retro-reflective building envelopes in dense urban settings,2015,Energy and Buildings,03787788,102,,380-389,Article,Han Y.,,,Virginia Tech College of Engineering,United States,102,0,
2-s2.0-84943523876,10.4324/9781315763279,"Adaptive, responsive building skins",2015,Building Dynamics Exploring Architecture of Change,,,,69-88,Book Chapter,Kolarevic B.,,,University of Calgary,Canada,16,0,
2-s2.0-84943534728,10.4324/9781315763279,"Dynamic, adaptive building envelopes",2015,Building Dynamics Exploring Architecture of Change,,,,89-100,Book Chapter,Hathaway E.,,,,,1,0,
2-s2.0-84942626398,10.1109/WAMICON.2015.7120372,High efficiency multi-band envelope tracking power amplifier with tunable output frequency bands,2015,2015 IEEE 16th Annual Wireless and Microwave Technology Conference Wamicon 2015,,,,,Conference Paper,Yoo C.S.,,,Korea Electronics Technology Institute,South Korea,4,0,
2-s2.0-84930620620,10.1016/j.enbuild.2015.05.018,"Impact of façade window design on energy, daylighting and thermal comfort in nearly zero-energy houses",2015,Energy and Buildings,03787788,102,,149-156,Article,Vanhoutteghem L.,,,Technical University of Denmark;Aalborg University,Denmark;Denmark,160,2,
2-s2.0-84950303118,10.1260/1478-0771.13.2.143,Computational and physical modeling for multi-cellular pneumatic envelope assemblies,2015,International Journal of Architectural Computing,14780771,13,2,143-167,Article,Velikov K.,,,"University of Michigan, Ann Arbor",United States,1,0,
2-s2.0-84936869055,,Polar method to design foldable plate structures,2015,Journal of the International Association for Shell and Spatial Structures,1028365X,56,2,125-136,Article,Beatini V.,,,Bolu Abant İzzet Baysal Üniversitesi,Turkey,4,0,
2-s2.0-84951037925,10.1260/0266-3511.30.2.85,Translational method for designing folded plate structures,2015,International Journal of Space Structures,09560599,30,2,85-98,Article,Beatini V.,,,Bolu Abant İzzet Baysal Üniversitesi,Turkey,7,0,
2-s2.0-84937635937,10.3791/52698,A standardized method for the analysis of liver sinusoidal endothelial cells and their fenestrations by scanning electron microscopy,2015,Journal of Visualized Experiments,1940087X,2015,98,,Article,Cogger V.C.,,,The University of Sydney;Faculty of Medicine and Health;Concord Repatriation General Hospital,Australia;Australia;Australia,45,1,
2-s2.0-84928920417,10.1016/j.actaastro.2015.04.007,Analysis of parameter sensitivity on dynamics of satellite separation,2015,Acta Astronautica,00945765,114,,22-33,Article,Cui D.,,,Tsinghua University;Xi'an Research Institute of High Technology,China;China,20,0,
2-s2.0-84925933649,10.1111/1744-7941.12056,The totalitarian dynamic behind HRM's democratic façade,2015,Asia Pacific Journal of Human Resources,10384111,53,2,204-220,Article,Abbott K.,,,Deakin University,Australia,5,0,
2-s2.0-84925133553,10.1260/1478-0771.13.1.1,A computational design framework supporting human interaction with environmentally-responsive building envelopes,2015,International Journal of Architectural Computing,14780771,13,1,1-24,Conference Paper,Krietemeyer B.,,,Syracuse University,United States,14,0,
2-s2.0-84939979019,10.1007/s11465-015-0326-1,A rate-dependent Prandtl-Ishlinskii model for piezoelectric actuators using the dynamic envelope function based play operator,2015,Frontiers of Mechanical Engineering,20950233,10,1,37-42,Article,Yang M.,,,Shanghai Jiao Tong University,China,22,0,
2-s2.0-84940100014,10.1016/B978-1-78242-380-5.00017-0,Electrochromic glazing and walls for reducing building cooling needs,2015,Eco Efficient Materials for Mitigating Building Cooling Needs Design Properties and Applications,,,,474-497,Book Chapter,Pittaluga M.,,,Università degli Studi di Cagliari,Italy,16,0,
2-s2.0-84924301156,10.1109/ISICIR.2014.7029564,Effect of adaptive envelope compression in simulated electric hearing in reverberation,2015,Proceedings of the 14th International Symposium on Integrated Circuits Isic 2014,,,,204-207,Conference Paper,Lai Y.H.,,,"Academia Sinica, Research Center for Information Technology Innovation",Taiwan,2,0,
2-s2.0-84919926610,10.1007/s12273-014-0194-3,External shading optimal control macros for 1- and 2-piece automated blinds in European climates,2015,Building Simulation,19963599,8,1,13-25,Article,Thalfeldt M.,,,Tallinna Tehnikaülikool,Estonia,9,0,
2-s2.0-84917736224,,Next-generation smart building using eco-friendly responsive kinetic facade,2015,Icic Express Letters,1881803X,9,1,145-151,Article,Lim D.Y.,,,Konkuk University,South Korea,0,0,
2-s2.0-85127884673,10.52842/conf.ecaade.2015.2.669,Real-Time Multi-Zone Building Performance Impacts of Occupant Interaction with Dynamic Façade Systems,2015,Proceedings of the International Conference on Education and Research in Computer Aided Architectural Design in Europe,26841843,2,,669-678,Conference Paper,Krietemeyer B.,,,Syracuse University,United States,2,0,
2-s2.0-85048315643,,Parametric BIM-based Energy Simulation for Buildings with Complex Kinetic Façades,2015,Proceedings of the International Conference on Education and Research in Computer Aided Architectural Design in Europe,26841843,1,,657-664,Conference Paper,Kim H.,,,Texas A&M University,United States,27,0,
2-s2.0-84983464091,10.1007/978-3-662-47386-3_10,Dynamic façades and computation: Towards an inclusive categorization of high performance kinetic façade systems,2015,Communications in Computer and Information Science,18650929,527,,172-191,Conference Paper,Velasco R.,,,Universidad Piloto de Colombia;Frontis3D,Colombia;Colombia,22,0,
2-s2.0-84966644085,,Dynamic faÇades: Exploring responsive building skins in a comprehensive design studio,2015,44th Ases National Solar Conference Solar 2015 Expanding Horizons Shaping the New Energy Economy,,,,37-46,Conference Paper,Peterson N.,,,University of Washington,United States,0,0,
2-s2.0-84934911039,10.1007/978-3-319-09287-4_5,Bio-inspired adaptive building skins,2015,Biotechnologies and Biomimetics for Civil Engineering,,,,115-134,Book Chapter,Loonen R.C.G.M.,,,Technische Universiteit Eindhoven,Netherlands,42,0,
2-s2.0-84976439530,,Simulation driven design for kinetic system; optimize kaleidocycle façade configuration for daylighting adequacy in hot arid climates,2015,14th International Conference of Ibpsa Building Simulation 2015 Bs 2015 Conference Proceedings,,,,182-189,Conference Paper,Elghazi Y.,,,Cairo University;Arab Academy for Science and Technology and Maritime Transport Heliopolis Campus,Egypt;Egypt,13,0,
2-s2.0-85046073479,,A Design Framework and a Digital Toolset Supporting the Early-Stage Explorations of Responsive Kinetic Building Skin Concepts,2015,Proceedings of the International Conference on Education and Research in Computer Aided Architectural Design in Europe,26841843,2,,715-725,Conference Paper,Zboinska M.A.,,,Chalmers University of Technology,Sweden,11,0,
2-s2.0-84928679214,10.3390/en8042358,Design and energy performance of a buoyancy driven exterior shading device for building application in Taiwan,2015,Energies,,8,4,2358-2380,Article,Huang K.,,,National Taiwan University,Taiwan,10,1,
2-s2.0-84936096856,,Phototropism of tensile façade system through material agency,2015,Caadria 2015 20th International Conference on Computer Aided Architectural Design Research in Asia Emerging Experiences in the Past Present and Future of Digital Architecture,,,,127-136,Conference Paper,Hadilou A.,,,The University of Texas at Austin,United States,1,0,
2-s2.0-84994787800,10.1016/j.egypro.2015.02.174,Kinetic Solar Skin: A Responsive Folding Technique,2015,Energy Procedia,18766102,70,,661-672,Conference Paper,Pesenti M.,,,Politecnico di Milano,Italy,63,1,
2-s2.0-84970016205,,A second skin for responsive chemical biological protection,2015,Fiber Society 2015 Fall Meeting and Technical Conference Fibers Where Tradition Meets Innovation,,,,,Conference Paper,Wilusz E.,,,United States Army,United States,0,0,
2-s2.0-84948390542,10.1016/j.proeng.2015.08.521,The use of Dynamic Environmental Control Systems (DECS) in Cavities of Double Skin Facades for Energy Savings,2015,Procedia Engineering,18777058,118,,833-841,Conference Paper,Spastri M.,,,University of Southern California,United States,5,1,
2-s2.0-84976340671,,The potential opaque adaptive façades for office buildings in a temperate climate,2015,14th International Conference of Ibpsa Building Simulation 2015 Bs 2015 Conference Proceedings,,,,98-105,Conference Paper,Jin Q.,,,Tongji University,China,10,0,
2-s2.0-84954026281,10.1080/17512549.2015.1050694,Coupling TRNSYS 17 and CONTAM: Simulation of a naturally ventilated double-skin façade,2015,Advances in Building Energy Research,17512549,9,2,293-304,Article,Khalifa I.,,,"Université de Tunis El Manar, Ecole Nationale d'Ingénieurs de Tunis;University of Carthage, Ecole Nationale d'Ingénieurs de Bizerte",Tunisia;Tunisia,20,0,
2-s2.0-84976403014,,Smart windows with dynamic spectral selectivity - A scoping study,2015,14th International Conference of Ibpsa Building Simulation 2015 Bs 2015 Conference Proceedings,,,,2158-2165,Conference Paper,Loonen R.C.G.M.,,,Technische Universiteit Eindhoven,Netherlands,4,0,
2-s2.0-84926125566,10.1016/j.aei.2014.09.008,"Dynamic shading of a building envelope based on rotating polarized film system controlled by one-dimensional cellular automata in regular tessellations (triangular, square and hexagonal)",2015,Advanced Engineering Informatics,14740346,29,1,87-100,Article,Zawidzki M.,,,Massachusetts Institute of Technology,United States,22,2,
2-s2.0-84942288016,10.7712/120115.3644.637,Renewable energy tensegrity structures,2015,Compdyn 2015 5th Eccomas Thematic Conference on Computational Methods in Structural Dynamics and Earthquake Engineering,,,,3621-3628,Conference Paper,Fraternali F.,,,Università degli Studi di Salerno,Italy,0,1,
2-s2.0-84954027964,10.1080/17512549.2015.1014839,Multi-criteria energy and daylighting optimization for an office with fixed and moveable shading devices,2015,Advances in Building Energy Research,17512549,9,2,238-252,Article,Manzan M.,,,Università degli Studi di Trieste,Italy,26,2,
2-s2.0-84926500777,10.1061/9780784479070.028,"The balance between daylighting and thermal performance based on exploiting the kaleidocycle typology in hot arid climate of Aswan, Egypt",2015,Aei 2015 Birth and Life of the Integrated Building Proceedings of the Aei Conference 2015,,,,300-315,Conference Paper,Wagdy A.,,,The American University in Cairo,Egypt,20,0,
2-s2.0-84929331284,10.3311/PPci.7091,"Effect of architectural glazing parameters, shading, thermal mass and night ventilation on public building energy consumption under Hungarian climate",2015,Periodica Polytechnica Civil Engineering,05536626,59,2,209-223,Article,Szabó L.,,,Budapest University of Technology and Economics,Hungary,7,1,
2-s2.0-84983504522,10.1007/978-3-662-47386-3_31,The geometry of chuck hoberman: As the basis for the development of dynamic experimental structures,2015,Communications in Computer and Information Science,18650929,527,,563-581,Conference Paper,Anaf M.,,,Universidade Estadual de Campinas,Brazil,2,0,
2-s2.0-84985982408,10.1557/opl.2015.688,Human-facade-interaction: Constructing augmented reality simulations for cooptimizing dynamic building skin performance,2015,Materials Research Society Symposium Proceedings,02729172,1800,,54-61,Conference Paper,Krietemeyer B.,,,Syracuse University,United States,0,0,
2-s2.0-85051341139,,Coupling dynamic energy and daylighting simulations for complex fenestration systems,2015,Building Simulation Applications,,2015-February,,289-296,Conference Paper,De Michele G.,,,Eurac Research,Italy,4,0,
2-s2.0-84921894183,10.3992/1943-4618-9.4.125,Effect of a novel internal roller shading system on energy performance,2015,Journal of Green Building,15526100,9,4,125-145,Article,Yao J.,,,Ningbo University,China,3,1,
2-s2.0-84915774886,10.1016/j.cad.2014.02.010,Meteorosensitive architecture: Biomimetic building skins based on materially embedded and hygroscopically enabled responsiveness,2015,CAD Computer Aided Design,00104485,60,,50-69,Article,Reichert S.,,,Universität Stuttgart,Germany,219,0,
2-s2.0-84983187877,,Experimental investigation of externally venting flames in under-ventilated compartment fires,2015,Fire and Materials 2015 14th International Conference and Exhibition Proceedings,,,,788-802,Conference Paper,Asimakopoulou E.K.,,,School of Mechanical Engineering - NTUA,Greece,0,0,
2-s2.0-84952041947,10.3233/978-1-61499-566-1-392,Versatile Text Extraction System for Text-to-Speech Reading Assistant Camera,2015,Studies in Health Technology and Informatics,09269630,217,,392-397,Conference Paper,Goto H.,,,Tohoku University,Japan,0,0,
2-s2.0-84976413619,,Daylighting as a sustainable approach for high-rise office in tropics,2015,Proceedings of the 26th International Business Information Management Association Conference Innovation Management and Sustainable Economic Competitive Advantage from Regional Development to Global Growth Ibima 2015,,,,3747-3761,Conference Paper,Lim Y.,,,Universiti Teknologi Malaysia,Malaysia,2,0,
2-s2.0-84939481406,,Control of wind-induced motion of tall buildings using smart façade systems,2015,Electronic Journal of Structural Engineering,,14,1,33-40,Article,Azad A.,,,University of Technology Sydney,Australia,8,0,
2-s2.0-84957877062,10.1016/j.proeng.2015.09.053,Dynamic Performance of the Shading-type Building-Integrated Photovoltaic Claddings,2015,Procedia Engineering,,121,,930-937,Conference Paper,Sun L.,,,Southwest Jiaotong University,China,21,1,
2-s2.0-85016771258,10.18462/iir.icr.2015.0069,Dynamic thermal behavior of double-skin façade and adjacent interior comfort,2015,Refrigeration Science and Technology,01511637,,,4057-4064,Conference Paper,Serban A.,,,Universitatea Transilvania din Brașov,Romania,0,0,
2-s2.0-85114434219,,Thermal Activated Envelope A Method and Model for Embedding Behaviour in a Responsive Envelope by Bi-Materials,2015,Proceedings of the International Conference on Education and Research in Computer Aided Architectural Design in Europe,26841843,2,,449-458,Conference Paper,Foged I.W.,,,Aalborg University,Denmark,11,0,
2-s2.0-84983089561,,Influence of varying mix proportions on thermal performance of soil-cement blocks,2015,Building Simulation Applications,,2015-February,,67-74,Conference Paper,Balaji N.C.,,,Indian Institute of Science,India,4,0,
2-s2.0-84928232788,10.1007/978-3-319-09411-3_18,Kinematic design of a reconfigurable deployable canopy,2015,Mechanisms and Machine Science,22110984,24,,167-174,Conference Paper,Kiper G.,,,Izmir Yüksek Teknoloji Enstitüsü,Turkey,10,2,
2-s2.0-84940094435,10.1117/12.2193570,A design of cylindrical lens for linear CCD used in dynamic envelope curve measurement of high-speed train,2015,Proceedings of SPIE the International Society for Optical Engineering,0277786X,9623,,,Conference Paper,Zhang Y.,,,Tianjin University,China,1,0,
2-s2.0-85005992551,,Compound semiconductor technology for modern RF modules: Status and future directions,2015,Cs Mantech 2015 2015 International Conference on Compound Semiconductor Manufacturing Technology,,,,11-14,Conference Paper,Green D.S.,,,Defense Advanced Research Projects Agency,United States,7,0,
2-s2.0-85034848863,10.1558/jca.v2i1.27129,Kinetic architecture and aerial rides: Towards a media archaeology of the revolving restaurant view,2015,Journal of Contemporary Archaeology,20513429,2,1,58-66,Article,Bull S.T.,,,Universitetet i Oslo,Norway,2,0,
2-s2.0-84940069270,10.1117/12.2193564,Field calibration of binocular stereo vision based on fast reconstruction of 3D control field,2015,Proceedings of SPIE the International Society for Optical Engineering,0277786X,9623,,,Conference Paper,Zhang H.,,,The State Key Laboratory of Precision Measurement Technology and Instruments,China,1,0,
2-s2.0-84924973550,10.1109/IAS.2014.6978480,Simulation and sensitivity analysis of a fuzzy-based building automation control system,2014,2014 IEEE Industry Application Society Annual Meeting IAS 2014,,,,,Conference Paper,Martirano L.,,,Sapienza Università di Roma,Italy,10,0,
2-s2.0-85058721082,10.1016/j.applthermaleng.2014.08.007,Optimal topology of urban buildings for maximization of annual solar irradiation availability using a genetic algorithm,2014,Applied Thermal Engineering,13594311,73,1,424-437,Article,Conceicao Antonio C.A.,,,Universidade do Porto,Portugal,28,0,
2-s2.0-84920069218,10.1109/CSICS.2014.6978567,Materials and integration strategies for modern RF integrated circuits,2014,Technical Digest IEEE Compound Semiconductor Integrated Circuit Symposium Csic,15508781,,,,Conference Paper,Green D.S.,,,Defense Advanced Research Projects Agency,United States,9,0,
2-s2.0-84921915622,10.3844/ajassp.2014.1766.1772,Dynamic daylight and solar control in tropical climate,2014,American Journal of Applied Sciences,15469239,11,10,1766-1772,Article,Lim Y.,,,Universiti Teknologi Malaysia,Malaysia,3,1,
2-s2.0-84910683434,10.1061/(ASCE)EY.1943-7897.0000149,Exergy management between a building and its environment for residential hvac,2014,Journal of Energy Engineering,07339402,140,4,,Article,Lingo L.E.,,,College of Engineering and Computer Science,United States,5,0,
2-s2.0-84906838780,10.1016/j.engstruct.2014.08.023,Exploratory numerical analysis of two-way straight cable-net façades subjected to air blast loads,2014,Engineering Structures,01410296,79,,276-289,Article,Bedon C.,,,Università degli Studi di Trieste,Italy,41,0,
2-s2.0-84911961014,10.1007/s10518-014-9595-z,Effectiveness of nonlinear static procedures for slender masonry towers,2014,Bulletin of Earthquake Engineering,1570761X,12,6,2531-2556,Article,Pintucchi B.,,,Università degli Studi di Firenze,Italy,31,0,
2-s2.0-84930987061,10.1109/PESGM.2014.6938857,Optimal switch configuration design for reconfigurable photovoltaic modules,2014,IEEE Power and Energy Society General Meeting,19449925,2014-October,October,,Conference Paper,Lin X.,,,USC Viterbi School of Engineering,United States,0,0,
2-s2.0-84908541747,10.3390/s141120320,Multi-Fault detection of rolling element bearings under harsh working condition using imf-based adaptive envelope order analysis,2014,Sensors Switzerland,14248220,14,11,20320-20346,Article,Zhao M.,,,Xi'an Jiaotong University,China,52,1,
2-s2.0-84911407048,10.1109/CVPR.2014.410,Efficient structured parsing of facades using dynamic programming,2014,Proceedings of the IEEE Computer Society Conference on Computer Vision and Pattern Recognition,10636919,,,3206-3213,Conference Paper,Cohen A.,,,ETH Zürich,Switzerland,66,0,
2-s2.0-84929180227,10.1109/ICRA.2014.6907836,A dynamical characterization of internally-Actuated microgravity mobility systems,2014,Proceedings IEEE International Conference on Robotics and Automation,10504729,,,6618-6624,Conference Paper,Koenig A.W.,,,Department of Aeronautics and Astronautics,United States,10,0,
2-s2.0-84912573356,10.12733/jcis11604,Interactive rendering based on dynamic environment lighting and geometric shading,2014,Journal of Computational Information Systems,15539105,10,17,7601-7608,Article,Ma Z.,,,Zhengzhou University of Light Industry,China,0,0,
2-s2.0-84906259400,10.1088/0957-0233/25/9/095004,An adaptive envelope spectrum technique for bearing fault detection,2014,Measurement Science and Technology,09570233,25,9,,Article,Sui W.,,,Shandong University of Technology;Lakehead University,China;Canada,32,0,
2-s2.0-84908149011,10.2514/1.A32382,Dynamic-envelope analysis of clamp-band joint considering pyroshock of satellite separation,2014,Journal of Spacecraft and Rockets,00224650,51,5,1390-1400,Article,Li J.,,,Tianjin University,China,21,0,
2-s2.0-84908406878,10.1162/LEON_a_00839,"Nervous Ether: Soft Aggregates, Interactive Skins",2014,Leonardo,0024094X,47,4,344-351,Article,Velikov K.,,,"University of Michigan, Ann Arbor",United States,6,0,
2-s2.0-84924011894,,Intelligent façade deployable multilayer adaptive membrane for sun-shading and insulation control and optimisation,2014,11th World Congress on Computational Mechanics Wccm 2014 5th European Conference on Computational Mechanics Eccm 2014 and 6th European Conference on Computational Fluid Dynamics Ecfd 2014,,,,327-340,Conference Paper,Bermejo A.C.,,,Universitat Politècnica de Catalunya,Spain,0,0,
2-s2.0-84943011198,10.1016/j.foar.2014.03.002,Responsive envelope tessellation and stochastic rotation of 4-fold penttiles,2014,Frontiers of Architectural Research,20952635,3,2,192-198,Article,Datta S.,,,Curtin University,Australia,6,1,
2-s2.0-84893169082,10.1016/j.solener.2014.01.008,The dynamic impact of window characteristics on shading factor and energy consumption,2014,Solar Energy,0038092X,102,,1-13,Article,Sun C.,,,Shanghai Jiao Tong University,China,13,0,
2-s2.0-84894186566,10.1007/978-3-642-39578-9_3,Energy performance assessment of advanced integrated Façades by means of synthetic metrics,2014,Lecture Notes in Electrical Engineering,18761100,263 LNEE,VOL. 3,21-28,Conference Paper,Goia F.,,,Norges Teknisk-Naturvitenskapelige Universitet;Politecnico di Torino,Norway;Italy,5,0,
2-s2.0-84892452345,10.1128/JVI.02017-13,Hypervariable region 1 deletion and required adaptive envelope mutations confer decreased dependency on scavenger receptor class B type I and low-density lipoprotein receptor for hepatitis C virus,2014,Journal of Virology,0022538X,88,3,1725-1739,Article,Prentoe J.,,,Det Sundhedsvidenskabelige Fakultet,Denmark,44,1,
2-s2.0-84891597750,10.4028/www.scientific.net/AMR.855.52,The impact of the dynamic facade elements on the energy balance of the reference building in winter,2014,Advanced Materials Research,10226680,855,,52-56,Conference Paper,Nagy Z.,,,Slovak University of Technology in Bratislava,Slovakia,0,0,
2-s2.0-84887981105,10.4028/www.scientific.net/KEM.572.225,Parametric camshaft mechanism for adaptive building envelope and kinetic building ornaments,2014,Key Engineering Materials,10139826,572,1,225-228,Article,Utama Sjarifudin F.,,,Bina Nusantara University,Indonesia,2,0,
2-s2.0-85203479433,10.1115/1.4027154,Evaluation of impact of shading devices on energy consumption of buildings in tropical regions,2014,Journal of Energy Resources Technology Transactions of the ASME,01950738,136,2,,Article,Samanta A.,,,Indian Institute of Social Welfare and Business Management,India,17,0,
2-s2.0-85051970214,,Using physical testing to design and evaluate the acclimatisation of kinetic façades for daylight and thermal heat performance,2014,Acadia 2014 Design Agency Proceedings of the 34th Annual Conference of the Association for Computer Aided Design in Architecture,,2014-October,,691-698,Conference Paper,Sharaidin K.,,,RMIT University,Australia,0,0,
2-s2.0-85088358810,,The triple bottom line benefits of climate-responsive dynamic façades,2014,30th International PLEA Conference Sustainable Habitat for Developing Societies Choosing the Way Forward Proceedings,,2,,187-196,Conference Paper,Loftness V.,,,Carnegie Mellon University,United States,1,0,
2-s2.0-84899830699,10.1016/j.buildenv.2014.04.007,User satisfaction and interaction with automated dynamic facades: A pilot study,2014,Building and Environment,03601323,78,,44-52,Article,Bakker L.,,,Nederlandse Organisatie voor toegepast natuurwetenschappelijk onderzoek- TNO,Netherlands,119,2,
2-s2.0-84923525105,10.1016/j.egypro.2014.12.390,Towards an ideal adaptive glazed façade for office buildings,2014,Energy Procedia,18766102,62,,289-298,Conference Paper,Favoino F.,,,University of Cambridge,United Kingdom,38,1,
2-s2.0-85037166977,,Harvest shade screens programming material for optimal energy building skins,2014,Acadia 2014 Design Agency Proceedings of the 34th Annual Conference of the Association for Computer Aided Design in Architecture,,2014-October,,281-290,Conference Paper,Grinham J.,,,Harvard University,United States,12,0,
2-s2.0-84907483520,10.1016/j.enbuild.2014.07.040,The influence of shading control strategies on the visual comfort and energy demand of office buildings,2014,Energy and Buildings,03787788,84,,70-85,Article,Yun G.,,,Korea University,South Korea,160,0,
2-s2.0-84901823324,,Acacia: A simulation platform for highly responsive smart facades,2014,Simulation Series,07359276,46,7,41-48,Conference Paper,Llach D.C.,,,Pennsylvania State University,United States,1,0,
2-s2.0-84890119885,10.1016/j.enbuild.2013.08.066,Experimental assessment of the energy performance of an advanced responsive multifunctional façade module,2014,Energy and Buildings,03787788,68,PART B,647-659,Article,Favoino F.,,,Politecnico di Torino,Italy,56,0,
2-s2.0-84903825447,10.1109/EEEIC.2014.6835853,Design of a fuzzy-based control system for energy saving and users comfort,2014,2014 14th International Conference on Environment and Electrical Engineering Eeeic 2014 Conference Proceedings,,,,142-147,Conference Paper,Martirano L.,,,Sapienza Università di Roma,Italy,18,0,
2-s2.0-84896841578,10.4028/www.scientific.net/AMM.534.125,Adaptive system development for secondary skin,2014,Applied Mechanics and Materials,16609336,534,,125-130,Conference Paper,Sjarifudin F.U.,,,Bina Nusantara University,Indonesia,2,0,
2-s2.0-84905743962,10.1145/2601097.2601105,"Extending the graphics pipeline with adaptive, multi-rate shading",2014,ACM Transactions on Graphics,07342071,33,4,,Conference Paper,He Y.,,,Carnegie Mellon University,United States,47,0,
2-s2.0-84893931715,10.1201/b16499-17,Electronically tintable glass-greater design freedom without compromise,2014,Challenging Glass 4 and COST Action Tu0905 Final Conference Proceedings of the Challenging Glass 4 and Cost Action Tu0905 Final Conference,,,,85-93,Conference Paper,Sanders H.,,,"SAGE Electrochromics, Inc.",United States,0,0,
2-s2.0-84907899410,,Coarse pixel shading,2014,High Performance Graphics 2014 Hpg 2014 Proceedings,,,,9-18,Conference Paper,Vaidyanathan K.,,,Intel Corporation,United States,66,0,
2-s2.0-84887384538,10.1016/j.buildenv.2013.10.003,Developing a weather responsive internal shading system for atrium spaces of a commercial building in tropical climates,2014,Building and Environment,03601323,71,,259-274,Article,Wang F.,,,Heriot-Watt University,United Kingdom,33,0,
2-s2.0-84901463928,10.1051/epjconf/20146800037,Daylight adaptive shading using parametric camshaft mechanism for SOHO in Jakarta,2014,EPJ Web of Conferences,21016275,68,,,Conference Paper,Sjarifudin F.,,,Bina Nusantara University,Indonesia,9,1,
2-s2.0-84906247403,10.1068/b38121,The dynamic façade pattern grammar,2014,Environ Plann B Plann Des,02658135,41,4,690-716,Article,Kotsopoulos S.D.,,,Massachusetts Institute of Technology,United States,4,0,
2-s2.0-85030536726,,Designing Resilient Buildings with Emergent Materials,2014,Proceedings of the International Conference on Education and Research in Computer Aided Architectural Design in Europe,26841843,2,,179-184,Conference Paper,Decker M.,,,New Jersey Institute of Technology,United States,13,0,
2-s2.0-85063810226,,"Parametric design for technological and ""smart"" system. Adaptive and optimized skin",2014,30th International PLEA Conference Sustainable Habitat for Developing Societies Choosing the Way Forward Proceedings,,1,,532-539,Conference Paper,Figliola A.,,,Sapienza Università di Roma,Italy,4,0,
2-s2.0-84888295460,10.1111/nph.12474,"More cells, bigger cells or simply reorganization? Alternative mechanisms leading to changed internode architecture under contrasting stress regimes",2014,New Phytologist,0028646X,201,1,193-204,Article,Huber H.,,,Radboud Universiteit,Netherlands,30,1,
2-s2.0-84906901718,10.3390/en7085201,Dialectic form finding of passive and adaptive shading enclosures,2014,Energies,,7,8,5201-5220,Article,Adriaenssens S.,,,School of Engineering and Applied Science,United States,40,1,
2-s2.0-84903840062,10.1109/IGBSG.2014.6835241,WSN-based intelligent visual performance management in tropical buildings,2014,Proceedings of 2014 International Conference on Intelligent Green Building and Smart Grid Igbsg 2014,,,,,Conference Paper,Chan Y.,,,Nanyang Technological University;Berkeley Education Alliance for Research in Singapore,Singapore;Singapore,1,2,
2-s2.0-84904663253,,Controlling kinetic cladding components in building façades: A case for autonomous movement,2014,Rethinking Comprehensive Design Speculative Counterculture Proceedings of the 19th International Conference on Computer Aided Architectural Design Research in Asia Caadria 2014,,,,129-138,Conference Paper,Yekutiel T.P.,,,Technion - Israel Institute of Technology,Israel,8,0,
2-s2.0-84903122488,10.2495/MAR140121,The design and physical modelling of deployable structures based on curved-line folding,2014,Wit Transactions on the Built Environment,17433509,136,,145-156,Conference Paper,Vergauwen A.,,,Vrije Universiteit Brussel,Belgium,7,0,
2-s2.0-84898997636,10.1016/j.egypro.2014.02.143,Energy performance assessment of and advanced integrated façade through experimental data analysis,2014,Energy Procedia,18766102,48,,1262-1271,Conference Paper,Goia F.,,,Norges Teknisk-Naturvitenskapelige Universitet;Politecnico di Torino,Norway;Italy,13,1,
2-s2.0-84897866302,10.2495/EQ140501,Development of an integrated passive cooling façade technology for office buildings in hot arid regions,2014,Wit Transactions on Ecology and the Environment,17433541,190 VOLUME 1,,521-534,Article,Abu Khadra A.,,,The University of Arizona,United States,8,1,
2-s2.0-84898977977,10.1016/j.egypro.2014.02.173,Retrofit of an existing school in Italy with high energy standards,2014,Energy Procedia,18766102,48,,1529-1538,Conference Paper,Zinzi M.,,,"Ente Per Le Nuove Tecnologie, l'Energia e l'Ambiente",Italy,12,1,
2-s2.0-84949133204,10.1016/j.proeng.2014.10.533,Development of a first prototype of a liquid-shaded dynamic glazed facade for buildings,2014,Procedia Engineering,,85,,94-103,Conference Paper,Cecchi M.,,,Università Politecnica delle Marche,Italy,6,1,
2-s2.0-84924673672,,Operative temperature and thermal comfort in the sun - Implementation and verification of a model for IDA ICE,2014,Indoor Air 2014 13th International Conference on Indoor Air Quality and Climate,,,,200-207,Conference Paper,Karlsen L.,,,Aalborg University;OsloMet – StorbyUniversitetet,Denmark;Norway,4,0,
2-s2.0-84906536114,10.1016/j.enbuild.2014.07.086,Daylighting and solar shading performances of an innovative automated reflective louvre system,2014,Energy and Buildings,03787788,82,,607-620,Article,Hashemi A.,,,The Bartlett School of Architecture,United Kingdom,49,2,
2-s2.0-84901824796,10.1111/cgf.12303,Adaptive texture space shading for stochastic rendering,2014,Computer Graphics Forum,01677055,33,2,341-350,Article,Andersson M.,,,Lunds Universitet;Intel Sweden A.B.,Sweden;Sweden,18,0,
2-s2.0-84898864189,10.4028/www.scientific.net/AMM.541-542.954,Potential Analysis of Architectural Application of Solar Energy Resource in Panzhihua,2014,Applied Mechanics and Materials,16609336,541-542,,954-960,Conference Paper,Li S.,,,Southwest University of Science and Technology,China,0,0,
2-s2.0-85202486153,,INTELLIGENT BUILDING ENVELOPE TO OPTIMISE THE EXPLOITATION OF SOLAR RADIATION,2014,Zemch International Conference,,,,223-235,Conference Paper,Brugnaro G.,,,Università degli Studi di Padova,Italy,0,0,
2-s2.0-85101090706,10.1016/j.egypro.2014.10.427,The Impact of an Ideal Dynamic Building Envelope on the Energy Performance of Low Energy Office Buildings,2014,Energy Procedia,18766102,58,,185-192,Conference Paper,Goia F.,,,Norges Teknisk-Naturvitenskapelige Universitet,Norway,20,1,
2-s2.0-84912570607,10.22260/isarc2014/0011,Control of an adaptive light shelf using multi-objective optimization,2014,31st International Symposium on Automation and Robotics in Construction and Mining Isarc 2014 Proceedings,,,,81-87,Conference Paper,Raphael B.,,,Indian Institute of Technology Madras,India,2,0,
2-s2.0-84905741346,10.1145/2601097.2601214,AMFS: Adaptive multi-frequency shading for future graphics processors,2014,ACM Transactions on Graphics,07342071,33,4,,Conference Paper,Clarberg P.,,,Intel Corporation,United States,34,0,
2-s2.0-84899624067,10.1080/14786451.2013.796943,A new test cell for the evaluation of thermo-physical performance of facades building components,2014,International Journal of Sustainable Energy,14786451,33,4,954-962,Article,Alcamo G.,,,Università degli Studi di Firenze,Italy,6,2,
2-s2.0-84912096470,10.1088/1742-6596/547/1/012013,Spectrophotometric evaluation of optical performances of polarizing technologies for smart window applications,2014,Journal of Physics Conference Series,17426588,547,1,,Conference Paper,Levati N.,,,Politecnico di Milano,Italy,0,1,
2-s2.0-84885455549,10.1016/j.buildenv.2013.09.011,"An investigation into the impact of movable solar shades on energy, indoor thermal and visual comfort improvements",2014,Building and Environment,03601323,71,,24-32,Article,Yao J.,,,Ningbo University,China,140,0,
2-s2.0-84904497008,10.1145/2611009.2611036,Smart citizen sentiment dashboard: A case study into media architectural interfaces,2014,Perdis 2014 Proceedings 3rd ACM International Symposium on Pervasive Displays 2014,,,,19-24,Conference Paper,Behrens M.,,,The Bartlett Faculty of the Built Environment,United Kingdom,63,1,
2-s2.0-84927620195,10.1117/12.2055895,TALC: A new deployable concept for a 20m far-infrared space telescope,2014,Proceedings of SPIE the International Society for Optical Engineering,0277786X,9143,,,Conference Paper,Durand G.,,,Commissariat a l'Energie Atomique et aux Energies Alternatives,France,22,0,
2-s2.0-84898814645,10.1177/1744259113496388,Numerical evaluation of a phase change material-shutter using solar energy for winter nighttime indoor heating,2014,Journal of Building Physics,17442591,37,4,367-394,Article,Soares N.,,,"Universidade de Coimbra, Faculdade de Ciências e Tecnologia;University of Coimbra, Centre for Mechanical Engineering, Materials and Processes",Portugal;Portugal,23,0,
2-s2.0-84915749440,,A new elasto-plastic material model for coated fabric in membrane structures,2014,16th European Conference on Composite Materials Eccm 2014,,,,,Conference Paper,Dinh T.D.,,,Universiteit Gent,Belgium,0,0,
2-s2.0-84910049142,10.21437/interspeech.2014-120,An adaptive envelope compression strategy for speech processing in cochlear implants,2014,Proceedings of the Annual Conference of the International Speech Communication Association Interspeech,2308457X,,,481-484,Conference Paper,Lai Y.H.,,,"Academia Sinica, Research Center for Information Technology Innovation",Taiwan,3,0,
2-s2.0-84902805510,10.1115/JRC2014-3744,Effect of dynamic envelope pavement markings on vehicle driver behavior at a highway-rail grade crossing,2014,2014 Joint Rail Conference Jrc 2014,,,,,Conference Paper,Gabree S.,,,U.S. DOT Volpe Center,United States,4,0,
2-s2.0-84944730050,,A parametric simulation study on kinetic envelopes,2014,43rd Ases National Solar Conference 2014 Solar 2014 Including the 39th National Passive Solar Conference and the 2nd Meeting of Young and Emerging Professionals in Renewable Energy,,2,,1254-1258,Conference Paper,Wang J.,,,Tsinghua University;Lawrence Berkeley National Laboratory;State Key Laboratory of Subtropical Building Science;University of Technology,China;United States;China;China,1,0,
2-s2.0-84904627935,,Analysing and visualizing the moving mechanisms of kinetic architecture,2014,Rethinking Comprehensive Design Speculative Counterculture Proceedings of the 19th International Conference on Computer Aided Architectural Design Research in Asia Caadria 2014,,,,931-932,Conference Paper,Ron R.,,,,,0,0,
2-s2.0-85088355797,,"Environmental performance of adaptive building envelope design: Urban housing in Seoul, Korea",2014,30th International PLEA Conference Sustainable Habitat for Developing Societies Choosing the Way Forward Proceedings,,2,,575-582,Conference Paper,Paek J.,,,Architectural Association School of Architecture,,0,0,
2-s2.0-84929431279,10.2749/222137814814069048,Structural mechanization of giant observation wheels,2014,Engineering for Progress Nature and People,,,,2341-2348,Conference Paper,Lyle J.,,,Arup Group Limited,United Kingdom,1,0,
2-s2.0-84900562357,10.1145/2559206.2581286,Whirlstools: Kinetic furniture with adaptive affordance,2014,Conference on Human Factors in Computing Systems Proceedings,,,,1885-1890,Conference Paper,Takeuchi Y.,,,"Sony Computer Science Laboratories, Inc.",Japan,9,0,
2-s2.0-84905902196,10.1177/1932296814536271,A computational proof of concept of a machine-intelligent artificial pancreas using lyapunov stability and differential game theory,2014,Journal of Diabetes Science and Technology,,8,4,791-806,Article,Greenwood N.J.C.,,,The University of Queensland;NeuroTech Research Pty Ltd,Australia;Australia,3,1,
2-s2.0-84899018727,10.1177/0143624413490177,Effect of building envelope on thermal environmental conditions of a naturally ventilated building block in tropical climate,2014,Building Services Engineering Research and Technology,01436244,35,3,280-295,Article,Dhaka S.,,,Malaviya National Institute of Technology Jaipur,India,19,0,
2-s2.0-84898860708,10.1007/s10514-013-9377-5,Detection of robustly collision-free trajectories in unpredictable environments in real-time,2014,Autonomous Robots,09295593,37,1,81-96,Article,Vatcha R.,,,The University of North Carolina at Charlotte,United States,10,0,
2-s2.0-84890952775,10.1145/2542266.2542282,Computing with matter,2013,SIGGRAPH Asia 2013 Courses SA 2013,,,,,Conference Paper,Decker M.,,,New Jersey Institute of Technology,United States,0,0,
2-s2.0-84889564144,,Responsive façades: Parametric control of moveable tilings,2013,Pertanika Journal of Science and Technology,01287680,21,2,611-624,Article,Datta S.,,,Curtin University,Australia,5,0,
2-s2.0-84894123318,,Bio-inspired adaptive stadium façades,2013,Open Systems Proceedings of the 18th International Conference on Computer Aided Architectural Design Research in Asia Caadria 2013,,,,107-116,Conference Paper,Park J.J.,,,University of Melbourne,Australia,0,0,
2-s2.0-84891276408,,Multifunctional adaptive façade at iba 2013; design studies for an integral energy harvesting façade shading system,2013,Textile Composites and Inflatable Structures Vi Proceedings of the 6th International Conference on Textile Composites and Inflatable Structures Structures Membranes 2013,,,,473-481,Conference Paper,Lienhard J.,,,Knippershelbig GmbH,Germany,2,0,
2-s2.0-84894140792,,Information storm,2013,Open Systems Proceedings of the 18th International Conference on Computer Aided Architectural Design Research in Asia Caadria 2013,,,,915-924,Conference Paper,Roe S.,,,Feng Chia University,Taiwan,0,0,
2-s2.0-84891277845,,Advantages of lightweight tensioned coated fabrics and foils façades for the building sector,2013,Textile Composites and Inflatable Structures Vi Proceedings of the 6th International Conference on Textile Composites and Inflatable Structures Structures Membranes 2013,,,,200-211,Conference Paper,Beccarelli P.,,,University of Nottingham,United Kingdom,6,0,
2-s2.0-84894515202,,Image based computer-aided manufacturing technology,2013,Sensors and Transducers,,159,11,13-18,Article,Hu Z.,,,Yanshan University,China,1,0,
2-s2.0-84891276041,,Responsive textiles,2013,Textile Composites and Inflatable Structures Vi Proceedings of the 6th International Conference on Textile Composites and Inflatable Structures Structures Membranes 2013,,,,83-94,Conference Paper,Vlasceanu E.,,,Universität Stuttgart,Germany,1,0,
2-s2.0-84886676476,,Occupant-proof buildings: Can we design buildings that are robust against occupant behaviour?,2013,Proceedings of Bs 2013 13th Conference of the International Building Performance Simulation Association,,,,1746-1754,Conference Paper,O'brien W.,,,Carleton University,Canada,13,0,
2-s2.0-84886701395,,Definition of a reference office for standardized evaluations of dynamic façade and lighting technologies,2013,Proceedings of Bs 2013 13th Conference of the International Building Performance Simulation Association,,,,3645-3652,Conference Paper,Reinhart C.F.,,,Massachusetts Institute of Technology,United States,81,0,
2-s2.0-84886712908,,Mechanical cooling energy reduction for commercial buildings in hot climates: Effective use of external solar shading incorporating effects on daylight contribution,2013,Proceedings of Bs 2013 13th Conference of the International Building Performance Simulation Association,,,,975-982,Conference Paper,Brittle J.,,,Loughborough University,United Kingdom,0,0,
2-s2.0-84886643381,,Ec-co-gen: An evolutionary simulation assisted design tool for energy rating of buildings in early design stage to optimize the building form Philippe Marin,2013,Proceedings of Bs 2013 13th Conference of the International Building Performance Simulation Association,,,,2201-2208,Conference Paper,Marsault X.,,,Ecole Nationale Supérieure d'Architecture de Lyon,France,5,0,
2-s2.0-84886255666,10.4028/www.scientific.net/AMR.779-780.1711,A novel fault tree analysis theory,2013,Advanced Materials Research,10226680,779,,1711-1714,Conference Paper,Huang Y.L.,,,Jinan University,China,0,0,
2-s2.0-84885744168,10.4067/S0717-69962013000200015,Transparent facades: Active and passive,2013,Arq,07160852,,84,1-5,Article,D'Alençon R.,,,Technische Universität Berlin,Germany,0,1,
2-s2.0-84885625875,10.1109/IE.2013.23,No-mech kinetic responsive architecture: Kinetic responsive architecture with no mechanical parts,2013,Proceedings 9th International Conference on Intelligent Environments Ie 2013,,,,145-150,Conference Paper,Maragkoudaki A.,,,National Technical University of Athens (NTUA),Greece,7,0,
2-s2.0-84885225206,10.1145/2493432.2494263,Lumina: A soft kinetic material for morphing architectural skins and organic user interfaces,2013,Ubicomp 2013 Proceedings of the 2013 ACM International Joint Conference on Pervasive and Ubiquitous Computing,,,,53-62,Conference Paper,Khoo C.K.,,,RMIT University,Australia,23,0,
2-s2.0-84885224603,10.1145/2494091.2499224,EmoTicSpace: When the built environments get emotional,2013,Ubicomp 2013 Adjunct Adjunct Publication of the 2013 ACM Conference on Ubiquitous Computing,,,,1363-1365,Conference Paper,Salim F.,,,RMIT University,Australia,2,0,
2-s2.0-84884572348,10.1016/j.enbuild.2013.08.027,Facade design principles for nearly zero energy buildings in a cold climate,2013,Energy and Buildings,03787788,67,,309-321,Article,Thalfeldt M.,,,Tallinna Tehnikaülikool,Estonia,150,0,
2-s2.0-84884551487,,Mass-customized net energy-positive housing for the great lakes region,2013,Open House International,01682601,38,3,15-24,Article,Thün G.,,,"University of Michigan, Ann Arbor",United States,0,0,
2-s2.0-84884329851,10.1016/j.enbuild.2013.08.033,Energy performance analysis of a solar-cooled building in Tunisia: Passive strategies impact and improvement techniques,2013,Energy and Buildings,03787788,67,,374-386,Article,Soussi M.,,,"Université de Tunis El Manar, Ecole Nationale d'Ingénieurs de Tunis",Tunisia,53,0,
2-s2.0-84883866070,10.1117/12.2022026,Prismatic louver active façades for natural illumination and thermal energy gain in high-rise and commercial buildings,2013,Proceedings of SPIE the International Society for Optical Engineering,0277786X,8883,,,Conference Paper,Vlachokostas A.,,,The Grove School of Engineering,United States,3,0,
2-s2.0-84879495105,10.1016/j.buildenv.2013.05.016,Comparative control strategies for roller shades with respect to daylighting and energy performance,2013,Building and Environment,03601323,67,,179-192,Article,Tzempelikos A.,,,Lyles School of Civil and Construction Engineering,United States,151,0,
2-s2.0-84881413199,,Polar Orbiting Passive Atmospheric Calibration Spheres [POPACS] - sphere and container development,2013,51st AIAA Aerospace Sciences Meeting Including the New Horizons Forum and Aerospace Exposition 2013,,,,,Conference Paper,Arute F.,,,Drexel University College of Engineering,United States,0,0,
2-s2.0-84882253104,10.1186/1471-2164-14-552,De novo assembly and characterization of fruit transcriptome in Litchi chinensis Sonn and analysis of differentially regulated genes in fruit in response to shading,2013,BMC Genomics,,14,1,,Article,Li C.,,,South China Agricultural University,China,113,1,
2-s2.0-84881185942,,Application of flexible façade systems in reducing the lateral displacement of concrete frames subjected to seismic loads,2013,From Materials to Structures Advancement Through Innovation Proceedings of the 22nd Australasian Conference on the Mechanics of Structures and Materials Acmsm 2012,,,,241-245,Conference Paper,Abtahi P.,,,University of Technology Sydney,Australia,6,0,
2-s2.0-84881176254,,Dynamic behaviour of flexible facade systems in tall buildings subjected to wind loads,2013,From Materials to Structures Advancement Through Innovation Proceedings of the 22nd Australasian Conference on the Mechanics of Structures and Materials Acmsm 2012,,,,431-435,Conference Paper,Azad A.,,,University of Technology Sydney,Australia,3,0,
2-s2.0-84940646839,10.1093/ijlct/ctt015,Adaptive façade design for the daylighting performance in an office building: The investigation of an opening design strategy with cellular automata,2013,International Journal of Low Carbon Technologies,17481317,10,3,313-320,Article,Kim J.,,,University of Nottingham,United Kingdom,22,0,
2-s2.0-84879342450,10.1109/APEC.2013.6520194,Photovoltaic AC parameter characterization for dynamic partial shading and hot spot detection,2013,Conference Proceedings IEEE Applied Power Electronics Conference and Exposition APEC,,,,109-115,Conference Paper,Kim K.A.,,,The Grainger College of Engineering,United States,27,0,
2-s2.0-85138413676,,An innovative proposal for a deployable shading system,2013,Structures and Architecture New Concepts Applications and Challenges,,,,1183-1190,Book Chapter,Asefi M.,,,Toronto Metropolitan University;Tabriz Islamic Art University,Canada;Iran,0,0,
2-s2.0-84879110265,10.1016/j.enbuild.2013.05.017,Performance of a daylight-redirecting glass-shading system,2013,Energy and Buildings,03787788,64,,309-316,Article,Appelfeld D.,,,Technical University of Denmark,Denmark,9,0,
2-s2.0-84878331047,10.1117/12.2007623,Technical feasibility of CT perfusion using a C-Arm CBCT system,2013,Progress in Biomedical Optics and Imaging Proceedings of SPIE,16057422,8668,,,Conference Paper,Xu M.,,,Beihang University;University of Wisconsin School of Medicine and Public Health,China;United States,0,0,
2-s2.0-84880299383,10.1260/1478-0771.11.2.183,Designing a connected sustainable living environment,2013,International Journal of Architectural Computing,14780771,11,2,183-204,Article,Kotsopoulos S.,,,Massachusetts Institute of Technology,United States,1,0,
2-s2.0-84883729570,10.1260/0266-3511.28.2.101,Shapes of miura mesh mechanism with mobility one,2013,International Journal of Space Structures,09560599,28,2,101-114,Article,Beatini V.,,,Izmir Yüksek Teknoloji Enstitüsü,Turkey,12,2,
2-s2.0-84877125433,10.1371/journal.pone.0062674,"Neutralizing Antibodies in Patients with Chronic Hepatitis C, Genotype 1, against a Panel of Genotype 1 Culture Viruses: Lack of Correlation to Treatment Outcome",2013,Plos One,,8,5,,Article,Pedersen J.,,,Copenhagen University Hospital;Det Sundhedsvidenskabelige Fakultet,Denmark;Denmark,8,1,
2-s2.0-84876850882,,Evaluating the performance robustness of fixed and movable shading devices against diverse occupant behaviors,2013,Simulation Series,07359276,45,8,10-17,Conference Paper,O'Brien W.,,,Carleton University,Canada,4,0,
2-s2.0-84876865688,,Simulating nonlinear nano-to-micro scaled material properties and effects at the architectural scale,2013,Simulation Series,07359276,45,8,134-141,Conference Paper,Wang S.,,,Cornell University,United States,0,0,
2-s2.0-84876820824,,Choreographic architecture: Inscribing instructions in an auxetic based material system,2013,Simulation Series,07359276,45,8,102-109,Conference Paper,Theodoras T.,,,The Bartlett Faculty of the Built Environment,United Kingdom,1,0,
2-s2.0-84874785714,10.1002/eqe.2224,Nonlinear analysis of out-of-plane masonry façades: Full dynamic versus pushover methods by rigid body and spring model,2013,Earthquake Engineering and Structural Dynamics,00988847,42,4,499-521,Article,Casolo S.,,,Politecnico di Milano,Italy,58,0,
2-s2.0-84876714561,10.1016/S1672-6529(13)60213-9,An Experimental Study on a Microclimatic Layer of a Bionic Façade Inspired by Vertical Greenery,2013,Journal of Bionic Engineering,16726529,10,2,177-185,Article,Šuklje T.,,,Univerza v Ljubljani,Slovenia,28,0,
2-s2.0-84874974198,10.5424/sjar/2013111-411-11,Shading screens for the improvement of the night-time climate of unheated greenhouses,2013,Spanish Journal of Agricultural Research,1695971X,11,1,32-46,Article,Montero J.I.,,,Institut de Recerca I Technologia Agroalimentaries,Spain,37,1,
2-s2.0-84874592305,10.4028/www.scientific.net/AMR.660.222,Construction of smart building skins with flow and bend split products,2013,Advanced Materials Research,10226680,660,,222-229,Conference Paper,Schäfer S.,,,Technische Universität Darmstadt,Germany,1,0,
2-s2.0-84874516343,10.1044/1092-4388(2012/12-0008),Factors affecting the processing of intensity in school-aged children,2013,Journal of Speech Language and Hearing Research,10924388,56,1,71-80,Article,Buss E.,,,UNC School of Medicine,United States,9,0,
2-s2.0-84873270137,,Drawing style capture for cartoon rendering,2013,International Journal of Multimedia and Ubiquitous Engineering,19750080,8,1,245-254,Article,Byun H.W.,,,Sungshin Women's University,South Korea,2,0,
2-s2.0-84872398016,10.1016/j.buildenv.2012.10.003,Manually-operated window shade patterns in office buildings: A critical review,2013,Building and Environment,03601323,60,,319-338,Review,O'Brien W.,,,Carleton University,Canada,233,0,
2-s2.0-84903220932,10.1142/S2010007813500036,Assessing the welfare effects of promoting biomass growth and the use of bioenergy,2013,Climate Change Economics,20100078,4,1,,Article,Lundgren T.,,,Centre for Environmental and Resource Economics,Sweden,9,0,
2-s2.0-84884993770,10.1007/978-3-642-40840-3_2,Collaborative responsive façade design using sensor and actuator network,2013,Lecture Notes in Computer Science Including Subseries Lecture Notes in Artificial Intelligence and Lecture Notes in Bioinformatics,03029743,8091 LNCS,,11-18,Conference Paper,Jang S.Y.,,,Sungkyunkwan University,South Korea,5,0,
2-s2.0-84871765600,10.1016/j.apenergy.2012.09.040,Simulation of photovoltaic centrals with dynamic shading,2013,Applied Energy,03062619,103,,278-289,Article,Sánchez Reinoso C.R.,,,Consejo Nacional de Investigaciones Científicas y Técnicas;Universidad Nacional del Litoral;Universidad Nacional de Catamarca,Argentina;Argentina;Argentina,78,1,
2-s2.0-84887907216,10.1201/b15267-164,An innovative proposal for a deployable shading system,2013,Structures and Architecture Concepts Applications and Challenges Proceedings of the 2nd International Conference on Structures and Architecture Icsa 2013,,,,1183-1190,Conference Paper,Asefi M.,,,Tabriz Islamic Art University,Iran,0,0,
2-s2.0-85048220892,,Energy and daylighting interaction in offices with shading devices,2013,Building Simulation Applications,,2013-January,,385-393,Conference Paper,Mazzichi F.,,,Università degli Studi di Trieste,Italy,3,0,
2-s2.0-84880083431,10.1201/b15002-95,An irregular discretization process for climate-responsive façades,2013,Green Design Materials and Manufacturing Processes Proceedings of the 2nd International Conference on Sustainable Intelligent Manufacturing Sim 2013,,,,489-493,Conference Paper,Vermisso E.,,,Florida Atlantic University,United States,0,0,
2-s2.0-85127876385,,ARCS Architectural Chameleon Skin A swarm-based architectural installation,2013,Proceedings of the International Conference on Education and Research in Computer Aided Architectural Design in Europe,26841843,1,,467-475,Conference Paper,Mohammed-Amin R.K.,,,University of Calgary,Canada,0,0,
2-s2.0-84884292377,10.1111/cgf.12075,Real-time defocus rendering with level of detail and sub-sample blur,2013,Computer Graphics Forum,01677055,32,6,126-134,Article,Jeong Y.,,,Sungkyunkwan University,South Korea,4,0,
2-s2.0-84879466311,,Energy performance of shading devices for thermal and lighting comfort in offices,2013,Building Simulation Applications,,2013-January,,233-242,Conference Paper,Atzeri A.,,,Free University of Bozen-Bolzano,Italy,11,0,
2-s2.0-84983531049,10.1201/b15685,Study for the rehabilitation of vernacular architecture with sustainable criteria,2013,Vernacular Heritage and Earthen Architecture,,,,581-586,Book Chapter,Costa Carrapiço I.,,,"Escuela Técnica Superior de Arquitectura, Universidad Politécnica de Madrid",Spain,7,2,
2-s2.0-84885014497,10.1007/978-3-642-40840-3_31,Interactive decision making environment for the design optimization of climate adaptive building shells,2013,Lecture Notes in Computer Science Including Subseries Lecture Notes in Artificial Intelligence and Lecture Notes in Bioinformatics,03029743,8091 LNCS,,213-220,Conference Paper,Kim D.Y.,,,Sungkyunkwan University,South Korea,4,0,
2-s2.0-84884370237,10.3130/jaabe.12.237,Interactive kinetic media facades: A pedagogical design system to support an integrated virtual-physical prototyping environment in the design process of media facades,2013,Journal of Asian Architecture and Building Engineering,13467581,12,2,237-244,Article,Park J.,,,Soongsil University,South Korea,11,1,
2-s2.0-84933533905,,Assessment of movable insulation panels' energy and lighting potential for adaptive façades in architecture,2013,42nd Ases National Solar Conference 2013 Solar 2013 Including 42nd Ases Annual Conference and 38th National Passive Solar Conference,,,,234-241,Conference Paper,Du Montier C.,,,Université Laval,Canada,0,0,
2-s2.0-84912544649,,Adaptive [skins]-Use of genetic algorithms for actuation system optimization,2013,European Group for Intelligent Computing in Engineering Eg ICE 2013 20th International Workshop Intelligent Computing in Engineering,,,,,Conference Paper,Verma S.,,,Architectural Association (AA),United Kingdom,0,0,
2-s2.0-84933573742,,Combined solar power production and dynamic shading with energy harvesting electrochromic windows (EH-ECWs),2013,42nd Ases National Solar Conference 2013 Solar 2013 Including 42nd Ases Annual Conference and 38th National Passive Solar Conference,,,,294-301,Conference Paper,Meek C.,,,University of Washington,United States,1,0,
2-s2.0-84878797097,10.1201/b14563-19,Structural design of blast enhanced cable net facades,2013,COST Action Tu0905 Mid Term Conference on Structural Glass Proceedings of COST Action Tu0905 Mid Term Conference on Structural Glass,,,,121-131,Conference Paper,Wellershoff F.,,,HafenCity University Hamburg,Germany,5,0,
2-s2.0-84898809685,10.1109/CEAT.2013.6775614,Global MPPT of solar PV modules using a dynamic PSO algorithm under partial shading conditions,2013,Ceat 2013 2013 IEEE Conference on Clean Energy and Technology,,,,134-139,Conference Paper,Huynh D.C.,,,University of Technology,Viet Nam,36,0,
2-s2.0-84885388923,10.1016/j.asoc.2013.06.021,Development and analysis of adaptive fuzzy controllers for photovoltaic system under varying atmospheric and partial shading condition,2013,Applied Soft Computing Journal,15684946,13,11,4320-4332,Article,Punitha K.,,,Kalasalingam Academy of Research and Education,India,40,0,
2-s2.0-84879505805,10.1007/s00371-013-0811-7,Lit-Sphere extension for artistic rendering,2013,Visual Computer,01782789,29,6-8,473-480,Conference Paper,Todo H.,,,"The University of Tokyo;OLM Digital, Inc.",Japan;Japan,15,0,
2-s2.0-84885652681,10.7873/date.2013.191,Capital cost-aware design and partial shading-aware architecture optimization of a reconfigurable photovoltaic system,2013,Proceedings Design Automation and Test in Europe Date,15301591,,,909-912,Conference Paper,Wang Y.,,,University of Southern California,United States,14,0,
2-s2.0-84896322281,10.1115/SMASIS2013-3001,SMA actuated vertical blade louver system: Part 1 performance requirements and design,2013,ASME 2013 Conference on Smart Materials Adaptive Structures and Intelligent Systems Smasis 2013,,1,,,Conference Paper,Browne A.L.,,,GM RandD,United States,2,0,
2-s2.0-85048228738,,"Daylight harvesting: A multivariate regression linear model for predicting the impact on lighting, cooling and heating",2013,Building Simulation Applications,,2013-January,,39-48,Conference Paper,Moret S.,,,Università degli Studi di Padova,Italy,4,0,
2-s2.0-84894119546,10.52842/conf.caadria.2013.945,Responsive building envelope as a material system of autonomous agents,2013,Open Systems Proceedings of the 18th International Conference on Computer Aided Architectural Design Research in Asia Caadria 2013,,,,945-954,Conference Paper,Kolodziej P.,,,Politechnika Wrocławska,Poland,13,0,
2-s2.0-105025296222,,North House: Climate-Responsive Envelope and Control Systems,2013,Design and Construction of High Performance Homes Building Envelopes Renewable Energies and Integrated Practice,,,,265-282,Book Chapter,Thün G.,,,"University of Michigan, Ann Arbor",United States,6,0,
2-s2.0-105025318037,,Responsive Building Envelopes: Characteristics and Evolving Paradigms,2013,Design and Construction of High Performance Homes Building Envelopes Renewable Energies and Integrated Practice,,,,75-92,Book Chapter,Velikov K.,,,"University of Michigan, Ann Arbor",United States,46,0,
2-s2.0-85042719508,10.1016/B978-0-12-375067-9.00147-9,Optimal Control and Resources,2013,Encyclopedia of Energy Natural Resource and Environmental Economics,,2-3,,321-331,Book Chapter,Caputo M.R.,,,University of Central Florida,United States,0,2,
2-s2.0-84904633574,,Kinetic architecture matrix,2013,Acadia 2013 Adaptive Architecture Proceedings of the 33rd Annual Conference of the Association for Computer Aided Design in Architecture,,,,437-438,Conference Paper,Ron R.,,,Shenkar College of Design and Engineering,United States,1,0,
2-s2.0-84903650549,10.1533/9780857093530.3.468,Architectural applications of smart textiles,2013,Multidisciplinary Know how for Smart Textiles Developers,,,,468-488,Book Chapter,Ritter A.,,,Ritter architekten,Germany,3,0,
2-s2.0-85048323583,10.52842/conf.acadia.2013.243,Responsive materiality for morphing architectural skins,2013,Acadia 2013 Adaptive Architecture Proceedings of the 33rd Annual Conference of the Association for Computer Aided Design in Architecture,,,,243-252,Conference Paper,Khoo C.K.,,,RMIT University,Australia,3,1,
2-s2.0-85048328980,10.52842/conf.acadia.2013.109,Adaptation as a framework for reconsidering high-performance residential design: A case study,2013,Acadia 2013 Adaptive Architecture Proceedings of the 33rd Annual Conference of the Association for Computer Aided Design in Architecture,,,,109-118,Conference Paper,Thün G.,,,"University of Michigan, Ann Arbor",United States,0,1,
2-s2.0-84871874052,10.1016/j.apenergy.2012.10.045,Development of polynomial regression models for composite dynamic envelopes' thermal performance forecasting,2013,Applied Energy,03062619,104,,379-391,Article,Mavromatidis L.E.,,,CNRS Centre National de la Recherche Scientifique,France,55,0,
2-s2.0-84999752757,10.1016/j.ijsbe.2013.09.003,Possibilities for characterization of a PCM window system using large scale measurements,2013,International Journal of Sustainable Built Environment,22126090,2,1,56-64,Article,Grynning S.,,,Norges Teknisk-Naturvitenskapelige Universitet;SINTEF Foundation for Scientific and Industrial Research,Norway;Norway,49,1,
2-s2.0-84871554288,10.4028/www.scientific.net/AMM.232.919,Adaptive building envelope system using parametric camshaft mechanism for sustainable building,2012,Applied Mechanics and Materials,16609336,232,,919-924,Conference Paper,Sjarifudin F.U.,,,Bina Nusantara University,Indonesia,4,1,
2-s2.0-84870494719,10.2495/SU120261,Progressive collapse analysis of a high-rise building considering the effect of an outriggerbelt lateral load resisting system,2012,Wit Transactions on the Built Environment,17433509,126,,293-302,Conference Paper,Mirhom J.M.,,,The American University in Cairo,Egypt,1,1,
2-s2.0-84875251530,,Envelope tesselation with stochastic rotation of 4-fold penttiles,2012,Beyond Codes and Pixels Proceedings of the 17th International Conference on Computer Aided Architectural Design Research in Asia Caadria 2012,,,,253-262,Conference Paper,Hanafin S.,,,Curtin University,Australia,2,0,
2-s2.0-84874249257,10.1260/1478-0771.10.4.613,Computational design of a bio inspired responsive architectural Façade system,2012,International Journal of Architectural Computing,14780771,10,4,613-634,Conference Paper,Dutt F.,,,University of Pennsylvania,United States,4,0,
2-s2.0-84875988346,10.1145/2459056.2459060,"A Programmable fenestration system for residential use: Functional, social and aesthetic qualities",2012,Proceedings of the 1st Workshop on Smart Material Interfaces A Material Step to the Future Smi 2012,,,,,Conference Paper,Kotsopoulos S.D.,,,Massachusetts Institute of Technology,United States,0,0,
2-s2.0-84876527219,,A visual - Performative language of façade patterns for the connected sustainable home,2012,Simulation Series,07359276,44,8 BOOK,16-27,Conference Paper,Kotsopoulos S.D.,,,Massachusetts Institute of Technology,United States,2,0,
2-s2.0-84873396130,10.2312/EGGH/HPG12/013-021,Adaptive image space shading for motion and defocus blur,2012,High Performance Graphics 2012 Hpg 2012 ACM SIGGRAPH Eurographics Symposium Proceedings,,,,13-21,Conference Paper,Vaidyanathan K.,,,Intel Corporation,United States,17,0,
2-s2.0-84875265672,,Responsive architectural surface design from nonlinear systems biology: Responsive architectural design by computational methods,2012,Beyond Codes and Pixels Proceedings of the 17th International Conference on Computer Aided Architectural Design Research in Asia Caadria 2012,,,,465-474,Conference Paper,Dutt F.,,,University of Pennsylvania,United States,1,0,
2-s2.0-84893266540,,An integrated automatic wall concreting system,2012,2012 Proceedings of the 29th International Symposium of Automation and Robotics in Construction Isarc 2012,,,,,Conference Paper,Wiȩckowski A.,,,Politechnika Krakowska,Poland,3,0,
2-s2.0-84883392886,,Improving thermal performance of plasters by means of recycled and phase change materials,2012,10th International Conference on Healthy Buildings 2012,,1,,889-890,Conference Paper,Favoino F.,,,Politecnico di Torino,Italy,2,0,
2-s2.0-84884881445,,Low speed bearing monitoring using acoustic emission technique,2012,Journal of Science and Technology in the Tropics,18235034,8,2,154-160,Article,Kaewkongka T.,,,Chulalongkorn University,Thailand,1,0,
2-s2.0-84869480224,10.1109/PVSC.2012.6317867,Analysis of photovoltaic array with reconfigurable modules under partial shading,2012,Conference Record of the IEEE Photovoltaic Specialists Conference,01608371,,,1437-1441,Conference Paper,Vemuru S.,,,Ohio Northern University,United States,11,0,
2-s2.0-84863467109,10.1016/j.buildenv.2012.06.009,Cross ventilation with small openings: Measurements in a multi-zone test building,2012,Building and Environment,03601323,57,,377-386,Article,Lo L.J.,,,Cockrell School of Engineering,United States,70,0,
2-s2.0-84865622141,10.1016/j.enbuild.2012.07.020,"Retrofitting using a dynamic envelope to ensure thermal comfort, energy savings and low environmental impact in Mediterranean climates",2012,Energy and Buildings,03787788,54,,350-362,Article,Stazi F.,,,Università Politecnica delle Marche,Italy,35,0,
2-s2.0-84866430609,,Electronically tintable glass: Greater design freedom without compromise,2012,30th West Coast Energy Management Congress 2012 EMC 2012,,,,375-397,Conference Paper,Sanders H.,,,"SAGE Electrochromics, Inc.",United States,0,0,
2-s2.0-84865759357,10.2495/HPSM120441,Analysing the applicability of deployable scissor structures in responsive building skins,2012,Wit Transactions on the Built Environment,17433509,124,,493-504,Conference Paper,Vergauwen A.,,,Vrije Universiteit Brussel,Belgium,5,1,
2-s2.0-84865596200,10.1007/978-3-642-32609-7_17,Communication between physical and virtual models in designing smart buildings,2012,Lecture Notes in Computer Science Including Subseries Lecture Notes in Artificial Intelligence and Lecture Notes in Bioinformatics,03029743,7467 LNCS,,126-133,Conference Paper,Yi I.,,,Sungkyunkwan University,South Korea,2,0,
2-s2.0-84861569230,10.1016/j.engstruct.2012.04.023,Viscoelastic spider connectors for the mitigation of cable-supported façades subjected to air blast loading,2012,Engineering Structures,01410296,42,,190-200,Article,Amadio C.,,,Università degli Studi di Trieste,Italy,59,0,
2-s2.0-84872838848,10.1260/1478-0771.10.3.377,"The agency of responsive envelopes: Interaction, politics and interconnected systems",2012,International Journal of Architectural Computing,14780771,10,3,377-400,Article,Thün G.,,,"University of Michigan, Ann Arbor",United States,8,0,
2-s2.0-84873566532,10.1080/17494060.2012.729708,Hodges at newport: The rhetoric of Jeep's Blues,2012,Jazz Perspectives,17494060,6,1-2,247-263,Article,Williams J.,,,,,0,0,
2-s2.0-84864299232,10.1007/978-3-642-31980-8_11,A statistical approach to analyzing sound tracings,2012,Lecture Notes in Computer Science Including Subseries Lecture Notes in Artificial Intelligence and Lecture Notes in Bioinformatics,03029743,7172 LNCS,,120-145,Conference Paper,Nymoen K.,,,Universitetet i Oslo,Norway,13,2,
2-s2.0-84862523171,,Innovative strategies for adaptive buildings in large cities,2012,International Journal for Housing Science and Its Applications,01466518,36,2,99-107,Article,Pizzi E.,,,Politecnico di Milano,Italy,5,0,
2-s2.0-84858710403,10.1016/j.engstruct.2012.02.006,Elastoplastic dissipative devices for the mitigation of blast resisting cable-supported glazing façades,2012,Engineering Structures,01410296,39,,103-115,Article,Amadio C.,,,Università degli Studi di Trieste,Italy,49,0,
2-s2.0-84860810606,10.4028/www.scientific.net/AMM.164.85,A comparative study on building energy performance between movable and fixed shading materials,2012,Applied Mechanics and Materials,16609336,164,,85-88,Conference Paper,Yang X.,,,Ningbo University,China,0,0,
2-s2.0-84859443262,10.1016/j.solener.2012.02.031,Dynamic performance of a façade-based solar loop heat pipe water heating system,2012,Solar Energy,0038092X,86,5,1632-1647,Article,Wang Z.,,,Guangdong University of Technology,China,55,2,
2-s2.0-84956702328,10.1002/stab.201290074,The future of energy-active and adaptive building envelopes,2012,Stahlbau,00389145,81,,305-314,Article,Fuchs A.,,,FAT LAB;FAB,Germany;Germany,0,0,
2-s2.0-84859464539,10.1260/1478-0771.10.1.67,Kinetic hybrid structure development and simulation,2012,International Journal of Architectural Computing,14780771,10,1,67-86,Article,Phocas M.C.,,,University of Cyprus,Cyprus,19,1,
2-s2.0-84855243888,10.1016/j.enbuild.2011.11.022,Experimental estimation of the solar properties of a switchable liquid shading system for glazed facades,2012,Energy and Buildings,03787788,45,,299-310,Article,Carbonari A.,,,Università Politecnica delle Marche,Italy,26,0,
2-s2.0-84855814331,10.1016/j.solener.2011.11.016,Daylighting and energy analysis of private offices with automated interior roller shades,2012,Solar Energy,0038092X,86,2,681-704,Article,Shen H.,,,Lyles School of Civil and Construction Engineering,United States,148,0,
2-s2.0-85083950415,10.52842/conf.ecaade.2012.2.629,Design Considerations for Adopting Kinetic Facades in Building Practice,2012,Proceedings of the International Conference on Education and Research in Computer Aided Architectural Design in Europe,26841843,2,,629-637,Conference Paper,Sharaidin K.,,,RMIT University,Australia,9,1,
2-s2.0-85127846958,,Integration of Digital Simulation Tools With Parametric Designs to Evaluate Kinetic Façades for Daylight Performance,2012,Proceedings of the International Conference on Education and Research in Computer Aided Architectural Design in Europe,26841843,2,,701-709,Conference Paper,Sharaidin K.,,,RMIT University,Australia,14,0,
2-s2.0-85127888997,10.52842/conf.ecaade.2012.2.561,Time as a Designing Factor in Architecture Creation Application of parametric design in dynamic facades,2012,Proceedings of the International Conference on Education and Research in Computer Aided Architectural Design in Europe,26841843,2,,561-566,Conference Paper,Stolarewicz M.,,,Bialystok University of Technology,Poland,0,1,
2-s2.0-84886708590,10.1016/j.egypro.2012.11.121,An algorithm for designing dynamic solar shading system,2012,Energy Procedia,18766102,30,,1079-1089,Conference Paper,Aste N.,,,Politecnico di Milano,Italy,12,1,
2-s2.0-84900857642,,"MFREE-S Closed Cavity Façade: Cost-effective, clean, environmental",2012,Asia Ascending Age of the Sustainable Skyscraper City A Collection of State of the Art Multi Disciplinary Papers on Tall Buildings and Sustainable Cities Proc of the Ctbuh 9th World Congress,,,,310-318,Conference Paper,De Bleecker H.,,,Permasteelisa Group B.V.,Netherlands,1,0,
2-s2.0-84865033966,,The impact of a combined dynamic shading system on the thermal performance of building perimeter zones,2012,ASHRAE Transactions,00012505,118,PART 1,265-272,Conference Paper,Rao S.,,,Lyles School of Civil and Construction Engineering,United States,0,0,
2-s2.0-84865874416,10.2752/204191212X13232577462574,The interior experience of daylighting technologies: Histories and potential futures,2012,Interiors Design Architecture Culture,20419112,3,1-2,59-84,Article,Krietemeyer B.,,,Rensselaer Polytechnic Institute,United States,3,0,
2-s2.0-84455183704,10.1557/opl.2011.833,Roll-to-roll front contact patterning by wire shading,2012,Materials Research Society Symposium Proceedings,02729172,1323,,29-34,Conference Paper,Merz R.,,,Universität Stuttgart,Germany,0,0,
2-s2.0-84897086942,10.1016/j.egypro.2012.11.112,A control algorithm for optimal energy performance of a solarium/greenhouse with combined interior and exterior motorized shading,2012,Energy Procedia,18766102,30,,995-1005,Conference Paper,Bastien D.,,,Concordia University,Canada,12,1,
2-s2.0-84855980914,10.1109/TVCG.2011.35,Efficient visibility encoding for dynamic illumination in direct volume rendering,2012,IEEE Transactions on Visualization and Computer Graphics,10772626,18,3,447-462,Article,Kronander J.,,,Linköpings Universitet,Sweden,35,2,
2-s2.0-84886044487,10.1109/CEWIT.2012.6606981,A methodology for daylight optimisation of facades: An investigation of the opening design strategy with cellular automata for an office building,2012,2012 9th International Conference and Expo on Emerging Technologies for A Smarter World Cewit 2012,,,,,Conference Paper,Kim J.,,,University of Nottingham,United Kingdom,7,0,
2-s2.0-84872040764,,A simulation and experimental study of the impact of passive and active façade systems on the energy performance of building perimeter zones,2012,ASHRAE Transactions,00012505,118,PART 2,149-156,Conference Paper,Chan Y.C.,,,Lyles School of Civil and Construction Engineering,United States,5,0,
2-s2.0-84879877785,10.1111/j.1467-8659.2012.03135.x,Quantized point-based global illumination,2012,Computer Graphics Forum,01677055,31,4,1399-1405,Article,Buchholz B.,,,CNRS Centre National de la Recherche Scientifique,France,9,0,
2-s2.0-84857407540,10.1016/j.apenergy.2012.02.006,Energy optimization of building design for different housing units in apartment buildings,2012,Applied Energy,03062619,94,,330-337,Article,Yao J.,,,Ningbo University,China,50,0,
2-s2.0-84873347851,10.1520/JAI104124,Potential of dynamic-mechanical analysis toward a complementary material and system testing approach for structural glazing,2012,ASTM Special Technical Publication,00660558,1545 STP,,404-431,Conference Paper,Recknagel C.,,,Bundesanstalt für Materialforschung und -Prüfung,Germany,3,0,
2-s2.0-84900872911,,The parametric design of Shanghai Tower's form and façade,2012,Asia Ascending Age of the Sustainable Skyscraper City A Collection of State of the Art Multi Disciplinary Papers on Tall Buildings and Sustainable Cities Proc of the Ctbuh 9th World Congress,,,,112-119,Conference Paper,Xia J.,,,Gensler,China,3,0,
2-s2.0-84999816172,10.1016/j.ijsbe.2012.09.001,Electrochromic dynamic windows for office buildings,2012,International Journal of Sustainable Built Environment,22126090,1,1,125-139,Article,Sbar N.L.,,,"SAGE Electrochromics, Inc.",United States,213,1,
2-s2.0-82555201440,10.4028/www.scientific.net/AMM.141.359,Modeling and simulation of clamp band dynamic envelope in A LV/SC separation system,2012,Applied Mechanics and Materials,16609336,141,1,359-363,Conference Paper,Li J.,,,Tsinghua University,China,9,0,
2-s2.0-85048345811,,An exploration into computational optimization for motive architecture,2012,Acadia 2012 Synthetic Digital Ecologies Proceedings of the 32nd Annual Conference of the Association for Computer Aided Design in Architecture,,2012-October,,401-405,Conference Paper,Mehanna R.,,,The Bartlett Faculty of the Built Environment,United Kingdom,1,0,
2-s2.0-85022140158,10.52842/conf.ecaade.2012.2.391,Exploration of Eco-Kinetic Systems in Architecture Development of dynamic interactive building elements,2012,Proceedings of the International Conference on Education and Research in Computer Aided Architectural Design in Europe,26841843,2,,391-399,Conference Paper,Ron R.,,,Shenkar College of Engineering and Design,Israel,3,1,
2-s2.0-84855963275,10.1080/15397734.2011.590775,Design of a 2-DOF 8R linkage for transformable hypar structure,2012,Mechanics Based Design of Structures and Machines,15397734,40,1,19-32,Article,Korkmaz K.,,,Izmir Yüksek Teknoloji Enstitüsü,Turkey,17,2,
2-s2.0-84873864839,,Affect: Adaptive fenestration for emission-free cladding technology,2011,30th Ises Biennial Solar World Congress 2011 Swc 2011,,3,,2025-2034,Conference Paper,Norton B.,,,Technological University Dublin,Ireland,0,0,
2-s2.0-84860247255,,Structural dynamic façade,2011,Structural Membranes 2011 5th International Conference on Textile Composites and Inflatable Structures,,,,397-408,Conference Paper,Habraken A.,,,Technische Universiteit Eindhoven,Netherlands,0,0,
2-s2.0-84870170502,,Modelling and optimisation of a biomimetic façade based on animal fur,2011,Proceedings of Building Simulation 2011 12th Conference of International Building Performance Simulation Association,,,,458-465,Conference Paper,Webb M.,,,"Faculty of Architecture, Building and Planning",Australia,8,0,
2-s2.0-84864141000,,Effect of two exterior louver systems on solar transmittance and indoor thermal conditions: Experiment and simulations,2011,PLEA 2011 Architecture and Sustainable Development Conference Proceedings of the 27th International Conference on Passive and Low Energy Architecture,,,,679-684,Conference Paper,Tablada De La Torre A.,,,KU Leuven;Direction of Architecture and Urbanism,Belgium;Cuba,0,0,
2-s2.0-84858017021,10.1145/2024676.2024693,Dynamic stylized shading primitives,2011,NPAR Symposium on Non Photorealistic Animation and Rendering,,,,99-104,Conference Paper,Vanderhaeghe D.,,,Université Toulouse 1 Capitole,France,10,2,
2-s2.0-84867009270,,Automated and manual solar shading and glare control: A design framework for meeting occupant comfort and realized energy performance,2011,40th Ases National Solar Conference 2011 Solar 2011,,1,,794-801,Conference Paper,Meek C.,,,University of Washington,United States,4,0,
2-s2.0-85024275352,10.1145/2070781.2024218,Adaptive Partitioning of Urban Facades,2011,ACM Transactions on Graphics,07300301,30,6,1-10,Article,Shen C.,,,Tsinghua University,China,44,0,
2-s2.0-84855426634,,Adaptive partitioning of urban facades,2011,Proceedings of the 2011 SIGGRAPH Asia Conference SA 11,,,,,Conference Paper,Shen C.,,,Tsinghua University,China,44,0,
2-s2.0-84867033340,,Harvesting energy with solar panels and adaptive shading for building skins. A case study of an office building in Saudi Arabia,2011,40th Ases National Solar Conference 2011 Solar 2011,,1,,147-154,Conference Paper,Al Olayan H.,,,School of Architecture,Saudi Arabia,0,0,
2-s2.0-84856997036,10.1260/1478-0771.9.4.397,Designing architectural morphing skins with elastic modular systems,2011,International Journal of Architectural Computing,14780771,9,4,397-419,Article,Khoo C.K.,,,RMIT University,Australia,44,0,
2-s2.0-79959812162,,Predictive control of radiant floor heating and transmitted irradiance in a room with high solar gains,2011,ASHRAE Transactions,00012505,117,PART 2,652-665,Conference Paper,Candanedo J.,,,Concordia University,Canada,17,0,
2-s2.0-84863053545,10.1109/ICCV.2011.6126358,Shading-based dynamic shape refinement from multi-view video under general illumination,2011,Proceedings of the IEEE International Conference on Computer Vision,,,,1108-1115,Conference Paper,Wu C.,,,Intel Corporation;Max Planck Institute for Informatics,United States;Germany,79,0,
2-s2.0-84873820941,,The art of photovoltaics,2011,30th Ises Biennial Solar World Congress 2011 Swc 2011,,3,,2052-2063,Conference Paper,Farkas K.,,,Norges Teknisk-Naturvitenskapelige Universitet,Norway,2,0,
2-s2.0-84863734969,,HVAC integrated control for energy saving and comfort enhancement,2011,Proceedings of the 28th International Symposium on Automation and Robotics in Construction Isarc 2011,,,,245-250,Conference Paper,Vakiloroava V.,,,University of Technology Sydney,Australia,9,0,
2-s2.0-84864135568,,The poetics of contemplative light in the Church of Notre-Dame-du-Haut designed by Le Corbusier,2011,PLEA 2011 Architecture and Sustainable Development Conference Proceedings of the 27th International Conference on Passive and Low Energy Architecture,,,,855-860,Conference Paper,Kaimakliotis D.,,,University of Nottingham,United Kingdom,3,0,
2-s2.0-84881121184,10.1115/ES2011-54549,Flex house,2011,ASME 2011 5th International Conference on Energy Sustainability Es 2011,,,"PARTS A, B, AND C",213-224,Conference Paper,Russell S.,,,"University of South Florida, Tampa",United States,1,0,
2-s2.0-81255170216,10.1109/IE.2011.64,Network of epidermic/kinetic/systems,2011,Proceedings 2011 7th International Conference on Intelligent Environments Ie 2011,,,,306-309,Conference Paper,Stathopoulos T.,,,National Technical University of Athens (NTUA),Greece,0,2,
2-s2.0-81255151169,10.1002/ad.1329,The adaptive building initiative: The functional aesthetic of adaptivity,2011,Architectural Design,00038504,81,6,118-123,Article,Drozdowski Z.,,,,,16,0,
2-s2.0-80053482086,10.1016/j.isprsjprs.2011.08.003,Auto-detection and integration of tectonically significant lineaments from SRTM DEM and remotely-sensed geophysical data,2011,ISPRS Journal of Photogrammetry and Remote Sensing,09242716,66,6,818-832,Article,Masoud A.A.,,,Faculty of Science,Egypt,118,0,
2-s2.0-81255146361,10.1002/ad.1317,Feedback architecture,2011,Architectural Design,00038504,81,6,36-43,Article,Derix C.,,,,,2,0,
2-s2.0-80055022185,10.4028/www.scientific.net/AMM.71-78.621,Kinetic building envelopes for energy efficiency: Modeling and products,2011,Applied Mechanics and Materials,16609336,71-78,,621-625,Conference Paper,Miao Z.,,,Tianjin University,China,2,0,
2-s2.0-80054808693,10.1145/2037715.2037773,Second skin: Motion capture with actuated feedback for motor learning,2011,ACM SIGGRAPH 2011 Posters SIGGRAPH 11,,,,,Conference Paper,Fukushi K.,,,Institute of Science Tokyo;MIT Media Lab,Japan;United States,1,0,
2-s2.0-80053287958,10.1016/j.tecto.2011.07.010,"Morphotectonics inferred from the analysis of topographic lineaments auto-detected from DEMs: Application and validation for the Sinai Peninsula, Egypt",2011,Tectonophysics,00401951,510,3-4,291-308,Article,Masoud A.A.,,,Faculty of Science,Egypt,61,0,
2-s2.0-80052570730,10.1016/j.scs.2011.07.004,Kinetic systems in architecture: New approach for environmental control systems and context-sensitive buildings,2011,Sustainable Cities and Society,22106707,1,3,170-177,Article,Ramzy N.,,,Faculty of Engineering,Egypt,55,0,
2-s2.0-80051593755,10.1016/j.solener.2011.04.028,Energy performance of an open-joint ventilated façade compared with a conventional sealed cavity façade,2011,Solar Energy,0038092X,85,9,1851-1863,Article,Sanjuan C.,,,"Centro de Investigaciones Energéticas, Medioambientales y Tecnológicas",Spain,95,2,
2-s2.0-80052128813,10.1109/RAST.2011.5966842,"Emirates aviation college CubeSat project: Tuning of natural modes, static and dynamic analyses of the strength model",2011,Rast 2011 Proceedings of 5th International Conference on Recent Advances in Space Technologies,,,,29-33,Conference Paper,Eiswy M.,,,Emirates Aviation University,United Arab Emirates,3,0,
2-s2.0-79961148875,10.1109/NCIS.2011.66,Fault tree analysis based on logic grey gate in power system,2011,Proceedings 2011 International Conference on Network Computing and Information Security Ncis 2011,,1,,293-297,Conference Paper,Huang Y.L.,,,Jinan University;Guangzhou Railway (Group) Corporation,China;China,0,0,
2-s2.0-79959349592,10.1016/j.jtcvs.2010.07.081,Endovascular fenestration in aortic dissection with acute malperfusion syndrome: Immediate and late follow-up,2011,Journal of Thoracic and Cardiovascular Surgery,00225223,142,1,66-72,Article,Midulla M.,,,CHU Lille,France,75,1,
2-s2.0-79955892373,10.1117/12.885720,Dynamic window daylighting systems: Electropolymeric technology for solar responsive building envelopes,2011,Proceedings of SPIE the International Society for Optical Engineering,0277786X,7976,,,Conference Paper,Krietemeyer E.A.,,,Rensselaer Polytechnic Institute,United States,6,0,
2-s2.0-79954573806,10.1016/j.solener.2011.01.010,Quantifying the potential of automated dynamic solar shading in office buildings through integrated simulations of energy and daylight,2011,Solar Energy,0038092X,85,5,757-768,Article,Nielsen M.V.,,,Technical University of Denmark,Denmark,235,0,
2-s2.0-79959579260,,Evaluation of the energy performance of shading devices based on incremental costs,2011,World Academy of Science Engineering and Technology,2010376X,77,,450-452,Article,Yao J.,,,Ningbo University,China,8,0,
2-s2.0-79952338837,10.1061/(ASCE)EM.1943-7889.0000211,Distributed Mass Damper System for Integrating Structural and Environmental Controls in Buildings,2011,Journal of Engineering Mechanics,07339399,137,3,205-213,Article,Fu T.S.,,,College of Engineering and Physical Sciences,United States,61,0,
2-s2.0-79959990081,10.1260/1478-0771.9.1.77,Architectronics: Towards a responsive environment,2011,International Journal of Architectural Computing,14780771,9,1,77-98,Conference Paper,Meyboom A.,,,The University of British Columbia,Canada,8,0,
2-s2.0-79551700091,10.1128/JVI.01594-10,Hypervariable region 1 differentially impacts viability of hepatitis C virus strains of genotypes 1 to 6 and impairs virus neutralization,2011,Journal of Virology,0022538X,85,5,2224-2234,Article,Prentoe J.,,,Copenhagen University Hospital;Det Sundhedsvidenskabelige Fakultet,Denmark;Denmark,133,2,
2-s2.0-78651404478,10.4028/www.scientific.net/AMR.163-167.165,Seismic response of cable net facade,2011,Advanced Materials Research,10226680,163-167,,165-168,Conference Paper,Feng R.,,,"School of Civil Engineering, Harbin Institute of Technology;Key Laboratory of Concrete and Prestressed Concrete Structures, Ministry of Education",China;China,1,0,
2-s2.0-80051876764,10.1145/1966394.1966396,Decoupled sampling for graphics pipelines,2011,ACM Transactions on Graphics,07300301,30,3,1-17,Article,Ragan-Kelley J.,,,MIT Computer Science & Artificial Intelligence Laboratory,United States,76,2,
2-s2.0-84860725100,10.52842/conf.acadia.2011.170,Building skin intelligence: A parametric and algorithmic tool for daylighting performance design integration,2011,Integration Through Computation Proceedings of the 31st Annual Conference of the Association for Computer Aided Design in Architecture Acadia 2011,,,,170-177,Conference Paper,El Sheikh M.,,,University of Southern California,United States,24,1,
2-s2.0-84870586182,,Madrid's landscape through its cornice 1. from a façade to a kinetic section,2011,Ega Revista De Expresion Grafica Arquitectonica,11336137,17,1,138-151,Article,García-Hípola M.,,,,,1,0,
2-s2.0-84870158832,,Performance of a daylight redirecting glass shading system demonstration in an office building,2011,Proceedings of Building Simulation 2011 12th Conference of International Building Performance Simulation Association,,,,1406-1413,Conference Paper,Appelfeld D.,,,Technical University of Denmark,Denmark,1,0,
2-s2.0-84860745253,10.52842/conf.acadia.2011.334,Soft responsive kinetic system: An elastic transformable architectural skin for climatic and visual control,2011,Integration Through Computation Proceedings of the 31st Annual Conference of the Association for Computer Aided Design in Architecture Acadia 2011,,,,334-341,Conference Paper,Khoo C.K.,,,RMIT University,Australia,15,1,
2-s2.0-85020090932,10.1109/IICPE.2011.5770271,Increasing efficiency of the photovoltaic system of mobile robotic platforms for military application and exploration,2011,India International Conference on Power Electronics Iicpe,21603162,,,,Conference Paper,Gupta A.,,,Dr. Vishwanath Karad MIT World Peace University;Advanced Robotics Research Organization,India;United States,2,0,
2-s2.0-78650741191,10.1016/j.cageo.2010.02.006,Crusta: A new virtual globe for real-time visualization of sub-meter digital topography at planetary scales,2011,Computers and Geosciences,00983004,37,1,75-85,Article,Bernardin T.,,,College of Engineering,United States,40,0,
2-s2.0-84865532062,10.2495/SDP110181,Integrating passive cooling techniques for sustainable building performance in hot climates with reference to the UAE,2011,Wit Transactions on Ecology and the Environment,17433541,150,,201-212,Article,Haggag M.,,,United Arab Emirates University,United Arab Emirates,8,1,
2-s2.0-84863759442,10.22260/isarc2011/0177,Modeling and operating robotic environments using Gazebo/ROS,2011,Proceedings of the 28th International Symposium on Automation and Robotics in Construction Isarc 2011,,,,957-962,Conference Paper,Linner T.,,,Technische Universität München,Germany,16,1,
2-s2.0-85127881002,10.52842/conf.ecaade.2011.619,When form really follows function Developing the prototype of a responsive exhibition pavilion,2011,Proceedings of the International Conference on Education and Research in Computer Aided Architectural Design in Europe,26841843,,,619-627,Conference Paper,Marques L.Q.,,,TU Lisbon,Portugal,1,1,
2-s2.0-85145654987,10.1007/978-94-007-0425-1_1,"Mobile Phone Transmitters for Wireless Standards: Systems, Architectures and Technologies",2011,Analog Circuits and Signal Processing,1872082X,,,1-47,Book Chapter,Leyssenne L.,,,Laboratoire de l’Intégration du Matériau au Système,France,0,0,
2-s2.0-77956157476,10.1109/CESCE.2010.285,Parametric design based on building information modeling for sustainable buildings,2010,International Conference on Challenges in Environmental Science and Computer Engineering Cesce 2010,,2,,236-239,Conference Paper,Wang J.,,,Texas A&M University;Tianjin University,United States;China,25,0,
2-s2.0-80052989352,,Responsive shading intelligent façade systems,2010,Life in Formation on Responsive Information and Variations in Architecture Proceedings of the 30th Annual Conference of the Association for Computer Aided Design in Architecture Acadia 2010,,,,263-269,Conference Paper,Beaman M.,,,The University of Texas at Austin,United States,9,0,
2-s2.0-80053018888,,Performative responsive architecture powered by climate,2010,Life in Formation on Responsive Information and Variations in Architecture Proceedings of the 30th Annual Conference of the Association for Computer Aided Design in Architecture Acadia 2010,,,,243-249,Conference Paper,Pasold A.,,,Aalborg University,Denmark,12,0,
2-s2.0-84856652365,,"A dynamic analysis of the Ruins of St. Paul's, Macau",2010,Structures and Architecture Proceedings of the 1st International Conference on Structures and Architecture Icsa 2010,,,,1821-1828,Conference Paper,Lam C.,,,University of Macau,Macao,0,0,
2-s2.0-84867267320,,Dynamic solar shading and glare control for human comfort and energy efficiency at UCSD: Integrated design and simulation strategies,2010,39th Ases National Solar Conference 2010 Solar 2010,,6,,4355-4409,Conference Paper,Meek C.,,,University of Washington,United States,4,0,
2-s2.0-78649933023,10.1088/0964-1726/19/12/124011,Adaptive building skin structures,2010,Smart Materials and Structures,09641726,19,12,,Article,Del Grosso A.,,,Università degli Studi di Genova,Italy,90,0,
2-s2.0-79959924602,,Robo studio: Towards architectronics? Kinetic architecture on control systems: A responsive environment,2010,New Frontiers Proceedings of the 15th International Conference on Computer Aided Architectural Design in Asia Caadria 2010,,,,259-268,Conference Paper,Meyboom A.,,,The University of British Columbia,Canada,3,0,
2-s2.0-77955566485,10.1016/j.enbuild.2010.05.024,The energy savings potential of using dynamic external louvers in an office building,2010,Energy and Buildings,03787788,42,10,1888-1895,Article,Hammad F.,,,"Atkins, United Arab Emirates",United Arab Emirates,194,0,
2-s2.0-78649516942,,Comic-book content and characters remain popular video game fodder,2010,Computer Graphics World,02714159,33,10,23-26,Article,Gaudiosi J.,,,,,0,0,
2-s2.0-77956093499,10.1109/MACE.2010.5535819,Dynamic object-oriented louver fin-and-tube heat exchanger model for vehicle cooling system,2010,2010 International Conference on Mechanic Automation and Control Engineering Mace2010,,,,271-275,Conference Paper,Chen C.,,,Huazhong University of Science and Technology,China,0,0,
2-s2.0-77956791814,,Line of sight,2010,Lighting Design and Application LD and A,03606325,40,9,44-47,Article,Hall E.,,,,,0,0,
2-s2.0-77957897485,10.1080/09613218.2010.496556,A simulation of solar shading control on UK office energy use,2010,Building Research and Information,09613218,38,6,638-646,Article,Littlefair P.,,,Building Research Establishment,United Kingdom,44,0,
2-s2.0-77957842040,10.1111/j.1531-314X.2010.01100.x,Ice cycle house: From functional accessory to performative envelope,2010,Journal of Architectural Education,10464883,64,1,46-55,Review,Burgermaster M.,,,New Jersey Institute of Technology,United States,0,0,
2-s2.0-77955788294,10.1109/ROBOT.2010.5509771,An efficient algorithm for on-line determination of collision-free configuration-time points directly from sensor data,2010,Proceedings IEEE International Conference on Robotics and Automation,10504729,,,4041-4047,Conference Paper,Vatcha R.,,,The University of North Carolina at Charlotte,United States,3,0,
2-s2.0-77954767565,10.1109/INMMIC.2010.5480133,Temperature dependent memory effects on a drain modulated GaN HEMT power amplifier,2010,2010 Workshop on Integrated Nonlinear Microwave and Millimetre Wave Circuits Inmmic 2010 Conference Proceedings,,,,75-78,Conference Paper,Marante R.,,,Universidad de Cantabria,Spain,5,0,
2-s2.0-77951096129,10.1016/j.patrec.2009.12.031,Approximation-free running SVD and its application to motion detection,2010,Pattern Recognition Letters,01678655,31,9,891-897,Article,Chetverikov D.,,,Eötvös Loránd Tudományegyetem;HUN-REN Institute for Computer Science and Control,Hungary;Hungary,12,0,
2-s2.0-77951112026,10.1016/j.enbuild.2010.02.006,Thermofluid-dynamic analysis of ventilated facades,2010,Energy and Buildings,03787788,42,7,1148-1155,Article,Patania F.,,,Università degli Studi di Catania,Italy,92,0,
2-s2.0-84870034647,10.1109/APPEEC.2010.5449511,Bio-inspired kinetic envelopes for building energy efficiency based on parametric design of building information modeling,2010,Asia Pacific Power and Energy Engineering Conference Appeec,21574839,,,,Conference Paper,Wang J.,,,Texas A&M University;Tianjin University,United States;China,15,0,
2-s2.0-77955301291,10.1016/j.ijhydene.2009.12.130,Efficiency study of different photovoltaic plant connection schemes under dynamic shading,2010,International Journal of Hydrogen Energy,03603199,35,11,5838-5843,Article,Sánchez Reinoso C.R.,,,Sistemas e Inteligencia Computacional (SINC),Argentina,15,0,
2-s2.0-77956470232,,Dynamic performance of cable net facade with consideration of glass panels under earthquake,2010,Journal of Harbin Institute of Technology New Series,10059113,17,3,313-317,Article,Feng R.Q.,,,"Harbin Institute of Technology Shenzhen;Key Laboratory of Concrete and Prestressed Concrete Structures, Ministry of Education",China;China,4,0,
2-s2.0-77952604014,10.1080/19401490903580759,Adaptive actions on shading devices in response to local visual stimuli,2010,Journal of Building Performance Simulation,19401493,3,2,135-153,Article,Haldi F.,,,École Polytechnique Fédérale de Lausanne,Switzerland,208,2,
2-s2.0-77952740301,10.1109/VR.2010.5444760,Second skin: Motion capture with actuated feedback for motor learning,2010,Proceedings IEEE Virtual Reality,,,,289-290,Conference Paper,Miaw D.,,,Massachusetts Institute of Technology,United States,2,2,
2-s2.0-77649238846,10.1016/j.solener.2009.12.006,Energy efficiency of a dynamic glazing system,2010,Solar Energy,0038092X,84,4,526-537,Article,Lollini R.,,,Eurac Research,Italy,33,1,
2-s2.0-77949923249,10.1007/978-3-642-00312-7_12,Perceived CT-space for motion planning in unknown and unpredictable environments,2010,Springer Tracts in Advanced Robotics,16107438,57,,183-198,Conference Paper,Vatcha R.,,,College of Computing and Informatics,United States,1,0,
2-s2.0-77952281279,10.1057/jba.2010.5,Sustainable vision of kinetic architecture,2010,Journal of Building Appraisal,17428262,5,4,341-356,Article,Razaz Z.E.,,,Capital University,Egypt,22,0,
2-s2.0-70249119591,10.1016/j.buildenv.2009.05.003,Shading performance of a vertical deciduous climbing plant canopy,2010,Building and Environment,03601323,45,1,81-88,Article,Ip K.,,,University of Brighton,United Kingdom,167,0,
2-s2.0-84881598466,,Developing a framework for Malaysian 3D SDI,2010,International Archives of the Photogrammetry Remote Sensing and Spatial Information Sciences ISPRS Archives,16821750,38,4 PART W15,3-8,Conference Paper,Abdul-Rahman A.,,,Universiti Teknologi Malaysia,Malaysia,4,0,
2-s2.0-77950302167,10.3109/00313021003636469,The effect of feeding and fasting on fenestrations in the liver sinusoidal endothelial cell,2010,Pathology,00313025,42,3,255-258,Article,O'Reilly J.N.,,,The University of Sydney,Australia,20,0,
2-s2.0-84898475278,10.1061/41130(369)186,Inelastic dynamic finite-element design of light gauge metal stud façade systems for blast loading,2010,Structures Congress 2010,,,,2042-2058,Conference Paper,Wood S.,,,Weidlinger Associates Inc.,United States,0,0,
2-s2.0-79958270396,10.1007/978-3-642-04791-6_9,Modeling visibility through visual landmarks in 3D navigation using Geo-DBMS,2010,Lecture Notes in Geoinformation and Cartography,18632246,0,,157-180,Conference Paper,Musliman I.A.,,,Universiti Teknologi Malaysia,Malaysia,2,0,
2-s2.0-77949534319,10.1002/ad.1026,Dynamic light the media facades of realities: United,2010,Architectural Design,00038504,80,1,136-139,Article,Croci V.,,,Università IUAV di Venezia;The Bartlett School of Architecture,Italy;United Kingdom,2,0,
2-s2.0-78449270430,10.2495/DN100451,Skin in architecture: Towards bioinspired facades,2010,Wit Transactions on Ecology and the Environment,17433541,138,,503-513,Article,Gruber P.,,,TU Wien;Transarch - Office for Biomimetics and Transdisciplinary Architecture,Austria;Austria,28,1,
2-s2.0-78449292725,10.2495/DN100441,Challenging the engineering view: Comparative analysis of technological and biological functions targeting energy efficient facade systems,2010,Wit Transactions on Ecology and the Environment,17433541,138,,491-502,Article,Gosztonyi S.,,,Austrian Institute of Technology,Austria,7,1,
2-s2.0-77953076867,10.21273/horttech.20.2.283,Effects of shading using a retractable liquid foam technology on greenhouse and plant microclimates,2010,Horttechnology,10630198,20,2,283-291,Article,Aberkani K.,,,Université Laval;Agriculture and Agri-Food Canada,Canada;Canada,12,1,
2-s2.0-79251501676,10.3992/jgb.5.4.121,"Towards an active, responsive, and solar building envelope",2010,Journal of Green Building,15526100,5,4,121-136,Article,Goia F.,,,Politecnico di Torino,Italy,25,1,
2-s2.0-78049412316,10.1007/978-3-642-15883-4_4,Hidden conditional ordinal random fields for sequence classification,2010,Lecture Notes in Computer Science Including Subseries Lecture Notes in Artificial Intelligence and Lecture Notes in Bioinformatics,03029743,6322 LNAI,PART 2,51-65,Conference Paper,Kim M.,,,Rutgers University–New Brunswick,United States,12,0,
2-s2.0-72049123736,10.2495/STR090311,Non-destructive methods as a tool in the assessment of monumental buildings condition,2009,Wit Transactions on the Built Environment,17433509,109,,349-358,Conference Paper,Concu G.,,,Università degli Studi di Cagliari,Italy,1,1,
2-s2.0-76249102480,10.1109/IROS.2009.5353962,Perceiving guaranteed continuously collision-free robot trajectories in an unknown and unpredictable environment,2009,2009 IEEE Rsj International Conference on Intelligent Robots and Systems Iros 2009,,,,1433-1438,Conference Paper,Vatcha R.,,,College of Computing and Informatics,United States,9,0,
2-s2.0-84863970931,,A morphology of pattern for kinetic facades,2009,Joining Languages Cultures and Visions Caadfutures 2009 Proceedings of the 13th International Caad Futures Conference,,,,200-213,Conference Paper,Moloney J.,,,University of Melbourne,Australia,1,0,
2-s2.0-78149400279,,Energy saving potential of double-skin façade buildings with active adaptive operation in winter,2009,Proceedings 6th International Symposium on Heating Ventilating and Air Conditioning Ishvac 2009,,1,,214-221,Conference Paper,Wang F.,,,Southeast University;Nanjing University of Science and Technology,China;China,0,0,
2-s2.0-77951003787,10.1109/ComputationWorld.2009.24,Adaptive building skin systems: A morphogenomic framework for developing real-time interactive building skin systems,2009,Computation World Future Computing Service Computation Adaptive Content Cognitive Patterns Computationworld 2009,,,,119-125,Conference Paper,Biloria N.,,,Faculteit Bouwkunde van de TU Delft,Netherlands,4,0,
2-s2.0-84895303108,,Intelligence and energy saving in building,2009,Energy Efficiency Research,,,,113-152,Book Chapter,Yang Z.,,,Tianjin University,China,0,0,
2-s2.0-84870234199,,Establishing a simplified correlation between a proposed double skin façade and a thermally equivalent single skin façade for dynamic building energy modelling,2009,Ibpsa 2009 International Building Performance Simulation Association 2009,,,,1781-1788,Conference Paper,Poirazis H.,,,Arup Group Limited,United Kingdom,5,0,
2-s2.0-68849121973,10.1016/j.jcsr.2009.06.020,Dynamic performance of cable net facades,2009,Journal of Constructional Steel Research,0143974X,65,12,2217-2227,Article,Feng R.q.,,,Southeast University;Harbin Institute of Technology Shenzhen,China;China,53,0,
2-s2.0-84870183199,,Integrated building energy and lighting simulation in the framework of EU PV-light project,2009,Ibpsa 2009 International Building Performance Simulation Association 2009,,,,1671-1677,Conference Paper,Janaks M.,,,Slovak University of Technology in Bratislava,Slovakia,1,0,
2-s2.0-84866024950,,Estimating instrument spectral envelopes for polyphonic music transcription in a music scene-adaptive approach,2009,126th Audio Engineering Society Convention 2009,,3,,1299-1310,Conference Paper,Carabias-Orti J.J.,,,Universidad de Jaén,Spain,1,0,
2-s2.0-84863743032,,Overlapped event-note separation based on partials amplitude and phase estimation for polyphonic music transcription,2009,European Signal Processing Conference,22195491,,,943-947,Conference Paper,Carabias-Orti J.J.,,,Universidad de Jaén,Spain,0,0,
2-s2.0-84891927492,10.1007/978-3-540-92841-6_62,A Speech Processor for Cochlear Implant using a Simple Dual Path Nonlinear Model of Basilar Membrane,2009,Ifmbe Proceedings,16800737,23,,257-260,Conference Paper,Kim K.H.,,,Yonsei University Mirae Campus,South Korea,1,0,
2-s2.0-70449668953,10.1109/ACC.2009.5160718,Control strategies for a distributed mass damper system,2009,Proceedings of the American Control Conference,07431619,,,3920-3925,Conference Paper,Fu T.S.,,,USC Viterbi School of Engineering,United States,9,0,
2-s2.0-70350555396,10.1109/VIZ.2009.27,Detail-adaptive toon shading using saliency,2009,Proceedings 2009 2nd International Conference in Visualisation Viz 2009,,,,16-20,Conference Paper,Kang D.,,,Chung-Ang University,South Korea,6,0,
2-s2.0-70349136564,10.1145/1517664.1517671,Shutters: A permeable surface for environmental control and communication,2009,Proceedings of the 3rd International Conference on Tangible and Embedded Interaction Tei 09,,,,13-18,Conference Paper,Coelho M.,,,MIT Media Lab,United States,77,0,
2-s2.0-70349091052,10.1115/RTDF2008-74025,Numerical simulation of freight railcar dynamic clearance envelopes,2009,American Society of Mechanical Engineers Rail Transportation Division Publication RTD,10788883,,,127-132,Conference Paper,Shust W.,,,"Objective Engineers, Inc.",United States,0,0,
2-s2.0-70349689982,10.1145/1531326.1531397,An efficient GPU-based approach for interactive global illumination,2009,ACM Transactions on Graphics,07300301,28,3,,Conference Paper,Wang R.,,,National Key Laboratory of Computer-Aided Design and Graphics Systems,China,92,0,
2-s2.0-60249088365,10.1016/j.buildenv.2008.08.005,Double skin façades for warm climate regions: Analysis of a solution with an integrated movable shading system,2009,Building and Environment,03601323,44,6,1107-1118,Article,Baldinelli G.,,,Università degli Studi di Perugia,Italy,144,0,
2-s2.0-66249105694,,Achieving complete integration,2009,Building Engineer,09698213,84,5,14-15,Article,,,,,,0,0,
2-s2.0-62549132698,10.1071/CP08236,Grain number determination in an old and a modern Mediterranean wheat as affected by pre-anthesis shading,2009,Crop and Pasture Science,18360947,60,3,271-279,Article,Acreche M.M.,,,Universitat de Lleida;Institut de Recerca I Technologia Agroalimentaries,Spain;Spain,33,0,
2-s2.0-59849095281,10.1016/j.solener.2008.08.015,An investigation of the potential for natural ventilation and building orientation to achieve thermal comfort in warm and humid climates,2009,Solar Energy,0038092X,83,3,389-399,Article,Haase M.,,,SINTEF Foundation for Scientific and Industrial Research,Norway,148,0,
2-s2.0-60549112398,,Advanced façades,2009,Building Engineer,09698213,84,2,22-23,Article,Harwood W.,,,,,0,0,
2-s2.0-70749085882,10.1080/14733315.2009.11683853,Natural ventilation with dynamic Façades,2009,International Journal of Ventilation,14733315,8,3,287-298,Conference Paper,Takemasa Y.,,,Kajima Technical Research Institute,Japan,4,0,
2-s2.0-70349189141,10.1145/1520340.1520696,Second Skin: Motion capture with actuated feedback for motor learning,2009,Conference on Human Factors in Computing Systems Proceedings,,,,4537-4542,Conference Paper,Miaw D.R.,,,MIT Media Lab,United States,5,0,
2-s2.0-84873496184,10.52842/conf.caadria.2009.195,Novel transformations of foldable structures,2009,2009 Taiwan Caadria Between Man and Machine Integration Intuition Intelligence Proceedings of the 14th Conference on Computer Aided Architectural Design Research in Asia,,,,195-204,Conference Paper,Rosenberg D.,,,Massachusetts Institute of Technology,United States,0,1,
2-s2.0-57349083190,10.1109/MWSYM.2008.4633153,Vector and harmonic amplitude/phase corrected multi-envelope stimulus response measurements of nonlinear devices,2008,IEEE MTT S International Microwave Symposium Digest,0149645X,,,261-264,Conference Paper,Betts L.,,,Agilent Technologies,United States,12,0,
2-s2.0-77957915950,10.1007/s12273-008-8126-8,"Prospective techniques of effective daylight harvesting in commercial buildings by employing window glazing, dynamic shading devices and dimming control—a literature review",2008,Building Simulation,19963599,1,4,279-289,Review,Colaco S.G.,,,Manipal Institute of Technology,India,36,0,
2-s2.0-79956341778,,Object oriented modelling of variable envelope properties in buildings,2008,Wseas Transactions on Systems and Control,19918763,3,12,1046-1056,Article,Zupančič B.,,,Univerza v Ljubljani,Slovenia,10,0,
2-s2.0-57749209986,10.1145/1409060.1409081,"Fast, realistic lighting and material design using nonlinear cut approximation",2008,ACM Transactions on Graphics,07300301,27,5,,Article,Cheslack-Postava E.,,,Stanford University,United States,33,2,
2-s2.0-56149120254,,Case histories of rehabilitation of French railway tunnels,2008,North American Tunneling 2008 Proceedings,,,,861-871,Conference Paper,Nasri V.,,,SNCF,France,0,0,
2-s2.0-55549117496,10.1074/jbc.M801470200,The dynamic envelope of a fusion class II virus: E3 domain of glycoprotein E2 precursor in semliki forest virus provides a unique contact with the fusion protein E1,2008,Journal of Biological Chemistry,00219258,283,39,26452-26460,Article,Wu S.R.,,,Karolinska Institutet;Vironova AB,Sweden;Sweden,10,1,
2-s2.0-41949142537,10.1016/j.ppees.2007.12.001,Species richness and identity affect the use of aboveground space in experimental grasslands,2008,Perspectives in Plant Ecology Evolution and Systematics,14338319,10,2,73-87,Article,Lorentzen S.,,,Friedrich-Schiller-Universität Jena;Max Planck Institute for Biogeochemistry,Germany;Germany,75,2,
2-s2.0-39649108871,10.2749/101686608783726641,"The retractable roof and movable field at University of Phoenix Stadium, Arizona",2008,Structural Engineering International Journal of the International Association for Bridge and Structural Engineering IABSE,10168664,18,1,11-14,Article,Waggoner M.,,,Walter P Moore,United States,0,0,
2-s2.0-85024743125,10.11371/iieej.37.1005,“Lighting Environment Presumption by Image of Specular Balls and Application to Dynamic Shading Compensation”,2008,Journal of the Institute of Image Electronics Engineers of Japan,02859831,37,6,1005-1012,Article,Nakashima K.,,,"Hitachi, Ltd.",Japan,0,0,
2-s2.0-37349104661,10.1016/j.enbuild.2007.02.025,Double versus single skin facades in hot arid areas,2008,Energy and Buildings,03787788,40,3,240-248,Article,Hamza N.,,,University of Northumbria,United Kingdom,114,0,
2-s2.0-67349234405,10.1080/19401490701868299,Efficient calculation of daylight coefficients for rooms with dissimilar complex fenestration systems,2008,Journal of Building Performance Simulation,19401493,1,1,3-15,Article,Laouadi A.,,,National Research Council Canada,Canada,31,2,
2-s2.0-84858815862,10.52842/conf.acadia.2008.246,Implementation of cellular automata for dynamic shading of building façade,2008,Acadia 08 Silicon Skin Biological Processes and Computation Proceedings of the 28th Annual Conference of the Association for Computer Aided Design in Architecture,,,,246-255,Conference Paper,Zawidzki M.,,,Ritsumeikan University Biwako-Kusatsu Campus,Japan,3,1,
2-s2.0-71449101272,10.17660/actahortic.2008.801.49,Cooling and heating of greenhouse in arid area by earth tube heat exchanger,2008,Acta Horticulturae,05677572,801 PART 1,,457-463,Conference Paper,Sharan G.,,,Indian Institute of Management Ahmedabad,India,3,0,
2-s2.0-58049192842,10.17660/ActaHortic.2008.797.32,"Responses of leaf gas exchanges, chlorophyll a fluorescence, and fruit yield and quality of greenhouse tomatoes to shading with retractable liquid foam",2008,Acta Horticulturae,05677572,797,,235-240,Conference Paper,Aberkani K.,,,Harrow Research and Development Centre,Canada,7,0,
2-s2.0-84869227083,10.1145/1457515.1409081,"Fast, realistic lighting and material design using nonlinear cut approximation",2008,ACM SIGGRAPH Asia 2008 Papers SIGGRAPH Asia 08,,,,,Conference Paper,Cheslack-Postava E.,,,Stanford University,United States,15,0,
2-s2.0-70349407764,10.1061/41016(314)205,Retractable stadium roofs & flooring,2008,Proceedings of the 2008 Structures Congress Structures Congress 2008 Crossing the Borders,,314,,,Conference Paper,Riberich B.L.,,,"Uni-Systems, LLC",United States,0,0,
2-s2.0-37249005312,10.1115/ES2007-36256,Energy consumption simulation for residential buildings with shading devices in different regions,2007,Proceedings of the Energy Sustainability Conference 2007,,,,627-632,Conference Paper,Liu J.,,,Tianjin University,China,0,0,
2-s2.0-57149101005,10.1145/1275808.1276402,Dynamic 2D patterns for shading 3D scenes,2007,Proceedings of the ACM SIGGRAPH Conference on Computer Graphics,,,,,Conference Paper,Breslav S.,,,"University of Michigan, Ann Arbor",United States,9,0,
2-s2.0-84858839195,,Rapid Craft: Material experiments towards an integrated sensing skin system,2007,Expanding Bodies Art Cities Environment Proceedings of the Acadia 2007 Conference,,,,182-189,Conference Paper,Oxman N.,,,Massachusetts Institute of Technology,United States,3,0,
2-s2.0-84869768076,,The daylight coefficient method and complex fenestration,2007,Ibpsa 2007 International Building Performance Simulation Association 2007,,,,1211-1218,Conference Paper,Laouadi A.,,,National Research Council Canada,Canada,1,0,
2-s2.0-67649803259,10.1049/cp:20070350,Identifying criteria for the design of affective and socially engaging kinetic architectural structures,2007,Iet Conference Publications,,,531 CP,73-80,Conference Paper,Yiannoudes S.S.,,,National Technical University of Athens (NTUA),Greece,2,2,
2-s2.0-84900104582,10.4018/978-1-59904-328-9.ch014,An integrative approach to teaching 3D modelling in architecture,2007,Enhancing Learning Through Human Computer Interaction,,,,238-255,Book Chapter,Sánchez-del-Valle C.,,,Hampton University,United States,0,0,
2-s2.0-35348880855,10.1177/1420326X07082497,Determining photosensor conditions of a daylight dimming control system using different double-skin envelope configurations,2007,Indoor and Built Environment,1420326X,16,5,411-425,Article,Kim S.Y.,,,University of Sharjah,United Arab Emirates,38,0,
2-s2.0-37649005375,10.1260/136943307783239327,FEM analysis and experimental study on monolayer cable net for glass facades: Dynamic properties,2007,Advances in Structural Engineering,13694332,10,4,383-395,Article,Shi Y.,,,Tsinghua University,China,19,0,
2-s2.0-34547652535,10.1145/1276377.1276402,Dynamic 2D patterns for shading 3D scenes,2007,ACM Transactions on Graphics,07300301,26,3,,Article,Breslav S.,,,"University of Michigan, Ann Arbor",United States,19,2,
2-s2.0-34447339124,10.3732/ajb.94.7.1067,Differences in mechanical and structural properties of surface and aerial petioles of the aquatic plant Nymphaea odorata subsp. tuberosa (Nymphaeaceae),2007,American Journal of Botany,00029122,94,7,1067-1072,Article,Etnier S.A.,,,Butler University,United States,24,0,
2-s2.0-34247101823,,Natural ventilation brings a breath of fresh air to shopping centres,2007,Building Engineer,09698213,82,4,22,Article,Newell D.,,,,,0,0,
2-s2.0-34250305562,10.1074/jbc.M609125200,The dynamic envelope of a fusion Class II virus: Prefusion stages of Semliki Forest virus revealed by electron cryomicroscopy,2007,Journal of Biological Chemistry,00219258,282,9,6752-6762,Article,Wu S.R.,,,Karolinska Institutet,Sweden,20,1,
2-s2.0-84858985841,10.1007/978-1-4020-6528-6_34,A framework for the design of kinetic façades,2007,Computer Aided Architectural Design Futures Caadfutures 2007 Proceedings of the 12th International Caadfutures Conference,,,,461-474,Conference Paper,Moloney J.,,,University of Melbourne,Australia,9,0,
2-s2.0-36048932964,10.1260/026635107782218877,3D adaptable building skin: Adaptive space as a guide through a corridor,2007,International Journal of Space Structures,09560599,22,3,169-177,Conference Paper,Suma A.B.,,,Technische Universiteit Eindhoven,Netherlands,3,0,
2-s2.0-85128384784,,Soft façade: Steps into the definition of a responsive etfe façade for high-rise buildings work in progress,2007,Proceedings of the International Conference on Education and Research in Computer Aided Architectural Design in Europe,26841843,,,567-573,Conference Paper,Cardoso D.,,,Massachusetts Institute of Technology,United States,8,0,
2-s2.0-34548046265,10.1145/1268517.1268529,GPU-based rendering and animation for Chinese painting cartoon,2007,Proceedings Graphics Interface,07135424,,,57-61,Conference Paper,Manil Y.,,,Shanghai Jiao Tong University,China,15,0,
2-s2.0-77954811888,,Fab finding towards a methodology of material guided digital fabrication,2007,Proceedings of the International Conference on Education and Research in Computer Aided Architectural Design in Europe,26841843,,,785-792,Conference Paper,Oxman N.,,,Massachusetts Institute of Technology,United States,1,0,
2-s2.0-34548734675,10.5424/sjar/2007053-5341,A comparison of three different cooling systems in parral type greenhouses in Almería,2007,Spanish Journal of Agricultural Research,1695971X,5,3,285-292,Article,Meca D.,,,Estación Experimental de Cajamar Las Palmerillas,Spain,16,1,
2-s2.0-37249017070,10.1007/978-3-540-72823-8_75,Direct shape-from-shading with adaptive higher order regularisation,2007,Lecture Notes in Computer Science Including Subseries Lecture Notes in Artificial Intelligence and Lecture Notes in Bioinformatics,03029743,4485 LNCS,,871-882,Conference Paper,Vogel O.,,,Universität des Saarlandes,Germany,13,0,
2-s2.0-85072420664,10.4271/2007-01-3056,Natural and environmentally responsive building envelopes,2007,SAE Technical Papers,01487191,,,,Conference Paper,Luther M.,,,Deakin University,Australia,0,0,
2-s2.0-84905185043,,"Self-space: Interactive, self organized, robotics mediated, cross-media platform for music and multimedia performance",2007,Proceedings of the 4th Sound and Music Computing Conference Smc 2007,,,,359-366,Conference Paper,Marinos G.,,,Ionian University,Greece,1,0,
2-s2.0-40249089871,10.3141/2030-09,Warranting traffic signals on the basis of proximity of railroad grade crossings,2007,Transportation Research Record,03611981,,2030,59-68,Article,Prassas E.S.,,,NYU Tandon School of Engineering,United States,0,0,
2-s2.0-34248137404,10.1049/cp:20060703,Exploring kinesthetic spatial experiences in the 'active room',2006,Iet Conference Publications,,,518,253-258,Conference Paper,Yiannoudes S.,,,Royal College of Art,United Kingdom,3,0,
2-s2.0-35948957122,10.1109/MED.2006.328757,Control oriented models & feedback design in fluid flow systems: A review,2006,14th Mediterranean Conference on Control and Automation MED 06,,,,,Conference Paper,Tadmor G.,,,College of Engineering,United States,3,0,
2-s2.0-33845874366,,Research on manufacturing technology based on machine vision,2006,Wuhan Ligong Daxue Xuebao Journal of Wuhan University of Technology,16714431,28,SUPPL. 1,402-406,Article,Hu Z.,,,Yanshan University,China,0,0,
2-s2.0-33750892442,10.1017/S1431927606067109,The dynamic envelope of a fusion type 2 virus - Reorganizations observed during prefusion stages in semliki forest virus,2006,Microscopy and Microanalysis,14319276,12,SUPPL. 2,384-385,Conference Paper,Wu S.R.,,,Karolinska Institutet,Sweden,0,1,
2-s2.0-33746883534,,Greening the glasshouse,2006,Fabric Architecture,10450483,18,4,40-41,Article,Elias H.,,,,,0,0,
2-s2.0-33646513708,10.1016/j.enbuild.2006.03.018,Modelling indoor illumination by complex fenestration systems based on bidirectional photometric data,2006,Energy and Buildings,03787788,38,7,849-868,Article,de Boer J.,,,Fraunhofer Institute for Building Physics IBP,Germany,24,0,
2-s2.0-33746349836,10.1051/0004-6361:20065320,Astrochemical confirmation of the rapid evolution of massive YSOs and explanation for the inferred ages of hot cores,2006,Astronomy and Astrophysics,00046361,454,1,L5-L8,Article,Doty S.D.,,,Denison University,United States,19,1,
2-s2.0-84857737228,10.7148/2006-0466,On line adaptation to variable conditions with variable envelope structure in future buildings,2006,20th European Conference on Modelling and Simulation Modelling Methodologies and Simulation Key Technologies in Academia and Industry Ecms 2006,,,,466-471,Conference Paper,Zupančič B.,,,Univerza v Ljubljani,Slovenia,1,0,
2-s2.0-30844471374,,Plack-up®: A vitrified solid surface,2006,CFI Ceramic Forum International,01739913,83,1,E28-E29,Review,Campos J.,,,Esmalglass Itaca Group,Spain,0,0,
2-s2.0-33749242764,10.17660/ActaHortic.2006.711.59,Interference pigments in photoselective shading paint for greenhouses,2006,Acta Horticulturae,05677572,711,,417-422,Conference Paper,Von Elsner B.,,,Gottfried Wilhelm Leibniz Universität Hannover,Germany,7,0,
2-s2.0-85134002790,10.52842/conf.ecaade.2006.636,Mediated Space and Kinetic Architecture: The Synergy of Co-development,2006,Proceedings of the International Conference on Education and Research in Computer Aided Architectural Design in Europe,26841843,,,636-639,Conference Paper,Wierzbicki-Neagu M.,,,,,0,1,
2-s2.0-33847284401,10.1109/ICICT.2005.1598545,Shading algorithms for 3-d computer graphics,2005,Proceedings of 1st International Conference on Information and Communication Technology Icict 2005,,2005,,65,Conference Paper,Butt A.,,,FAST-NU,Pakistan,0,0,
2-s2.0-84864548144,,Double-skin façades on high-rise office buildings in São Paulo a possible environmental efficient solution?,2005,22nd International Conference PLEA 2005 Passive and Low Energy Architecture Environmental Sustainability the Challenge of Awareness in Developing Societies Proceedings,,1,,531-536,Conference Paper,Marcondes M.,,,Architectural Association (AA) School of Architecture,United Kingdom,0,0,
2-s2.0-77954033468,,Static and dynamic daylight control systems: Shading devices and electrochromic windows,2005,Ibpsa 2005 International Building Performance Simulation Association 2005,,,,357-364,Conference Paper,Gugliermetti F.,,,Sapienza Università di Roma,Italy,8,0,
2-s2.0-33749248368,10.1109/MWSYM.2005.1516992,A predistortion linearization system for high power amplifiers with low frequency envelope memory effects,2005,IEEE MTT S International Microwave Symposium Digest,0149645X,2005,,1545-1548,Conference Paper,Woo W.,,,School of Electrical and Computer Engineering,United States,17,0,
2-s2.0-84892267037,10.1007/1-4020-4166-7_13,Tomorrow's forests: Adapting to a changing climate,2005,Increasing Climate Variability and Change Reducing the Vulnerability of Agriculture and Forestry,,,,273-282,Book Chapter,Maciver D.,,,Environment and Climate Change Canada,Canada,1,0,
2-s2.0-33847194254,10.1109/CDC.2005.1582205,Wake stabilization using POD Galerkin models with interpolated modes,2005,Proceedings of the 44th IEEE Conference on Decision and Control and the European Control Conference Cdc Ecc 05,,2005,,500-505,Conference Paper,Lehmann O.,,,Technische Universität Berlin,Germany,40,0,
2-s2.0-29144494121,,Façades get dynamic,2005,HAC,03077950,,NOV./DEC.,24-25,Review,Mostachfi G.,,,Somfy,United Kingdom,0,0,
2-s2.0-21744456713,10.1007/s10584-005-5950-z,Tomorrow's forests: Adapting to a changing climate,2005,Climatic Change,01650009,70,1-2,273-282,Conference Paper,Maciver D.,,,Environment and Climate Change Canada,Canada,25,0,
2-s2.0-14644395606,10.1016/j.ergon.2004.08.010,A new evaluation method for daylight discomfort glare,2005,International Journal of Industrial Ergonomics,01698141,35,4,295-306,Article,Nazzal A.,,,Aalto University,Finland,88,0,
2-s2.0-17044376679,,Shading for sustainable advantage,2005,Fabric Architecture,10450483,17,2,36-43,Article,Wright B.,,,,,0,0,
2-s2.0-14744280665,10.1016/j.tplants.2005.01.004,"Cereal phytochromes: Targets of selection, targets for manipulation?",2005,Trends in Plant Science,13601385,10,3,138-143,Review,Sawers R.,,,Boyce Thompson Institute,United States,63,0,
2-s2.0-84882550977,10.1016/B978-008044531-1/50434-6,Geovisualization and Real-Time 3D Computer Graphics,2005,Exploring Geovisualization,,,,325-343,Book Chapter,Döllner J.,,,Hasso-Plattner-Institut für Softwaresystemtechnik GmbH,Germany,18,0,
2-s2.0-84860272213,10.52842/conf.acadia.2005.128,Adaptive kinetic architecture: A portal to digital prototyping,2005,Acadia 2005 Conference Smart Architecture,,,,128-140,Conference Paper,Sanchez-Del-Valle C.,,,Hampton University,United States,4,1,
2-s2.0-15544367922,,Reseach on a reverse engineering method for 3D surface using single image,2004,Progress of Machining Technology Proceedings of the Seventh International Conference on Progress of Machining Technology Icpmt 2004,,,,949-953,Conference Paper,Wu F.,,,Beihang University,China,3,0,
2-s2.0-2942559072,10.1016/j.orthres.2003.11.003,Secondary motions of the knee during weight bearing and non-weight bearing activities,2004,Journal of Orthopaedic Research,07360266,22,4,794-800,Article,Dyrby C.O.,,,Stanford Engineering,United States,126,0,
2-s2.0-6344241173,10.1139/F04-040,Factors influencing stream temperatures in small streams: Substrate effects and a shading experiment,2004,Canadian Journal of Fisheries and Aquatic Sciences,0706652X,61,6,913-923,Article,Johnson S.L.,,,USDA ARS Corvallis Forestry Sciences Laboratory,United States,307,0,
2-s2.0-3442876420,10.1107/S0021889804007149,Use of a CCD diffractometer in crystal structure determinations at high pressure,2004,Journal of Applied Crystallography,00218898,37,3,410-416,Article,Dawson A.,,,The University of Edinburgh,United Kingdom,150,1,
2-s2.0-11144284617,10.2749/101686604777963711,"Milwaukee Art Museum addition, Wisconsin, USA",2004,Structural Engineering International Journal of the International Association for Bridge and Structural Engineering IABSE,10168664,14,4,329-331,Article,Kissinger J.,,,Schloemer and Associates,United States,0,0,
2-s2.0-0347337985,10.1109/TCSII.2003.820237,Adaptive Filter Design Subject to Output Envelope Constraints and Bounded Input Noise,2003,IEEE Transactions on Circuits and Systems II Analog and Digital Signal Processing,10577130,50,12,1023-1027,Article,Zheng W.,,,Western Sydney University,Australia,12,0,
2-s2.0-0041592505,,A novel behavorial model of power amplifier based on a dynamic envelope gain approach for the system level simulation and design,2003,IEEE MTT S International Microwave Symposium Digest,0149645X,2,,769-772,Conference Paper,Maziere C.,,,XLIM Institut de Recherche,France,8,0,
2-s2.0-0042232287,10.1046/j.0016-8025.2003.01052.x,An investigation into the role of light during desiccation of three angiosperm resurrection plants,2003,Plant Cell and Environment,01407791,26,8,1275-1286,Article,Farrant J.M.,,,University of Cape Town,South Africa,125,0,
2-s2.0-77954110421,10.17660/ActaHortic.2003.614.55,An innovative greenhouse with complete roof opening and external movable shading,2003,Acta Horticulturae,05677572,614,,365-372,Conference Paper,D'Anna F.,,,I.TE.S. Consortium,Italy,4,0,
2-s2.0-84947287914,10.1109/IPDPS.2003.1213269,RMIX: A multiprotocol RMI framework for Java,2003,Proceedings International Parallel and Distributed Processing Symposium IPDPS 2003,,,,,Conference Paper,Kurzyniec D.,,,Emory University,United States,26,0,
2-s2.0-0141630685,,Adaptive envelope-constrained filtering,2003,ICASSP IEEE International Conference on Acoustics Speech and Signal Processing Proceedings,15206149,6,,345-348,Conference Paper,Vo B.N.,,,Department of Electrical and Electronic Engineering,Australia,0,0,
2-s2.0-0346936510,10.3141/1838-04,Delineation of dynamic envelope of light rail transit cars and trains,2003,Transportation Research Record,03611981,,1838,30-35,Article,Boorse J.W.,,,PBQD Inc.,United States,0,0,
2-s2.0-60950059590,10.2307/991783,Movable façades: Palladio's plan for the church of San Giorgio Maggiore in Venice and its successive vicissitudes,2002,Journal of the Society of Architectural Historians,00379808,61,3,276-295,Review,Guerra A.,,,Università IUAV di Venezia,Italy,4,0,
2-s2.0-0036640514,10.1080/09613210210132919,German developments in daylight guidance systems: An overview,2002,Building Research and Information,09613218,30,4,282-301,Review,Laar M.,,,Technology Arts Sciences TH Köln,Germany,13,0,
2-s2.0-0010882504,10.1890/0012-9658(2002)083[1886:LNAPCR]2.0.CO;2,"Light, nutrients, and P:C ratios in algae: Grazer performance related to food quality and quantity",2002,Ecology,00129658,83,7,1886-1898,Article,Hessen D.,,,Universitetet i Oslo,Norway,225,0,
2-s2.0-0036643156,10.1016/S0045-7906(00)00048-3,Adaptive envelope-constrained filtering algorithms for noisy input signals,2002,Computers and Electrical Engineering,00457906,28,4,269-278,Article,Zheng W.,,,Western Sydney University,Australia,0,0,
2-s2.0-0036611752,10.1109/TSP.2002.1003066,Mean square convergence of adaptive envelope-constrained filtering,2002,IEEE Transactions on Signal Processing,1053587X,50,6,1429-1437,Article,Tseng C.,,,University of Warwick,United Kingdom,4,0,
2-s2.0-0036532734,10.1016/S0378-7788(01)00116-5,Development of a control algorithm to optimize airflow rates through variable size windows,2002,Energy and Buildings,03787788,34,4,363-368,Article,Assimakopoulos M.,,,National and Kapodistrian University of Athens,Greece,14,0,
2-s2.0-0036545837,10.3758/BF03194710,Illusory 3-D rotation induced by dynamic image shading,2002,Perception and Psychophysics,00315117,64,3,366-379,Article,Caudek C.,,,Università degli Studi di Trieste,Italy,2,1,
2-s2.0-0036648615,10.1023/A:1016376116653,Hamilton-Jacobi skeletons,2002,International Journal of Computer Vision,09205691,48,3,215-231,Article,Siddiqi K.,,,Université McGill,Canada,268,0,
2-s2.0-0039782330,10.1016/S0304-4238(00)00260-0,"Banana (Musa sp.) leaf gas exchange and chlorophyll fluorescence in response to soil drought, shading and lamina folding",2001,Scientia Horticulturae,03044238,90,1-2,93-108,Article,Thomas D.S.,,,The University of Western Australia,Australia,71,0,
2-s2.0-0035414642,,Improved gain for a dynamic envelope tracking amplifier in cellular radio handsets,2001,Microwave Journal,01926225,44,8,106-120,Article,Kang I.,,,Korea Maritime and Ocean University,South Korea,0,0,
2-s2.0-0035330810,10.1109/81.922471,Application of cubic constraint approximation in the recursive design of FIR filters subject to output envelope constraints,2001,IEEE Transactions on Circuits and Systems I Fundamental Theory and Applications,10577122,48,5,651-656,Article,Zheng W.,,,Western Sydney University,Australia,0,0,
2-s2.0-0035304254,10.1117/1.1355254,Real-time identification of smoke images by clustering motions on a fractal curve with a temporal embedding method,2001,Optical Engineering,00913286,40,4,554-563,Article,Guillemant P.,,,Institut Universitaire des Systèmes Thermiques Industriels,France,50,0,
2-s2.0-0035245919,10.1109/82.917789,Design of adaptive envelope-constrained filters in the presence of impulsive noise,2001,IEEE Transactions on Circuits and Systems II Analog and Digital Signal Processing,10577130,48,2,188-192,Article,Zheng W.,,,Western Sydney University,Australia,3,0,
2-s2.0-0034937117,10.1590/S0100-73862001000200004,Numerical and experimental investigation of thermal louvers for space applications,2001,Revista Brasileira De Ciencias Mecanicas Journal of the Brazilian Society of Mechanical Sciences,01007386,23,2,147-153,Article,Muraoka I.,,,Instituto Nacional de Pesquisas Espaciais,Brazil,5,1,
2-s2.0-0034781545,,Membranes offer space age solutions,2001,Industrial Textiles,09680861,,34,5,Article,,,,,,0,0,
2-s2.0-84944183508,10.1007/3-540-44572-2_5,Exploiting content variation and perception in power-aware 3D graphics rendering,2001,Lecture Notes in Computer Science Including Subseries Lecture Notes in Artificial Intelligence and Lecture Notes in Bioinformatics,03029743,2008,,51-64,Conference Paper,Euh J.,,,Daniel J. Riccio Jr. College of Engineering,United States,2,0,
2-s2.0-16244403432,10.17660/ActaHortic.2001.559.41,Effects of aluminized shading screens vs whitewash on tomato photochemical efficiency under a non heated greenhouse,2001,Acta Horticulturae,05677572,559,,279-284,Conference Paper,Fernandez-Rodriguez E.J.,,,Universidad de Almería,Spain,9,0,
2-s2.0-0035686438,10.1109/MWSYM.2001.967189,High-efficiency high-level modulator for use in dynamic envelope tracking CDMA RF power amplifiers,2001,IEEE MTT S International Microwave Symposium Digest,0149645X,1,,1509-1512,Article,Anderson D.,,,Motorola Res. and Development Ctr.,United States,44,0,
2-s2.0-0034486488,10.1023/A:1026534305831,A comparison of mechanisms of desiccation tolerance among three angiosperm resurrection plant species,2000,Plant Ecology,13850237,151,1,29-39,Article,Farrant J.M.,,,University of Cape Town,South Africa,280,0,
2-s2.0-16244364572,10.17660/ActaHortic.2000.534.13,Radiative field uniformity under shading screens under greenhouse vs whitewash in Spain,2000,Acta Horticulturae,05677572,534,,125-130,Conference Paper,Fernandez-Rodriguez E.J.,,,Universidad de Almería,Spain,21,0,
2-s2.0-84947913540,10.1007/3-540-44595-1_42,A study comparing the use of shaded text and adaptive navigational support in adaptive hypermedia,2000,Lecture Notes in Computer Science Including Subseries Lecture Notes in Artificial Intelligence and Lecture Notes in Bioinformatics,03029743,1892,,335-342,Conference Paper,Hothi J.,,,CSC UK,United Kingdom,7,0,
2-s2.0-85072426197,10.4271/2000-01-2463,Dynamic and responsive building envelopes,2000,SAE Technical Papers,01487191,,,,Conference Paper,Luther M.,,,Deakin University,Australia,0,0,
2-s2.0-0034175344,10.1080/002077200291000,The effect of noise on adaptive envelope-constrained filters,2000,International Journal of Systems Science,00207721,31,4,421-428,Article,Zheng W.X.,,,Western Sydney University,Australia,0,0,
2-s2.0-0033682309,10.1109/ISCAS.2000.858694,Adaptive envelope-constrained filter design,2000,Proceedings IEEE International Symposium on Circuits and Systems,02714310,4,,V-85-V-88,Conference Paper,Tseng C.H.,,,Curtin University,Australia,1,0,
2-s2.0-0033694135,10.1109/MWSYM.2000.863319,High efficiency CDMA RF power amplifier using dynamic envelope tracking technique,2000,IEEE MTT S International Microwave Symposium Digest,0149645X,2,,873-876,Article,Staudinger J.,,,Motorola,United States,156,0,
2-s2.0-0033874558,10.1002/(SICI)1099-0887(200001)16:1<21::AID-CNM306>3.0.CO;2-N,Effect of cylinder height of a typical payload fairing on the displacement response due to separation force,2000,Communications in Numerical Methods in Engineering,10698299,16,1,21-35,Article,Ramamurti V.,,,Indian Institute of Technology Madras,India,7,0,
2-s2.0-0033505115,,Breaking the heating cycle,1999,Industrial Fabric Products Review,00198307,76,1,20-24,Article,Swedberg J.,,,,,0,0,
2-s2.0-0033307892,,Method of shading and shadowing in image-based rendering,1999,IEEE International Conference on Image Processing,,3,,26-30,Conference Paper,Katayama A.,,,Mixed Reality Systems Lab Inc,Japan,6,0,
2-s2.0-0033284489,10.1109/ICCV.1999.790307,Hamilton-Jacobi skeleton,1999,Proceedings of the IEEE International Conference on Computer Vision,15505499,2,,828-834,Conference Paper,Siddiqi K.,,,Université McGill,Canada,121,2,
2-s2.0-80052041215,10.1007/3-540-48432-9_1,A hamiltonian approach to the eikonal equation,1999,Lecture Notes in Computer Science Including Subseries Lecture Notes in Artificial Intelligence and Lecture Notes in Bioinformatics,03029743,1654,,1-13,Conference Paper,Siddiqi K.,,,Université McGill,Canada,13,0,
2-s2.0-0033127826,10.1148/radiographics.19.3.g99ma14745,Three-dimensional volume rendering of spiral CT data: Theory and method,1999,Radiographics,02715333,19,3,745-764,Article,Calhoun P.S.,,,The Johns Hopkins Hospital,United States,507,0,
2-s2.0-0032629656,,Wide-bodied EMUs offer extra capacity at low cost,1999,Railway Gazette International,03735346,155,8,511-513,Article,Wadman P.,,,,,0,0,
2-s2.0-0032782357,10.1016/S0928-7655(98)00030-X,Optimizing production technology choices: Conventional production vs. recycling,1999,Resource and Energy Economics,09287655,21,1,1-18,Article,Huhtala A.,,,Academy of Finland,Finland,25,0,
2-s2.0-0032217999,,Adaptive shape from shading,1998,Turkish Journal of Electrical Engineering and Computer Sciences,13000632,6,2,61-73,Article,Gultekin A.,,,İstanbul Teknik Üniversitesi,Turkey,4,0,
2-s2.0-0032449495,10.1111/j.1460-9568.1998.00293.x,Neuronal coding of interaural transient envelope disparities,1998,European Journal of Neuroscience,0953816X,10,9,2831-2847,Article,Heil P.,,,Monash University,Australia,17,0,
2-s2.0-85072483535,10.4271/980222,A low cost PC based driving simulator for prototyping and hardware-in - The-loop applications,1998,SAE Technical Papers,01487191,,,,Conference Paper,Allen R.W.,,,Systems Technology Inc.,United States,19,0,
2-s2.0-0031635886,,Efficient approach to noise suppression in adaptive filtering subject to output envelope constraints,1998,Proceedings IEEE International Symposium on Circuits and Systems,02714310,5,,V-182-V-185,Conference Paper,Zheng W.,,,Western Sydney University,Australia,1,0,
2-s2.0-0032305060,10.1016/s0378-7788(98)00035-8,Thermal and daylighting performance of an automated venetian blind and lighting system in a full-scale private office,1998,Energy and Buildings,03787788,29,1,47-63,Article,Lee E.S.,,,Lawrence Berkeley National Laboratory,United States,158,0,
2-s2.0-5844399231,10.1080/01425919708914330,Solar control research activities undertaken in the framework of PASCOOL,1997,International Journal of Solar Energy,01425919,19,1-3,37-57,Article,Aleo F.,,,Conphoebus SCRL Piano D'arci (CT),Italy,2,0,
2-s2.0-0030718713,,New look at adaptive envelope-constrained filtering via the constraint approximation,1997,Proceedings IEEE International Symposium on Circuits and Systems,02714310,4,,2172-2175,Conference Paper,Wei X.,,,Western Sydney University,Australia,0,0,
2-s2.0-0031539248,10.1080/00994480.1997.10748175,Developing a dynamic envelope/lighting control system with field measurements,1997,Journal of the Illuminating Engineering Society,00994480,26,1,146-164,Article,DiBartolomeo D.L.,,,"University of California, Berkeley",United States,21,2,
2-s2.0-0030354432,,Design of adaptive envelope-constrained filters using the cubic smoothing function,1996,Proceedings of the International Symposium on Signal Processing and Its Applications Isspa,,1,,308-311,Conference Paper,Zheng W.,,,Western Sydney University,Australia,0,0,
2-s2.0-0030258329,10.1109/81.538993,Application of Simplified Line Searches in the Design of Adaptive Envelope-Constrained Filters,1996,IEEE Transactions on Circuits and Systems I Fundamental Theory and Applications,10577122,43,10,854-857,Article,Zheng W.,,,Western Sydney University,Australia,3,0,
2-s2.0-5244328150,,Random response to structure-borne vibrations,1996,European Space Agency Special Publication ESA SP,03796566,,386 PART 2,549-556,Article,Grodent C.,,,SPACEBEL S.A.,Belgium,0,0,
2-s2.0-0030292257,10.1016/S0038-092X(96)00112-0,Seasonal shading of vertical south-facades with prismatic panes,1996,Solar Energy,0038092X,57,5,339-343,Article,Christoffers D.,,,Institut für Solarenergieforschung in Hameln,Germany,25,0,
2-s2.0-0029698434,,Improved specular highlights with adaptive shading,1996,Proceedings of Computer Graphics International Conference CGI,,,,38-46,Conference Paper,Cho Y.,,,University of Southern California,United States,8,0,
2-s2.0-0029667147,10.1016/0168-1923(95)02246-5,A simple climagraph for characterizing regional suitability for greenhouse cropping in Greece,1996,Agricultural and Forest Meteorology,01681923,78,1-2,133-141,Article,Kittas C.,,,University of Thessaly,Greece,18,0,
2-s2.0-0030241734,10.5594/J04611,The Fox movietone news preservation project: The progressive scan CCD camera,1996,SMPTE Journal,00361682,105,9,551-554,Article,Bouvy R.,,,Rochester Institute of Technology;Eastman Kodak Company;Niagara County Community College;Image Acq. Syst. Grp. Comml. G.,United States;United States;United States;,2,0,
2-s2.0-84904818588,10.1061/40177(207)125,First mars outpost architectural study,1996,Engineering Construction and Operations in Space V,,,,928-934,Conference Paper,Okushi J.,,,Space Projects Group,Japan,0,0,
2-s2.0-0029697466,,Fast convergence algorithms for the adaptive envelope-constrained filter design,1996,Proceedings IEEE International Symposium on Circuits and Systems,02714310,2,,21-24,Conference Paper,Zheng W.,,,Western Sydney University,Australia,0,0,
2-s2.0-0029721340,,First Mars outpost architectural study,1996,Proceedings of the International Conference on Engineering Construction and Operations in Space,,2,,928-934,Conference Paper,Okushi J.,,,Okushi Architects,Japan,1,0,
2-s2.0-0029512229,,Adaptive algorithm of shaded-relief images from DEMs based on wavelet transform,1995,Proceedings of SPIE the International Society for Optical Engineering,0277786X,2646,,212-224,Conference Paper,Zhou X.,,,University of the Bundeswehr Munich,Germany,4,0,
2-s2.0-0029463606,,Adaptive linearizer using feedback and dynamic biasing techniques for SSPAs,1995,SBMO IEEE MTT S International Microwave and Optoelectronics Conference Proceedings,,1,,369-372,Conference Paper,Ghannouchi F.,,,University of Montreal,Canada,2,0,
2-s2.0-85076022874,10.1117/12.204835,A progressive scan 30-frame per second megapixel camera,1995,Proceedings of SPIE the International Society for Optical Engineering,0277786X,2416,,30-36,Conference Paper,Bouvy R.,,,Eastman Kodak Company,United States,2,0,
2-s2.0-58149363285,10.1016/0097-8493(95)00044-5,A scalable architecture for volume rendering,1995,Computers and Graphics,00978493,19,5,653-665,Article,Knittel G.,,,Eberhard Karls Universität Tübingen,Germany,2,0,
2-s2.0-0029212466,,Design and evaluation of integrated envelope and lighting control strategies for commercial buildings,1995,ASHRAE Transactions,00012505,,1,326-342,Conference Paper,Lee E.,,,Lawrence Berkeley National Laboratory,United States,46,0,
2-s2.0-0028113558,10.1111/j.1540-8175.1994.tb01107.x,Enhanced Comprehension of Dynamic Cardiovascular Anatomy By Three‐Dimensional Echocardiography With the Use of Mixed Shading Techniques,1994,Echocardiography,07422822,11,6,627-633,Article,CAO Q.‐.,,,Tufts Medical Center,United States,33,0,
2-s2.0-85072414513,10.4271/941431,Thermal analysis of the IUE-fifteen years later,1994,SAE Technical Papers,01487191,,,,Conference Paper,Skladany J.,,,NASA Goddard Space Flight Center,United States,0,0,
2-s2.0-84963565522,,A Scalable Architecture for Volume Rendering,1994,Eggh 1994 Eurographics Workshop on Graphics Hardware 1994,,,,58-69,Conference Paper,Knittel G.,,,Eberhard Karls Universität Tübingen,Germany,5,0,
2-s2.0-0028175578,10.1016/0360-1323(94)90049-3,A comparison of passive cooling techniques,1994,Building and Environment,03601323,29,1,21-31,Article,Tiwari G.N.,,,Indian Institute of Technology Delhi,India,23,0,
2-s2.0-0028055303,,Flight test results of the Rockwell MIGITS,1994,Record IEEE PLANS Position Location and Navigation Symposium,,,,306-309,Conference Paper,Shale R.,,,Rockwell International,United States,0,0,
2-s2.0-84997831791,10.2514/6.1994-3490,An aerial slalom course for flying qualities evaluation,1994,19th Atmospheric Flight Mechanics Conference 1994,,,,295-304,Conference Paper,Cord T.J.,,,Air Force Research Laboratory,United States,0,0,
2-s2.0-0027835967,,Conceptual framework for dynamic control of daylighting and electric lighting systems,1993,Conference Record IAS Annual Meeting IEEE Industry Applications Society,01608592,3,,2358-2364,Conference Paper,Kim J.,,,"University of Michigan, Ann Arbor",United States,1,0,
2-s2.0-0027708724,,Numerical behavior envelopes for qualitative models,1993,Proceedings of the National Conference on Artificial Intelligence,,,,606-613,Conference Paper,Kay H.,,,The University of Texas at Austin,United States,43,0,
2-s2.0-0027753870,,Effects of epithelial proliferation and differentiation on ulcer healing,1993,European Journal of Gastroenterology and Hepatology,0954691X,5,SUPPL. 3,S39-S43,Conference Paper,Levi S.,,,Hammersmith Hospital,United Kingdom,6,0,
2-s2.0-77953196881,10.1109/WQV.1993.262949,"Dynamic shading, motion parallax and qualitative shape",1993,Proceedings IEEE Workshop on Qualitative Vision Wqv 1993,,,,61-70,Conference Paper,Waldon S.,,,"School of Computer, Data & Information Sciences",United States,17,0,
2-s2.0-85002213781,,A new method facilitating design calculations of passively or actively movable louvers,1993,AIAA 28th Thermophysics Conference 1993,,,,,Conference Paper,Furukawa M.,,,Japan Aerospace Exploration Agency,Japan,2,0,
2-s2.0-0027281520,,"Evaluation of the world's smallest integrated embedded GPS/INS, the H-764G",1993,Proceedings of the National Technical Meeting Institute of Navigation,,,,275-286,Conference Paper,Moya D.,,,Honeywell International Inc.,United States,2,0,
2-s2.0-34250074213,10.1007/BF02302333,"Completing the ""One line proof"" of the dynamic envelope theorem",1993,Atlantic Economic Journal,01974254,21,4,82-83,Article,Cheung M.,,,The University of Hong Kong,Hong Kong,0,0,
2-s2.0-0027003042,,Method of measurement nighttime U-values using the mobile window thermal test facility,1992,ASHRAE Transactions,00012505,98,pt 2,619-627,Conference Paper,Klems J.,,,Lawrence Berkeley National Laboratory,United States,6,0,
2-s2.0-0026618577,10.1002/oca.4660130106,A primal‐dual approach to comparative dynamics with time‐dependent parameters in variational calculus,1992,Optimal Control Applications and Methods,01432087,13,1,73-86,Article,Caputo M.,,,"University of California, Davis",United States,6,0,
2-s2.0-0026303313,,Three-dimensional modeling of epithelia by computer simulation,1991,Proceedings of the Annual Conference on Engineering in Medicine and Biology,05891019,13,pt 3,1232-1233,Conference Paper,Clem C.,,,,,1,0,
2-s2.0-0026223932,10.1007/BF01815304,"Surface reconstruction from stereoscopy and ""shape from shading"" in SEM images",1991,Machine Vision and Applications,09328092,4,4,271-285,Article,Beil W.,,,Philips GmbH,Germany,33,0,
2-s2.0-0026225663,,Development of a land vehicle heading reference unit,1991,Conference Proceedings Symposium Gyro Technology,,,,2.24,Conference Paper,Vinnins M.,,,Defence Research and Development Canada,Canada,0,0,
2-s2.0-0026158977,,Use of nonlinear envelope feedback to linearize the characteristics of power amplifiers,1991,Telecommunications and Radio Engineering English Translation of Elektrosvyaz and Radiotekhnika,00402508,46,5,132-133,Article,Ustinov V.A.,,,,,0,0,
2-s2.0-0000345064,10.1016/0165-1889(91)90018-V,The envelope theorem in dynamic optimization,1991,Journal of Economic Dynamics and Control,01651889,15,2,355-385,Article,LaFrance J.T.,,,Montana State University,United States,45,2,
2-s2.0-84999287023,,The precision segmented reflector program: On-orbit thermal behavior of the submillimeter imager and line survey telescope,1991,AIAA 26th Thermophysics Conference 1991,,,,,Conference Paper,Tsuyuki G.,,,Jet Propulsion Laboratory,United States,2,0,
2-s2.0-0025564176,,Surface shading in tomographic volume visualization: A comparative study,1990,Proceedings of the First Conference on Visualization in Biomedical Computing,,,,19-26,Conference Paper,Pommert A.,,,Universitätsklinikum Hamburg-Eppendorf,Germany,15,0,
2-s2.0-0025402072,10.1109/38.50672,Investigation of Medical 3D-Rendering Algorithms,1990,IEEE Computer Graphics and Applications,02721716,10,2,41-53,Article,Tiede U.,,,Universitätsklinikum Hamburg-Eppendorf,Germany,185,0,
2-s2.0-85137529456,,ORPHEUS: A GRAPHICAL COMPOSITION ENVIRONMENT,1990,Proceedings of the 1990 International Computer Music Conference Icmc 1990,,,,216-217,Conference Paper,Buckley P.E.J.,,,,,0,0,
2-s2.0-0024883127,,Adapting a rule-base for optimising combustion on a double burner boiler,1989,IEE Conference Publication,05379989,,309,106-110,Conference Paper,Fogarty T.,,,University of the West of England,United Kingdom,2,0,
2-s2.0-0024938071,,Computational resource management in supervised learning systems,1989,IEEE Proceedings of the National Aerospace and Electronics Conference,,3,,1074-1079,Conference Paper,Tamburino L.,,,Wright-Patterson Air Force Base,United States,3,0,
2-s2.0-0024721103,,"Microcomputer-based system for 3D reconstruction, analysis and 3D animation of the heart and its coronary arteries",1989,Computers in Cardiology,02766574,,,29-31,Conference Paper,Halmann M.,,,Technion - Israel Institute of Technology,Israel,3,0,
2-s2.0-0023896568,10.1088/0031-9155/33/5/005,Real time 3D display of gated blood pool tomograms,1988,Physics in Medicine and Biology,00319155,33,5,569-581,Article,Gibson C.J.,,,University Hospital of North Durham,United Kingdom,8,0,
2-s2.0-0023536299,10.1117/12.940049,"An adaptive preprocessing technique for shading correction, contrast enhancement, and thresholding",1987,Proceedings of SPIE the International Society for Optical Engineering,0277786X,757,,64-69,Conference Paper,Dixit S.S.,,,"Wang Laboratories, Inc.;Coodex corp",United States;United States,0,0,
2-s2.0-85024441095,10.2150/jlve.11.2_49,Movable Shade Louver,1987,Journal of Light and Visual Environment,03878805,11,2,49-57,Article,Koizumi M.,,,"Hitachi Lighting Co., Ltd.",Japan,0,1,
2-s2.0-84997674074,10.2514/6.1987-1568,"Predicting the performance of solar illuminated thermal louvers for the goes I, J, K instruments",1987,AIAA 22nd Thermophysics Conference 1987,,,,,Conference Paper,Mengers D.,,,"TS Infosystems, Inc.",United States,1,0,
2-s2.0-85137149847,,MIDI Synthesizers in Performance: Realtime Dynamic Timbre Production,1987,Proceedings of the 1987 International Computer Music Conference Icmc 1987,,,,238-240,Conference Paper,François J.C.,,,"University of California, San Diego",United States,2,0,
2-s2.0-85072477252,10.4271/851327,Thermal analysis of the IUE-seven years later,1985,SAE Technical Papers,01487191,,,,Conference Paper,Skladany J.,,,NASA Goddard Space Flight Center,United States,1,0,
2-s2.0-0021662166,,SHADED POLE ASSEMBLY AUTOMATION.,1984,undefined,,,,5-12,Conference Paper,Chmela A.,,,Ameco Corp,United States,0,0,
2-s2.0-0021633305,,INTERNAL PRESSURES IN LOW-RISE BUILDINGS.,1984,undefined,,,,42-64,Conference Paper,Vickery B.,,,Western University,Canada,10,0,
2-s2.0-0021543170,10.2739/kurumemedj.31.309,Dynamic Changes of Fenestrations in Choriocapillaries,1984,Kurume Medical Journal,00235679,31,4,309-315,Article,Ishibashi R.,,,Kurume University School of Medicine,Japan,1,1,
2-s2.0-0020221635,,PERFORMANCE CALCULATIONS OF MOVABLE LOUVERS AND HEAT PIPES.,1982,undefined,,,,653-659,Conference Paper,Imai F.,,,,,0,0,
2-s2.0-0019665514,10.2307/2232829,"Oil prices, cartels, and the problem of dynamic inconsistency.",1981,Economic Journal,00130133,91,363,617-646,Article,Newbery D.,,,University of Cambridge,United Kingdom,83,0,
2-s2.0-85040203255,,Application of a fluidic device to the outlet grille of an automotivew air conditioner.,1980,undefined,,,,,Article,Yoshida H.,,,,,0,0,
2-s2.0-85040211325,,Application of a fluidic device to the outlet grille of an automotive air conditioner.,1980,undefined,,,,,Article,Yoshida H.,,,,,0,0,
2-s2.0-0018543391,10.2514/3.28018,Analytical studies on design optimization of movable louvers for space use,1979,Journal of Spacecraft and Rockets,00224650,16,6,412-425,Article,Furukawa M.,,,Japan Aerospace Exploration Agency,Japan,11,0,
2-s2.0-34250285884,10.1007/BF00642581,Kinetic envelope solitons in turbulent plasmas,1978,Astrophysics and Space Science,0004640X,55,1,85-92,Article,Buti B.,,,Physical Research Laboratory India,India,5,0,
2-s2.0-85003273891,10.2514/3.27686,Analysis of movable louvers for temperature control,1964,Journal of Spacecraft and Rockets,00224650,1,5,492-497,Article,Plamondon J.,,,Jet Propulsion Laboratory,United States,8,0,
2-s2.0-84936892705,10.1109/TAU.1962.1161614,The Hamograph: A New Amplitude Rhythm Control Device for the Production of Electronic Music,1962,Ire Transactions on Audio,00961981,AU-10,1,22-24,Article,Schaeffer M.,,,University of Toronto,Canada,0,0,
2-s2.0-77954387152,10.1093/oxfordjournals.aob.a083384,Physiological and ecological studies in the analysis of plant environment: IX. Adaptive changes in the vegetative growth and development of helianthus annuus induced by an alteration in light level,1954,Annals of Botany,03057364,18,1,71-94,Article,Blackman G.E.,,,,,25,0,
