eid,cr_match,cr_funders,cr_n_funders,cr_license_types,cr_has_license,cr_reference_count,cr_issn,cr_container_title,cr_published_year,cr_type
2-s2.0-105038431270,doi,,0,tdm; vor,True,40.0,2045-2322,Scientific Reports,2026.0,journal-article
2-s2.0-105035804991,doi,,0,tdm; vor,True,42.0,2731-5525,Discover Education,2026.0,journal-article
2-s2.0-105039523489,doi,,0,tdm; vor,True,34.0,2662-9984,Discover Sustainability,2026.0,journal-article
2-s2.0-105036579469,doi,,0,,False,50.0,1076-0431; 1943-5568,Journal of Architectural Engineering,2026.0,journal-article
2-s2.0-105039829141,doi,Australian Research Council,1,tdm; vor,True,151.0,0926-5805,Automation in Construction,2026.0,journal-article
2-s2.0-105039967513,doi,United Arab Emirates University,1,tdm; vor,True,159.0,0378-7788,Energy and Buildings,2026.0,journal-article
2-s2.0-105039813460,doi,,0,stm-asf; tdm,True,39.0,0378-7788,Energy and Buildings,2026.0,journal-article
2-s2.0-105024140128,doi,National Natural Science Foundation of China; Hong Kong University of Science and Technology,2,tdm; vor,True,38.0,2095-2635,Frontiers of Architectural Research,2026.0,journal-article
2-s2.0-105038897769,doi,,0,stm-asf; tdm,True,30.0,0045-7906,Computers and Electrical Engineering,2026.0,journal-article
2-s2.0-105039786699,doi,Guangdong Provincial Natural Science Foundation; National Natural Science Foundation of China,2,stm-asf; tdm,True,53.0,0360-1323,Building and Environment,2026.0,journal-article
2-s2.0-105034636250,doi,"Horizon Europe; European Commission; European Climate, Infrastructure and Environment Executive Agency",3,tdm; vor,True,53.0,2772-3755,Smart Agricultural Technology,2026.0,journal-article
2-s2.0-105037745526,doi,Tianjin Municipal Science and Technology Bureau; Key Technologies Research and Development Program,2,stm-asf; tdm,True,57.0,0360-5442,Energy,2026.0,journal-article
2-s2.0-105037738369,doi,,0,stm-asf; tdm,True,51.0,0967-070X,Transport Policy,2026.0,journal-article
2-s2.0-105038742714,doi,Shenzhen Basic Research Program; National Natural Science Foundation of China,2,stm-asf; tdm,True,80.0,0360-1323,Building and Environment,2026.0,journal-article
2-s2.0-105037445983,doi,Gobierno de España Ministerio de Ciencia e Innovación; Gobierno de España Ministerio de Universidades,2,tdm; vor,True,48.0,0360-5442,Energy,2026.0,journal-article
2-s2.0-105039268083,doi,National Natural Science Foundation of China; Intelligence Community Postdoctoral Research Fellowship Program,2,am; stm-asf; tdm,True,53.0,0378-7788,Energy and Buildings,2026.0,journal-article
2-s2.0-105032991932,doi,Qatar National Library,1,tdm; vor,True,44.0,2214-9937,Sustainable Materials and Technologies,2026.0,journal-article
2-s2.0-105038348691,doi,National Natural Science Foundation of China,1,stm-asf; tdm,True,40.0,0378-7788,Energy and Buildings,2026.0,journal-article
2-s2.0-105038814362,doi,National Natural Science Foundation of China; Guangdong Provincial Natural Science Foundation,2,stm-asf; tdm,True,71.0,0360-1323,Building and Environment,2026.0,journal-article
2-s2.0-105037762368,doi,National Natural Science Foundation of China National Outstanding Youth Science Fund Project; Sichuan Agricultural University; National Natural Science Foundation of China,3,stm-asf; tdm,True,37.0,1359-4311,Applied Thermal Engineering,2026.0,journal-article
2-s2.0-105038761297,doi,,0,tdm; vor,True,84.0,0165-1889,Journal of Economic Dynamics and Control,2026.0,journal-article
2-s2.0-105036328474,doi,,0,tdm; vor,True,52.0,2949-821X,Next Energy,2026.0,journal-article
2-s2.0-105037440667,doi,London South Bank University; British Council; British Council; United Arab Emirates University; Science and Technology Development Fund,5,tdm; vor,True,28.0,0378-7788,Energy and Buildings,2026.0,journal-article
2-s2.0-105032881431,doi,Key Technologies Research and Development Program; National Natural Science Foundation of China,2,stm-asf; tdm,True,36.0,0967-0661,Control Engineering Practice,2026.0,journal-article
2-s2.0-105036251755,doi,,0,stm-asf; tdm,True,46.0,0360-1323,Building and Environment,2026.0,journal-article
2-s2.0-105036242306,doi,National Natural Science Foundation of China; National Natural Science Foundation of China,2,stm-asf; tdm,True,34.0,0360-5442,Energy,2026.0,journal-article
2-s2.0-105035264470,doi,,0,stm-asf; tdm,True,56.0,0360-5442,Energy,2026.0,journal-article
2-s2.0-105034360495,doi,,0,stm-asf; tdm,True,85.0,0360-1323,Building and Environment,2026.0,journal-article
2-s2.0-105034627643,doi,National Science Foundation; National Science Foundation,2,stm-asf; tdm,True,66.0,0167-6105,Journal of Wind Engineering and Industrial Aerodynamics,2026.0,journal-article
2-s2.0-105025022388,doi,,0,tdm; vor,True,62.0,2352-4847,Energy Reports,2026.0,journal-article
2-s2.0-105035254581,doi,,0,tdm; vor,True,50.0,0378-7788,Energy and Buildings,2026.0,journal-article
2-s2.0-105024611275,doi,Japan Society for the Promotion of Science; Japan Society for the Promotion of Science; H2020 Marie Skłodowska-Curie Actions; European Commission; Osaka Metropolitan University,5,tdm; vor,True,80.0,2666-1888,Sustainable Futures,2026.0,journal-article
2-s2.0-105032701225,doi,,0,,False,0.0,2383-8701,Journal of Daylighting,2026.0,journal-article
2-s2.0-105026452555,doi,Sichuan Province Key Laboratory of Heavy Rain and Drought-Flood Disasters in Plateau and Basin; National Natural Science Foundation of China; National Natural Science Foundation of China,3,tdm; vor,True,47.0,2352-4847,Energy Reports,2026.0,journal-article
2-s2.0-105038769941,doi,Vellore Institute of Technology - Chennai Campus,1,tdm; vor,True,39.0,2666-7207,Results in Control and Optimization,2026.0,journal-article
2-s2.0-105031629892,doi,Key Technologies Research and Development Program; National Key Research and Development Program of China; National Natural Science Foundation of China,3,stm-asf; tdm,True,38.0,0141-6359,Precision Engineering,2026.0,journal-article
2-s2.0-105035388547,doi,Norges Teknisk-Naturvitenskapelige Universitet,1,stm-asf; tdm,True,89.0,0360-1323,Building and Environment,2026.0,journal-article
2-s2.0-105035055152,doi,,0,stm-asf; tdm,True,35.0,0378-7788,Energy and Buildings,2026.0,journal-article
2-s2.0-105039957234,doi,,0,vor,True,43.0,0027-8424; 1091-6490,Proceedings of the National Academy of Sciences,2026.0,journal-article
2-s2.0-105039260780,doi,Fonds Wetenschappelijk Onderzoek,1,stm-asf,True,65.0,1944-8244; 1944-8252,ACS Applied Materials &amp; Interfaces,2026.0,journal-article
2-s2.0-105033708421,doi,Shandong Province Natural Science Foundation,1,stm-asf; tdm,True,61.0,0360-1323,Building and Environment,2026.0,journal-article
2-s2.0-105033720864,doi,Ministry of Science and Technology of the People's Republic of China; National Key Research and Development Program of China,2,stm-asf; tdm,True,50.0,0360-1323,Building and Environment,2026.0,journal-article
2-s2.0-105037816760,doi,,0,,False,56.0,2148-3736,El-Cezeri Fen ve Mühendislik Dergisi,2026.0,journal-article
2-s2.0-105040080485,doi,National Natural Science Foundation of China,1,vor,True,92.0,1996-1073,Energies,2026.0,journal-article
2-s2.0-105027935795,doi,Agencia Estatal de Investigación; European Regional Development Fund; Gobierno de España Ministerio de Ciencia e Innovación; Gobierno de España Ministerio de Ciencia e Innovación,4,tdm; vor,True,45.0,0927-0248,Solar Energy Materials and Solar Cells,2026.0,journal-article
2-s2.0-105036503017,doi,,0,vor,True,18.0,2642-6641; 2642-6625,ASME Journal of Engineering for Sustainable Buildings and Cities,2026.0,journal-article
2-s2.0-105038219631,doi,Institute of Information Communications Technology Planning Evaluation; Ministry of Science and ICT,2,vor,True,45.0,2288-5048,Journal of Computational Design and Engineering,2026.0,journal-article
2-s2.0-105031895975,doi,Fundamental Research Funds for the Central Universities; Fundamental Research Funds for the Central Universities,2,stm-asf; tdm,True,35.0,1359-4311,Applied Thermal Engineering,2026.0,journal-article
2-s2.0-105040066374,doi,Research Initiation Fund; Central Finance Forestry and Grassland Science and Technology Promotion Demonstration Pro-ject,2,vor,True,61.0,1467-3045,Current Issues in Molecular Biology,2026.0,journal-article
2-s2.0-105028497514,doi,,0,tdm; vor,True,203.0,2590-1745,Energy Conversion and Management: X,2026.0,journal-article
2-s2.0-105034579858,doi,National Key Research and Development Program of China; National Natural Science Foundation of China; National Natural Science Foundation of China; China Postdoctoral Science Foundation; China Postdoctoral Science Foundation; Natural Science Foundation of Anhui Province,6,stm-asf; tdm,True,48.0,0960-1481,Renewable Energy,2026.0,journal-article
2-s2.0-105032104928,doi,European Commission,1,tdm; vor,True,44.0,0378-7788,Energy and Buildings,2026.0,journal-article
2-s2.0-105037547057,doi,Macau University of Science and Technology; GCHU funding from University of Oxford; Social Sciences 2035 Program of Shenzhen University,3,tdm; vor,True,89.0,0020-7128; 1432-1254,International Journal of Biometeorology,2026.0,journal-article
2-s2.0-105031172632,doi,University of Technology Sydney; Leverhulme Trust,2,tdm; vor,True,46.0,0378-7788,Energy and Buildings,2026.0,journal-article
2-s2.0-105038552379,doi,National Natural Science Foundation of China,1,vor,True,44.0,2075-5309,Buildings,2026.0,journal-article
2-s2.0-105027941516,doi,Science and Engineering Research Board; Nano Mission,2,stm-asf; tdm,True,46.0,0927-0248,Solar Energy Materials and Solar Cells,2026.0,journal-article
2-s2.0-105040100498,doi,,0,vor,True,34.0,2075-5309,Buildings,2026.0,journal-article
2-s2.0-105033239035,doi,National Key Research and Development Program of China; National University of Singapore; Ministry of Education - Singapore,3,stm-asf; tdm,True,56.0,0360-1323,Building and Environment,2026.0,journal-article
2-s2.0-105031888860,doi,,0,stm-asf; tdm,True,149.0,0378-7788,Energy and Buildings,2026.0,journal-article
2-s2.0-105031735170,doi,Innovation and Technology Commission; University Grants Committee Research Grants Council,2,stm-asf; tdm,True,61.0,0196-8904,Energy Conversion and Management,2026.0,journal-article
2-s2.0-105030483087,doi,National Natural Science Foundation of China,1,stm-asf; tdm,True,250.0,1364-0321,Renewable and Sustainable Energy Reviews,2026.0,journal-article
2-s2.0-105040050308,doi,National Research Foundation of Korea; Chungwoon University,2,vor,True,26.0,1996-1073,Energies,2026.0,journal-article
2-s2.0-105034725653,doi,"Ministério da Ciência, Tecnologia e Ensino Superior; Foundation for Science and Technology; Institute of Research and Development in Structures and Construction; Technische Universiteit Eindhoven",4,tdm; vor,True,61.0,0950-0618,Construction and Building Materials,2026.0,journal-article
2-s2.0-105036436530,doi,VIT University,1,unspecified,True,42.0,2470-1343; 2470-1343,ACS Omega,2026.0,journal-article
2-s2.0-105040227506,doi,,0,,False,0.0,,"Sensors and Smart Structures Technologies for Civil, Mechanical, and Aerospace Systems 2026",2026.0,proceedings-article
2-s2.0-105031083425,doi,National Natural Science Foundation of China,1,stm-asf; tdm,True,45.0,0196-8904,Energy Conversion and Management,2026.0,journal-article
2-s2.0-105029653511,doi,University of Technology Sydney; Leverhulme Trust,2,tdm; vor,True,77.0,0378-7788,Energy and Buildings,2026.0,journal-article
2-s2.0-105035264735,doi,Gansu Provincial Natural Science Foundation; Gansu Education Department; National Natural Science Foundation of China; National Natural Science Foundation of China; National Natural Science Foundation of China; National Natural Science Foundation of China,6,stm-asf; tdm,True,54.0,0029-8018,Ocean Engineering,2026.0,journal-article
2-s2.0-105029647797,doi,National Science Foundation; National Science Foundation,2,am; stm-asf; tdm,True,40.0,0378-7788,Energy and Buildings,2026.0,journal-article
2-s2.0-105024759679,doi,"Department of Biotechnology, Ministry of Science and Technology, India; Biotechnology Industry Research Assistance Council",2,stm-asf; tdm,True,61.0,1746-8094,Biomedical Signal Processing and Control,2026.0,journal-article
2-s2.0-105024445764,doi,,0,,False,43.0,0168-2601; 2633-9838,Open House International,2025.0,journal-article
2-s2.0-105037043202,doi,Malta Endeavour (Group B) 3rd Call Scholarship Grant 2017,1,vor,True,24.0,2075-5309,Buildings,2026.0,journal-article
2-s2.0-105036811313,doi,University’s Research Centre for Future (Caring) Mobility; Child Project of RIAIoT; SD/COMP Joint Research Scheme; Collaborative Research with World-leading Research Groups,4,vor,True,44.0,2075-5309,Buildings,2026.0,journal-article
2-s2.0-105034762437,doi,,0,unspecified,True,0.0,2309-3072; 2307-4485,проект байкал,2026.0,journal-article
2-s2.0-105029437626,doi,"National Science Foundation; Simons Laufer Mathematical Sciences Institute, University of California Berkeley; Simons Laufer Mathematical Sciences Institute, University of California Berkeley; Office of The Provost; Texas Tech University",5,am; stm-asf; tdm,True,62.0,0167-6105,Journal of Wind Engineering and Industrial Aerodynamics,2026.0,journal-article
2-s2.0-105033816142,doi,,0,tdm; vor,True,66.0,2365-3159; 2365-3167,Journal of Building Pathology and Rehabilitation,2026.0,journal-article
2-s2.0-105029367098,doi,Fundamental Research Funds for the Central Universities; Dalian Minzu University,2,stm-asf; tdm,True,42.0,0378-7788,Energy and Buildings,2026.0,journal-article
2-s2.0-105032533589,doi,State Key Laboratory of Special Functional Waterproof Materials; Beijing Nova Program,2,stm-asf; tdm,True,41.0,2352-7102,Journal of Building Engineering,2026.0,journal-article
2-s2.0-105029256420,doi,Firat Üniversitesi; Firat Üniversitesi; Türkiye Bilimsel ve Teknolojik Araştırma Kurumu,3,stm-asf; tdm,True,43.0,1359-4311,Applied Thermal Engineering,2026.0,journal-article
2-s2.0-105037211958,doi,Innovation Platform for Academicians of Hainan Province,1,vor,True,61.0,2223-7747,Plants,2026.0,journal-article
2-s2.0-105037088748,doi,German Research Foundation,1,vor,True,33.0,2673-9941,Solar,2026.0,journal-article
2-s2.0-105035974577,doi,Slovak Grant Agency; Slovak Research and Development Agency; EU Recovery and Resilience Plan for Slovakia,3,vor,True,53.0,2075-5309,Buildings,2026.0,journal-article
2-s2.0-105036827686,doi,,0,vor,True,23.0,2673-4052,Automation,2026.0,journal-article
2-s2.0-105035560431,doi,"National Natural Science Foundation of China
																													              https://ror.org/01h0zpd94; Open Foundation of Anhui Province Key Laboratory of Intelligent Building and Building Energy Saving",2,vor,True,47.0,1996-1073,Energies,2026.0,journal-article
2-s2.0-105032353552,doi,China Scholarship Council,1,tdm; vor,True,35.0,2352-7102,Journal of Building Engineering,2026.0,journal-article
2-s2.0-105028259989,doi,Florida Department of Transportation,1,stm-asf; vor,True,52.0,2327-4662; 2372-2541,IEEE Internet of Things Journal,2026.0,journal-article
2-s2.0-105034988107,doi,,0,,False,0.0,2682-4140,Microbes and Infectious Diseases,2025.0,journal-article
2-s2.0-105034756776,doi,,0,,False,0.0,2447-0228,ITEGAM- Journal of Engineering and Technology for Industrial Applications (ITEGAM-JETIA,2026.0,journal-article
2-s2.0-105027730165,doi,Bartin Üniversitesi,1,stm-asf; tdm,True,81.0,2352-152X,Journal of Energy Storage,2026.0,journal-article
2-s2.0-105029086300,doi,"Convergence; Science for Equity, Empowerment and Development Division; Pennsylvania State University; Rowan University; Albert-Ludwigs-Universität Freiburg",5,stm-asf; tdm,True,60.0,0378-7788,Energy and Buildings,2026.0,journal-article
2-s2.0-105028592145,doi,,0,stm-asf; tdm,True,45.0,0360-1323,Building and Environment,2026.0,journal-article
2-s2.0-105029407767,doi,China Postdoctoral Science Foundation; National Natural Science Foundation of China; National Natural Science Foundation of China; National Natural Science Foundation of China; National Natural Science Foundation of China,5,stm-asf; tdm,True,42.0,0360-5442,Energy,2026.0,journal-article
2-s2.0-105026838347,doi,National Natural Science Foundation of China,1,stm-asf; tdm,True,39.0,0960-1481,Renewable Energy,2026.0,journal-article
2-s2.0-105028922736,doi,,0,stm-asf; tdm,True,44.0,0378-7788,Energy and Buildings,2026.0,journal-article
2-s2.0-105030482063,doi,Shaanxi Province Key Research and Development Projects; National Natural Science Foundation of China; National Natural Science Foundation of China,3,stm-asf; tdm,True,56.0,0950-0618,Construction and Building Materials,2026.0,journal-article
2-s2.0-105033364612,doi,,0,unspecified,True,0.0,2541-1217; 2541-0598,ARTEKS : Jurnal Teknik Arsitektur,2026.0,journal-article
2-s2.0-105034324352,doi,,0,vor,True,44.0,2071-1050,Sustainability,2026.0,journal-article
2-s2.0-105030487037,doi,Federal Ministry for Economic Affairs and Energy; Republic of Austria Federal Ministry for Climate Action Environment Energy Mobility Innovation and Technology; DFG; Bundesministerium für Arbeit und Wirtschaft; Österreichische Forschungsförderungsgesellschaft; Universität Stuttgart; Albert-Ludwigs-Universität Freiburg,7,tdm; vor,True,58.0,2590-1230,Results in Engineering,2026.0,journal-article
2-s2.0-105027279474,doi,Defense Advanced Research Projects Agency; National Science Foundation; National Science Foundation Directorate for Engineering,3,am; stm-asf; tdm,True,93.0,0378-7788,Energy and Buildings,2026.0,journal-article
2-s2.0-105034519815,doi,,0,,False,27.0,0567-7572; 2406-6168,Acta Horticulturae,2026.0,journal-article
2-s2.0-105034142621,doi,Deutsche Forschungsgemeinschaft,1,vor,True,73.0,2313-7673,Biomimetics,2026.0,journal-article
2-s2.0-105032553659,doi,,0,unspecified,True,0.0,2722-256X; 2088-8694,International Journal of Power Electronics and Drive Systems (IJPEDS),2026.0,journal-article
2-s2.0-105032754558,doi,National University of Malaysia,1,vor,True,53.0,2075-5309,Buildings,2026.0,journal-article
2-s2.0-105027735625,doi,National Natural Science Foundation of China,1,stm-asf; tdm,True,40.0,0378-7788,Energy and Buildings,2026.0,journal-article
2-s2.0-105033891051,doi,Australian Research Council,1,tdm; vor,True,57.0,2352-0124,Structures,2026.0,journal-article
2-s2.0-105026129649,doi,,0,tdm,True,19.0,0038-092X,Solar Energy,2026.0,journal-article
2-s2.0-105032795359,doi,Science and Technology Support Project of Inner Mongolia Science and Technology Department; National Natural Science Foundation of China,2,vor,True,37.0,2223-7747,Plants,2026.0,journal-article
2-s2.0-105034087910,doi,European Union’s Horizon Europe programme; NEW-EPOCH,2,vor,True,57.0,2413-4155,Sci,2026.0,journal-article
2-s2.0-105034355708,doi,"University of Huddersfield, UK",1,vor,True,156.0,2673-8945,Architecture,2026.0,journal-article
2-s2.0-105032665560,doi,,0,vor,True,70.0,2071-1050,Sustainability,2026.0,journal-article
2-s2.0-105032667262,doi,Princess Nourah bint Abdulrahman University,1,vor,True,30.0,2071-1050,Sustainability,2026.0,journal-article
2-s2.0-105034380016,doi,,0,tdm; vor,True,72.0,2522-5731; 2522-574X,Emergent Materials,2026.0,journal-article
2-s2.0-105021091145,doi,,0,tdm; vor,True,42.0,1590-5896; 1522-4600,Nexus Network Journal,2025.0,journal-article
2-s2.0-105034154479,doi,,0,vor,True,88.0,2673-4117,Eng,2026.0,journal-article
2-s2.0-105025476275,doi,Ministerio de Ciencia e Innovación; Federación Española de Enfermedades Raras; Gobierno de Espana Ministerio de Ciencia e Innovacion,3,tdm; vor,True,54.0,0378-7788,Energy and Buildings,2026.0,journal-article
2-s2.0-105025372668,doi,National Science Foundation; National Science Foundation Directorate for Engineering,2,tdm; vor,True,40.0,0378-7788,Energy and Buildings,2026.0,journal-article
2-s2.0-105030716921,doi,,0,unspecified,True,0.0,2717-5626,Journal of Chinese Architecture and Urbanism,2025.0,journal-article
2-s2.0-105026234652,doi,"Ministry of Science and ICT, South Korea; Japan Society for the Promotion of Science",2,tdm; vor,True,121.0,1613-6810; 1613-6829,Small,2025.0,journal-article
2-s2.0-105030437657,doi,,0,,False,0.0,,Fourth International Conference on Environmental Remote Sensing and Geographic Information Technology (ERSGIT 2025),2026.0,proceedings-article
2-s2.0-105030025564,doi,Gachon University,1,vor,True,46.0,2076-3417,Applied Sciences,2026.0,journal-article
2-s2.0-105031363848,doi,,0,vor,True,27.0,2075-5309,Buildings,2026.0,journal-article
2-s2.0-105031493650,doi,,0,vor,True,64.0,2075-5309,Buildings,2026.0,journal-article
2-s2.0-105024348554,doi,Education Department of Hainan Province; Fundamental Research Funds for the Central Universities; National Natural Science Foundation of China; National Natural Science Foundation of China,4,stm-asf; tdm,True,40.0,0360-1323,Building and Environment,2026.0,journal-article
2-s2.0-105031454334,doi,,0,vor,True,24.0,2075-1702,Machines,2026.0,journal-article
2-s2.0-105031427646,doi,,0,vor,True,92.0,2075-5309,Buildings,2026.0,journal-article
2-s2.0-105022659001,doi,National Natural Science Foundation of China; Fundamental Research Funds for the Central Universities; Fundamental Research Funds for the Central Universities; China Postdoctoral Science Foundation,4,stm-asf; tdm,True,169.0,0360-1323,Building and Environment,2026.0,journal-article
2-s2.0-105023821177,doi,Key Technologies Research and Development Program; Innosuisse Swiss Innovation Agency; National Key Research and Development Program of China; Ministry of Science and Technology of the People's Republic of China,4,stm-asf; tdm,True,54.0,0378-7788,Energy and Buildings,2026.0,journal-article
2-s2.0-105031380734,doi,"the Italian Ministry of Foreign Affairs and International Cooperation; Singapore Agency for Science, Technology and Research (A*STAR) First Executive Programme of Scientific and Technological Cooperation",2,vor,True,40.0,2071-1050,Sustainability,2026.0,journal-article
2-s2.0-105024887111,doi,National Natural Science Foundation of China,1,stm-asf; tdm,True,49.0,0360-1323,Building and Environment,2026.0,journal-article
2-s2.0-105031432796,doi,,0,vor,True,130.0,2073-4441,Water,2026.0,journal-article
2-s2.0-105029539559,doi,,0,tdm; vor,True,33.0,2195-268X; 2195-2698,International Journal of Dynamics and Control,2026.0,journal-article
2-s2.0-105027156887,doi,RMIT University,1,tdm; vor,True,47.0,2352-7102,Journal of Building Engineering,2026.0,journal-article
2-s2.0-105021344387,doi,,0,tdm; vor,True,27.0,2468-4287,"Journal of Vascular Surgery Cases, Innovations and Techniques",2026.0,journal-article
2-s2.0-105023574388,doi,,0,tdm; vor,True,43.0,0196-8904,Energy Conversion and Management,2026.0,journal-article
2-s2.0-105030680123,doi,,0,vor,True,18.0,2267-1242,E3S Web of Conferences,2026.0,journal-article
2-s2.0-105023149306,doi,,0,stm-asf; tdm,True,42.0,0378-7788,Energy and Buildings,2026.0,journal-article
2-s2.0-105010091312,doi,,0,stm-asf; tdm,True,38.0,0957-4174,Expert Systems with Applications,2026.0,journal-article
2-s2.0-105021992137,doi,,0,stm-asf; tdm,True,53.0,0378-7788,Energy and Buildings,2026.0,journal-article
2-s2.0-105026119541,doi,,0,stm-asf; tdm,True,54.0,0360-5442,Energy,2026.0,journal-article
2-s2.0-105033382870,doi,,0,unspecified,True,0.0,2712-0554,Heritage and Sustainable Development,2026.0,journal-article
2-s2.0-105021472577,doi,Fundamental Research Funds for the Central Universities; Zhejiang University; Zhejiang University; Fundamental Research Funds for the Central Universities; National Natural Science Foundation of China; National Natural Science Foundation of China,6,stm-asf; tdm,True,60.0,0360-1323,Building and Environment,2026.0,journal-article
2-s2.0-105022661726,doi,King Fahd University of Petroleum and Minerals,1,stm-asf; tdm,True,105.0,0360-1323,Building and Environment,2026.0,journal-article
2-s2.0-105022288003,doi,,0,stm-asf; tdm,True,65.0,0360-1323,Building and Environment,2026.0,journal-article
2-s2.0-105021081103,doi,Key Research and Development Program of Zhejiang Province,1,stm-asf; tdm,True,38.0,1359-4311,Applied Thermal Engineering,2026.0,journal-article
2-s2.0-105019973828,doi,National Science Foundation; National Science Foundation; National Science Foundation Division of Civil Mechanical and Manufacturing Innovation; Society for Academic Emergency Medicine; Clark University,5,tdm; vor,True,62.0,0927-0248,Solar Energy Materials and Solar Cells,2026.0,journal-article
2-s2.0-105015075076,doi,,0,tdm; vor,True,138.0,0935-9648; 1521-4095,Advanced Materials,2025.0,journal-article
2-s2.0-105027260676,doi,,0,tdm; vor,True,45.0,2731-6688; 1658-8150,Journal of Umm Al-Qura University for Engineering and Architecture,2025.0,journal-article
2-s2.0-105038479955,doi,,0,tdm; vor,True,27.0,2366-2557; 2366-2565,Lecture Notes in Civil Engineering,2026.0,book-chapter
2-s2.0-105038570681,doi,,0,tdm; vor,True,8.0,2366-2557; 2366-2565,Lecture Notes in Civil Engineering,2026.0,book-chapter
2-s2.0-105035744454,doi,,0,tdm; vor,True,8.0,2366-2557; 2366-2565,Lecture Notes in Civil Engineering,2025.0,book-chapter
2-s2.0-105035769971,doi,,0,,False,70.0,1745-2007; 1752-7589,Architectural Engineering and Design Management,2026.0,journal-article
2-s2.0-105009429618,doi,"European Union’s MSCA PF FaceINQ; Academic Committee for Design of the Department of Mechanical Engineering, Eindhoven University of Technology",2,vor,True,17.0,1473-3315; 2044-4044,International Journal of Ventilation,2025.0,journal-article
2-s2.0-105037803012,doi,,0,stm-asf,True,15.0,,SoutheastCon 2026,2026.0,proceedings-article
2-s2.0-105033982139,doi,Deutsche Forschungsgemeinschaft,1,vor,True,51.0,2297-3362,Frontiers in Built Environment,2026.0,journal-article
2-s2.0-105039709363,doi,,0,tdm; vor,True,94.0,0905-6947; 1600-0668,Indoor Air,2026.0,journal-article
2-s2.0-105028162151,doi,"Ministerio de Ciencia, Innovación y Universidades",1,vor,True,42.0,2105-0716,EPJ Photovoltaics,2026.0,journal-article
2-s2.0-105029808836,doi,,0,vor,True,41.0,2297-3362,Frontiers in Built Environment,2026.0,journal-article
2-s2.0-105035721791,doi,,0,tdm; vor,True,13.0,2366-2557; 2366-2565,Lecture Notes in Civil Engineering,2025.0,book-chapter
2-s2.0-105038361506,doi,,0,,False,0.0,,2026 ASHRAE Winter Conference,2026.0,proceedings-article
2-s2.0-105021080659,doi,Haridus- ja Teadusministeerium; Slovenian Research and Innovation Agency; Slovenian Research and Innovation Agency; Slovenian Research and Innovation Agency,4,tdm; vor,True,67.0,0378-7788,Energy and Buildings,2026.0,journal-article
2-s2.0-105028619059,doi,Science Committee of the Ministry of Science and Higher Education of the Republic of Kazakhstan,1,vor,True,42.0,2075-5309,Buildings,2026.0,journal-article
2-s2.0-105020666081,doi,,0,tdm; vor,True,38.0,2367-3370; 2367-3389,Lecture Notes in Networks and Systems,2025.0,book-chapter
2-s2.0-105034853758,doi,,0,tdm; vor,True,110.0,2364-1878; 2364-1886,Springer Series on Polymer and Composite Materials,2026.0,book-chapter
2-s2.0-105033272638,doi,,0,vor,True,29.0,2297-3362,Frontiers in Built Environment,2026.0,journal-article
2-s2.0-105018669060,doi,Qingdao University of Technology; Shandong Province Natural Science Foundation,2,stm-asf; tdm,True,50.0,0360-1323,Building and Environment,2026.0,journal-article
2-s2.0-105032131255,doi,,0,vor,True,40.0,2297-3362,Frontiers in Built Environment,2026.0,journal-article
2-s2.0-105033682453,doi,,0,unspecified,True,54.0,2789-634X,Journal of Studies in Science and Engineering,2025.0,journal-article
2-s2.0-105031576063,doi,National Research Foundation of Korea; National Research Foundation of Korea; Ewha Womans University,3,vor,True,63.0,1346-7581; 1347-2852,Journal of Asian Architecture and Building Engineering,2026.0,journal-article
2-s2.0-105031866483,doi,Egypt Japan University,1,tdm; vor,True,76.0,2363-7692; 2363-8338,"Energy, Ecology and Environment",2026.0,journal-article
2-s2.0-105034796236,doi,Recep Tayyip Erdoğan University,1,tdm; vor,True,52.0,0001-5970; 1619-6937,Acta Mechanica,2026.0,journal-article
2-s2.0-105028227685,doi,National Science Foundation; Amazon Research Awards; CreativeX,3,vor,True,61.0,2470-9476,Science Robotics,2026.0,journal-article
2-s2.0-105027416039,doi,,0,tdm; vor,True,85.0,2590-1745,Energy Conversion and Management: X,2026.0,journal-article
2-s2.0-105030534261,doi,,0,,False,63.0,2046-6099; 2046-6102,Smart and Sustainable Built Environment,2025.0,journal-article
2-s2.0-105035035434,doi,,0,,False,0.0,2374-3468; 2159-5399,Proceedings of the AAAI Conference on Artificial Intelligence,2026.0,journal-article
2-s2.0-105023586208,doi,,0,tdm; vor,True,9.0,2366-2557; 2366-2565,Lecture Notes in Civil Engineering,2025.0,book-chapter
2-s2.0-105034407954,doi,University of Adelaide,1,tdm; vor,True,44.0,2095-2635,Frontiers of Architectural Research,2026.0,journal-article
2-s2.0-105034936501,doi,National Natural Science Foundation of China; National Natural Science Foundation of China,2,tdm; vor,True,58.0,2666-1233,Energy and Built Environment,2026.0,journal-article
2-s2.0-105031747480,doi,,0,tdm; vor,True,35.0,2366-2557; 2366-2565,Lecture Notes in Civil Engineering,2026.0,book-chapter
2-s2.0-105035175870,doi,,0,tdm; vor,True,26.0,2211-0844; 2211-0852,RILEM Bookseries,2026.0,book-chapter
2-s2.0-105030282749,doi,Natural Science Basic Research Plan in Shaanxi Province of China; Natural Science Foundation of Shaanxi Provincial Department of Education; Natural Science Foundation of Shaanxi Provincial Department of Education; Youth Innovation Team of Shaanxi; Natural Science Basic Research Program of Shaanxi Province; Scientific Research Foundation for High-Level Talents of Xijing University; Science and technology plan project of Xi’an,7,,False,35.0,0267-8292; 1366-5855,Liquid Crystals,2026.0,journal-article
2-s2.0-105038839103,doi,,0,vor,True,33.0,2169-3536,IEEE Access,2026.0,journal-article
2-s2.0-105035611869,doi,,0,tdm; vor,True,22.0,2195-4356; 2195-4364,Lecture Notes in Mechanical Engineering,2026.0,book-chapter
2-s2.0-105027169041,doi,,0,tdm; vor,True,10.0,2211-0984; 2211-0992,Mechanisms and Machine Science,2026.0,book-chapter
2-s2.0-105038421078,doi,,0,tdm; vor,True,47.0,1865-3529; 1865-3537,Green Energy and Technology,2026.0,book-chapter
2-s2.0-105020939510,doi,"European Commission; Università degli Studi di Perugia; Ministero dell’Istruzione, dell’Università e della Ricerca",3,tdm; vor,True,19.0,0378-7788,Energy and Buildings,2026.0,journal-article
2-s2.0-105034993145,doi,,0,,False,0.0,2374-3468; 2159-5399,Proceedings of the AAAI Conference on Artificial Intelligence,2026.0,journal-article
2-s2.0-105033474273,doi,,0,unspecified,True,0.0,2541-1217; 2541-0598,ARTEKS : Jurnal Teknik Arsitektur,2026.0,journal-article
2-s2.0-105029422297,doi,National Natural Science Foundation of China; Beijing Postdoctoral Science Foundation; China Postdoctoral Science Foundation,3,vor,True,88.0,1346-7581; 1347-2852,Journal of Asian Architecture and Building Engineering,2026.0,journal-article
2-s2.0-105030176196,doi,,0,tdm; vor,True,10.0,1876-1100; 1876-1119,Lecture Notes in Electrical Engineering,2026.0,book-chapter
2-s2.0-105029271876,doi,,0,tdm; vor,True,48.0,2666-1233,Energy and Built Environment,2025.0,journal-article
2-s2.0-105031822121,doi,Bundesministerium für Wirtschaft und Klimaschutz,1,vor,True,33.0,2297-3362,Frontiers in Built Environment,2026.0,journal-article
2-s2.0-105037009853,doi,,0,stm-asf,True,11.0,,"2026 5th International Conference on Electrical, Computer &amp;amp; Telecommunication Engineering (ICECTE)",2026.0,proceedings-article
2-s2.0-105038495510,doi,,0,tdm; vor,True,8.0,2366-2557; 2366-2565,Lecture Notes in Civil Engineering,2026.0,book-chapter
2-s2.0-105020852803,doi,National Natural Science Foundation of China; Natural Science Foundation of Tianjin Municipality,2,tdm,True,36.0,0038-092X,Solar Energy,2026.0,journal-article
2-s2.0-105039610228,doi,,0,vor,True,0.0,0278-0046; 1557-9948,IEEE Transactions on Industrial Electronics,2026.0,journal-article
2-s2.0-105036126683,doi,National Natural Science Foundation of China; National Natural Science Foundation of China; National Natural Science Foundation of China; National Natural Science Foundation of China; Jilin Provincial Scientific and Technological Development Program,5,tdm; vor,True,55.0,1863-8880; 1863-8899,Laser &amp; Photonics Reviews,2026.0,journal-article
2-s2.0-105036388496,doi,,0,stm-asf,True,16.0,,2026 International Conference on Electric Power and Renewable Energy (EPREC),2026.0,proceedings-article
2-s2.0-105038315170,doi,,0,,False,0.0,,2026 ASHRAE Winter Conference,2026.0,proceedings-article
2-s2.0-105032234655,doi,,0,vor,True,35.0,2297-3362,Frontiers in Built Environment,2026.0,journal-article
2-s2.0-105036656127,doi,National Natural Science Foundation of China; Sichuan Provincial Science and Technology Support Program,2,am,True,49.0,2051-6347; 2051-6355,Materials Horizons,2026.0,journal-article
2-s2.0-105026583740,doi,,0,tdm; vor,True,16.0,2211-0844; 2211-0852,RILEM Bookseries,2026.0,book-chapter
2-s2.0-105039655961,doi,,0,tdm; vor,True,109.0,1573-2975,"Environment, Development and Sustainability",2026.0,journal-article
2-s2.0-105039615711,doi,,0,tdm; vor,True,21.0,0930-8989; 1867-4941,Springer Proceedings in Physics,2026.0,book-chapter
2-s2.0-105036712690,doi,,0,tdm; vor,True,14.0,2366-2557; 2366-2565,Lecture Notes in Civil Engineering,2026.0,book-chapter
2-s2.0-105010848657,doi,Natural Science Foundation of Guangxi Province; National Natural Science Foundation of China; National Natural Science Foundation of China,3,stm-asf; tdm,True,36.0,0960-1481,Renewable Energy,2026.0,journal-article
2-s2.0-105029856425,doi,,0,unspecified,True,20.0,2523-0018; 2071-5528,Kufa Journal of Engineering,2026.0,journal-article
2-s2.0-105036699754,doi,,0,stm-asf; vor,True,0.0,0093-9994; 1939-9367,IEEE Transactions on Industry Applications,2026.0,journal-article
2-s2.0-105035885691,doi,,0,tdm; vor,True,30.0,2211-0844; 2211-0852,RILEM Bookseries,2026.0,book-chapter
2-s2.0-105034136398,doi,,0,stm-asf; vor,True,0.0,0098-3063; 1558-4127,IEEE Transactions on Consumer Electronics,2026.0,journal-article
2-s2.0-105030673413,doi,Deanship of Graduate Studies and Scientific Research at Qassim University for financial support,1,vor,True,34.0,2169-3536,IEEE Access,2026.0,journal-article
2-s2.0-105039595012,doi,,0,,False,0.0,,Korean Studies in the Artificial Intelligence Era,2026.0,book-chapter
2-s2.0-105035728262,doi,,0,tdm; vor,True,30.0,1755-1307; 1755-1315,IOP Conference Series: Earth and Environmental Science,2026.0,journal-article
2-s2.0-105019519369,doi,,0,tdm; vor,True,10.0,2195-4356; 2195-4364,Lecture Notes in Mechanical Engineering,2025.0,book-chapter
2-s2.0-105029680047,doi,,0,,False,0.0,2332-1091; 2332-1121,Civil Engineering and Architecture,2026.0,journal-article
2-s2.0-105035815215,doi,Jiangsu Agricultural Science and Technology Innovation Fund; Priority Academic Program Development of Jiangsu Higher Education Institutions; National Natural Science Foundation of China; Jiangsu Provincial Key Research and Development Program,4,tdm; vor,True,58.0,2090-1232,Journal of Advanced Research,2026.0,journal-article
2-s2.0-105039477047,doi,,0,tdm; vor,True,41.0,1744-2591; 1744-2583,Journal of Building Physics,2026.0,journal-article
2-s2.0-105022755562,doi,the Open Fund of the Key State Laboratory of High-Speed Maglev Transportation Technology; Frontiers Science Center for Smart High-speed Railway System,2,,False,42.0,2330-7706; 2330-7714,Journal of Control and Decision,2025.0,journal-article
2-s2.0-85164492932,doi,,0,,False,54.0,2159-032X; 2159-0338,Heritage &amp; Society,2023.0,journal-article
2-s2.0-105027185422,doi,,0,tdm; vor,True,119.0,2213-8684; 2213-8692,Springer Proceedings in Complexity,2026.0,book-chapter
2-s2.0-105025373625,doi,,0,tdm; vor,True,62.0,2590-1982,Transportation Research Interdisciplinary Perspectives,2026.0,journal-article
2-s2.0-105035226736,doi,National Natural Science Foundation of China; National Natural Science Foundation of China; Science and Technology Department of Zhejiang Province; Science and Technology Department of Zhejiang Province; Science and Technology Department of Zhejiang Province,5,tdm; vor,True,22.0,0098-9886; 1097-007X,International Journal of Circuit Theory and Applications,2026.0,journal-article
2-s2.0-105034567104,doi,National Health and Medical Research Council,1,tdm; vor,True,45.0,0962-1105; 1365-2869,Journal of Sleep Research,2026.0,journal-article
2-s2.0-105027155988,doi,,0,,False,0.0,2029-5731; 1392-1215,Elektronika ir Elektrotechnika,2025.0,journal-article
2-s2.0-105024349765,doi,Henan Provincial Science and Technology Research Project; Education Department of Henan Province; Education Department of Henan Province; National Natural Science Foundation of China,4,stm-asf; tdm,True,36.0,0950-0618,Construction and Building Materials,2025.0,journal-article
2-s2.0-105018307628,doi,,0,stm-asf; tdm,True,48.0,0306-2619,Applied Energy,2025.0,journal-article
2-s2.0-105018904481,doi,National Science Foundation Division of Civil Mechanical and Manufacturing Innovation; Society for Academic Emergency Medicine; National Science Foundation,3,tdm; vor,True,52.0,0378-7788,Energy and Buildings,2025.0,journal-article
2-s2.0-105014520687,doi,,0,stm-asf; tdm,True,63.0,0196-8904,Energy Conversion and Management,2025.0,journal-article
2-s2.0-105025349304,doi,National Research Foundation of Korea,1,,False,16.0,,Proceedings of the SIGGRAPH Asia 2025 Technical Communications,2025.0,proceedings-article
2-s2.0-105029234129,doi,,0,,False,0.0,,National Journal of Antennas and Propagation,2025.0,journal-article
2-s2.0-105018494413,doi,Fonds Wetenschappelijk Onderzoek; KU Leuven; Universiteit van Amsterdam; China Scholarship Council; Hercules Foundation,5,tdm; vor,True,89.0,1433-7851; 1521-3773,Angewandte Chemie International Edition,2025.0,journal-article
2-s2.0-105026564749,doi,,0,,False,141.0,2147-1762,Gazi University Journal of Science,2025.0,journal-article
2-s2.0-105010871768,doi,,0,,False,0.0,2383-8701,Journal of Daylighting,2025.0,journal-article
2-s2.0-105010602941,doi,,0,tdm; vor,True,26.0,1590-5896; 1522-4600,Nexus Network Journal,2025.0,journal-article
2-s2.0-105009003053,doi,,0,,False,0.0,2383-8701,Journal of Daylighting,2025.0,journal-article
2-s2.0-105014430935,doi,,0,tdm; vor,True,124.0,2772-9400,Solar Compass,2025.0,journal-article
2-s2.0-105016999242,doi,Science Foundation Ireland,1,tdm; vor,True,91.0,2352-4847,Energy Reports,2025.0,journal-article
2-s2.0-105022195387,doi,Universitat Politècnica de València,1,tdm; vor,True,49.0,2590-1230,Results in Engineering,2025.0,journal-article
2-s2.0-105025643319,doi,,0,,False,53.0,0730-0301; 1557-7368,ACM Transactions on Graphics,2025.0,journal-article
2-s2.0-105022127404,doi,,0,tdm; vor,True,74.0,2662-9984,Discover Sustainability,2025.0,journal-article
2-s2.0-105012773778,doi,,0,tdm; vor,True,153.0,2352-4847,Energy Reports,2025.0,journal-article
2-s2.0-105017673516,doi,American University of Beirut Munib and Angela Masri Institute of Energy and Natural Resources,1,stm-asf; tdm,True,44.0,2352-152X,Journal of Energy Storage,2025.0,journal-article
2-s2.0-85217731447,doi,Project of Science and Technology Development in Jilin Province; Project of Science and Technology Development in Jilin Province; the Anhui Provincial Key Laboratory of Intelligent Building and Building Energy Saving of Anhui Jianzhu University; the Anhui Provincial Key Laboratory of Intelligent Building and Building Energy Saving of Anhui Jianzhu University,4,tdm; vor,True,31.0,2045-2322,Scientific Reports,2025.0,journal-article
2-s2.0-105029057963,doi,,0,unspecified,True,17.0,2657-5450,System Safety: Human - Technical Facility - Environment,2025.0,journal-article
2-s2.0-105025782924,doi,,0,vor,True,15.0,2673-4826,Electricity,2025.0,journal-article
2-s2.0-105020793406,doi,,0,stm-asf; tdm,True,44.0,0360-5442,Energy,2025.0,journal-article
2-s2.0-105024465578,doi,,0,,False,49.0,0099-1112,Photogrammetric Engineering &amp; Remote Sensing,2025.0,journal-article
2-s2.0-105004246615,doi,,0,tdm; vor,True,75.0,2045-2322,Scientific Reports,2025.0,journal-article
2-s2.0-105025419780,doi,,0,tdm; vor,True,16.0,2010-1333,International Journal of Air-Conditioning and Refrigeration,2025.0,journal-article
2-s2.0-105016222839,doi,Japan Society for the Promotion of Science; Japan Society for the Promotion of Science; H2020 Marie Skłodowska-Curie Actions; European Commission,4,tdm; vor,True,54.0,2590-1230,Results in Engineering,2025.0,journal-article
2-s2.0-105016872513,doi,National Natural Science Foundation of China,1,stm-asf; tdm,True,57.0,0360-1323,Building and Environment,2025.0,journal-article
2-s2.0-85218501351,doi,,0,tdm; vor,True,64.0,2662-9984,Discover Sustainability,2025.0,journal-article
2-s2.0-105024534375,doi,European Union,1,vor,True,43.0,1996-1073,Energies,2025.0,journal-article
2-s2.0-105012830208,doi,"Birla Institute of Technology and Science, Pilani",1,tdm; vor,True,43.0,2045-2322,Scientific Reports,2025.0,journal-article
2-s2.0-105018014443,doi,,0,vor,True,32.0,2050-0505; 2050-0505,Energy Science &amp; Engineering,2025.0,journal-article
2-s2.0-105025402164,doi,,0,unspecified,True,0.0,2722-256X; 2088-8694,International Journal of Power Electronics and Drive Systems (IJPEDS),2025.0,journal-article
2-s2.0-105023953623,doi,Natural Science Foundation of Hebei Province; National Natural Science Foundation of China,2,stm-asf; tdm,True,41.0,2451-9049,Thermal Science and Engineering Progress,2025.0,journal-article
2-s2.0-105018128601,doi,,0,tdm; vor,True,54.0,2045-2322,Scientific Reports,2025.0,journal-article
2-s2.0-105027948341,doi,,0,vor,True,11.0,2267-1242,E3S Web of Conferences,2025.0,journal-article
2-s2.0-105024979604,doi,,0,,False,0.0,,Integrating Modern Mathematics and Sensor Technologies in Civil Engineering,2025.0,book-chapter
2-s2.0-105017841864,doi,German Academic Exchange Service; Scientific and Technological Research Council of Turkey,2,stm-asf; tdm,True,43.0,2352-7102,Journal of Building Engineering,2025.0,journal-article
2-s2.0-105014006634,doi,National Science Foundation; National Science Foundation,2,am; stm-asf; tdm,True,36.0,0378-7788,Energy and Buildings,2025.0,journal-article
2-s2.0-105013636408,doi,,0,tdm; vor,True,107.0,0378-7788,Energy and Buildings,2025.0,journal-article
2-s2.0-105019742966,doi,China Railway Group Ltd; Beijing Natural Science Foundation,2,stm-asf; tdm,True,43.0,2352-7102,Journal of Building Engineering,2025.0,journal-article
2-s2.0-105018641167,doi,National Natural Science Foundation of China; National Natural Science Foundation of China; Key Technologies Research and Development Program; National Key Research and Development Program of China; Zhejiang University,5,stm-asf; tdm,True,52.0,2352-7102,Journal of Building Engineering,2025.0,journal-article
2-s2.0-105022933329,doi,King Fahd University of Petroleum & Minerals,1,vor,True,51.0,2673-4117,Eng,2025.0,journal-article
2-s2.0-105011949210,doi,Pécsi Tudományegyetem; University of Pécs Medical School,2,tdm; vor,True,90.0,0378-7788,Energy and Buildings,2025.0,journal-article
2-s2.0-105010957276,doi,Australian Research Council,1,tdm; vor,True,29.0,0263-8231,Thin-Walled Structures,2025.0,journal-article
2-s2.0-105023426635,doi,Ministry of Enterprises and Made in Italy,1,vor,True,54.0,1996-1073,Energies,2025.0,journal-article
2-s2.0-105011737870,doi,Najran University,1,stm-asf; tdm,True,78.0,0378-7788,Energy and Buildings,2025.0,journal-article
2-s2.0-105013586180,doi,,0,tdm; vor,True,36.0,0926-5805,Automation in Construction,2025.0,journal-article
2-s2.0-105021586390,doi,Majmah University,1,vor,True,52.0,2075-5309,Buildings,2025.0,journal-article
2-s2.0-105023077255,doi,,0,vor,True,14.0,2075-5309,Buildings,2025.0,journal-article
2-s2.0-105023107174,doi,National Natural Science Foundation of China,1,vor,True,57.0,2075-5309,Buildings,2025.0,journal-article
2-s2.0-105015518906,doi,,0,vor,True,50.0,2642-6641; 2642-6625,ASME Journal of Engineering for Sustainable Buildings and Cities,2025.0,journal-article
2-s2.0-105023120949,doi,,0,,False,0.0,1803-1269; 1805-0476,MM Science Journal,2025.0,journal-article
2-s2.0-105037937283,doi,,0,unspecified,True,0.0,2520-3339; 1726-4073,Journal of Engineering,2025.0,journal-article
2-s2.0-105023193907,doi,National Key R&D Project of China,1,vor,True,50.0,2073-8994,Symmetry,2025.0,journal-article
2-s2.0-105009414425,doi,Scientific Research Foundation of Hunan Provincial Education Department; National Natural Science Foundation of China; Basic and Applied Basic Research Foundation of Guangdong Province,3,stm-asf; tdm,True,104.0,1364-0321,Renewable and Sustainable Energy Reviews,2025.0,journal-article
2-s2.0-105012275280,doi,,0,stm-asf; tdm,True,77.0,0378-7788,Energy and Buildings,2025.0,journal-article
2-s2.0-105022886237,doi,,0,vor,True,23.0,2413-8851,Urban Science,2025.0,journal-article
2-s2.0-105020925192,doi,Royal Academy of Engineering,1,tdm; vor,True,74.0,2352-7102,Journal of Building Engineering,2025.0,journal-article
2-s2.0-105013366575,doi,Chinese University of Hong Kong,1,stm-asf; tdm,True,52.0,0360-1323,Building and Environment,2025.0,journal-article
2-s2.0-105021480697,doi,,0,vor,True,54.0,2075-5309,Buildings,2025.0,journal-article
2-s2.0-105014465252,doi,Foundation for Science and Technology; Fundação para a Ciência e a Tecnologia,2,tdm; vor,True,51.0,2352-152X,Journal of Energy Storage,2025.0,journal-article
2-s2.0-105026944365,doi,,0,,False,0.0,,Second International Conference on Microelectromechanical Systems Manufacturing and Materials Technology (MSMMT 2025),2025.0,proceedings-article
2-s2.0-105010473513,doi,Southeast University,1,stm-asf; tdm,True,59.0,0378-7788,Energy and Buildings,2025.0,journal-article
2-s2.0-105010478985,doi,National Natural Science Foundation of China; National Natural Science Foundation of China,2,stm-asf; tdm,True,116.0,0378-7788,Energy and Buildings,2025.0,journal-article
2-s2.0-105013796800,doi,,0,tdm; vor,True,79.0,2352-7102,Journal of Building Engineering,2025.0,journal-article
2-s2.0-105013504943,doi,Gujarat Energy Development Agency,1,stm-asf; tdm,True,58.0,0168-1923,Agricultural and Forest Meteorology,2025.0,journal-article
2-s2.0-105020014559,doi,"Ministry of Business, Innovation and Employment of New Zealand; Ministry of Business, Innovation and Employment of New Zealand",2,vor,True,67.0,2313-7673,Biomimetics,2025.0,journal-article
2-s2.0-105022447125,doi,,0,,False,0.0,3009-7622,Journal of Al-Azhar University Engineering Sector,2025.0,journal-article
2-s2.0-105012617905,doi,National Science Foundation; National Science Foundation,2,tdm; vor,True,75.0,2666-1659,Developments in the Built Environment,2025.0,journal-article
2-s2.0-105016356228,doi,,0,tdm; vor,True,181.0,2949-8228,Next Materials,2025.0,journal-article
2-s2.0-105019260392,doi,,0,vor,True,32.0,1996-1073,Energies,2025.0,journal-article
2-s2.0-105018874317,doi,National Natural Science Foundation of China; Innovation Platform for Academicians of Hainan Province (YSPTZX202206); National Tropical Plants Germplasm Resource Center; Hainan Provincial Natural Science Foundation of China,4,vor,True,35.0,2223-7747,Plants,2025.0,journal-article
2-s2.0-105009331594,doi,Technische Universität München,1,tdm; vor,True,48.0,0948-3349; 1614-7502,The International Journal of Life Cycle Assessment,2025.0,journal-article
2-s2.0-105008504276,doi,Villum Foundation,1,tdm; vor,True,51.0,0378-7788,Energy and Buildings,2025.0,journal-article
2-s2.0-105007295168,doi,,0,stm-asf; tdm,True,55.0,1364-0321,Renewable and Sustainable Energy Reviews,2025.0,journal-article
2-s2.0-105017790127,doi,"Department of Scientific and Industrial Research, Ministry of Science and Technology, India",1,tdm; vor,True,77.0,2949-821X,Next Energy,2025.0,journal-article
2-s2.0-105019173980,doi,,0,vor,True,40.0,1996-1073,Energies,2025.0,journal-article
2-s2.0-105020022788,doi,National Natural Science Foundation of China; National Natural Science Foundation of China,2,vor,True,34.0,2313-433X,Journal of Imaging,2025.0,journal-article
2-s2.0-105017812952,doi,,0,tdm; vor,True,34.0,2949-821X,Next Energy,2025.0,journal-article
2-s2.0-105020075020,doi,"Research Program for Agriculture Science and Technology Development; Rural Development Administration, the Republic of Korea",2,vor,True,41.0,2311-7524,Horticulturae,2025.0,journal-article
2-s2.0-105008155170,doi,National Natural Science Foundation of China; Shandong Province Natural Science Foundation,2,tdm,True,67.0,0038-092X,Solar Energy,2025.0,journal-article
2-s2.0-105009585169,doi,,0,stm-asf; tdm,True,146.0,2352-7102,Journal of Building Engineering,2025.0,journal-article
2-s2.0-105018226817,doi,,0,unspecified,True,75.0,2544-3275; 1899-0665,Budownictwo i Architektura,2025.0,journal-article
2-s2.0-105008944128,doi,Education Department of Hainan Province; National Natural Science Foundation of China; National Natural Science Foundation of China; National Natural Science Foundation of China,4,stm-asf; tdm,True,47.0,0360-5442,Energy,2025.0,journal-article
2-s2.0-105025487653,none,,0,,False,,,,,
2-s2.0-105025196968,doi,,0,,False,0.0,,13th Annual International Conference on Material Science and Environmental Engineering (MSEE 2025),2025.0,proceedings-article
2-s2.0-105007061909,doi,,0,tdm; vor,True,50.0,2352-7102,Journal of Building Engineering,2025.0,journal-article
2-s2.0-105006631050,doi,,0,tdm; vor,True,72.0,0378-7788,Energy and Buildings,2025.0,journal-article
2-s2.0-105021299672,doi,,0,tdm,True,0.0,1755-7437; 1755-7445,International Journal of Design &amp; Nature and Ecodynamics,2025.0,journal-article
2-s2.0-105010842104,doi,China Scholarship Council; Natural Science Foundation of Guangdong Province,2,stm-asf; tdm,True,76.0,0360-1323,Building and Environment,2025.0,journal-article
2-s2.0-105008441616,doi,,0,tdm; vor,True,58.0,2590-1230,Results in Engineering,2025.0,journal-article
2-s2.0-105017172744,doi,,0,vor,True,107.0,2071-1050,Sustainability,2025.0,journal-article
2-s2.0-105004414522,doi,China Scholarship Council,1,stm-asf; tdm,True,26.0,0960-1481,Renewable Energy,2025.0,journal-article
2-s2.0-105023156779,doi,,0,,False,0.0,2093-5374; 2093-5382,"Journal of Wireless Mobile Networks, Ubiquitous Computing, and Dependable Applications",2025.0,journal-article
2-s2.0-105007953442,doi,,0,vor,True,46.0,0140-7791; 1365-3040,"Plant, Cell &amp; Environment",2025.0,journal-article
2-s2.0-105008873289,doi,German Research Foundation,1,tdm; vor,True,88.0,2352-0124,Structures,2025.0,journal-article
2-s2.0-105010013654,doi,,0,vor,True,89.0,2366-7486; 2366-7486,Advanced Sustainable Systems,2025.0,journal-article
2-s2.0-105010124010,doi,,0,tdm; vor,True,48.0,0360-1323,Building and Environment,2025.0,journal-article
2-s2.0-105005512195,doi,High-end Foreign Experts Recruitment Plan of China; Shanghai Municipal Education Commission; National Natural Science Foundation of China; National Natural Science Foundation of China,4,stm-asf; tdm,True,29.0,0306-2619,Applied Energy,2025.0,journal-article
2-s2.0-105017238289,doi,"Libyan Cultural Affair/London, Libya",1,vor,True,24.0,1996-1073,Energies,2025.0,journal-article
2-s2.0-105009764615,doi,,0,stm-asf; tdm,True,39.0,0360-1323,Building and Environment,2025.0,journal-article
2-s2.0-105015431480,doi,,0,vor,True,47.0,2075-5309,Buildings,2025.0,journal-article
2-s2.0-105015982844,doi,,0,vor,True,53.0,2075-5309,Buildings,2025.0,journal-article
2-s2.0-105014382323,doi,,0,vor,True,47.0,2624-6511,Smart Cities,2025.0,journal-article
2-s2.0-105005854246,doi,,0,stm-asf; tdm,True,54.0,0926-5805,Automation in Construction,2025.0,journal-article
2-s2.0-105014965797,doi,,0,vor,True,9.0,2642-6641; 2642-6625,ASME Journal of Engineering for Sustainable Buildings and Cities,2025.0,journal-article
2-s2.0-105014622413,doi,Research Foundation of Chongqing University of Science and Technology,1,vor,True,34.0,2075-5309,Buildings,2025.0,journal-article
2-s2.0-105005761786,doi,"Ministry of Science and Technology of the People's Republic of China; Chongqing Municipal Education Commission; National Natural Science Foundation of China; Beijing Municipal Science and Technology Commission, Adminitrative Commission of Zhongguancun Science Park; Ministry of Science and ICT, South Korea; National Research Foundation of Korea; Hong Kong Polytechnic University",7,stm-asf; tdm,True,59.0,0360-1323,Building and Environment,2025.0,journal-article
2-s2.0-105014393096,doi,,0,vor,True,65.0,2076-3417,Applied Sciences,2025.0,journal-article
2-s2.0-105014419342,doi,,0,vor,True,62.0,2075-5309,Buildings,2025.0,journal-article
2-s2.0-105014402389,doi,Hunan Provincial Social Science Achievement Review Committee,1,vor,True,34.0,2075-5309,Buildings,2025.0,journal-article
2-s2.0-105005751085,doi,Canada Research Chairs; Human Frontier Science Program; Human Frontier Science Program; Centre for Interdisciplinary Research in Rehabilitation of Greater Montreal; Natural Sciences and Engineering Research Council of Canada,5,tdm; vor,True,65.0,0955-0674,Current Opinion in Cell Biology,2025.0,journal-article
2-s2.0-105014418071,doi,,0,vor,True,54.0,2075-5309,Buildings,2025.0,journal-article
2-s2.0-105009376508,doi,Building Technologies Office; U.S. Department of Energy; Office of Energy Efficiency and Renewable Energy,3,tdm; vor,True,55.0,2666-3864,Cell Reports Physical Science,2025.0,journal-article
2-s2.0-105002391504,doi,,0,stm-asf; tdm,True,231.0,2352-7102,Journal of Building Engineering,2025.0,journal-article
2-s2.0-105003243841,doi,Building Technologies Office; U.S. Department of Energy,2,tdm; vor,True,79.0,0378-7788,Energy and Buildings,2025.0,journal-article
2-s2.0-105005070435,doi,China Scholarship Council,1,tdm; vor,True,80.0,0360-1323,Building and Environment,2025.0,journal-article
2-s2.0-105002007195,doi,King Saud University,1,stm-asf; tdm,True,45.0,0306-2619,Applied Energy,2025.0,journal-article
2-s2.0-105002776077,doi,Jiangsu Province Department of Science and Technology; Jiangsu Province Department of Science and Technology; National Natural Science Foundation of China; National Natural Science Foundation of China; Fundamental Research Funds for the Central Universities; Fundamental Research Funds for the Central Universities,6,stm-asf; tdm,True,52.0,0141-0296,Engineering Structures,2025.0,journal-article
2-s2.0-105000397017,doi,National Natural Science Foundation of China; National Natural Science Foundation of China,2,stm-asf; tdm,True,47.0,0043-1354,Water Research,2025.0,journal-article
2-s2.0-105011624612,doi,Key Project of Social Science Research in Yangzhou City; Key Project of Social Science Research in Yangzhou City; Humanities and Social Sciences Foundation of Yangzhou University; Humanities and Social Sciences Foundation of Yangzhou University,4,vor,True,91.0,2075-5309,Buildings,2025.0,journal-article
2-s2.0-105000865212,doi,,0,tdm; vor,True,54.0,2352-7102,Journal of Building Engineering,2025.0,journal-article
2-s2.0-105007087859,doi,,0,,False,0.0,2289-7879,Journal of Advanced Research in Fluid Mechanics and Thermal Sciences,2025.0,journal-article
2-s2.0-105011854535,doi,,0,vor,True,50.0,2075-5309,Buildings,2025.0,journal-article
2-s2.0-105011877910,doi,China Postdoctoral Science Foundation; China Postdoctoral Science Foundation; General Project of Philosophy and Social Sciences Research in Jiangsu Colleges and Universities; General Project of Philosophy and Social Sciences Research in Jiangsu Colleges and Universities,4,vor,True,135.0,2075-5309,Buildings,2025.0,journal-article
2-s2.0-85201797524,doi,,0,tdm; vor,True,28.0,0946-7076; 1432-1858,Microsystem Technologies,2024.0,journal-article
2-s2.0-105010701100,doi,H2020 Marie Skłodowska-Curie Actions; European Commission,2,tdm; vor,True,43.0,0306-4565,Journal of Thermal Biology,2025.0,journal-article
2-s2.0-105003811207,doi,National Science Foundation; Ministry of Education - Singapore,2,am; stm-asf; tdm,True,70.0,0360-1323,Building and Environment,2025.0,journal-article
2-s2.0-105000918728,doi,,0,stm-asf; tdm,True,73.0,2352-7102,Journal of Building Engineering,2025.0,journal-article
2-s2.0-105005767296,doi,Australian Research Council; Fundo para o Desenvolvimento das Ciências e da Tecnologia,2,tdm; vor,True,57.0,2214-5095,Case Studies in Construction Materials,2025.0,journal-article
2-s2.0-105011673611,doi,,0,vor,True,165.0,2227-9717,Processes,2025.0,journal-article
2-s2.0-105029566104,doi,,0,,False,0.0,1835-2693; 1835-2707,Australian Journal of Crop Science,2025.0,journal-article
2-s2.0-105005200552,doi,,0,vor,True,56.0,1944-7442; 1944-7450,Environmental Progress &amp; Sustainable Energy,2025.0,journal-article
2-s2.0-105007906071,doi,,0,,False,0.0,2356-8550,JES. Journal of Engineering Sciences,2025.0,journal-article
2-s2.0-105007879009,doi,,0,tdm; vor,True,41.0,2631-8695,Engineering Research Express,2025.0,journal-article
2-s2.0-105012357418,doi,,0,,False,20.0,,Proceedings of the 2025 International Conference on Generative Artificial Intelligence and Digital Media,2025.0,proceedings-article
2-s2.0-105006665733,doi,"The Fujian Province Young and Middle-aged Teacher Education and Research Project Funding; Tongji University Key Laboratory of Ecology and Energy-saving Study of Dense Habitat Ministry of Education; Tongji Architectural Design (Group) Co., Ltd; Science and Technology Innovation Plan Of Shanghai Science and Technology Commission; Fuzhou University; Fuzhou University; Ministry of Education of the People's Republic of China; Tongji University; Shanghai Science and Technology Innovation Action Plan for 2022",9,stm-asf; tdm,True,48.0,2210-6707,Sustainable Cities and Society,2025.0,journal-article
2-s2.0-105006797861,doi,Korea Institute of Machinery and Materials; National Research Foundation of Korea,2,stm-asf,True,38.0,2380-8195; 2380-8195,ACS Energy Letters,2025.0,journal-article
2-s2.0-105009000892,doi,,0,vor,True,58.0,2075-5309,Buildings,2025.0,journal-article
2-s2.0-85218080379,doi,,0,,False,0.0,2383-8701,Journal of Daylighting,2025.0,journal-article
2-s2.0-105003802281,doi,Science Foundation Ireland,1,tdm; vor,True,51.0,2590-1230,Results in Engineering,2025.0,journal-article
2-s2.0-105007750748,doi,,0,vor,True,71.0,2075-5309,Buildings,2025.0,journal-article
2-s2.0-105007747655,doi,National Natural Science Foundation of China; National Natural Science Foundation of China; National Natural Science Foundation of China; National Natural Science Foundation of China; National Natural Science Foundation of China; National Natural Science Foundation of China; National Natural Science Foundation Youth Project; National Natural Science Foundation Youth Project; National Natural Science Foundation Youth Project; National Natural Science Foundation Youth Project; National Natural Science Foundation Youth Project; National Natural Science Foundation Youth Project; Youth Project of Sichuan Natural Science Foundation; Youth Project of Sichuan Natural Science Foundation; Youth Project of Sichuan Natural Science Foundation; Youth Project of Sichuan Natural Science Foundation; Youth Project of Sichuan Natural Science Foundation; Youth Project of Sichuan Natural Science Foundation; 2024 Chengdu Green and Low-Carbon Development Research Base Project; 2024 Chengdu Green and Low-Carbon Development Research Base Project; 2024 Chengdu Green and Low-Carbon Development Research Base Project; 2024 Chengdu Green and Low-Carbon Development Research Base Project; 2024 Chengdu Green and Low-Carbon Development Research Base Project; 2024 Chengdu Green and Low-Carbon Development Research Base Project; 2023 Chengdu Philosophy and Social Sciences Planning Project; 2023 Chengdu Philosophy and Social Sciences Planning Project; 2023 Chengdu Philosophy and Social Sciences Planning Project; 2023 Chengdu Philosophy and Social Sciences Planning Project; 2023 Chengdu Philosophy and Social Sciences Planning Project; 2023 Chengdu Philosophy and Social Sciences Planning Project,30,vor,True,64.0,2075-5309,Buildings,2025.0,journal-article
2-s2.0-105007669014,doi,Vicerrectoría de Investigación y Doctorados de la Universidad San Sebastián–Fondo,1,vor,True,52.0,1996-1073,Energies,2025.0,journal-article
2-s2.0-85217251600,doi,,0,,False,0.0,2383-8701,Journal of Daylighting,2025.0,journal-article
2-s2.0-105001272856,doi,"Departament de Recerca i Universitats, Generalitat de Catalunya; Universitat Politècnica de Catalunya",2,tdm; vor,True,64.0,2352-4847,Energy Reports,2025.0,journal-article
2-s2.0-105018813599,doi,University of Cyprus,1,tdm; vor,True,28.0,2730-9886; 2730-9894,"Architecture, Structures and Construction",2025.0,journal-article
2-s2.0-105007841368,doi,,0,vor,True,198.0,2071-1050,Sustainability,2025.0,journal-article
2-s2.0-105002439740,doi,,0,tdm; vor,True,26.0,1563-0854; 2522-011X,Asian Journal of Civil Engineering,2025.0,journal-article
2-s2.0-86000610528,doi,University of the West of England,1,tdm; vor,True,96.0,1364-0321,Renewable and Sustainable Energy Reviews,2025.0,journal-article
2-s2.0-85200678485,doi,,0,tdm,True,30.0,1478-0771; 2048-3988,International Journal of Architectural Computing,2024.0,journal-article
2-s2.0-105009088452,doi,Korean government (MSIT),1,vor,True,61.0,2075-5309,Buildings,2025.0,journal-article
2-s2.0-105012978506,doi,,0,tdm,True,0.0,1755-7437; 1755-7445,International Journal of Design &amp; Nature and Ecodynamics,2025.0,journal-article
2-s2.0-105007709294,doi,Wuhan Polytechnic University,1,vor,True,34.0,2079-9292,Electronics,2025.0,journal-article
2-s2.0-105004260509,doi,,0,tdm; vor,True,36.0,2352-4847,Energy Reports,2025.0,journal-article
2-s2.0-105007997218,none,,0,,False,,,,,
2-s2.0-105001330352,doi,Gobierno de España Ministerio de Ciencia e Innovación; European Commission; Ministerio de Ciencia e Innovación,3,stm-asf; tdm,True,96.0,0378-7788,Energy and Buildings,2025.0,journal-article
2-s2.0-105007185681,doi,,0,,False,0.0,2078-6069; 1814-5892,Iraqi Journal for Electrical and Electronic Engineering,2024.0,journal-article
2-s2.0-86000790700,doi,U.S. Department of Housing and Urban Development; National Major Science and Technology Projects of China,2,stm-asf; tdm,True,67.0,0378-7788,Energy and Buildings,2025.0,journal-article
2-s2.0-105021984072,doi,,0,vor,True,9.0,2267-1242,E3S Web of Conferences,2025.0,journal-article
2-s2.0-85216645086,doi,Natural Science Foundation of Guangdong Province,1,stm-asf; tdm,True,37.0,2352-7102,Journal of Building Engineering,2025.0,journal-article
2-s2.0-85217060741,doi,Rensselaer Polytechnic Institute,1,stm-asf; tdm,True,47.0,2352-7102,Journal of Building Engineering,2025.0,journal-article
2-s2.0-105008570209,doi,Dar Al-Hekma University,1,tdm,True,0.0,1743-7601,International Journal of Sustainable Development and Planning,2025.0,journal-article
2-s2.0-85218992312,doi,Engineering and Physical Sciences Research Council,1,tdm; vor,True,29.0,0378-7788,Energy and Buildings,2025.0,journal-article
2-s2.0-85218637971,doi,Royal Academy of Engineering; Engineering and Physical Sciences Research Council; Engineering and Physical Sciences Research Council,3,tdm; vor,True,60.0,0378-7788,Energy and Buildings,2025.0,journal-article
2-s2.0-105004796177,doi,Portuguese Foundation for Science and Technology (FCT),1,vor,True,120.0,1996-1073,Energies,2025.0,journal-article
2-s2.0-105006617880,doi,National Natural Science Foundation of China,1,vor,True,179.0,2075-5309,Buildings,2025.0,journal-article
2-s2.0-105004839203,doi,Power China Northwest Engineering Corporation Limited,1,vor,True,41.0,2075-5309,Buildings,2025.0,journal-article
2-s2.0-105007689472,doi,,0,,False,0.0,2332-1091; 2332-1121,Civil Engineering and Architecture,2025.0,journal-article
2-s2.0-86000784109,doi,Foundation for Science and Technology,1,tdm,True,50.0,0038-092X,Solar Energy,2025.0,journal-article
2-s2.0-105006846399,doi,,0,vor,True,59.0,2075-5309,Buildings,2025.0,journal-article
2-s2.0-86000151330,doi,Innovative Research Group Project of the National Natural Science Foundation of China; National Natural Science Foundation of China; Natural Science Foundation of Tianjin Municipality,3,tdm,True,45.0,0038-092X,Solar Energy,2025.0,journal-article
2-s2.0-85216801550,doi,Else Kroner-Fresenius Foundation,1,tdm; vor,True,139.0,1590-8658,Digestive and Liver Disease,2025.0,journal-article
2-s2.0-105006746001,doi,"Science and Technology Project of China Southern Power Grid Co., Ltd.",1,vor,True,199.0,2075-5309,Buildings,2025.0,journal-article
2-s2.0-85218753106,doi,Universidad de Oviedo,1,tdm; vor,True,44.0,1976-8257; 2234-2753,Toxicological Research,2025.0,journal-article
2-s2.0-105005752559,doi,KU Leuven Internal Funds,1,vor,True,89.0,,Proceedings of the 2025 CHI Conference on Human Factors in Computing Systems,2025.0,proceedings-article
2-s2.0-85214011602,doi,,0,stm-asf; tdm,True,104.0,2352-7102,Journal of Building Engineering,2025.0,journal-article
2-s2.0-105003555631,doi,,0,vor,True,8.0,2267-1242,E3S Web of Conferences,2025.0,journal-article
2-s2.0-85204870157,doi,National Natural Science Foundation of China,1,tdm; vor,True,19.0,2095-2635,Frontiers of Architectural Research,2025.0,journal-article
2-s2.0-105003491014,doi,U.S. National Science Foundation; U.S. National Science Foundation,2,vor,True,63.0,2411-9660,Designs,2025.0,journal-article
2-s2.0-85218120860,doi,"European Commission Marie Sklodowska-Curie Actions; Scientific Grant Agency of the MŠVVaŠ and the SAV; Ministerstvo školstva, vedy, výskumu a športu Slovenskej republiky",3,tdm; vor,True,55.0,0360-1323,Building and Environment,2025.0,journal-article
2-s2.0-105002285610,doi,Prince Sultan University Research and Initiative Center RIC,1,vor,True,109.0,2075-5309,Buildings,2025.0,journal-article
2-s2.0-85214140676,doi,Australian Research Council,1,tdm; vor,True,24.0,0263-8231,Thin-Walled Structures,2025.0,journal-article
2-s2.0-85213535470,doi,,0,stm-asf; tdm,True,176.0,2352-7102,Journal of Building Engineering,2025.0,journal-article
2-s2.0-105003462090,doi,"Fachagentur Nachwachsende Rohstoffe e. V. (FNR, Agency for Renewable Resources)",1,vor,True,31.0,2411-9660,Designs,2025.0,journal-article
2-s2.0-85217063442,doi,"National Natural Science Foundation of China; Basic and Applied Basic Research Foundation of Guangdong Province; Science, Technology and Innovation Commission of Shenzhen Municipality",3,stm-asf; tdm,True,45.0,0378-7788,Energy and Buildings,2025.0,journal-article
2-s2.0-105001572160,doi,Natural Science Foundation of Xiamen Municipality; National Natural Science Foundation of China; Natural Science Foundation of Fujian Province,3,stm-asf; tdm,True,34.0,2213-1388,Sustainable Energy Technologies and Assessments,2025.0,journal-article
2-s2.0-85212953481,doi,National Natural Science Foundation of China,1,stm-asf; tdm,True,78.0,2352-7102,Journal of Building Engineering,2025.0,journal-article
2-s2.0-86000295890,doi,,0,tdm; vor,True,89.0,1996-3599; 1996-8744,Building Simulation,2025.0,journal-article
2-s2.0-105008212819,doi,,0,,False,10.0,0148-7191; 2688-3627,SAE Technical Paper Series,2025.0,proceedings-article
2-s2.0-105002764714,doi,,0,unspecified,True,62.0,2972-4910,Clean Energy Science and Technology,2025.0,journal-article
2-s2.0-86000763996,doi,,0,,False,41.0,2147-1762,Gazi University Journal of Science,2025.0,journal-article
2-s2.0-85217028059,doi,,0,,False,0.0,2332-1091; 2332-1121,Civil Engineering and Architecture,2025.0,journal-article
2-s2.0-85212415840,doi,,0,,False,30.0,1076-0431; 1943-5568,Journal of Architectural Engineering,2025.0,journal-article
2-s2.0-105001327613,doi,,0,vor,True,84.0,2673-8945,Architecture,2025.0,journal-article
2-s2.0-85216661736,doi,Science and Technology Commission of Shanghai Municipality; National Natural Science Foundation of China,2,stm-asf; tdm,True,90.0,0195-9255,Environmental Impact Assessment Review,2025.0,journal-article
2-s2.0-86000285490,doi,,0,,False,0.0,2332-1091; 2332-1121,Civil Engineering and Architecture,2025.0,journal-article
2-s2.0-105001114046,doi,National Natural Science Foundation of China; China Academy of Building Research,2,vor,True,120.0,2075-5309,Buildings,2025.0,journal-article
2-s2.0-105001090112,doi,EPSRC Centre for Doctoral Training in Energy Resilience and the Built Environment,1,tdm; unspecified,True,18.0,0143-6244; 1477-0849,Building Services Engineering Research &amp; Technology,2024.0,journal-article
2-s2.0-105001386065,doi,,0,vor,True,40.0,2311-7524,Horticulturae,2025.0,journal-article
2-s2.0-105006666309,doi,,0,,False,0.0,1028-365X,Journal of the International Association for Shell and Spatial Structures,2025.0,journal-article
2-s2.0-105001124707,doi,National Natural Science Foundation of China; National Natural Science Foundation of China,2,vor,True,74.0,2075-5309,Buildings,2025.0,journal-article
2-s2.0-86000503421,doi,,0,vor,True,41.0,2071-1050,Sustainability,2025.0,journal-article
2-s2.0-85215966151,doi,National Natural Science Foundation of China,1,tdm,True,30.0,0038-092X,Solar Energy,2025.0,journal-article
2-s2.0-85217044784,doi,,0,stm-asf; tdm,True,42.0,2451-9049,Thermal Science and Engineering Progress,2025.0,journal-article
2-s2.0-105001160974,doi,Science Committee of the Ministry of Science and Higher Education of the Republic of Kazakhstan,1,vor,True,74.0,1996-1073,Energies,2025.0,journal-article
2-s2.0-105003105190,doi,University of Patras,1,tdm; vor,True,27.0,0025-6455; 1572-9648,Meccanica,2024.0,journal-article
2-s2.0-86000190113,doi,,0,tdm; vor,True,22.0,0146-9592; 1539-4794,Optics Letters,2025.0,journal-article
2-s2.0-105000761001,doi,,0,,False,11.0,0094-243X,AIP Conference Proceedings,2025.0,proceedings-article
2-s2.0-85214505558,doi,,0,stm-asf; tdm,True,50.0,0360-1323,Building and Environment,2025.0,journal-article
2-s2.0-85217762567,none,,0,,False,,,,,
2-s2.0-85209902839,doi,,0,stm-asf; tdm,True,56.0,0263-8231,Thin-Walled Structures,2025.0,journal-article
2-s2.0-85218453876,doi,"CAPES of MEC (Ministry of Education); CNPq of MCTI (Ministry of Science, Technology and Innovation)",2,vor,True,96.0,2075-5309,Buildings,2025.0,journal-article
2-s2.0-85218636726,doi,,0,vor,True,97.0,1996-1073,Energies,2025.0,journal-article
2-s2.0-85218903133,doi,"European Union—NextGenerationEU, under the National Recovery and Resilience Plan (NRRP) Mission 4 Component 2 Investment Line 1.5: Research and Innovation Programme MUSA—“Multilayered Urban Sustainability Action”",1,vor,True,55.0,2413-8851,Urban Science,2025.0,journal-article
2-s2.0-85209755818,doi,,0,stm-asf; tdm,True,90.0,0306-2619,Applied Energy,2025.0,journal-article
2-s2.0-85218882604,doi,,0,vor,True,27.0,2076-0825,Actuators,2025.0,journal-article
2-s2.0-105011310369,doi,,0,,False,0.0,2184-8645,Architecture  Image Studies,2025.0,journal-article
2-s2.0-85218120115,not_found,,0,,False,,,,,
2-s2.0-85208399934,doi,,0,stm-asf; tdm,True,73.0,0306-2619,Applied Energy,2025.0,journal-article
2-s2.0-85209885085,doi,Government of Italy Ministry of Economic Development; European Commission; Horizon Europe,3,tdm; vor,True,53.0,0378-7788,Energy and Buildings,2025.0,journal-article
2-s2.0-105023055856,doi,,0,tdm; vor,True,23.0,2366-2557; 2366-2565,Lecture Notes in Civil Engineering,2025.0,book-chapter
2-s2.0-105027941582,doi,,0,tdm; vor,True,10.0,1742-6588; 1742-6596,Journal of Physics: Conference Series,2025.0,journal-article
2-s2.0-105023472535,doi,,0,,False,0.0,2710-4265,CAADRIA proceedings,2025.0,proceedings-article
2-s2.0-85214263895,doi,Yaşar University,1,,False,41.0,1750-8975; 1756-6932,Intelligent Buildings International,2025.0,journal-article
2-s2.0-105035258792,doi,,0,,False,0.0,2522-2708,Building Simulation Conference Proceedings,2025.0,proceedings-article
2-s2.0-105014739375,doi,,0,tdm; vor,True,37.0,1742-6588; 1742-6596,Journal of Physics: Conference Series,2025.0,journal-article
2-s2.0-85215760274,doi,The Vice President for Research and Partnership at the University of Oklahoma through the Faculty Investment Program (FIP); University of Oklahoma Libraries’ Open Access Fund,2,vor,True,64.0,2071-1050,Sustainability,2025.0,journal-article
2-s2.0-85216662439,doi,,0,,False,0.0,2576-8484,Edelweiss Applied Science and Technology,2025.0,journal-article
2-s2.0-105020779547,doi,,0,tdm; vor,True,30.0,2366-2557; 2366-2565,Lecture Notes in Civil Engineering,2025.0,book-chapter
2-s2.0-105033349571,doi,,0,,False,0.0,2500-0055,Architecture and Engineering,2025.0,journal-article
2-s2.0-105019198767,doi,,0,,False,0.0,1658-8371,Scientific Journal of King Faisal University: Basic and Applied Sciences,2025.0,journal-article
2-s2.0-105010578532,doi,,0,tdm; vor,True,30.0,2366-2557; 2366-2565,Lecture Notes in Civil Engineering,2025.0,book-chapter
2-s2.0-85213027260,doi,,0,tdm; vor,True,9.0,2366-2557; 2366-2565,Lecture Notes in Civil Engineering,2024.0,book-chapter
2-s2.0-105015978948,doi,National Key R&D Program of China,1,stm-asf,True,17.0,,2025 IEEE International Conference on Mechatronics and Automation (ICMA),2025.0,proceedings-article
2-s2.0-105002714417,doi,,0,stm-asf,True,8.0,,"2025 IEEE International Students' Conference on Electrical, Electronics and Computer Science (SCEECS)",2025.0,proceedings-article
2-s2.0-105010688671,doi,,0,,False,0.0,1691-5976,Engineering for Rural Development,2025.0,proceedings-article
2-s2.0-105026139531,doi,,0,,False,0.0,2684-1843,eCAADe proceedings,2025.0,proceedings-article
2-s2.0-105009224552,doi,,0,stm-asf,True,18.0,,2025 IEEE 18th Pacific Visualization Conference (PacificVis),2025.0,proceedings-article
2-s2.0-105021829003,doi,,0,tdm; vor,True,28.0,2366-2557; 2366-2565,Lecture Notes in Civil Engineering,2025.0,book-chapter
2-s2.0-105035257839,doi,,0,,False,0.0,2522-2708,Building Simulation Conference Proceedings,2025.0,proceedings-article
2-s2.0-105017583949,doi,,0,tdm; vor,True,20.0,2731-9040; 2731-9059,Computational Design and Robotic Fabrication,2025.0,book-chapter
2-s2.0-105016498349,doi,,0,,False,0.0,1314-8060,International Journal of Applied Mathematics,2025.0,journal-article
2-s2.0-105018678599,doi,,0,,False,71.0,2046-6099; 2046-6102,Smart and Sustainable Built Environment,2025.0,journal-article
2-s2.0-105011098115,doi,China Postdoctoral Science Foundation; National Natural Science Foundation of China; National Natural Science Foundation of China; National Natural Science Foundation of China,4,tdm; vor,True,47.0,2095-8099,Engineering,2025.0,journal-article
2-s2.0-105030343309,doi,,0,stm-asf,True,15.0,,2025 IEEE 5th International Conference on Sustainable Energy and Future Electric Transportation (SEFET),2025.0,proceedings-article
2-s2.0-105023482070,doi,,0,,False,0.0,2710-4265,CAADRIA proceedings,2025.0,proceedings-article
2-s2.0-85213006579,doi,,0,tdm; vor,True,15.0,2366-2557; 2366-2565,Lecture Notes in Civil Engineering,2024.0,book-chapter
2-s2.0-105012552090,doi,,0,,False,0.0,2374-4731; 2374-474X,Science and Technology for the Built Environment,2025.0,journal-article
2-s2.0-105027940427,doi,,0,tdm; vor,True,5.0,1742-6588; 1742-6596,Journal of Physics: Conference Series,2025.0,journal-article
2-s2.0-85213021333,doi,,0,tdm; vor,True,12.0,2366-2557; 2366-2565,Lecture Notes in Civil Engineering,2024.0,book-chapter
2-s2.0-105034749056,doi,,0,,False,0.0,,Proceedings of the 58ᵗʰ International Conference of the Architectural Science Association,2025.0,proceedings-article
2-s2.0-85213043511,doi,,0,tdm; vor,True,12.0,2366-2557; 2366-2565,Lecture Notes in Civil Engineering,2024.0,book-chapter
2-s2.0-105023473343,doi,,0,,False,0.0,2710-4265,CAADRIA proceedings,2025.0,proceedings-article
2-s2.0-105027936111,doi,,0,tdm; vor,True,14.0,1742-6588; 1742-6596,Journal of Physics: Conference Series,2025.0,journal-article
2-s2.0-105026170058,doi,,0,,False,0.0,2684-1843,eCAADe proceedings,2025.0,proceedings-article
2-s2.0-105017431948,doi,,0,,False,24.0,1582-5175; 2392-828X,"Electrotehnica, Electronica, Automatica",2025.0,journal-article
2-s2.0-86000372255,doi,Deutsche Forschungsgemeinschaft,1,vor,True,36.0,1940-1493; 1940-1507,Journal of Building Performance Simulation,2024.0,journal-article
2-s2.0-105031910288,doi,National Natural Science Foundation of China,1,stm-asf,True,27.0,,2025 IEEE 64th Conference on Decision and Control (CDC),2025.0,proceedings-article
2-s2.0-105035257977,doi,,0,,False,0.0,2522-2708,Building Simulation Conference Proceedings,2025.0,proceedings-article
2-s2.0-105035259439,doi,,0,,False,0.0,2522-2708,Building Simulation Conference Proceedings,2025.0,proceedings-article
2-s2.0-105015842617,doi,National Natural Science Foundation of China,1,stm-asf,True,13.0,,2025 IEEE 8th International Electrical and Energy Conference (CIEEC),2025.0,proceedings-article
2-s2.0-105016413490,doi,,0,tdm; vor,True,16.0,1755-1307; 1755-1315,IOP Conference Series: Earth and Environmental Science,2025.0,journal-article
2-s2.0-85209914920,doi,,0,tdm; vor,True,32.0,2366-2557; 2366-2565,Lecture Notes in Civil Engineering,2024.0,book-chapter
2-s2.0-85209542698,doi,,0,tdm; vor,True,23.0,2366-2557; 2366-2565,Lecture Notes in Civil Engineering,2024.0,book-chapter
2-s2.0-85217223177,doi,,0,tdm; vor,True,41.0,2366-2557; 2366-2565,Lecture Notes in Civil Engineering,2024.0,book-chapter
2-s2.0-105029253996,doi,,0,,False,0.0,2684-1843,eCAADe proceedings,2025.0,proceedings-article
2-s2.0-105016892678,doi,,0,stm-asf,True,20.0,,"2025 7th International Conference on Energy, Power and Environment (ICEPE)",2025.0,proceedings-article
2-s2.0-105007299259,doi,,0,,False,67.0,2475-1448; 2475-143X,Technology|Architecture + Design,2025.0,journal-article
2-s2.0-85209555632,doi,,0,stm-asf; tdm,True,66.0,0378-7788,Energy and Buildings,2025.0,journal-article
2-s2.0-105027108460,doi,,0,tdm; vor,True,11.0,1755-1307; 1755-1315,IOP Conference Series: Earth and Environmental Science,2025.0,journal-article
2-s2.0-105008398757,doi,,0,,False,16.0,2632-6655,Buildings and Cities,2025.0,journal-article
2-s2.0-105025444881,doi,Engineering and Physical Sciences Research Council; Slovenian Research and Innovation Agency (ARIS) through Program P2-0415,2,vor,True,39.0,2169-3536,IEEE Access,2025.0,journal-article
2-s2.0-105029224408,doi,,0,,False,0.0,2684-1843,eCAADe proceedings,2025.0,proceedings-article
2-s2.0-85217221730,doi,,0,tdm; vor,True,7.0,2366-2557; 2366-2565,Lecture Notes in Civil Engineering,2024.0,book-chapter
2-s2.0-105027204885,doi,,0,tdm; vor,True,36.0,1742-6588; 1742-6596,Journal of Physics: Conference Series,2025.0,journal-article
2-s2.0-85217240463,doi,,0,tdm; vor,True,10.0,2366-2557; 2366-2565,Lecture Notes in Civil Engineering,2024.0,book-chapter
2-s2.0-105003630660,doi,,0,tdm; vor,True,8.0,2366-2557; 2366-2565,Lecture Notes in Civil Engineering,2025.0,book-chapter
2-s2.0-85215956796,doi,University of Campania Luigi Vanvitelli (Italy); University of Campania Luigi Vanvitelli (Italy); University of Campania Luigi Vanvitelli (Italy); Next Generation EU; Next Generation EU; Next Generation EU,6,vor,True,72.0,2075-5309,Buildings,2025.0,journal-article
2-s2.0-105000775312,doi,,0,tdm; vor,True,47.0,2366-2557; 2366-2565,Lecture Notes in Civil Engineering,2025.0,book-chapter
2-s2.0-85213043877,doi,,0,tdm; vor,True,9.0,2366-2557; 2366-2565,Lecture Notes in Civil Engineering,2024.0,book-chapter
2-s2.0-105012120658,not_found,,0,,False,,,,,
2-s2.0-105016351794,doi,,0,tdm; vor,True,18.0,1755-1307; 1755-1315,IOP Conference Series: Earth and Environmental Science,2025.0,journal-article
2-s2.0-105022055882,doi,,0,vor,True,30.0,2673-4524,Frontiers in Sustainability,2025.0,journal-article
2-s2.0-85205459706,doi,National Natural Science Foundation of China; Shenzhen Science and Technology Innovation Committee; Shenzhen Science and Technology Innovation Committee,3,stm-asf; tdm,True,56.0,0360-1323,Building and Environment,2025.0,journal-article
2-s2.0-105035362877,doi,,0,stm-asf,True,17.0,,2025 IEEE 2nd International Conference on Green Industrial Electronics and Sustainable Technologies (GIEST),2025.0,proceedings-article
2-s2.0-86000382132,doi,,0,vor,True,187.0,1940-1493; 1940-1507,Journal of Building Performance Simulation,2024.0,journal-article
2-s2.0-105001208765,doi,,0,vor,True,42.0,2169-3536,IEEE Access,2025.0,journal-article
2-s2.0-105035254087,doi,,0,,False,0.0,2522-2708,Building Simulation Conference Proceedings,2025.0,proceedings-article
2-s2.0-105033524339,doi,,0,,False,0.0,2623-3347,Proceedings of the 10th International Conference on Computational Methods in Structural Dynamics and Earthquake Engineering (COMPDYN 2025),2025.0,proceedings-article
2-s2.0-105018060394,doi,Universität Duisburg-Essen,1,vor,True,40.0,1745-2007; 1752-7589,Architectural Engineering and Design Management,2025.0,journal-article
2-s2.0-85213058639,doi,,0,tdm; vor,True,10.0,2366-2557; 2366-2565,Lecture Notes in Civil Engineering,2024.0,book-chapter
2-s2.0-105019365078,doi,,0,,False,0.0,2383-8701,Journal of Daylighting,2025.0,journal-article
2-s2.0-105024071458,doi,,0,,False,9.0,,ICCREM 2025,2025.0,proceedings-article
2-s2.0-105019309996,doi,,0,stm-asf,True,0.0,,2025 IEEE Kiel PowerTech,2025.0,proceedings-article
2-s2.0-105023664482,doi,,0,stm-asf; vor,True,0.0,0272-1716; 1558-1756,IEEE Computer Graphics and Applications,2025.0,journal-article
2-s2.0-85212313638,doi,"Research Grants Council, University Grants Committee; Hong Kong Branch of Southern Laboratory of Ocean Science and Engineering Guangdong Laboratory",2,tdm; vor,True,22.0,0360-5442,Energy,2025.0,journal-article
2-s2.0-105009440994,doi,Shanxi Province Natural Science Foundation for Youths; National Natural Science Foundation of China; National Natural Science Foundation of China,3,stm-asf; vor,True,27.0,2332-7782; 2372-2088,IEEE Transactions on Transportation Electrification,2025.0,journal-article
2-s2.0-105015671735,doi,National Natural Science Foundation of China,1,stm-asf,True,25.0,,2025 IEEE 8th International Electrical and Energy Conference (CIEEC),2025.0,proceedings-article
2-s2.0-105032828416,doi,,0,stm-asf,True,25.0,,2025 14th International Conference on Renewable Energy Research and Applications (ICRERA),2025.0,proceedings-article
2-s2.0-105015307416,doi,,0,,False,34.0,1556-7036; 1556-7230,"Energy Sources, Part A: Recovery, Utilization, and Environmental Effects",2025.0,journal-article
2-s2.0-105036215830,doi,,0,stm-asf,True,24.0,,2025 International Conference on Power Electronics and Energy (ICPEE),2025.0,proceedings-article
2-s2.0-105021425101,doi,,0,,False,0.0,2369-811X,World Congress on Electrical Engineering and Computer Systems and Science,2025.0,proceedings-article
2-s2.0-105007662702,doi,,0,stm-asf,True,30.0,,"2025 5th International Conference on Innovative Research in Applied Science, Engineering and Technology (IRASET)",2025.0,proceedings-article
2-s2.0-105037453923,doi,,0,stm-asf,True,19.0,,"2025 IEEE 1st International Conference on Smart Innovations in Systems, Infrastructure, Mechanical, Power, AI and Computing Technologies (SISIMPACT)",2025.0,proceedings-article
2-s2.0-105027095148,doi,,0,tdm; vor,True,24.0,1863-5520; 1863-5539,Environmental Science and Engineering,2025.0,book-chapter
2-s2.0-105010519450,doi,,0,,False,0.0,1220-1766; 1841-429X,Studies in Informatics and Control,2025.0,journal-article
2-s2.0-105011355768,doi,,0,vor,True,61.0,2624-9634,Frontiers in Sustainable Cities,2025.0,journal-article
2-s2.0-105030547976,doi,,0,unspecified,True,0.0,2356-4644; 2086-2636,Journal of Islamic Architecture,2025.0,journal-article
2-s2.0-105034610587,doi,,0,stm-asf,True,17.0,,2025 6th International Conference on Advanced Electrical and Energy Systems (AEES),2025.0,proceedings-article
2-s2.0-105036339232,doi,,0,stm-asf,True,30.0,,2025 IEEE International Conference on Energy Technologies for Future Grids (ETFG),2025.0,proceedings-article
2-s2.0-105032502663,doi,,0,stm-asf,True,10.0,,2025 IEEE Ninth Ecuador Technical Chapters Meeting (ETCM),2025.0,proceedings-article
2-s2.0-105033335105,doi,,0,stm-asf,True,6.0,,2025 6th International Conference on Machine Learning and Computer Application (ICMLCA),2025.0,proceedings-article
2-s2.0-105018737776,doi,,0,stm-asf,True,18.0,,2025 IEEE Guwahati Subsection Conference (GCON),2025.0,proceedings-article
2-s2.0-105037451461,doi,,0,stm-asf,True,10.0,,2025 2nd International Conference on Energy Technology and Electrical Power (ETEP),2025.0,proceedings-article
2-s2.0-105023682057,doi,National Research Foundation of Korea,1,vor,True,38.0,1745-2759; 1745-2767,Virtual and Physical Prototyping,2025.0,journal-article
2-s2.0-105012449826,doi,,0,stm-asf; vor,True,24.0,2156-3381; 2156-3403,IEEE Journal of Photovoltaics,2025.0,journal-article
2-s2.0-105004828092,doi,"Ministry of Education, Science and Technological Development of the Republic of Serbia",1,unspecified,True,20.0,0353-3670; 2217-5997,Facta universitatis - series: Electronics and Energetics,2025.0,journal-article
2-s2.0-105013054451,doi,,0,stm-asf,True,15.0,,"2025 19th Conference on Electrical Machines, Drives and Power Systems (ELMA)",2025.0,proceedings-article
2-s2.0-105007032881,doi,,0,tdm; vor,True,156.0,2367-1017; 2367-1025,Grand Challenges in Biology and Biotechnology,2025.0,book-chapter
2-s2.0-105023094889,doi,,0,tdm; vor,True,16.0,2366-2557; 2366-2565,Lecture Notes in Civil Engineering,2025.0,book-chapter
2-s2.0-105010499212,doi,,0,stm-asf,True,20.0,,2025 18th International Conference on Engineering of Modern Electric Systems (EMES),2025.0,proceedings-article
2-s2.0-105019900679,doi,,0,,False,0.0,,Transforming Healthcare Infrastructure,2025.0,book-chapter
2-s2.0-105027939394,doi,,0,tdm; vor,True,9.0,1742-6588; 1742-6596,Journal of Physics: Conference Series,2025.0,journal-article
2-s2.0-105030725460,doi,,0,stm-asf,True,13.0,,2025 11th International Conference on Electrical Energy Systems (ICEES),2025.0,proceedings-article
2-s2.0-105021581199,doi,,0,,False,0.0,1791-9320; 1791-2377,Journal of Engineering Science and Technology Review,2025.0,journal-article
2-s2.0-85205806966,doi,,0,stm-asf; vor,True,28.0,0093-9994; 1939-9367,IEEE Transactions on Industry Applications,2025.0,journal-article
2-s2.0-105024220328,doi,,0,vor,True,28.0,2475-8876; 2475-8876,JAPAN ARCHITECTURAL REVIEW,2025.0,journal-article
2-s2.0-105025454948,doi,,0,tdm; vor,True,10.0,1755-1307; 1755-1315,IOP Conference Series: Earth and Environmental Science,2025.0,journal-article
2-s2.0-105031070668,doi,,0,stm-asf,True,5.0,,2025 IEEE PES 35th Australasian Universities Power Engineering Conference (AUPEC),2025.0,proceedings-article
2-s2.0-85211916172,doi,,0,tdm; vor,True,30.0,1996-3599; 1996-8744,Building Simulation,2024.0,journal-article
2-s2.0-105022788070,doi,,0,,False,0.0,2042-5945; 2042-5953,World Journal of Science Technology and Sustainable Development,2025.0,journal-article
2-s2.0-105029224768,doi,,0,,False,13.0,3034-3836,Russian Musicology,2025.0,journal-article
2-s2.0-85210246775,doi,,0,tdm; vor,True,23.0,2366-2557; 2366-2565,Lecture Notes in Civil Engineering,2024.0,book-chapter
2-s2.0-105035629366,doi,Shahid Beheshti University,1,stm-asf,True,16.0,,2025 IEEE 4th Industrial Electronics Society Annual On-Line Conference (ONCON),2025.0,proceedings-article
2-s2.0-105030488343,doi,,0,,False,0.0,,Proceedings of the 22nd International Conference on Applied Computing 2025 and 24th International Conference on WWW/Internet 2025,2025.0,proceedings-article
2-s2.0-105023438458,doi,,0,,False,0.0,2710-4265,CAADRIA proceedings,2025.0,proceedings-article
2-s2.0-105006714589,doi,,0,vor,True,48.0,2169-3536,IEEE Access,2025.0,journal-article
2-s2.0-85204129153,doi,Türkiye Bilimsel ve Teknolojik Araştırma Kurumu; Türkiye Bilimsel ve Teknolojik Araştırma Kurumu,2,tdm; vor,True,43.0,2662-7655; 2662-7663,Systems Microbiology and Biomanufacturing,2024.0,journal-article
2-s2.0-105004640278,doi,,0,stm-asf,True,18.0,,2025 IEEE 1st International Conference on Smart and Sustainable Developments in Electrical Engineering (SSDEE),2025.0,proceedings-article
2-s2.0-105030229551,doi,,0,stm-asf,True,14.0,,2025 International Conference on Electromechanical and Energy Systems (SIELMEN),2025.0,proceedings-article
2-s2.0-105021822271,doi,,0,tdm; vor,True,33.0,2366-2557; 2366-2565,Lecture Notes in Civil Engineering,2025.0,book-chapter
2-s2.0-105016207446,doi,,0,tdm; vor,True,28.0,2195-4356; 2195-4364,Lecture Notes in Mechanical Engineering,2025.0,book-chapter
2-s2.0-105027213300,doi,,0,tdm; vor,True,42.0,1755-1307; 1755-1315,IOP Conference Series: Earth and Environmental Science,2025.0,journal-article
2-s2.0-105016780434,doi,,0,stm-asf,True,15.0,,"2025 International Conference on Advancements in Power, Communication and Intelligent Systems (APCI)",2025.0,proceedings-article
2-s2.0-105014513235,not_found,,0,,False,,,,,
2-s2.0-105027196581,doi,,0,tdm; vor,True,19.0,1755-1307; 1755-1315,IOP Conference Series: Earth and Environmental Science,2025.0,journal-article
2-s2.0-105025897495,doi,,0,tdm; vor,True,25.0,1755-1307; 1755-1315,IOP Conference Series: Earth and Environmental Science,2025.0,journal-article
2-s2.0-105015702591,doi,National Natural Science Foundation of China,1,stm-asf,True,19.0,,2025 American Control Conference (ACC),2025.0,proceedings-article
2-s2.0-105035259499,doi,,0,,False,0.0,2522-2708,Building Simulation Conference Proceedings,2025.0,proceedings-article
2-s2.0-105028678744,not_found,,0,,False,,,,,
2-s2.0-105015697152,doi,National Natural Science Foundation of China,1,stm-asf,True,19.0,,2025 American Control Conference (ACC),2025.0,proceedings-article
2-s2.0-105015460519,doi,,0,stm-asf,True,9.0,,2025 Smart Systems Integration Conference and Exhibition (SSI),2025.0,proceedings-article
2-s2.0-85218276725,doi,,0,,False,0.0,2474-395X,Materials Research Proceedings,2025.0,proceedings-article
2-s2.0-85216800372,doi,Natural Science Foundation of Zhejiang Province,1,tdm; vor,True,38.0,0031-9317; 1399-3054,Physiologia Plantarum,2025.0,journal-article
2-s2.0-105009507103,doi,Department of Energy; National Science Foundation,2,vor,True,54.0,2374-4731; 2374-474X,Science and Technology for the Built Environment,2025.0,journal-article
2-s2.0-85219198506,doi,,0,tdm; vor,True,16.0,1877-0509,Procedia Computer Science,2025.0,journal-article
2-s2.0-105033678389,doi,,0,stm-asf,True,12.0,,2025 Third International Conference on Emerging Applications of Material Science and Technology (ICEAMST),2025.0,proceedings-article
2-s2.0-85214110919,doi,,0,tdm; vor,True,29.0,2366-2557; 2366-2565,Lecture Notes in Civil Engineering,2024.0,book-chapter
2-s2.0-105013473853,doi,,0,vor,True,59.0,0003-8628; 1758-9622,Architectural Science Review,2025.0,journal-article
2-s2.0-85210016411,doi,,0,tdm; vor,True,42.0,0302-9743; 1611-3349,Lecture Notes in Computer Science,2024.0,book-chapter
2-s2.0-105017231180,doi,,0,,False,0.0,1937-6472,Progress In Electromagnetics Research B,2025.0,journal-article
2-s2.0-105031883664,doi,,0,stm-asf,True,41.0,,"2025 16th International Conference on Information, Intelligence, Systems &amp;amp; Applications (IISA)",2025.0,proceedings-article
2-s2.0-105028385399,doi,,0,unspecified,True,0.0,2775-2658,International Journal of Robotics and Control Systems,2025.0,journal-article
2-s2.0-105025587258,doi,,0,unspecified,True,0.0,1640-4920; 1640-4920,Inżynieria Mineralna,2025.0,journal-article
2-s2.0-105021800983,doi,University of Malaysia Perlis,1,stm-asf,True,28.0,,2025 IEEE 5th International Conference in Power Engineering Applications (ICPEA),2025.0,proceedings-article
2-s2.0-105027156380,doi,,0,,False,0.0,2732-4494,IET Conference Proceedings,2025.0,journal-article
2-s2.0-105016260143,doi,,0,stm-asf,True,8.0,,2025 IEEE 53rd Photovoltaic Specialists Conference (PVSC),2025.0,proceedings-article
2-s2.0-105036943304,doi,,0,stm-asf,True,25.0,,2025 IEEE First International Conference on Innovations in Engineering and Next-Generation Technologies for Sustainability (ICINVENTS),2025.0,proceedings-article
2-s2.0-105032482402,doi,,0,stm-asf,True,16.0,,2025 37th International Conference on Microelectronics (ICM),2025.0,proceedings-article
2-s2.0-105029103505,doi,,0,unspecified,True,50.0,2471-254X,Hepatology Communications,2025.0,journal-article
2-s2.0-85216130489,doi,,0,stm-asf; vor,True,56.0,0098-3063; 1558-4127,IEEE Transactions on Consumer Electronics,2025.0,journal-article
2-s2.0-105033241070,doi,,0,,False,0.0,2500-0055,Architecture and Engineering,2025.0,journal-article
2-s2.0-105005061718,doi,,0,,False,0.0,,International Conference on Smart Transportation and City Engineering (STCE 2024),2025.0,proceedings-article
2-s2.0-105018715503,none,,0,,False,,,,,
2-s2.0-105011499300,doi,,0,stm-asf,True,11.0,,2025 IEEE Wireless Power Technology Conference and Expo (WPTCE),2025.0,proceedings-article
2-s2.0-105002213128,doi,Waseda Research Institute for Science and Engineering,1,vor,True,53.0,1745-2007; 1752-7589,Architectural Engineering and Design Management,2025.0,journal-article
2-s2.0-105020783248,doi,,0,tdm; vor,True,12.0,2366-2557; 2366-2565,Lecture Notes in Civil Engineering,2025.0,book-chapter
2-s2.0-105010176268,doi,,0,,False,13.0,,International Conference on Transportation and Development 2025,2025.0,proceedings-article
2-s2.0-105025370484,not_found,,0,,False,,,,,
2-s2.0-105012241596,doi,Natural Science Foundation of Sichuan Province; Open Program of State Key Laboratory of Mechanical Transmission for Advanced Equipment; Natural Science Starting Project of Southwest Petroleum University,3,stm-asf; vor,True,40.0,1530-437X; 1558-1748; 2379-9153,IEEE Sensors Journal,2025.0,journal-article
2-s2.0-85209540197,doi,,0,tdm; vor,True,36.0,2366-2557; 2366-2565,Lecture Notes in Civil Engineering,2024.0,book-chapter
2-s2.0-105005327434,doi,National Natural Science Foundation of China; Research Fund of State Key Laboratory of Synthetical Automation for Process Industries in China,2,stm-asf; vor,True,47.0,1545-5955; 1558-3783,IEEE Transactions on Automation Science and Engineering,2025.0,journal-article
2-s2.0-105021808457,doi,,0,stm-asf,True,10.0,,2025 IEEE International Ultrasonics Symposium (IUS),2025.0,proceedings-article
2-s2.0-105034713110,doi,,0,stm-asf,True,15.0,,2025 IEEE International Conference on Robotics and Biomimetics (ROBIO),2025.0,proceedings-article
2-s2.0-105027912674,doi,,0,,False,36.0,0865-4824; 2226-1877,Symmetry Culture and Science,2025.0,journal-article
2-s2.0-105024853067,doi,,0,vor,True,51.0,1346-7581; 1347-2852,Journal of Asian Architecture and Building Engineering,2025.0,journal-article
2-s2.0-105004983666,doi,,0,,False,13.0,,Offshore Technology Conference,2025.0,proceedings-article
2-s2.0-105020849796,doi,,0,tdm; vor,True,27.0,2195-4356; 2195-4364,Lecture Notes in Mechanical Engineering,2025.0,book-chapter
2-s2.0-86000379554,doi,,0,,False,27.0,1745-9737; 1745-9745,Journal of Mathematics and Music,2024.0,journal-article
2-s2.0-85215763538,doi,,0,,False,0.0,2411-801X; 2786-7374,Architectural Studies,2024.0,journal-article
2-s2.0-85210657291,doi,European Commission; EU Framework Programme for Research and Innovation Marie Skłodowska-Curie Actions,2,tdm; vor,True,50.0,0950-0618,Construction and Building Materials,2024.0,journal-article
2-s2.0-105026191910,doi,,0,,False,0.0,2738-2656,Journal of Architectural and Engineering Research,2024.0,journal-article
2-s2.0-85217211102,doi,,0,vor,True,65.0,,SIGGRAPH Asia 2024 Conference Papers,2024.0,proceedings-article
2-s2.0-86000234828,doi,,0,,False,83.0,2330-3271; 2330-328X,"Practice, Progress, and Proficiency in Sustainability",2024.0,book-chapter
2-s2.0-85211459943,doi,,0,,False,37.0,2147-1762,Gazi University Journal of Science,2024.0,journal-article
2-s2.0-85213290982,doi,"National Natural Science Foundation of China; National Natural Science Foundation of China; National Natural Science Foundation of China; National Natural Science Foundation of China; National Natural Science Foundation of China; Fujian Provincial Natural Science Foundation of China; Fujian Provincial Natural Science Foundation of China; Fujian Provincial Natural Science Foundation of China; Fujian Provincial Natural Science Foundation of China; Fujian Provincial Natural Science Foundation of China; Natural Science Foundation of Xiamen, China; Natural Science Foundation of Xiamen, China; Natural Science Foundation of Xiamen, China; Natural Science Foundation of Xiamen, China; Natural Science Foundation of Xiamen, China; Fundamental Research Funds for the Central Universities; Fundamental Research Funds for the Central Universities; Fundamental Research Funds for the Central Universities; Fundamental Research Funds for the Central Universities; Fundamental Research Funds for the Central Universities",20,vor,True,58.0,2075-5309,Buildings,2024.0,journal-article
2-s2.0-85211809819,doi,Committee of the Ministry of Science and Higher Education of the Republic of Kazakhstan,1,vor,True,162.0,2076-3417,Applied Sciences,2024.0,journal-article
2-s2.0-85210503469,doi,Deutsche Forschungsgemeinschaft,1,tdm; vor,True,52.0,2041-1723,Nature Communications,2024.0,journal-article
2-s2.0-85211184888,doi,,0,stm-asf; tdm,True,75.0,2352-7102,Journal of Building Engineering,2024.0,journal-article
2-s2.0-85213353712,doi,,0,tdm; vor,True,52.0,0964-1726; 1361-665X,Smart Materials and Structures,2024.0,journal-article
2-s2.0-85209399497,doi,University Grants Committee; The Hong Kong University of Science and Technology,2,stm-asf; tdm,True,181.0,2352-7102,Journal of Building Engineering,2024.0,journal-article
2-s2.0-85208768810,doi,,0,stm-asf; tdm,True,56.0,0960-1481,Renewable Energy,2024.0,journal-article
2-s2.0-85200792993,doi,,0,,False,0.0,2383-8701,Journal of Daylighting,2024.0,journal-article
2-s2.0-85204708792,doi,,0,tdm; vor,True,64.0,0973-0826,Energy for Sustainable Development,2024.0,journal-article
2-s2.0-85207023604,doi,National Science Foundation; National Science Foundation,2,am; stm-asf; tdm,True,65.0,0378-7788,Energy and Buildings,2024.0,journal-article
2-s2.0-85213206200,doi,,0,vor,True,42.0,2075-5309,Buildings,2024.0,journal-article
2-s2.0-85211459958,doi,,0,,False,62.0,2147-1762,Gazi University Journal of Science,2024.0,journal-article
2-s2.0-85201048940,doi,,0,,False,204.0,1076-0431; 1943-5568,Journal of Architectural Engineering,2024.0,journal-article
2-s2.0-85212765623,doi,,0,,False,0.0,2383-8701,Journal of Daylighting,2024.0,journal-article
2-s2.0-85217873829,not_found,,0,,False,,,,,
2-s2.0-85208287543,doi,Shandong Province Natural Science Foundation; China Scholarship Council,2,am; stm-asf; tdm,True,37.0,2352-7102,Journal of Building Engineering,2024.0,journal-article
2-s2.0-85206235983,doi,"State Agency of Research; Government of Catalonia Agency for Administration of University and Research Grants; Ministerio de Ciencia, Innovación y Universidades; Generalitat de Catalunya; European Social Fund Plus",5,tdm; vor,True,22.0,2352-7102,Journal of Building Engineering,2024.0,journal-article
2-s2.0-85206656325,doi,National Science and Technology Council,1,stm-asf; tdm,True,39.0,0378-7788,Energy and Buildings,2024.0,journal-article
2-s2.0-85208167470,doi,,0,tdm; vor,True,57.0,2045-2322,Scientific Reports,2024.0,journal-article
2-s2.0-85205930214,doi,Tenaga Nasional Berhad,1,stm-asf; tdm,True,39.0,0378-7788,Energy and Buildings,2024.0,journal-article
2-s2.0-85211821540,doi,,0,vor,True,72.0,1996-1073,Energies,2024.0,journal-article
2-s2.0-85214800463,none,,0,,False,,,,,
2-s2.0-85186257121,doi,Agence de la transition écologique,1,tdm; vor,True,61.0,0167-4366; 1572-9680,Agroforestry Systems,2024.0,journal-article
2-s2.0-85211821645,doi,"Center for the Built Environment, University of California, Berkeley; Politecnico di Bari, Italy; European Union Ministry",3,vor,True,40.0,2071-1050,Sustainability,2024.0,journal-article
2-s2.0-85211806010,doi,,0,vor,True,28.0,2071-1050,Sustainability,2024.0,journal-article
2-s2.0-85208493912,doi,,0,stm-asf; tdm,True,39.0,0960-1481,Renewable Energy,2024.0,journal-article
2-s2.0-85210399097,doi,Bundesamt für Energie,1,vor,True,24.0,2367-198X; 2367-198X,Solar RRL,2024.0,journal-article
2-s2.0-85203595360,doi,,0,,False,33.0,1076-0431; 1943-5568,Journal of Architectural Engineering,2024.0,journal-article
2-s2.0-85205445635,doi,,0,,False,38.0,1076-0431; 1943-5568,Journal of Architectural Engineering,2024.0,journal-article
2-s2.0-85216109345,doi,Social Science and Humanities (SSHRC),1,vor,True,44.0,,Proceedings of the International Conference on Mobile and Ubiquitous Multimedia,2024.0,proceedings-article
2-s2.0-105037767672,doi,Fulbright Programme,1,,False,26.0,2042-793X; 2042-7948,Art &amp; the Public Sphere,2024.0,journal-article
2-s2.0-85205309418,doi,,0,stm-asf; tdm,True,83.0,0378-7788,Energy and Buildings,2024.0,journal-article
2-s2.0-85206247474,doi,China Scholarship Council,1,tdm,True,31.0,0038-092X,Solar Energy,2024.0,journal-article
2-s2.0-85205365049,doi,China University of Mining and Technology; China University of Mining and Technology,2,tdm,True,44.0,0038-092X,Solar Energy,2024.0,journal-article
2-s2.0-85210252385,doi,,0,vor,True,29.0,2071-1050,Sustainability,2024.0,journal-article
2-s2.0-85202354380,doi,"Universitas Indonesia; Direktorat Riset and Pengembangan, Universitas Indonesia",2,stm-asf; tdm,True,46.0,2352-7102,Journal of Building Engineering,2024.0,journal-article
2-s2.0-85209745683,doi,Université de Recherche Paris Sciences et Lettres; Agence Nationale de la Recherche,2,vor,True,22.0,2469-990X,Physical Review Fluids,2024.0,journal-article
2-s2.0-85208572749,doi,,0,vor,True,59.0,1996-1073,Energies,2024.0,journal-article
2-s2.0-85204058100,doi,Sistema Nacional de Investigadores; National Secretariat for Science Technology and Innovation,2,stm-asf; tdm,True,57.0,2213-1388,Sustainable Energy Technologies and Assessments,2024.0,journal-article
2-s2.0-85206684932,doi,National Natural Science Foundation of China; National Science Fund for Distinguished Young Scholars,2,stm-asf; tdm,True,44.0,1618-8667,Urban Forestry &amp; Urban Greening,2024.0,journal-article
2-s2.0-85210240463,doi,the NSER Discovery,1,vor,True,124.0,2075-5309,Buildings,2024.0,journal-article
2-s2.0-85199332032,doi,"Department of Agriculture, Australian Government; National Institute of Food and Agriculture; University of Illinois System; Colorado State University",4,vor,True,52.0,2572-2611; 2572-2611,"PLANTS, PEOPLE, PLANET",2024.0,journal-article
2-s2.0-85208094326,doi,,0,vor,True,0.0,0003-8504; 1554-2769,Architectural Design,2024.0,journal-article
2-s2.0-85206444622,doi,,0,tdm; vor,True,62.0,2405-8440,Heliyon,2024.0,journal-article
2-s2.0-85193295346,doi,National Natural Science Foundation of China; National Natural Science Foundation of China; China Postdoctoral Science Foundation; National Key Research and Development Program of China,4,vor,True,60.0,1616-301X; 1616-3028,Advanced Functional Materials,2024.0,journal-article
2-s2.0-85209805755,doi,NSFC,1,vor,True,42.0,,Proceedings of the 32nd ACM International Conference on Multimedia,2024.0,proceedings-article
2-s2.0-85199326987,doi,National Natural Science Foundation of China; Chongqing Municipal Education Commission,2,stm-asf; tdm,True,86.0,2352-7102,Journal of Building Engineering,2024.0,journal-article
2-s2.0-85198604910,doi,,0,stm-asf; tdm,True,59.0,2352-7102,Journal of Building Engineering,2024.0,journal-article
2-s2.0-105018429412,not_found,,0,,False,,,,,
2-s2.0-85193550560,doi,,0,vor,True,43.0,1541-7794; 1541-7808,The Structural Design of Tall and Special Buildings,2024.0,journal-article
2-s2.0-85206446952,doi,National Science Foundation; Virginia Tech; National Science Foundation,3,tdm; vor,True,48.0,1364-503X; 1471-2962,"Philosophical Transactions of the Royal Society A: Mathematical, Physical and Engineering Sciences",2024.0,journal-article
2-s2.0-85196763817,doi,Deutsche Forschungsgemeinschaft,1,tdm; vor,True,118.0,2352-7102,Journal of Building Engineering,2024.0,journal-article
2-s2.0-85206576287,doi,Liaoning Provincial Education Department Project; Liaoning Provincial Education Department Project; Liaoning Provincial Education Department Project; Liaoning Provincial Education Department Project; Liaoning Provincial Science and Technology Department Project; Liaoning Provincial Science and Technology Department Project; Liaoning Provincial Science and Technology Department Project; Liaoning Provincial Science and Technology Department Project; National Natural Science Foundation of China; National Natural Science Foundation of China; National Natural Science Foundation of China; National Natural Science Foundation of China,12,vor,True,48.0,2079-9292,Electronics,2024.0,journal-article
2-s2.0-85204077555,doi,Tenaga Nasional Berhad,1,tdm; vor,True,37.0,2590-1745,Energy Conversion and Management: X,2024.0,journal-article
2-s2.0-85207964682,doi,,0,tdm,True,0.0,1755-7437; 1755-7445,International Journal of Design &amp; Nature and Ecodynamics,2024.0,journal-article
2-s2.0-85201145172,doi,Fundamental Research Funds for the Central Universities of Beijing University of Chemical Technology; National Natural Science Foundation of China National Outstanding Youth Science Fund Project,2,stm-asf; tdm,True,56.0,0960-1481,Renewable Energy,2024.0,journal-article
2-s2.0-85196278097,doi,,0,tdm; vor,True,38.0,1110-0168,Alexandria Engineering Journal,2024.0,journal-article
2-s2.0-85197311150,doi,,0,tdm; vor,True,12.0,0378-7796,Electric Power Systems Research,2024.0,journal-article
2-s2.0-85209090515,doi,,0,unspecified,True,25.0,2588-0195; 2587-9618,International Journal for Computational Civil and Structural Engineering,2024.0,journal-article
2-s2.0-85207243612,doi,,0,vor,True,11.0,2267-1242,E3S Web of Conferences,2024.0,journal-article
2-s2.0-85195284619,doi,,0,stm-asf; tdm,True,37.0,0360-5442,Energy,2024.0,journal-article
2-s2.0-85202149608,doi,,0,tdm; vor,True,44.0,2405-8440,Heliyon,2024.0,journal-article
2-s2.0-85205219955,doi,Shandong Provincial Fund of Key Advantageous Discipline (Architecture); Natural Science Foundation of Shandong Province,2,vor,True,88.0,2075-5309,Buildings,2024.0,journal-article
2-s2.0-85175971133,doi,,0,tdm,True,63.0,1478-0771; 2048-3988,International Journal of Architectural Computing,2023.0,journal-article
2-s2.0-85197624699,doi,Deutsche Forschungsgemeinschaft,1,tdm; vor,True,62.0,2352-5509,Sustainable Production and Consumption,2024.0,journal-article
2-s2.0-85205041712,doi,,0,vor,True,121.0,2313-7673,Biomimetics,2024.0,journal-article
2-s2.0-85205268572,doi,Wrocław University of Science and Technology,1,vor,True,66.0,2071-1050,Sustainability,2024.0,journal-article
2-s2.0-85205371333,doi,National Research Foundation of Korea (NRF),1,vor,True,48.0,2076-3417,Applied Sciences,2024.0,journal-article
2-s2.0-85207060228,doi,,0,tdm,True,37.0,0143-6244; 1477-0849,Building Services Engineering Research and Technology,2024.0,journal-article
2-s2.0-85199407952,doi,,0,stm-asf; tdm,True,102.0,2213-1388,Sustainable Energy Technologies and Assessments,2024.0,journal-article
2-s2.0-85203627729,doi,Natural Science Foundation of Fujian Province of China; Natural Science Foundation of Xiamen Municipality of China; National Natural Science Foundation of China,3,vor,True,48.0,2079-9292,Electronics,2024.0,journal-article
2-s2.0-85204735589,doi,,0,vor,True,66.0,2075-5309,Buildings,2024.0,journal-article
2-s2.0-85195308006,doi,,0,tdm; vor,True,37.0,0141-0296,Engineering Structures,2024.0,journal-article
2-s2.0-85202174870,doi,,0,tdm; vor,True,14.0,2079-0961; 2079-0988,Arid Ecosystems,2024.0,journal-article
2-s2.0-85205069619,doi,"National Natural Science Foundation of China; National Natural Science Foundation of China; National Natural Science Foundation of China; Agricultural image recognition and processing team, Jilin Provincial Science and Technology Department of young and middle-aged scientific and technological innovation and entrepreneurship excellence talent (team) project (innovation category); Agricultural image recognition and processing team, Jilin Provincial Science and Technology Department of young and middle-aged scientific and technological innovation and entrepreneurship excellence talent (team) project (innovation category); Agricultural image recognition and processing team, Jilin Provincial Science and Technology Department of young and middle-aged scientific and technological innovation and entrepreneurship excellence talent (team) project (innovation category); Jilin Province Science and Technology Development Plan Project; Jilin Province Science and Technology Development Plan Project; Jilin Province Science and Technology Development Plan Project",9,vor,True,44.0,2073-4395,Agronomy,2024.0,journal-article
2-s2.0-85206009826,none,,0,,False,,,,,
2-s2.0-85198328600,doi,Fundação para a Ciência e a Tecnologia,1,tdm; vor,True,38.0,0360-1323,Building and Environment,2024.0,journal-article
2-s2.0-85198028654,doi,,0,stm-asf; tdm,True,60.0,0360-1323,Building and Environment,2024.0,journal-article
2-s2.0-85195599299,doi,New Energy and Industrial Technology Development Organization,1,tdm; vor,True,22.0,0927-0248,Solar Energy Materials and Solar Cells,2024.0,journal-article
2-s2.0-85195181008,doi,Guangdong Polytechnic Normal University; National Natural Science Foundation of China; Science and Technology Planning Project of Fuzhou,3,stm-asf; tdm,True,48.0,1359-4311,Applied Thermal Engineering,2024.0,journal-article
2-s2.0-85200875088,doi,,0,tdm; vor,True,106.0,2405-8440,Heliyon,2024.0,journal-article
2-s2.0-85203747617,doi,,0,,False,19.0,2330-3271; 2330-328X,"Practice, Progress, and Proficiency in Sustainability",2024.0,book-chapter
2-s2.0-85202470326,doi,Concordia University,1,vor,True,43.0,2313-7673,Biomimetics,2024.0,journal-article
2-s2.0-85191238297,doi,,0,stm-asf; tdm,True,50.0,2352-7102,Journal of Building Engineering,2024.0,journal-article
2-s2.0-85193508532,doi,National Natural Science Foundation of China; National Natural Science Foundation of China,2,tdm; vor,True,48.0,2095-8099,Engineering,2024.0,journal-article
2-s2.0-85197349928,doi,"European Commission; Universidad de Almería; Federación Española de Enfermedades Raras; Ministerio de Ciencia e Innovación; Instituto Andaluz de Investigación y Formación Agraria, Pesquera, Alimentaria y de la Producción Ecológica; INIA; Espana Ministerio de Ciencia e Innovacion",7,tdm; vor,True,49.0,0378-3774,Agricultural Water Management,2024.0,journal-article
2-s2.0-85186578919,doi,,0,tdm; vor,True,21.0,2250-2106; 2250-2114,Journal of The Institution of Engineers (India): Series B,2024.0,journal-article
2-s2.0-85196655882,doi,,0,stm-asf; tdm,True,39.0,1270-9638,Aerospace Science and Technology,2024.0,journal-article
2-s2.0-85192055309,doi,,0,tdm; vor,True,88.0,1071-5819,International Journal of Human-Computer Studies,2024.0,journal-article
2-s2.0-85190986013,doi,Coordenação de Aperfeiçoamento de Pessoal de Nível Superior,1,stm-asf; tdm,True,54.0,2352-7102,Journal of Building Engineering,2024.0,journal-article
2-s2.0-85197068505,doi,Fulbright Association,1,tdm,True,54.0,0038-092X,Solar Energy,2024.0,journal-article
2-s2.0-85192065452,doi,European Commission; Fundação para a Ciência e a Tecnologia; Fundação para a Ciência e a Tecnologia,3,tdm; vor,True,143.0,1364-0321,Renewable and Sustainable Energy Reviews,2024.0,journal-article
2-s2.0-85196121888,doi,,0,,False,0.0,2332-1091; 2332-1121,Civil Engineering and Architecture,2024.0,journal-article
2-s2.0-85198495208,doi,,0,vor,True,114.0,2071-1050,Sustainability,2024.0,journal-article
2-s2.0-85209787539,doi,,0,unspecified,True,13.0,2773-8868; 1905-2022,Journal of Architectural/Planning Research and Studies (JARS),2024.0,journal-article
2-s2.0-105030949750,not_found,,0,,False,,,,,
2-s2.0-85193234126,doi,NCCR,1,tdm; vor,True,115.0,0378-7788,Energy and Buildings,2024.0,journal-article
2-s2.0-85189759893,doi,Junta de Andalucia; Gobierno de España Ministerio de Ciencia e Innovación; Gobierno de Espana Ministerio de Educación Cultura y Deporte,3,tdm; vor,True,138.0,2352-7102,Journal of Building Engineering,2024.0,journal-article
2-s2.0-85190752672,doi,,0,stm-asf; tdm,True,56.0,0045-7906,Computers and Electrical Engineering,2024.0,journal-article
2-s2.0-85191965341,doi,Taif University,1,tdm,True,36.0,0957-5820,Process Safety and Environmental Protection,2024.0,journal-article
2-s2.0-85193327869,doi,,0,tdm; vor,True,10.0,2364-4176; 2364-4184,Innovative Infrastructure Solutions,2024.0,journal-article
2-s2.0-85198326903,doi,,0,unspecified,True,23.0,0719-0700,Revista Hábitat Sustentable,2024.0,journal-article
2-s2.0-85194958593,doi,King Fahd University of Petroleum and Minerals,1,tdm; vor,True,95.0,2352-4847,Energy Reports,2024.0,journal-article
2-s2.0-85194831374,doi,,0,,False,0.0,2383-8701,Journal of Daylighting,2024.0,journal-article
2-s2.0-85191352548,doi,Hellenic Foundation for Research and Innovation,1,stm-asf; tdm,True,57.0,0378-7788,Energy and Buildings,2024.0,journal-article
2-s2.0-85185099974,doi,"Department of Science and Technology (DST), Govt. of India",1,tdm; vor,True,20.0,2228-6179; 2364-1827,"Iranian Journal of Science and Technology, Transactions of Electrical Engineering",2024.0,journal-article
2-s2.0-85197406007,doi,,0,,False,0.0,1726-4529,International Journal of Simulation Modelling,2024.0,journal-article
2-s2.0-85191999189,doi,Vedecká grantová agentúra MŠVVaŠ SR a SAV; Ministero dell'Istruzione dell'Università e della Ricerca,2,tdm; vor,True,40.0,0040-6031,Thermochimica Acta,2024.0,journal-article
2-s2.0-85189941591,doi,A.G. Leventis Foundation,1,stm-asf; tdm,True,69.0,0378-7788,Energy and Buildings,2024.0,journal-article
2-s2.0-85189942734,doi,China Scholarship Council,1,tdm; vor,True,54.0,0196-8904,Energy Conversion and Management,2024.0,journal-article
2-s2.0-85189040494,doi,,0,stm-asf; tdm,True,30.0,0360-5442,Energy,2024.0,journal-article
2-s2.0-85194848236,doi,KU Leuven,1,vor,True,97.0,,Proceedings of the CHI Conference on Human Factors in Computing Systems,2024.0,proceedings-article
2-s2.0-85193480312,doi,,0,vor,True,10.0,2267-1242,E3S Web of Conferences,2024.0,journal-article
2-s2.0-85162678127,doi,,0,tdm,True,27.0,0168-2601; 2633-9838,Open House International,2023.0,journal-article
2-s2.0-85185193593,doi,,0,stm-asf; tdm,True,43.0,2352-7102,Journal of Building Engineering,2024.0,journal-article
2-s2.0-85194395337,doi,Deutsche Forschungsgemeinschaft,1,vor,True,44.0,2071-1050,Sustainability,2024.0,journal-article
2-s2.0-85187241288,doi,EPSRC; Royal Academy of Engineering,2,tdm; vor,True,63.0,1359-4311,Applied Thermal Engineering,2024.0,journal-article
2-s2.0-85184882185,doi,,0,tdm; vor,True,30.0,1598-2092; 2093-4718,Journal of Power Electronics,2024.0,journal-article
2-s2.0-105003290008,doi,,0,,False,76.0,2097-1168,National Science Open,2024.0,journal-article
2-s2.0-85177753562,doi,,0,vor,True,34.0,0098-9886; 1097-007X,International Journal of Circuit Theory and Applications,2023.0,journal-article
2-s2.0-85191388995,doi,National Research Foundation of Korea (NRF),1,vor,True,28.0,2075-5309,Buildings,2024.0,journal-article
2-s2.0-85178996662,doi,,0,tdm; vor,True,109.0,2352-7102,Journal of Building Engineering,2024.0,journal-article
2-s2.0-85189749021,doi,Deutsche Bundesstiftung Umwelt; German Research Foundation,2,tdm; vor,True,45.0,2666-1659,Developments in the Built Environment,2024.0,journal-article
2-s2.0-85149849761,doi,,0,tdm; vor,True,29.0,2666-1233,Energy and Built Environment,2024.0,journal-article
2-s2.0-85191373522,doi,"Research Impact Fund; Research Impact Fund; Research Impact Fund; Research Grants Council of the Hong Kong Special Administrative Region, China; Research Grants Council of the Hong Kong Special Administrative Region, China; Research Grants Council of the Hong Kong Special Administrative Region, China; Policy Research Centre for Innovation and Technology (PReCIT), The Hong Kong Polytechnic University; Policy Research Centre for Innovation and Technology (PReCIT), The Hong Kong Polytechnic University; Policy Research Centre for Innovation and Technology (PReCIT), The Hong Kong Polytechnic University; Start-up Fund for RAPs under the Strategic Hiring Scheme from PolyU (UGC); Start-up Fund for RAPs under the Strategic Hiring Scheme from PolyU (UGC); Start-up Fund for RAPs under the Strategic Hiring Scheme from PolyU (UGC)",12,vor,True,52.0,2075-5309,Buildings,2024.0,journal-article
2-s2.0-85188718140,doi,,0,tdm; vor,True,39.0,1678-5878; 1806-3691,Journal of the Brazilian Society of Mechanical Sciences and Engineering,2024.0,journal-article
2-s2.0-85185155533,doi,Spain Ministry of Science and Innovation; Spain Ministry of Science and Innovation; Ministerio de Ciencia e Innovación; Universidad de Oviedo; Fundación para el Fomento en Asturias de la Investigación Científica Aplicada y la Tecnología; Government of Spain Ministry of Universities,6,tdm; vor,True,50.0,1359-4311,Applied Thermal Engineering,2024.0,journal-article
2-s2.0-85187621751,doi,,0,tdm,True,21.0,1472-7978; 1875-8983,Journal of Computational Methods in Sciences and Engineering,2024.0,journal-article
2-s2.0-85187205056,doi,Fundação para a Ciência e a Tecnologia; Fundação para a Ciência e a Tecnologia; Fundação para a Ciência e a Tecnologia; Fundação para a Ciência e a Tecnologia,4,tdm; vor,True,38.0,0264-1275,Materials &amp; Design,2024.0,journal-article
2-s2.0-85182484954,doi,,0,vor,True,38.0,2194-4288; 2194-4296,Energy Technology,2024.0,journal-article
2-s2.0-85184843752,doi,Army Research Office; Princeton University; Momental Foundation,3,am; stm-asf; tdm,True,76.0,0167-6105,Journal of Wind Engineering and Industrial Aerodynamics,2024.0,journal-article
2-s2.0-85192736363,doi,National Natural Science Foundation of China,1,vor,True,43.0,2075-5309,Buildings,2024.0,journal-article
2-s2.0-85188708247,doi,Bundesministerium für Bildung und Forschung; Hochschulbibliothek of Leipzig University of Applied Sciences,2,vor,True,33.0,2076-0825,Actuators,2024.0,journal-article
2-s2.0-85181014575,doi,"University of Salerno; Ministero dell’Istruzione, dell’Università e della Ricerca; Ministero dell’Istruzione, dell’Università e della Ricerca; Ministero degli Affari Esteri e della Cooperazione Internazionale",4,tdm; vor,True,47.0,2666-4968,Applications in Engineering Science,2024.0,journal-article
2-s2.0-85181588416,doi,,0,stm-asf; tdm,True,49.0,0360-5442,Energy,2024.0,journal-article
2-s2.0-85178407544,doi,,0,tdm; vor,True,54.0,0306-2619,Applied Energy,2024.0,journal-article
2-s2.0-85185220226,doi,Università degli Studi di Roma Tor Vergata; Università di Pisa; UIDB; Sapienza Università di Roma,4,tdm; vor,True,38.0,1364-5021; 1471-2946,"Proceedings of the Royal Society A: Mathematical, Physical and Engineering Sciences",2024.0,journal-article
2-s2.0-85193687578,doi,,0,unspecified,True,29.0,2745-0120,Transactions on Energy Systems and Engineering Applications,2024.0,journal-article
2-s2.0-85184678882,doi,"Lancaster University Library; Faculty of Arts and Social Sciences (FASS), Lancaster University",2,vor,True,46.0,2071-1050,Sustainability,2024.0,journal-article
2-s2.0-85181676089,doi,,0,stm-asf; tdm,True,96.0,0360-1323,Building and Environment,2024.0,journal-article
2-s2.0-85185729138,doi,,0,vor,True,78.0,2075-5309,Buildings,2024.0,journal-article
2-s2.0-85184472885,doi,niversity of the West of England (UWE),1,vor,True,101.0,2071-1050,Sustainability,2024.0,journal-article
2-s2.0-85181156252,doi,,0,stm-asf; tdm,True,30.0,0167-7322,Journal of Molecular Liquids,2024.0,journal-article
2-s2.0-85184052162,doi,,0,,False,140.0,0730-7829; 1533-8312,Music Perception: An Interdisciplinary Journal,2024.0,journal-article
2-s2.0-85179495151,doi,National Key Research and Development Program of China; National Natural Science Foundation of China,2,stm-asf; tdm,True,41.0,0360-1323,Building and Environment,2024.0,journal-article
2-s2.0-85196713091,none,,0,,False,,,,,
2-s2.0-105023673830,none,,0,,False,,,,,
2-s2.0-105023670194,none,,0,,False,,,,,
2-s2.0-85208587483,doi,,0,tdm; vor,True,8.0,1755-1307; 1755-1315,IOP Conference Series: Earth and Environmental Science,2024.0,journal-article
2-s2.0-105023678013,none,,0,,False,,,,,
2-s2.0-85185021235,doi,,0,,False,0.0,1687-8418,Journal of Al-Azhar University Engineering Sector,2024.0,journal-article
2-s2.0-85213042914,doi,,0,,False,0.0,2522-4875; 2524-2148,New Design Ideas,2024.0,journal-article
2-s2.0-85207831129,doi,,0,tdm; vor,True,11.0,2366-2557; 2366-2565,Lecture Notes in Civil Engineering,2024.0,book-chapter
2-s2.0-85178491291,doi,,0,,False,0.0,2332-1091; 2332-1121,Civil Engineering and Architecture,2024.0,journal-article
2-s2.0-85210256765,none,,0,,False,,,,,
2-s2.0-85181717522,doi,"Gomore Material Technology Co., Ltd",1,tdm,True,55.0,1744-2591; 1744-2583,Journal of Building Physics,2024.0,journal-article
2-s2.0-85217174703,none,,0,,False,,,,,
2-s2.0-85209815164,doi,,0,,False,0.0,2684-1843,eCAADe proceedings,2024.0,proceedings-article
2-s2.0-85189498379,doi,,0,tdm; vor,True,33.0,2366-2557; 2366-2565,Lecture Notes in Civil Engineering,2024.0,book-chapter
2-s2.0-85190757691,doi,,0,,False,0.0,,,2024.0,posted-content
2-s2.0-85202536231,doi,,0,tdm; vor,True,25.0,2345-7651; 2345-766X,Environmental Footprints and Eco-design of Products and Processes,2024.0,book-chapter
2-s2.0-85202079838,doi,,0,,False,59.0,2046-6099; 2046-6102,Smart and Sustainable Built Environment,2024.0,journal-article
2-s2.0-85190548776,doi,,0,,False,0.0,2325-128X; 2325-1298,The International Journal of Design Education,2024.0,journal-article
2-s2.0-85210560256,doi,,0,stm-asf,True,11.0,,2024 Annual Modeling and Simulation Conference (ANNSIM),2024.0,proceedings-article
2-s2.0-85207651884,doi,U.S. Department of Energy; FCT - Fundação para a Ciência e a Tecnologia,2,stm-asf,True,18.0,,2024 International Conference on Smart Energy Systems and Technologies (SEST),2024.0,proceedings-article
2-s2.0-105012247816,none,,0,,False,,,,,
2-s2.0-85181880021,doi,"Ministry of Science, ICT and Future Planning; Ministry of Science, ICT and Future Planning; Korea government (MOTIE); Korea government (MOTIE)",4,vor,True,42.0,2071-1050,Sustainability,2023.0,journal-article
2-s2.0-85209575958,doi,Lembaga Pengelola Dana Pendidikan; Universitas Indonesia,2,,False,48.0,1750-8975; 1756-6932,Intelligent Buildings International,2024.0,journal-article
2-s2.0-85187575812,doi,,0,tdm; vor,True,21.0,1755-1307; 1755-1315,IOP Conference Series: Earth and Environmental Science,2024.0,journal-article
2-s2.0-85189613424,doi,,0,tdm; vor,True,13.0,2367-3370; 2367-3389,Lecture Notes in Networks and Systems,2024.0,book-chapter
2-s2.0-85192208125,doi,,0,tdm; vor,True,72.0,2522-8714; 2522-8722,"Advances in Science, Technology &amp; Innovation",2024.0,book-chapter
2-s2.0-105012253120,none,,0,,False,,,,,
2-s2.0-105000012199,doi,,0,stm-asf,True,23.0,,2024 Conference on Renewable Energy Technologies and Modern Communications Systems: Future and Challenges,2024.0,proceedings-article
2-s2.0-85208600943,doi,,0,tdm; vor,True,17.0,1755-1307; 1755-1315,IOP Conference Series: Earth and Environmental Science,2024.0,journal-article
2-s2.0-105025595286,doi,,0,vor,True,0.0,2735-4202,Mansoura Engineering Journal,2023.0,journal-article
2-s2.0-85210040944,doi,,0,unspecified,True,0.0,2712-0562,Sustainable Engineering and Innovation,2024.0,journal-article
2-s2.0-85202450668,doi,Ministero dell'Università e della Ricerca (MUR),1,stm-asf,True,22.0,,2024 9th International Conference on Smart and Sustainable Technologies (SpliTech),2024.0,proceedings-article
2-s2.0-85198082947,doi,,0,,False,0.0,2383-8701,Journal of Daylighting,2024.0,journal-article
2-s2.0-85209784237,doi,,0,,False,0.0,2684-1843,eCAADe proceedings,2024.0,proceedings-article
2-s2.0-85218488689,doi,,0,tdm; vor,True,41.0,2367-3370; 2367-3389,Lecture Notes in Networks and Systems,2024.0,book-chapter
2-s2.0-85199805494,doi,,0,vor,True,35.0,2151-8629,Frontiers in Heat and Mass Transfer,2024.0,journal-article
2-s2.0-105023679446,none,,0,,False,,,,,
2-s2.0-85177607250,doi,,0,vor,True,23.0,0003-8628; 1758-9622,Architectural Science Review,2023.0,journal-article
2-s2.0-85205708660,doi,,0,stm-asf,True,14.0,,2024 IEEE 15th International Symposium on Power Electronics for Distributed Generation Systems (PEDG),2024.0,proceedings-article
2-s2.0-85202443656,doi,University of the Basque Country UPV/EHU,1,stm-asf,True,22.0,,2024 9th International Conference on Smart and Sustainable Technologies (SpliTech),2024.0,proceedings-article
2-s2.0-105023697939,none,,0,,False,,,,,
2-s2.0-85177830939,doi,,0,tdm; vor,True,88.0,0360-1323,Building and Environment,2024.0,journal-article
2-s2.0-85211894520,doi,,0,stm-asf,True,0.0,,2024 IEEE International Conference on Environment and Electrical Engineering and 2024 IEEE Industrial and Commercial Power Systems Europe (EEEIC / I&amp;amp;CPS Europe),2024.0,proceedings-article
2-s2.0-85210884603,none,,0,,False,,,,,
2-s2.0-105023699133,none,,0,,False,,,,,
2-s2.0-85179963403,doi,"Research and Innovation Support Foundation of the State of Santa Catarina - Brazil - FAPESC, CNPq; CAPES",2,,False,59.0,1745-2007; 1752-7589,Architectural Engineering and Design Management,2023.0,journal-article
2-s2.0-85195903425,doi,,0,tdm; vor,True,27.0,1865-3529; 1865-3537,Green Energy and Technology,2024.0,book-chapter
2-s2.0-85198964557,doi,,0,stm-asf,True,18.0,,2024 2nd International Conference on Electrical Engineering and Automatic Control (ICEEAC),2024.0,proceedings-article
2-s2.0-85200437303,doi,,0,tdm; vor,True,10.0,2198-2546; 2198-2554,Advances in 21st Century Human Settlements,2024.0,book-chapter
2-s2.0-86000026738,doi,,0,stm-asf,True,10.0,,2024 9th International Conference on Business and Industrial Research (ICBIR),2024.0,proceedings-article
2-s2.0-105023708616,none,,0,,False,,,,,
2-s2.0-85192358221,doi,,0,stm-asf,True,11.0,,2024 4th International Conference on Consumer Electronics and Computer Engineering (ICCECE),2024.0,proceedings-article
2-s2.0-85196642089,doi,,0,stm-asf,True,10.0,,2024 6th Asia Energy and Electrical Engineering Symposium (AEEES),2024.0,proceedings-article
2-s2.0-85216708241,doi,,0,,False,0.0,2831-9524; 2831-9532,International Conference on Shape Memory and Superelastic Technologies,2024.0,proceedings-article
2-s2.0-105027921914,none,,0,,False,,,,,
2-s2.0-85208956186,doi,,0,tdm; vor,True,12.0,2366-2557; 2366-2565,Lecture Notes in Civil Engineering,2024.0,book-chapter
2-s2.0-85210586773,doi,,0,stm-asf,True,24.0,,2024 Annual Modeling and Simulation Conference (ANNSIM),2024.0,proceedings-article
2-s2.0-86000268647,doi,,0,stm-asf,True,10.0,,"2024 4th International Conference on Energy, Power and Electrical Engineering (EPEE)",2024.0,proceedings-article
2-s2.0-85209773472,doi,,0,,False,0.0,2684-1843,eCAADe proceedings,2024.0,proceedings-article
2-s2.0-85140230451,doi,,0,,False,51.0,0377-2063; 0974-780X,IETE Journal of Research,2022.0,journal-article
2-s2.0-85211811073,doi,,0,stm-asf,True,17.0,,2024 IEEE Eighth Ecuador Technical Chapters Meeting (ETCM),2024.0,proceedings-article
2-s2.0-85217173823,none,,0,,False,,,,,
2-s2.0-85190370751,doi,,0,stm-asf,True,18.0,,"2024 Third International Conference on Power, Control and Computing Technologies (ICPC2T)",2024.0,proceedings-article
2-s2.0-85184285537,doi,,0,tdm; vor,True,8.0,2731-9040; 2731-9059,Computational Design and Robotic Fabrication,2024.0,book-chapter
2-s2.0-85217350242,doi,,0,,False,0.0,,Advances in Sustainable Biomaterials,2024.0,book-chapter
2-s2.0-85211010181,doi,"Liao Ning Revitalization Talents Program; Science and Technology Partnership Program, Ministry of Science and Technology of China",2,tdm,True,84.0,0958-305X; 2048-4070,Energy &amp; Environment,2024.0,journal-article
2-s2.0-85218343194,doi,,0,stm-asf,True,15.0,,2024 International Conference on Intelligent Computing and Sustainable Innovations in Technology (IC-SIT),2024.0,proceedings-article
2-s2.0-85214452174,doi,,0,stm-asf,True,0.0,,2024 The 9th International Conference on Power and Renewable Energy (ICPRE),2024.0,proceedings-article
2-s2.0-85204828546,doi,,0,,False,0.0,,Thermal Evaluation of Indoor Climate and Energy Storage in Buildings,2024.0,book-chapter
2-s2.0-85200456031,doi,,0,tdm; vor,True,11.0,2198-2546; 2198-2554,Advances in 21st Century Human Settlements,2024.0,book-chapter
2-s2.0-105000064557,doi,,0,tdm; vor,True,36.0,2731-6483; 2731-6491,Urban Sustainability,2024.0,book-chapter
2-s2.0-85194749202,doi,,0,,False,29.0,,Behavior and Mechanics of Multifunctional Materials XVIII,2024.0,proceedings-article
2-s2.0-85210237201,none,,0,,False,,,,,
2-s2.0-85207520247,doi,,0,,False,0.0,2732-4494,IET Conference Proceedings,2024.0,journal-article
2-s2.0-85213308925,doi,,0,,False,0.0,2434-1436; 2434-1436,Proceedings of International Exchange and Innovation Conference on Engineering &amp; Sciences (IEICES),2024.0,journal-article
2-s2.0-85192763646,doi,,0,,False,0.0,2644-108X,Proceedings of International Structural Engineering and Construction,2024.0,journal-article
2-s2.0-85198368003,doi,,0,stm-asf,True,16.0,,"2024 8th International Conference on Smart Cities, Internet of Things and Applications (SCIoT)",2024.0,proceedings-article
2-s2.0-85182254345,doi,National Key Research and Development Program of China; National Natural Science Foundation of China,2,stm-asf; tdm,True,41.0,0196-8904,Energy Conversion and Management,2024.0,journal-article
2-s2.0-85198509817,doi,,0,stm-asf,True,19.0,,2024 25th International Carpathian Control Conference (ICCC),2024.0,proceedings-article
2-s2.0-85217005648,doi,,0,tdm; vor,True,0.0,2191-530X; 2191-5318,SpringerBriefs in Applied Sciences and Technology,2024.0,book
2-s2.0-85210486953,doi,,0,vor,True,28.0,1546-0118,Energy Engineering,2024.0,journal-article
2-s2.0-105002392945,doi,,0,,False,0.0,2732-4494,IET Conference Proceedings,2025.0,journal-article
2-s2.0-85159069028,doi,,0,unspecified,True,52.0,2399-8083; 2399-8091,Environment and Planning B: Urban Analytics and City Science,2023.0,journal-article
2-s2.0-105003807894,doi,,0,unspecified,True,38.0,2543-4292,Power Electronics and Drives,2024.0,journal-article
2-s2.0-105001580201,doi,,0,stm-asf,True,19.0,,2024 25th International Middle East Power System Conference (MEPCON),2024.0,proceedings-article
2-s2.0-85211597558,doi,,0,stm-asf,True,8.0,,2024 IEEE 52nd Photovoltaic Specialist Conference (PVSC),2024.0,proceedings-article
2-s2.0-85183349906,doi,Department of Energy; National Science Foundation,2,,False,54.0,2374-4731; 2374-474X,Science and Technology for the Built Environment,2024.0,journal-article
2-s2.0-105002275686,doi,,0,stm-asf,True,9.0,,"2024 International Conference on Communication, Control, and Intelligent Systems (CCIS)",2024.0,proceedings-article
2-s2.0-85086334798,doi,"Deanship of Scientific Research at King Saud University, Riyadh, Saudi Arabia for funding this work through research group No",1,,False,28.0,1556-7036; 1556-7230,"Energy Sources, Part A: Recovery, Utilization, and Environmental Effects",2020.0,journal-article
2-s2.0-85183582835,doi,National Natural Science Foundation of China; National Natural Science Foundation of China; National Natural Science Foundation of China; CITIC Limited; CITIC Limited; CITIC Limited,6,vor,True,96.0,2075-5309,Buildings,2023.0,journal-article
2-s2.0-85189561696,doi,,0,tdm; vor,True,33.0,2366-2557; 2366-2565,Lecture Notes in Civil Engineering,2024.0,book-chapter
2-s2.0-85171674552,doi,,0,,False,43.0,1745-2007; 1752-7589,Architectural Engineering and Design Management,2023.0,journal-article
2-s2.0-85188660981,doi,,0,,False,34.0,,Construction Research Congress 2024,2024.0,proceedings-article
2-s2.0-85216683972,doi,,0,stm-asf,True,7.0,,2024 3rd International Conference on Power Systems and Electrical Technology (PSET),2024.0,proceedings-article
2-s2.0-85207224128,doi,,0,tdm; vor,True,23.0,1865-3529; 1865-3537,Green Energy and Technology,2024.0,book-chapter
2-s2.0-85187024252,doi,,0,unspecified,True,0.0,1989-9890,Investigaciones Geográficas,2024.0,journal-article
2-s2.0-85211631730,doi,,0,stm-asf,True,2.0,,2024 IEEE 52nd Photovoltaic Specialist Conference (PVSC),2024.0,proceedings-article
2-s2.0-85165186940,doi,,0,,False,49.0,1550-2724; 1550-2716,LEUKOS,2023.0,journal-article
2-s2.0-85198450166,doi,,0,tdm; vor,True,18.0,2366-2557; 2366-2565,Lecture Notes in Civil Engineering,2024.0,book-chapter
2-s2.0-105002724855,doi,,0,stm-asf,True,10.0,,2024 Asian Conference on Intelligent Technologies (ACOIT),2024.0,proceedings-article
2-s2.0-85198949997,doi,,0,stm-asf,True,21.0,,2024 2nd International Conference on Electrical Engineering and Automatic Control (ICEEAC),2024.0,proceedings-article
2-s2.0-85210820768,doi,,0,stm-asf,True,15.0,,"2023 Second IEEE International Conference on Measurement, Instrumentation, Control and Automation (ICMICA)",2024.0,proceedings-article
2-s2.0-105027925874,none,,0,,False,,,,,
2-s2.0-105000576167,doi,,0,stm-asf; tdm,True,28.0,,Encyclopedia of Sustainable Technologies,2024.0,book-chapter
2-s2.0-85196731286,none,,0,,False,,,,,
2-s2.0-85187140211,doi,,0,vor,True,29.0,2297-3362,Frontiers in Built Environment,2024.0,journal-article
2-s2.0-85207102947,doi,,0,stm-asf,True,14.0,,2024 7th International Conference on Computer Information Science and Application Technology (CISAT),2024.0,proceedings-article
2-s2.0-105029338663,doi,,0,stm-asf; tdm,True,16.0,,"Encyclopedia of Energy, Natural Resource, and Environmental Economics",2025.0,book-chapter
2-s2.0-85188892702,doi,,0,,False,59.0,1745-2007; 1752-7589,Architectural Engineering and Design Management,2024.0,journal-article
2-s2.0-85177043703,doi,,0,tdm; vor,True,10.0,2366-2557; 2366-2565,Lecture Notes in Civil Engineering,2023.0,book-chapter
2-s2.0-85202160255,doi,,0,,False,0.0,1475-3219; 1741-8038,International Journal of Critical Infrastructures,2024.0,journal-article
2-s2.0-85217816030,doi,,0,,False,0.0,,Proceedings of Solar World Congress 2023,2023.0,proceedings-article
2-s2.0-85196720354,none,,0,,False,,,,,
2-s2.0-85209791827,doi,,0,,False,0.0,2684-1843,eCAADe proceedings,2024.0,proceedings-article
2-s2.0-85200388144,doi,,0,tdm; vor,True,12.0,2366-2557; 2366-2565,Lecture Notes in Civil Engineering,2024.0,book-chapter
2-s2.0-85210414282,doi,"HORIZON EUROPE Climate, Energy and Mobility",1,unspecified,True,90.0,2055-2076; 2055-2076,DIGITAL HEALTH,2024.0,journal-article
2-s2.0-85173062244,doi,Tianjin Municipal Natural Science Foundation; Ministry of Science and Technology of the People&apos;s Republic of China,2,stm-asf; tdm,True,65.0,0306-2619,Applied Energy,2024.0,journal-article
2-s2.0-85211442549,doi,,0,,False,89.0,0144-3410; 1469-5820,Educational Psychology,2024.0,journal-article
2-s2.0-85206218148,doi,,0,tdm; vor,True,17.0,1865-3529; 1865-3537,Green Energy and Technology,2024.0,book-chapter
2-s2.0-85172272241,doi,,0,tdm; vor,True,93.0,1996-3599; 1996-8744,Building Simulation,2023.0,journal-article
2-s2.0-85180515387,doi,"Japan Advanced Institute of Science and Technology (JAIST); Thailand’s National Electronics and Computer Technology Centre (NECTEC); Sirindhorn International Institute of Technology, Thammasat University",3,vor,True,54.0,2313-7673,Biomimetics,2023.0,journal-article
2-s2.0-85177649709,doi,Ain Shams University; Ain Shams University,2,tdm; vor,True,54.0,2045-2322,Scientific Reports,2023.0,journal-article
2-s2.0-85171331771,doi,National Research Foundation of Korea; National Research Foundation of Korea,2,stm-asf; tdm,True,77.0,0926-5805,Automation in Construction,2023.0,journal-article
2-s2.0-105003744645,doi,,0,tdm; vor,True,35.0,2731-6319,Low-carbon Materials and Green Construction,2023.0,journal-article
2-s2.0-85175145895,doi,"Università degli Studi di Napoli Federico II; Dipartimento di Ingegneria Chimica, dei Materiali e della Produzione Industriale, Università degli Studi di Napoli Federico II",2,tdm; vor,True,152.0,1364-0321,Renewable and Sustainable Energy Reviews,2023.0,journal-article
2-s2.0-85173153049,doi,Science Foundation Ireland,1,tdm; vor,True,51.0,2590-1230,Results in Engineering,2023.0,journal-article
2-s2.0-85175349177,doi,National Science Foundation; National Science Foundation,2,am; stm-asf; tdm,True,63.0,2352-7102,Journal of Building Engineering,2023.0,journal-article
2-s2.0-85177607076,doi,Ministry of Science and Technology of the People's Republic of China,1,stm-asf; tdm,True,43.0,2352-7102,Journal of Building Engineering,2023.0,journal-article
2-s2.0-85174678233,doi,"NSERC; Mitacs; Canada Foundation for Innovation; Canada Research Chairs; Ontario Ministry of Research, Innovation and Science",5,stm-asf; tdm,True,87.0,0378-7788,Energy and Buildings,2023.0,journal-article
2-s2.0-85170518530,doi,,0,,False,17.0,1076-0431; 1943-5568,Journal of Architectural Engineering,2023.0,journal-article
2-s2.0-85171565341,doi,"Ministry of Science, ICT and Future Planning; Ministry of Science, ICT and Future Planning; Ministry of Education, Science and Technology; Vagelos Institute for Energy Science and Technology, University of Pennsylvania",4,vor,True,44.0,2366-7486; 2366-7486,Advanced Sustainable Systems,2023.0,journal-article
2-s2.0-85164106695,doi,,0,tdm; vor,True,63.0,2662-4435,Communications Earth &amp; Environment,2023.0,journal-article
2-s2.0-85178883143,doi,,0,tdm; vor,True,33.0,2041-1723,Nature Communications,2023.0,journal-article
2-s2.0-85176407845,doi,,0,stm-asf; tdm,True,150.0,2352-7102,Journal of Building Engineering,2023.0,journal-article
2-s2.0-85171480738,doi,,0,stm-asf; tdm,True,59.0,0960-1481,Renewable Energy,2023.0,journal-article
2-s2.0-85169059487,doi,National Natural Science Foundation of China; National Natural Science Foundation of China; Yunnan Provincial Basic Research Project,3,tdm; vor,True,40.0,2367-2617; 2367-0983,Protection and Control of Modern Power Systems,2023.0,journal-article
2-s2.0-85165682605,doi,,0,tdm; vor,True,99.0,1996-3599; 1996-8744,Building Simulation,2023.0,journal-article
2-s2.0-85165606815,doi,,0,stm-asf; tdm,True,57.0,0360-5442,Energy,2023.0,journal-article
2-s2.0-85178051226,doi,,0,,False,6.0,0094-243X,AIP Conference Proceedings,2023.0,proceedings-article
2-s2.0-85178344728,doi,,0,vor,True,105.0,2075-5309,Buildings,2023.0,journal-article
2-s2.0-85170421177,doi,California Energy Commission; US Department of Energy,2,tdm; vor,True,51.0,0378-7788,Energy and Buildings,2023.0,journal-article
2-s2.0-85199235039,doi,"University of North Carolina at Charlotte, Faculty Research Grant",1,vor,True,30.0,2071-1050,Sustainability,2023.0,journal-article
2-s2.0-85161857981,doi,,0,tdm; vor,True,20.0,2193-567X; 2191-4281,Arabian Journal for Science and Engineering,2023.0,journal-article
2-s2.0-85172238485,doi,,0,,False,43.0,0733-9445; 1943-541X,Journal of Structural Engineering,2023.0,journal-article
2-s2.0-85179555847,doi,Rijksdienst voor Ondernemend Nederland,1,tdm; vor,True,38.0,1941-7012,Journal of Renewable and Sustainable Energy,2023.0,journal-article
2-s2.0-85170405680,doi,China Scholarship Council,1,tdm; vor,True,79.0,0378-7788,Energy and Buildings,2023.0,journal-article
2-s2.0-85170437572,doi,,0,stm-asf; tdm,True,37.0,0360-5442,Energy,2023.0,journal-article
2-s2.0-85175708869,doi,,0,vor,True,0.0,0003-8504; 1554-2769,Architectural Design,2023.0,journal-article
2-s2.0-85167783854,doi,Ministry of Finance of the Republic of Indonesia; Lembaga Pengelola Dana Pendidikan,2,tdm; vor,True,39.0,2352-7102,Journal of Building Engineering,2023.0,journal-article
2-s2.0-85168003403,doi,,0,stm-asf; tdm,True,51.0,0378-7788,Energy and Buildings,2023.0,journal-article
2-s2.0-85166637933,doi,Office of Energy Efficiency and Renewable Energy; Building Technologies Office; U.S. Department of Energy,3,am; tdm,True,26.0,0306-2619,Applied Energy,2023.0,journal-article
2-s2.0-85176105103,doi,,0,vor,True,7.0,,Proceedings of the 2023 ACM Symposium on Spatial User Interaction,2023.0,proceedings-article
2-s2.0-85179158560,doi,,0,vor,True,17.0,2267-1242,E3S Web of Conferences,2023.0,journal-article
2-s2.0-85174565531,doi,Ministerio de Ciencia e Innovación; Ministerio de Ciencia e Innovación,2,tdm; vor,True,19.0,1094-4087,Optics Express,2023.0,journal-article
2-s2.0-85165553149,doi,,0,stm-asf; tdm,True,55.0,0304-3894,Journal of Hazardous Materials,2023.0,journal-article
2-s2.0-85163866442,doi,National Natural Science Foundation of China; National Natural Science Foundation of China; National Natural Science Foundation of China,3,tdm; vor,True,60.0,2210-6707,Sustainable Cities and Society,2023.0,journal-article
2-s2.0-85164688708,doi,,0,stm-asf; tdm,True,125.0,2352-7102,Journal of Building Engineering,2023.0,journal-article
2-s2.0-85171620926,doi,,0,am; stm-asf; tdm,True,42.0,0378-7788,Energy and Buildings,2023.0,journal-article
2-s2.0-85164364748,doi,Conselho Nacional de Desenvolvimento Científico e Tecnológico; Conselho Nacional de Desenvolvimento Científico e Tecnológico,2,tdm; vor,True,26.0,2095-2635,Frontiers of Architectural Research,2023.0,journal-article
2-s2.0-85165353988,doi,National Key Research and Development Program of China; International Science and Technology Cooperation Programme,2,stm-asf; tdm,True,80.0,0378-7788,Energy and Buildings,2023.0,journal-article
2-s2.0-85169019778,doi,Science Foundation Ireland,1,tdm; vor,True,52.0,0360-1323,Building and Environment,2023.0,journal-article
2-s2.0-85173863789,doi,,0,vor,True,219.0,1996-1073,Energies,2023.0,journal-article
2-s2.0-85174214387,doi,,0,vor,True,257.0,2071-1050,Sustainability,2023.0,journal-article
2-s2.0-85162256640,doi,Horizon 2020; European Commission,2,tdm; vor,True,25.0,0360-5442,Energy,2023.0,journal-article
2-s2.0-85150372995,doi,,0,tdm; vor,True,48.0,1996-3599; 1996-8744,Building Simulation,2023.0,journal-article
2-s2.0-85167817916,doi,"National Institute of Technology Srinagar; Department of Science and Technology, Ministry of Science and Technology, India; National Institute of Technology Warangal",3,stm-asf; tdm,True,38.0,0196-8904,Energy Conversion and Management,2023.0,journal-article
2-s2.0-85151526234,doi,,0,tdm; vor,True,44.0,1996-3599; 1996-8744,Building Simulation,2023.0,journal-article
2-s2.0-85174862975,doi,,0,vor,True,26.0,1996-1073,Energies,2023.0,journal-article
2-s2.0-85175547871,doi,Simons Foundation,1,vor,True,99.0,2075-4434,Galaxies,2023.0,journal-article
2-s2.0-85177842932,doi,,0,,False,55.0,0094-243X,AIP Conference Proceedings,2023.0,proceedings-article
2-s2.0-85173843361,doi,,0,,False,12.0,2397-8759,Proceedings of the Institution of Civil Engineers - Smart Infrastructure and Construction,2024.0,journal-article
2-s2.0-85162103987,doi,National Key Research and Development Program of China,1,stm-asf; tdm,True,127.0,1364-0321,Renewable and Sustainable Energy Reviews,2023.0,journal-article
2-s2.0-85172734730,doi,,0,vor,True,104.0,1996-1073,Energies,2023.0,journal-article
2-s2.0-85170576508,doi,CONSTRUCT—Instituto de I&amp;D em Estruturas e Construções; FCT,2,vor,True,30.0,1996-1073,Energies,2023.0,journal-article
2-s2.0-85162847924,doi,Education Department of Jiangxi Province; National Natural Science Foundation of China; Jiangxi University of Science and Technology,3,tdm,True,34.0,2352-0124,Structures,2023.0,journal-article
2-s2.0-105018889940,doi,,0,tdm; vor,True,39.0,2730-9886; 2730-9894,"Architecture, Structures and Construction",2023.0,journal-article
2-s2.0-85162807439,doi,,0,stm-asf; tdm,True,98.0,0196-8904,Energy Conversion and Management,2023.0,journal-article
2-s2.0-85153407141,doi,,0,vor,True,44.0,0098-9886; 1097-007X,International Journal of Circuit Theory and Applications,2023.0,journal-article
2-s2.0-85164710412,doi,Région Pays de la Loire,1,am; stm-asf; tdm,True,40.0,1359-4311,Applied Thermal Engineering,2023.0,journal-article
2-s2.0-85172737242,doi,"Deutsche Forschungsgemeinschaft (DFG, German Research Foundation); Open Access Publishing Fund of Technical University of Darmstadt",2,vor,True,82.0,1996-1073,Energies,2023.0,journal-article
2-s2.0-85176352496,doi,,0,,False,22.0,,Multimodal Biometric and Machine Learning Technologies,2023.0,other
2-s2.0-85163062642,doi,,0,stm-asf; tdm,True,30.0,0950-0618,Construction and Building Materials,2023.0,journal-article
2-s2.0-85159225348,doi,,0,stm-asf; tdm,True,68.0,2352-7102,Journal of Building Engineering,2023.0,journal-article
2-s2.0-85151370881,doi,,0,tdm; vor,True,44.0,2095-2635,Frontiers of Architectural Research,2023.0,journal-article
2-s2.0-85169140900,doi,National Research Foundation,1,vor,True,52.0,2075-5309,Buildings,2023.0,journal-article
2-s2.0-85169091659,doi,National Nature Science Foundation of China,1,vor,True,43.0,2076-3417,Applied Sciences,2023.0,journal-article
2-s2.0-85167729686,doi,University Student Innovation and Entrepreneurship Training Program Project of Jiangsu Province; University Student Innovation and Entrepreneurship Training Program Project of Jiangsu Province; Scientific Research Foundation of Nanjing Institute of Technology; Scientific Research Foundation of Nanjing Institute of Technology,4,vor,True,35.0,2079-9292,Electronics,2023.0,journal-article
2-s2.0-85169124666,doi,,0,,False,0.0,1823-4208; 2232-1500,Journal of Design and Built Environment,2023.0,journal-article
2-s2.0-85167680032,doi,,0,vor,True,21.0,,Designing Interactive Systems Conference,2023.0,proceedings-article
2-s2.0-85198731386,doi,,0,vor,True,49.0,1050-0472; 1528-9001,Journal of Mechanical Design,2023.0,journal-article
2-s2.0-85164906138,doi,European Social Fund,1,vor,True,43.0,1996-1073,Energies,2023.0,journal-article
2-s2.0-85166175921,doi,King Fahd University of Petroleum and Minerals,1,vor,True,164.0,2071-1050,Sustainability,2023.0,journal-article
2-s2.0-85164496083,doi,,0,vor,True,27.0,2267-1242,E3S Web of Conferences,2023.0,journal-article
2-s2.0-85150371652,doi,,0,stm-asf; tdm,True,45.0,2352-7102,Journal of Building Engineering,2023.0,journal-article
2-s2.0-85150336122,doi,,0,stm-asf; tdm,True,62.0,2352-7102,Journal of Building Engineering,2023.0,journal-article
2-s2.0-85153574391,doi,,0,tdm; vor,True,61.0,0378-7788,Energy and Buildings,2023.0,journal-article
2-s2.0-85150448155,doi,National Key Research and Development Program of China,1,stm-asf; tdm,True,44.0,2352-7102,Journal of Building Engineering,2023.0,journal-article
2-s2.0-85154620492,doi,,0,stm-asf; tdm,True,73.0,0360-1323,Building and Environment,2023.0,journal-article
2-s2.0-85162130738,doi,,0,,False,0.0,2383-8701,Journal of Daylighting,2023.0,journal-article
2-s2.0-85156145141,doi,,0,stm-asf; tdm,True,77.0,2213-1388,Sustainable Energy Technologies and Assessments,2023.0,journal-article
2-s2.0-85149789328,doi,,0,stm-asf; tdm,True,82.0,2213-1388,Sustainable Energy Technologies and Assessments,2023.0,journal-article
2-s2.0-85148855066,doi,,0,tdm; vor,True,47.0,2195-3880; 2195-3899,"Journal of Control, Automation and Electrical Systems",2023.0,journal-article
2-s2.0-85148689706,doi,National Key Research and Development Program of China,1,stm-asf; tdm,True,42.0,2352-7102,Journal of Building Engineering,2023.0,journal-article
2-s2.0-85163711219,doi,Colegio Territorial de Arquitectos de Alicante (CTAA),1,vor,True,85.0,2075-5309,Buildings,2023.0,journal-article
2-s2.0-85153672084,doi,Natural Sciences and Engineering Research Council of Canada; Natural Sciences and Engineering Research Council of Canada; Natural Sciences and Engineering Research Council of Canada,3,stm-asf; tdm,True,66.0,0360-1323,Building and Environment,2023.0,journal-article
2-s2.0-85160775362,doi,,0,vor,True,7.0,2267-1242,E3S Web of Conferences,2023.0,journal-article
2-s2.0-85147607160,doi,Deutsche Forschungsgemeinschaft,1,stm-asf; tdm,True,78.0,2352-7102,Journal of Building Engineering,2023.0,journal-article
2-s2.0-85151884739,doi,,0,tdm; vor,True,61.0,0038-092X,Solar Energy,2023.0,journal-article
2-s2.0-85160646711,doi,,0,,False,16.0,0094-243X,AIP Conference Proceedings,2023.0,proceedings-article
2-s2.0-85151018182,doi,,0,tdm; vor,True,122.0,0360-1323,Building and Environment,2023.0,journal-article
2-s2.0-85151983532,doi,,0,tdm; vor,True,57.0,0043-7719; 1432-5225,Wood Science and Technology,2023.0,journal-article
2-s2.0-85149867129,doi,,0,tdm; vor,True,27.0,0378-7788,Energy and Buildings,2023.0,journal-article
2-s2.0-85159271790,doi,,0,vor,True,68.0,1996-1073,Energies,2023.0,journal-article
2-s2.0-85217916651,doi,,0,,False,0.0,2832-0379,Future Technology,2022.0,journal-article
2-s2.0-85149366089,doi,,0,stm-asf; tdm,True,128.0,0378-7788,Energy and Buildings,2023.0,journal-article
2-s2.0-85147506039,doi,London South Bank University,1,tdm,True,26.0,0143-6244; 1477-0849,Building Services Engineering Research and Technology,2023.0,journal-article
2-s2.0-85165363410,doi,,0,,False,0.0,2321-8169,International Journal on Recent and Innovation Trends in Computing and Communication,2023.0,journal-article
2-s2.0-85159654611,doi,,0,,False,16.0,0094-243X,AIP Conference Proceedings,2023.0,proceedings-article
2-s2.0-85148544560,doi,,0,tdm; vor,True,67.0,0378-7788,Energy and Buildings,2023.0,journal-article
2-s2.0-85150033000,doi,University of Oregon,1,stm-asf; tdm,True,32.0,0360-1323,Building and Environment,2023.0,journal-article
2-s2.0-85144819052,doi,Brandenburgische Technische Universität Cottbus-Senftenberg; Federal Ministry of the Interior and Community,2,tdm; vor,True,54.0,2352-7102,Journal of Building Engineering,2023.0,journal-article
2-s2.0-85144630997,doi,,0,stm-asf; tdm,True,89.0,2352-7102,Journal of Building Engineering,2023.0,journal-article
2-s2.0-85153778105,doi,Deutsche Forschungsgemeinschaft,1,vor,True,92.0,1996-1073,Energies,2023.0,journal-article
2-s2.0-85147606550,doi,"European Research Council; Ministero dell’Istruzione, dell’Università e della Ricerca",2,stm-asf; tdm,True,42.0,0378-7788,Energy and Buildings,2023.0,journal-article
2-s2.0-85152645224,doi,National Research Foundation of Korea (NRF),1,vor,True,57.0,2076-3417,Applied Sciences,2023.0,journal-article
2-s2.0-85157962488,doi,,0,,False,37.0,1751-4223; 1751-4231,Proceedings of the Institution of Civil Engineers - Energy,2023.0,journal-article
2-s2.0-85156186000,doi,"Western Sydney University; Commonwealth Scientific Research Organization (CSIRO), Energy Business Unit",2,vor,True,56.0,2075-5309,Buildings,2023.0,journal-article
2-s2.0-85149323451,doi,Junta de Andalucía; LIFE programme; European Commission; European Regional Development Fund,4,tdm; vor,True,81.0,1618-8667,Urban Forestry &amp; Urban Greening,2023.0,journal-article
2-s2.0-85161619464,doi,,0,,False,16.0,0567-7572; 2406-6168,Acta Horticulturae,2023.0,journal-article
2-s2.0-85147604019,doi,Deutsche Forschungsgemeinschaft,1,tdm; vor,True,79.0,0360-1323,Building and Environment,2023.0,journal-article
2-s2.0-85149756516,doi,PLUG-N-HARVEST project,1,vor,True,29.0,1996-1073,Energies,2023.0,journal-article
2-s2.0-85150160176,doi,"Panamanian institution Secretaría Nacional de Ciencia, Tecnología e Innovación (SENACYT); Sistema Nacional de Investigación (SNI)",2,vor,True,190.0,2313-7673,Biomimetics,2023.0,journal-article
2-s2.0-85144751594,doi,Jet Propulsion Laboratory,1,stm-asf; vor,True,42.0,0093-9994; 1939-9367,IEEE Transactions on Industry Applications,2023.0,journal-article
2-s2.0-85151617946,doi,,0,vor,True,37.0,2075-5309,Buildings,2023.0,journal-article
2-s2.0-85151417516,doi,German Research Foundation (DFG) grant “Open Access Publication Funding/2023-2024/University of Stuttgart”; German Research Foundation (DFG) grant “Open Access Publication Funding/2023-2024/University of Stuttgart”; Deutsche Forschungsgemeinschaft; Deutsche Forschungsgemeinschaft; UK Government; UK Government,6,vor,True,61.0,2071-1050,Sustainability,2023.0,journal-article
2-s2.0-85152359932,doi,"EHBconsulting, s.r.o.",1,vor,True,54.0,2079-6412,Coatings,2023.0,journal-article
2-s2.0-85146098882,doi,"Ministry of Science and Technology, Taiwan",1,stm-asf; tdm,True,36.0,0360-1323,Building and Environment,2023.0,journal-article
2-s2.0-85147151982,doi,Canada Foundation for Innovation; Gouvernement du Canada | Natural Sciences and Engineering Research Council of Canada; Gouvernement du Canada | Natural Sciences and Engineering Research Council of Canada,3,vor,True,105.0,0027-8424; 1091-6490,Proceedings of the National Academy of Sciences,2023.0,journal-article
2-s2.0-85150357468,doi,,0,,False,0.0,2462-1943,Journal of Advanced Research in Applied Sciences and Engineering Technology,2023.0,journal-article
2-s2.0-85149244015,doi,National Natural Science Foundation of China; National Natural Science Foundation of China; National Natural Science Foundation of China; National Natural Science Foundation of China; National Natural Science Foundation of China; National Natural Science Foundation of China; National Natural Science Foundation of China; National Natural Science Foundation of China; National Natural Science Foundation of China; Science and Technology Development Fund Project on Central Government Guiding Local Government; Science and Technology Development Fund Project on Central Government Guiding Local Government; Science and Technology Development Fund Project on Central Government Guiding Local Government; Science and Technology Development Fund Project on Central Government Guiding Local Government; Science and Technology Development Fund Project on Central Government Guiding Local Government; Science and Technology Development Fund Project on Central Government Guiding Local Government; Science and Technology Development Fund Project on Central Government Guiding Local Government; Science and Technology Development Fund Project on Central Government Guiding Local Government; Science and Technology Development Fund Project on Central Government Guiding Local Government; Natural Science Foundation of Hebei Province; Natural Science Foundation of Hebei Province; Natural Science Foundation of Hebei Province; Natural Science Foundation of Hebei Province; Natural Science Foundation of Hebei Province; Natural Science Foundation of Hebei Province; Natural Science Foundation of Hebei Province; Natural Science Foundation of Hebei Province; Natural Science Foundation of Hebei Province; State Key Laboratory of Reliability and Intelligence of Electrical Equipment; State Key Laboratory of Reliability and Intelligence of Electrical Equipment; State Key Laboratory of Reliability and Intelligence of Electrical Equipment; State Key Laboratory of Reliability and Intelligence of Electrical Equipment; State Key Laboratory of Reliability and Intelligence of Electrical Equipment; State Key Laboratory of Reliability and Intelligence of Electrical Equipment; State Key Laboratory of Reliability and Intelligence of Electrical Equipment; State Key Laboratory of Reliability and Intelligence of Electrical Equipment; State Key Laboratory of Reliability and Intelligence of Electrical Equipment,36,vor,True,39.0,2073-8994,Symmetry,2023.0,journal-article
2-s2.0-85148695173,doi,,0,tdm; vor,True,44.0,2329-7662; 2329-7670,3D Printing and Additive Manufacturing,2023.0,journal-article
2-s2.0-85148008079,doi,Oklahoma Libraries’ Open Access Fund; Gibbs College of Architecture Enrichment Funds,2,vor,True,98.0,2071-1050,Sustainability,2023.0,journal-article
2-s2.0-85149213705,doi,National Natural Science Foundations of China,1,vor,True,80.0,2075-5309,Buildings,2023.0,journal-article
2-s2.0-85144597353,doi,National Natural Science Foundation of China,1,stm-asf; tdm,True,48.0,2352-152X,Journal of Energy Storage,2023.0,journal-article
2-s2.0-85145492526,doi,National Natural Science Foundation of China,1,stm-asf; tdm,True,65.0,0043-1354,Water Research,2023.0,journal-article
2-s2.0-85142220025,doi,National Science Foundation; Tongji University; State Key Laboratory for Disaster Reduction in Civil Engineering,3,am; stm-asf; tdm,True,37.0,0141-0296,Engineering Structures,2023.0,journal-article
2-s2.0-85142740815,doi,National Natural Science Foundation of China; National Natural Science Foundation of China,2,stm-asf; tdm,True,46.0,0306-2619,Applied Energy,2023.0,journal-article
2-s2.0-85142729559,doi,Grantová Agentura České Republiky,1,stm-asf; tdm,True,58.0,0378-7788,Energy and Buildings,2023.0,journal-article
2-s2.0-85140404295,doi,,0,stm-asf; tdm,True,41.0,0360-5442,Energy,2023.0,journal-article
2-s2.0-85110797255,doi,,0,,False,33.0,2046-6099; 2046-6102,Smart and Sustainable Built Environment,2021.0,journal-article
2-s2.0-85141579593,doi,,0,,False,64.0,1940-1493; 1940-1507,Journal of Building Performance Simulation,2022.0,journal-article
2-s2.0-85197195065,doi,,0,,False,0.0,2710-4265,CAADRIA proceedings,2023.0,proceedings-article
2-s2.0-85191187291,none,,0,,False,,,,,
2-s2.0-85169037133,none,,0,,False,,,,,
2-s2.0-85169675352,doi,,0,tdm; vor,True,20.0,2731-9040; 2731-9059,Computational Design and Robotic Fabrication,2023.0,book-chapter
2-s2.0-85141781427,doi,Ajou University; National Research Foundation of Korea,2,stm-asf; tdm,True,61.0,0926-5805,Automation in Construction,2023.0,journal-article
2-s2.0-85179517009,doi,,0,,False,0.0,2522-2708,Building Simulation Conference Proceedings,2023.0,proceedings-article
2-s2.0-85169702223,doi,,0,tdm; vor,True,9.0,1755-1307; 1755-1315,IOP Conference Series: Earth and Environmental Science,2023.0,journal-article
2-s2.0-85179506485,doi,,0,,False,0.0,2522-2708,Building Simulation Conference Proceedings,2023.0,proceedings-article
2-s2.0-85194192494,doi,,0,stm-asf,True,10.0,,2023 2nd International Conference on Smart Cities 4.0,2023.0,proceedings-article
2-s2.0-85185394858,doi,,0,vor,True,0.0,,Volume 3: Advanced Manufacturing,2023.0,proceedings-article
2-s2.0-85179510685,doi,,0,,False,0.0,2522-2708,Building Simulation Conference Proceedings,2023.0,proceedings-article
2-s2.0-85145713061,doi,,0,vor,True,34.0,1346-7581; 1347-2852,Journal of Asian Architecture and Building Engineering,2023.0,journal-article
2-s2.0-85143235541,doi,,0,,False,0.0,2332-1091; 2332-1121,Civil Engineering and Architecture,2023.0,journal-article
2-s2.0-85153756074,doi,,0,unspecified,True,0.0,2732-527X,Proceedings of the Design Society,2023.0,journal-article
2-s2.0-85140480666,doi,,0,tdm; vor,True,9.0,2366-2557; 2366-2565,Lecture Notes in Civil Engineering,2022.0,book-chapter
2-s2.0-85169662384,doi,,0,tdm; vor,True,10.0,1755-1307; 1755-1315,IOP Conference Series: Earth and Environmental Science,2023.0,journal-article
2-s2.0-85180745029,doi,University of Oklahoma,1,stm-asf,True,35.0,,2023 IEEE 6th International Conference on Knowledge Innovation and Invention (ICKII),2023.0,proceedings-article
2-s2.0-85197184816,doi,,0,,False,0.0,2710-4265,CAADRIA proceedings,2023.0,proceedings-article
2-s2.0-85149995840,doi,,0,tdm; vor,True,20.0,2367-3370; 2367-3389,Lecture Notes in Networks and Systems,2023.0,book-chapter
2-s2.0-85150176718,doi,,0,vor,True,71.0,2297-3362,Frontiers in Built Environment,2023.0,journal-article
2-s2.0-85132763551,doi,,0,,False,45.0,1745-2007; 1752-7589,Architectural Engineering and Design Management,2022.0,journal-article
2-s2.0-85161439734,none,,0,,False,,,,,
2-s2.0-85194529269,doi,,0,tdm; vor,True,27.0,2523-3084; 2523-3092,Sustainable Development Goals Series,2023.0,book-chapter
2-s2.0-85172725045,doi,,0,tdm; vor,True,12.0,1863-5520; 1863-5539,Environmental Science and Engineering,2023.0,book-chapter
2-s2.0-85178041754,doi,,0,unspecified,True,51.0,2255-8837,Environmental and Climate Technologies,2023.0,journal-article
2-s2.0-85187286399,doi,,0,stm-asf,True,20.0,,"2023 International Conference on Ambient Intelligence, Knowledge Informatics and Industrial Electronics (AIKIIE)",2023.0,proceedings-article
2-s2.0-105025581407,doi,,0,vor,True,0.0,2735-4202,Mansoura Engineering Journal,2023.0,journal-article
2-s2.0-85153720927,doi,,0,stm-asf,True,14.0,,"2023 14th Power Electronics, Drive Systems, and Technologies Conference (PEDSTC)",2023.0,proceedings-article
2-s2.0-85163971380,doi,,0,tdm; vor,True,25.0,2365-757X; 2365-7588,The Urban Book Series,2023.0,book-chapter
2-s2.0-85146666655,doi,"Shaanxi Provincial Department of Housing and Urban-Rural Development; Shaanxi Provincial Department of Housing and Urban-Rural Development; Shaanxi Provincial Department of Housing and Urban-Rural Development; Science and Technology Department of Shaanxi Province; Science and Technology Department of Shaanxi Province; Science and Technology Department of Shaanxi Province; the Fundamental Research Funds for the Central Universities, CHD; the Fundamental Research Funds for the Central Universities, CHD; the Fundamental Research Funds for the Central Universities, CHD",9,vor,True,58.0,1996-1073,Energies,2023.0,journal-article
2-s2.0-85179517459,doi,The University of Auckland,1,stm-asf,True,13.0,,IECON 2023- 49th Annual Conference of the IEEE Industrial Electronics Society,2023.0,proceedings-article
2-s2.0-85173628216,doi,,0,vor,True,30.0,1478-6451; 1478-646X,International Journal of Sustainable Energy,2023.0,journal-article
2-s2.0-85165536780,doi,,0,vor,True,21.0,2105-0716,EPJ Photovoltaics,2023.0,journal-article
2-s2.0-85143384479,doi,,0,vor,True,46.0,1346-7581; 1347-2852,Journal of Asian Architecture and Building Engineering,2022.0,journal-article
2-s2.0-85180158073,doi,,0,tdm; vor,True,9.0,1742-6588; 1742-6596,Journal of Physics: Conference Series,2023.0,journal-article
2-s2.0-85141922105,doi,,0,stm-asf; tdm,True,36.0,2352-7102,Journal of Building Engineering,2023.0,journal-article
2-s2.0-85179509350,doi,"The University of Auckland, Power Systems Lab",1,stm-asf,True,11.0,,IECON 2023- 49th Annual Conference of the IEEE Industrial Electronics Society,2023.0,proceedings-article
2-s2.0-85182729761,none,,0,,False,,,,,
2-s2.0-85141527652,doi,Japan Society for the Promotion of Science; Japan Society for the Promotion of Science,2,stm-asf; tdm,True,38.0,0378-7788,Energy and Buildings,2023.0,journal-article
2-s2.0-85191183630,none,,0,,False,,,,,
2-s2.0-85163992096,doi,,0,tdm; vor,True,16.0,2365-757X; 2365-7588,The Urban Book Series,2023.0,book-chapter
2-s2.0-85179511685,doi,,0,,False,0.0,2522-2708,Building Simulation Conference Proceedings,2023.0,proceedings-article
2-s2.0-85187506554,doi,,0,unspecified,True,44.0,2213-3038; 2213-302X,Journal of Facade Design and Engineering,2023.0,journal-article
2-s2.0-85180158871,doi,,0,tdm; vor,True,13.0,1742-6588; 1742-6596,Journal of Physics: Conference Series,2023.0,journal-article
2-s2.0-85179504543,doi,,0,,False,0.0,2522-2708,Building Simulation Conference Proceedings,2023.0,proceedings-article
2-s2.0-85159410701,doi,,0,tdm; vor,True,25.0,1865-3529; 1865-3537,Green Energy and Technology,2023.0,book-chapter
2-s2.0-85163969256,doi,,0,tdm; vor,True,16.0,2365-757X; 2365-7588,The Urban Book Series,2023.0,book-chapter
2-s2.0-85153486181,doi,Schweizerischer Nationalfonds zur Förderung der Wissenschaftlichen Forschung Förderung der Wissenschaftlichen Forschung,1,,False,39.0,1462-6268; 1744-3806,Digital Creativity,2023.0,journal-article
2-s2.0-85207046420,doi,,0,,False,0.0,1230-2945,Archives of Civil Engineering,2023.0,journal-article
2-s2.0-85181170131,doi,,0,tdm; vor,True,10.0,1742-6588; 1742-6596,Journal of Physics: Conference Series,2023.0,journal-article
2-s2.0-85162251263,doi,,0,tdm; vor,True,42.0,2211-0844; 2211-0852,RILEM Bookseries,2023.0,book-chapter
2-s2.0-85171749239,doi,,0,,False,0.0,,World Conference on Timber Engineering (WCTE 2023),2023.0,proceedings-article
2-s2.0-85167657737,doi,,0,stm-asf,True,15.0,,2023 IEEE International Symposium on Circuits and Systems (ISCAS),2023.0,proceedings-article
2-s2.0-85193907834,doi,,0,tdm; vor,True,11.0,2523-3084; 2523-3092,Sustainable Development Goals Series,2023.0,book-chapter
2-s2.0-85172734244,doi,,0,tdm; vor,True,6.0,1863-5520; 1863-5539,Environmental Science and Engineering,2023.0,book-chapter
2-s2.0-85207568006,doi,,0,tdm; vor,True,17.0,,Sustainable and Digital Building,2023.0,book-chapter
2-s2.0-85180495697,doi,,0,,False,0.0,2289-7895,Journal of Advanced Research in Applied Mechanics,2023.0,journal-article
2-s2.0-85137743412,doi,,0,,False,50.0,1940-1493; 1940-1507,Journal of Building Performance Simulation,2022.0,journal-article
2-s2.0-85180150748,doi,,0,tdm; vor,True,9.0,1742-6588; 1742-6596,Journal of Physics: Conference Series,2023.0,journal-article
2-s2.0-85146601788,doi,,0,vor,True,30.0,1996-1073,Energies,2023.0,journal-article
2-s2.0-85145608238,doi,,0,,False,0.0,,"Current Perspectives and New Directions in Mechanics, Modelling and Design of Structural Systems",2022.0,book-chapter
2-s2.0-85137012418,doi,National Natural Science Foundation of China; China Postdoctoral Science Foundation,2,stm-asf; tdm,True,66.0,0030-4018,Optics Communications,2023.0,journal-article
2-s2.0-85173758593,doi,,0,vor,True,77.0,2296-7745,Frontiers in Marine Science,2023.0,journal-article
2-s2.0-85173610979,doi,,0,unspecified,True,36.0,1099-114X; 0363-907X,International Journal of Energy Research,2023.0,journal-article
2-s2.0-85113152750,doi,,0,,False,39.0,1348-8678; 2331-2548,Asian Englishes,2021.0,journal-article
2-s2.0-85176842863,doi,,0,stm-asf; tdm,True,16.0,,Next Generation CubeSats and SmallSats,2023.0,book-chapter
2-s2.0-85159385162,doi,,0,tdm; vor,True,18.0,1865-3529; 1865-3537,Green Energy and Technology,2023.0,book-chapter
2-s2.0-85168134298,doi,Hellenic Foundation for Research and Innovation,1,stm-asf,True,14.0,,2023 8th International Conference on Smart and Sustainable Technologies (SpliTech),2023.0,proceedings-article
2-s2.0-85173613581,doi,,0,stm-asf,True,25.0,,2023 IEEE 3rd International Conference on Sustainable Energy and Future Electric Transportation (SEFET),2023.0,proceedings-article
2-s2.0-85168155964,doi,,0,,False,57.0,1556-7036; 1556-7230,"Energy Sources, Part A: Recovery, Utilization, and Environmental Effects",2023.0,journal-article
2-s2.0-85153058894,doi,,0,stm-asf,True,12.0,,"2023 International Conference on Power, Instrumentation, Energy and Control (PIECON)",2023.0,proceedings-article
2-s2.0-85171879026,doi,,0,,False,0.0,2684-1843,eCAADe proceedings,2023.0,proceedings-article
2-s2.0-85171809972,doi,,0,am; tdm; vor,True,39.0,1678-4375; 1519-6984,Brazilian Journal of Biology,2023.0,journal-article
2-s2.0-85169588608,doi,,0,tdm; vor,True,17.0,1742-6588; 1742-6596,Journal of Physics: Conference Series,2023.0,journal-article
2-s2.0-85174850788,doi,,0,am; tdm; vor,True,84.0,0236-8722; 2300-8725,International Agrophysics,2023.0,journal-article
2-s2.0-85142149818,doi,Fundação para a Ciência e a Tecnologia,1,stm-asf; tdm,True,35.0,2352-7102,Journal of Building Engineering,2023.0,journal-article
2-s2.0-85148246406,doi,,0,,False,0.0,2332-1091; 2332-1121,Civil Engineering and Architecture,2023.0,journal-article
2-s2.0-85151798422,doi,,0,unspecified,True,15.0,0354-9836; 2334-7163,Thermal Science,2023.0,journal-article
2-s2.0-85172450303,none,,0,,False,,,,,
2-s2.0-85179512421,doi,,0,,False,0.0,2522-2708,Building Simulation Conference Proceedings,2023.0,proceedings-article
2-s2.0-85182570322,doi,,0,,False,0.0,1738-6225; 2288-2235,Journal of the Korean Society for Railway,2023.0,journal-article
2-s2.0-85171461911,doi,,0,,False,0.0,,SAMPE 2023,2023.0,proceedings-article
2-s2.0-85159441652,doi,,0,tdm; vor,True,10.0,1742-6588; 1742-6596,Journal of Physics: Conference Series,2023.0,journal-article
2-s2.0-85172442884,doi,,0,,False,0.0,2684-1843,eCAADe proceedings,2023.0,proceedings-article
2-s2.0-85175970769,doi,,0,tdm; vor,True,15.0,0302-9743; 1611-3349,Lecture Notes in Computer Science,2023.0,book-chapter
2-s2.0-85179003206,doi,"UT-Battelle, LLC",1,stm-asf,True,29.0,,2023 IEEE International Black Sea Conference on Communications and Networking (BlackSeaCom),2023.0,proceedings-article
2-s2.0-85212483830,doi,,0,tdm; vor,True,6.0,2731-040X; 2731-0418,Lecture Notes in Operations Research,2023.0,book-chapter
2-s2.0-85168119295,doi,,0,stm-asf,True,20.0,,2023 8th International Conference on Communication and Electronics Systems (ICCES),2023.0,proceedings-article
2-s2.0-85162162220,doi,,0,,False,41.0,2639-5274,Research,2023.0,journal-article
2-s2.0-85177882406,doi,,0,tdm; vor,True,5.0,1876-1100; 1876-1119,Lecture Notes in Electrical Engineering,2023.0,book-chapter
2-s2.0-85166469769,doi,,0,,False,0.0,1751-4088; 1751-4096,International Journal of Electric and Hybrid Vehicles,2023.0,journal-article
2-s2.0-85178999167,none,,0,,False,,,,,
2-s2.0-85173658337,doi,,0,unspecified,True,47.0,2331-2165; 2331-2165,Trends in Hearing,2023.0,journal-article
2-s2.0-85159932399,doi,,0,,False,0.0,2336-5382,Acta Polytechnica CTU Proceedings,2022.0,journal-article
2-s2.0-85159959519,doi,,0,,False,0.0,2336-5382,Acta Polytechnica CTU Proceedings,2022.0,journal-article
2-s2.0-85148002346,doi,,0,,False,0.0,1743-3541; 1746-448X,WIT Transactions on Ecology and the Environment,2022.0,proceedings-article
2-s2.0-85148018129,doi,,0,,False,0.0,1743-3541; 1746-448X,WIT Transactions on Ecology and the Environment,2022.0,proceedings-article
2-s2.0-85142712988,doi,Grantová Agentura České Republiky,1,stm-asf; tdm,True,62.0,2352-152X,Journal of Energy Storage,2022.0,journal-article
2-s2.0-85114519423,doi,,0,tdm,True,61.0,0969-9988,"Engineering, Construction and Architectural Management",2021.0,journal-article
2-s2.0-85115234714,doi,,0,tdm,True,54.0,0969-9988,"Engineering, Construction and Architectural Management",2021.0,journal-article
2-s2.0-85147337423,doi,,0,unspecified,True,0.0,2213-3038; 2213-302X,Journal of Facade Design and Engineering,2022.0,journal-article
2-s2.0-85144873747,doi,"Japan Advanced Institute of Science and Technology (JAIST) Research Fund; Thailand’s National Electronics and Computer Technology Centre (NECTEC); Sirindhorn International Institute of Technology, Thammasat University",3,vor,True,56.0,2075-5309,Buildings,2022.0,journal-article
2-s2.0-85131514385,doi,,0,,False,35.0,1943-4618; 1552-6100,Journal of Green Building,2022.0,journal-article
2-s2.0-85147755626,doi,,0,,False,0.0,2383-8701,Journal of Daylighting,2022.0,journal-article
2-s2.0-85144863025,doi,,0,vor,True,162.0,2075-5309,Buildings,2022.0,journal-article
2-s2.0-85138480647,doi,,0,tdm; vor,True,43.0,2590-0056,Array,2022.0,journal-article
2-s2.0-85136534272,doi,Australian Research Council,1,stm-asf; tdm,True,25.0,0263-8231,Thin-Walled Structures,2022.0,journal-article
2-s2.0-85140906999,doi,,0,tdm; vor,True,47.0,0360-1323,Building and Environment,2022.0,journal-article
2-s2.0-85139353810,doi,National Science Foundation; National Science Foundation,2,am; stm-asf; tdm,True,54.0,0378-7788,Energy and Buildings,2022.0,journal-article
2-s2.0-85138105517,doi,"Ontario Ministry of Research, Innovation and Science; Mitacs; Natural Sciences and Engineering Research Council of Canada",3,stm-asf; tdm,True,50.0,2352-7102,Journal of Building Engineering,2022.0,journal-article
2-s2.0-85144907737,doi,Fraunhofer Cluster of Excellence “Programmable Materials”,1,vor,True,62.0,2075-5309,Buildings,2022.0,journal-article
2-s2.0-85141649228,doi,,0,stm-asf; tdm,True,33.0,0030-4026,Optik,2022.0,journal-article
2-s2.0-85134237013,doi,,0,tdm; vor,True,88.0,2041-1723,Nature Communications,2022.0,journal-article
2-s2.0-85143760432,doi,National Natural Science Foundation of China; Shenzhen Science and Technology Program; Research start-up fund for young teachers of Shenzhen University,3,vor,True,38.0,2071-1050,Sustainability,2022.0,journal-article
2-s2.0-85132223720,doi,,0,tdm; vor,True,118.0,2095-2635,Frontiers of Architectural Research,2022.0,journal-article
2-s2.0-85140907867,doi,"Faculty of Engineering, University of Nottingham; Engineering and Physical Sciences Research Council; Royal Academy of Engineering; China Scholarship Council",4,tdm; vor,True,66.0,2590-1745,Energy Conversion and Management: X,2022.0,journal-article
2-s2.0-85135907483,doi,,0,,False,20.0,1076-0431; 1943-5568,Journal of Architectural Engineering,2022.0,journal-article
2-s2.0-85141400171,doi,FACEPE; FACEPE; Coordenação de Aperfeiçoamento de Pessoal de Nível Superior; Conselho Nacional de Desenvolvimento Científico e Tecnológico; Conselho Nacional de Desenvolvimento Científico e Tecnológico,5,stm-asf; tdm,True,30.0,1568-4946,Applied Soft Computing,2022.0,journal-article
2-s2.0-85143646090,doi,Ministry of Science and ICT of the Korean Government,1,vor,True,32.0,1996-1073,Energies,2022.0,journal-article
2-s2.0-85102990809,doi,,0,tdm,True,23.0,2044-1266,Journal of Cultural Heritage Management and Sustainable Development,2021.0,journal-article
2-s2.0-85140295917,doi,MIUR,1,tdm; vor,True,20.0,2352-4847,Energy Reports,2022.0,journal-article
2-s2.0-105024206095,doi,,0,tdm; vor,True,57.0,2730-9886; 2730-9894,"Architecture, Structures and Construction",2022.0,journal-article
2-s2.0-85141590648,doi,Natural Science Foundation of?Hunan Province; Organization Department of the Central Committee of the Communist Party of China; Chenzhou National Sustainable Development Agenda Innovation Demonstration Zone Construction Project; Hunan Province,4,stm-asf,True,43.0,0021-8561; 1520-5118,Journal of Agricultural and Food Chemistry,2022.0,journal-article
2-s2.0-85146368808,doi,Central Europe Leuven Strategic Alliance,1,vor,True,108.0,2573-0142,Proceedings of the ACM on Human-Computer Interaction,2022.0,journal-article
2-s2.0-85136141964,doi,National Natural Science Foundation of China,1,stm-asf; tdm,True,69.0,2210-6707,Sustainable Cities and Society,2022.0,journal-article
2-s2.0-85138058442,doi,,0,stm-asf; tdm,True,87.0,1364-0321,Renewable and Sustainable Energy Reviews,2022.0,journal-article
2-s2.0-85149470400,doi,"the Korean government (MSIT); the Korean government (MSIT); the Ministry of Trade, Industry, and Energy, Republic of Korea; the Ministry of Trade, Industry, and Energy, Republic of Korea",4,vor,True,52.0,2075-5309,Buildings,2022.0,journal-article
2-s2.0-85141722871,doi,,0,vor,True,82.0,1996-1073,Energies,2022.0,journal-article
2-s2.0-85134890855,doi,Australian Research Council,1,stm-asf; tdm,True,62.0,0263-8231,Thin-Walled Structures,2022.0,journal-article
2-s2.0-85136203135,doi,,0,stm-asf; tdm,True,82.0,2352-7102,Journal of Building Engineering,2022.0,journal-article
2-s2.0-85163680546,doi,,0,vor,True,24.0,2642-6641; 2642-6625,ASME Journal of Engineering for Sustainable Buildings and Cities,2022.0,journal-article
2-s2.0-85143490994,doi,National Science Foundation Directorate for Engineering; National Science Foundation,2,am; stm-asf; tdm,True,62.0,2352-4316,Extreme Mechanics Letters,2022.0,journal-article
2-s2.0-85148074544,doi,,0,vor,True,86.0,2071-1050,Sustainability,2022.0,journal-article
2-s2.0-85136676224,doi,,0,stm-asf; tdm,True,45.0,0378-7788,Energy and Buildings,2022.0,journal-article
2-s2.0-85144608384,doi,Fundamental Research Funds for the Central Universities,1,vor,True,49.0,2075-5309,Buildings,2022.0,journal-article
2-s2.0-85140832958,doi,,0,,False,0.0,1330-3651; 1848-6339,Tehnicki vjesnik - Technical Gazette,2022.0,journal-article
2-s2.0-85130135255,doi,,0,tdm,True,86.0,2631-6862; 1938-7806,Archnet-IJAR: International Journal of Architectural Research,2022.0,journal-article
2-s2.0-85137267858,doi,MIUR,1,stm-asf; tdm,True,76.0,0378-7788,Energy and Buildings,2022.0,journal-article
2-s2.0-85133182630,doi,,0,vor,True,57.0,1532-0626; 1532-0634,Concurrency and Computation: Practice and Experience,2022.0,journal-article
2-s2.0-85132765919,doi,,0,tdm,True,172.0,1364-0321,Renewable and Sustainable Energy Reviews,2022.0,journal-article
2-s2.0-85133409780,doi,Australian Research Council,1,stm-asf; tdm,True,29.0,0263-8231,Thin-Walled Structures,2022.0,journal-article
2-s2.0-85139911022,doi,,0,vor,True,45.0,2071-1050,Sustainability,2022.0,journal-article
2-s2.0-85150997393,doi,,0,tdm; vor,True,33.0,0003-701X; 1934-9424,Applied Solar Energy,2022.0,journal-article
2-s2.0-85142533892,doi,,0,tdm; vor,True,20.0,,Towards Radical Regeneration,2022.0,book-chapter
2-s2.0-85196944411,doi,,0,tdm; vor,True,13.0,,Towards Radical Regeneration,2022.0,book-chapter
2-s2.0-85139220297,doi,,0,vor,True,57.0,2297-3362,Frontiers in Built Environment,2022.0,journal-article
2-s2.0-85136512525,doi,NSERC,1,tdm,True,53.0,0038-092X,Solar Energy,2022.0,journal-article
2-s2.0-85136601993,doi,"Ministry of Land, Infrastructure and Transport; Korea Agency for Infrastructure Technology Advancement",2,stm-asf; tdm,True,80.0,0360-1323,Building and Environment,2022.0,journal-article
2-s2.0-85133288515,doi,,0,vor,True,27.0,2313-7673,Biomimetics,2022.0,journal-article
2-s2.0-85123505986,doi,China Scholarship Council,1,tdm,True,52.0,1045-389X; 1530-8138,Journal of Intelligent Material Systems and Structures,2022.0,journal-article
2-s2.0-85125265170,doi,Natural Science Foundation of Jiangxi Province,1,stm-asf; tdm,True,32.0,0142-0615,International Journal of Electrical Power &amp; Energy Systems,2022.0,journal-article
2-s2.0-85135903937,doi,Ministry of Science and Technology of the People&apos;s Republic of China,1,stm-asf; tdm,True,31.0,0960-1481,Renewable Energy,2022.0,journal-article
2-s2.0-85134547337,doi,Schweizerischer Nationalfonds zur Förderung der Wissenschaftlichen Forschung,1,vor,True,56.0,2198-3844; 2198-3844,Advanced Science,2022.0,journal-article
2-s2.0-85133354865,doi,,0,tdm; vor,True,141.0,0378-7788,Energy and Buildings,2022.0,journal-article
2-s2.0-85138272822,doi,Japan Society for the Promotion of Science; Japan Science and Technology Agency,2,vor,True,46.0,2297-3362,Frontiers in Built Environment,2022.0,journal-article
2-s2.0-85134432535,doi,Istanbul Teknik Üniversitesi,1,stm-asf; tdm,True,67.0,0360-1323,Building and Environment,2022.0,journal-article
2-s2.0-85135782780,doi,National Natural Science Foundation of China; Fundamental Research Funds for the Central Universities,2,stm-asf; tdm,True,34.0,0360-1323,Building and Environment,2022.0,journal-article
2-s2.0-85134432171,doi,,0,stm-asf; tdm,True,77.0,0360-1323,Building and Environment,2022.0,journal-article
2-s2.0-85129685137,doi,Ministry of Economic Affairs,1,stm-asf; tdm,True,64.0,2352-7102,Journal of Building Engineering,2022.0,journal-article
2-s2.0-85133905882,doi,,0,stm-asf; tdm,True,61.0,0360-1323,Building and Environment,2022.0,journal-article
2-s2.0-85136494355,doi,,0,vor,True,100.0,1996-1073,Energies,2022.0,journal-article
2-s2.0-85137316779,doi,,0,vor,True,44.0,2075-5309,Buildings,2022.0,journal-article
2-s2.0-85123351704,doi,"Academic Center for Education, Culture and Research",1,stm-asf; tdm,True,64.0,2213-1388,Sustainable Energy Technologies and Assessments,2022.0,journal-article
2-s2.0-85123836021,doi,,0,tdm; vor,True,279.0,2213-1388,Sustainable Energy Technologies and Assessments,2022.0,journal-article
2-s2.0-85134587811,doi,,0,tdm; vor,True,24.0,2666-7908,Cleaner Engineering and Technology,2022.0,journal-article
2-s2.0-85137274984,doi,National Natural Science Foundation of China,1,vor,True,53.0,2073-4433,Atmosphere,2022.0,journal-article
2-s2.0-85136777805,doi,National Natural Science Foundation of China; National Natural Science Foundation of China; National Natural Science Foundation of China; Natural Science Foundation of Liaoning province; Natural Science Foundation of Liaoning province; Natural Science Foundation of Liaoning province,6,vor,True,27.0,2079-9292,Electronics,2022.0,journal-article
2-s2.0-85131225204,doi,,0,stm-asf; tdm,True,24.0,0378-7788,Energy and Buildings,2022.0,journal-article
2-s2.0-85133165347,doi,Faculty Investment Program (FIP); University of Oklahoma Libraries,2,vor,True,40.0,2075-5309,Buildings,2022.0,journal-article
2-s2.0-85130291770,doi,,0,tdm; vor,True,50.0,0944-1344; 1614-7499,Environmental Science and Pollution Research,2022.0,journal-article
2-s2.0-85129448635,doi,"Ministry of Science and Technology, Taiwan",1,stm-asf; vor,True,42.0,2156-3381; 2156-3403,IEEE Journal of Photovoltaics,2022.0,journal-article
2-s2.0-85137354687,doi,,0,vor,True,32.0,2073-445X,Land,2022.0,journal-article
2-s2.0-85133358937,doi,Deutsche Forschungsgemeinschaft,1,vor,True,32.0,2297-3362,Frontiers in Built Environment,2022.0,journal-article
2-s2.0-85132117289,doi,,0,,False,0.0,2383-8701,Journal of Daylighting,2022.0,journal-article
2-s2.0-85132150541,doi,Gachon University Research Fund of 2020,1,vor,True,38.0,2076-3417,Applied Sciences,2022.0,journal-article
2-s2.0-85128505195,doi,,0,stm-asf; tdm,True,73.0,0926-5805,Automation in Construction,2022.0,journal-article
2-s2.0-85132855844,doi,Program for Research Enhancement of the Gibbs College of Architecture at the University of Oklahoma; University of Oklahoma Libraries’ Open Access Fund,2,vor,True,65.0,2075-5309,Buildings,2022.0,journal-article
2-s2.0-85125576128,doi,,0,,False,54.0,1076-0431; 1943-5568,Journal of Architectural Engineering,2022.0,journal-article
2-s2.0-85132717533,doi,Instituto Tecnológico Metropolitano,1,vor,True,60.0,2079-3197,Computation,2022.0,journal-article
2-s2.0-85127054209,doi,,0,tdm; vor,True,42.0,0378-7788,Energy and Buildings,2022.0,journal-article
2-s2.0-85127155771,doi,National Natural Science Foundation of China; Fundamental Research Funds for the Central Universities,2,stm-asf; tdm,True,45.0,0378-7788,Energy and Buildings,2022.0,journal-article
2-s2.0-85125417925,doi,National Renewable Energy Laboratory,1,am; stm-asf; tdm,True,56.0,0360-5442,Energy,2022.0,journal-article
2-s2.0-85126597439,doi,National Natural Science Foundation of China,1,stm-asf; tdm,True,33.0,0378-7788,Energy and Buildings,2022.0,journal-article
2-s2.0-85130723798,doi,,0,vor,True,68.0,2071-1050,Sustainability,2022.0,journal-article
2-s2.0-85131377494,doi,,0,unspecified,True,57.0,2732-527X,Proceedings of the Design Society,2022.0,journal-article
2-s2.0-85141817744,doi,,0,vor,True,45.0,2642-6641; 2642-6625,ASME Journal of Engineering for Sustainable Buildings and Cities,2022.0,journal-article
2-s2.0-85130285277,doi,Russian Science Foundation,1,vor,True,80.0,1996-1073,Energies,2022.0,journal-article
2-s2.0-85130270363,doi,,0,vor,True,37.0,2577-6193,Proceedings of the ACM on Computer Graphics and Interactive Techniques,2022.0,journal-article
2-s2.0-85123267436,doi,,0,stm-asf; tdm,True,30.0,2352-7102,Journal of Building Engineering,2022.0,journal-article
2-s2.0-85125717330,doi,National Science Foundation of China; Key Research and Development Project of Hunan Province,2,tdm; vor,True,33.0,0957-0233; 1361-6501,Measurement Science and Technology,2022.0,journal-article
2-s2.0-85125702463,doi,National Natural Science Foundation of China; Jilin Scientific and Technological Development Program; Jilin Scientific and Technological Development Program,3,tdm; vor,True,51.0,0924-090X; 1573-269X,Nonlinear Dynamics,2022.0,journal-article
2-s2.0-85125474253,doi,,0,stm-asf; tdm,True,82.0,0360-1323,Building and Environment,2022.0,journal-article
2-s2.0-85128025432,doi,European Commission,1,vor,True,32.0,1996-1073,Energies,2022.0,journal-article
2-s2.0-85116884931,doi,,0,tdm,True,43.0,1420-326X; 1423-0070,Indoor and Built Environment,2021.0,journal-article
2-s2.0-85124423553,doi,fondazione cariparma,1,tdm; vor,True,34.0,2363-5142; 2363-5150,Glass Structures &amp; Engineering,2022.0,journal-article
2-s2.0-85127589156,doi,,0,vor,True,69.0,2071-1050,Sustainability,2022.0,journal-article
2-s2.0-85120816290,doi,,0,stm-asf; tdm,True,63.0,0360-5442,Energy,2022.0,journal-article
2-s2.0-85127315495,doi,,0,tdm; vor,True,29.0,1755-1307; 1755-1315,IOP Conference Series: Earth and Environmental Science,2022.0,journal-article
2-s2.0-85127309298,doi,,0,tdm; vor,True,11.0,1755-1307; 1755-1315,IOP Conference Series: Earth and Environmental Science,2022.0,journal-article
2-s2.0-85123959420,doi,,0,stm-asf; tdm,True,45.0,1359-4311,Applied Thermal Engineering,2022.0,journal-article
2-s2.0-85123181369,doi,,0,stm-asf; tdm,True,47.0,0360-1323,Building and Environment,2022.0,journal-article
2-s2.0-85112841586,doi,,0,tdm; vor,True,119.0,1618-954X; 1618-9558,Clean Technologies and Environmental Policy,2021.0,journal-article
2-s2.0-85127550709,doi,Russian Science Foundation,1,vor,True,151.0,2075-5309,Buildings,2022.0,journal-article
2-s2.0-85125500008,doi,Architectural Research Centers Consortium; American Institute of Architects,2,tdm; vor,True,26.0,0964-1726; 1361-665X,Smart Materials and Structures,2022.0,journal-article
2-s2.0-85116068103,doi,,0,tdm,True,66.0,1744-2591; 1744-2583,Journal of Building Physics,2021.0,journal-article
2-s2.0-85125362703,doi,,0,vor,True,28.0,2075-5309,Buildings,2022.0,journal-article
2-s2.0-85121308536,doi,Society for Libyan Studies,1,stm-asf; tdm,True,39.0,2213-1388,Sustainable Energy Technologies and Assessments,2022.0,journal-article
2-s2.0-85142352228,doi,,0,,False,65.0,1935-5297; 2155-0778,Arboriculture &amp; Urban Forestry,2022.0,journal-article
2-s2.0-85119679814,doi,National Science Foundation,1,am; stm-asf; tdm,True,40.0,1369-7021,Materials Today,2022.0,journal-article
2-s2.0-85151952400,doi,,0,tdm; vor,True,13.0,,Design Computing and Cognition’20,2022.0,book-chapter
2-s2.0-85121468703,doi,,0,stm-asf; tdm,True,24.0,0378-7788,Energy and Buildings,2022.0,journal-article
2-s2.0-85122358876,doi,,0,tdm; vor,True,60.0,0360-1323,Building and Environment,2022.0,journal-article
2-s2.0-85102566878,doi,,0,tdm,True,89.0,0969-9988,"Engineering, Construction and Architectural Management",2021.0,journal-article
2-s2.0-85123551690,doi,European Union,1,vor,True,191.0,1996-1073,Energies,2022.0,journal-article
2-s2.0-85124597555,doi,Research Center on Zero Emission Neighbourhoods in Smart Cities (FME ZEN),1,vor,True,80.0,1996-1073,Energies,2022.0,journal-article
2-s2.0-85121212735,doi,"Faculty of Engineering, University of Nottingham; Engineering and Physical Sciences Research Council",2,tdm; vor,True,122.0,0360-1323,Building and Environment,2022.0,journal-article
2-s2.0-85123552064,doi,,0,vor,True,28.0,1996-1073,Energies,2022.0,journal-article
2-s2.0-85123597602,doi,,0,vor,True,40.0,2076-3417,Applied Sciences,2022.0,journal-article
2-s2.0-85118537387,doi,H2020 Marie Skłodowska-Curie Actions; Horizon 2020; Horizon 2020 Framework Programme,3,tdm; vor,True,263.0,0097-8493,Computers &amp; Graphics,2022.0,journal-article
2-s2.0-85120481344,doi,,0,tdm; vor,True,20.0,0378-7788,Energy and Buildings,2022.0,journal-article
2-s2.0-85125376216,doi,,0,,False,0.0,1940-087X,Journal of Visualized Experiments,2022.0,journal-article
2-s2.0-85086784735,doi,,0,tdm; vor,True,69.0,0177-0667; 1435-5663,Engineering with Computers,2020.0,journal-article
2-s2.0-85145207484,doi,,0,vor,True,29.0,2267-1242,E3S Web of Conferences,2022.0,journal-article
2-s2.0-85122913377,doi,,0,stm-asf; tdm,True,57.0,0360-1323,Building and Environment,2022.0,journal-article
2-s2.0-85121932824,doi,,0,tdm,True,86.0,0038-092X,Solar Energy,2022.0,journal-article
2-s2.0-85119919525,doi,,0,tdm; vor,True,49.0,0378-7788,Energy and Buildings,2022.0,journal-article
2-s2.0-85120399897,doi,"National Research Foundation of Korea; Ministry of Science, ICT and Future Planning",2,stm-asf; tdm,True,45.0,0360-1323,Building and Environment,2022.0,journal-article
2-s2.0-85161109782,doi,,0,tdm; vor,True,14.0,,Advanced Materials in Smart Building Skins for Sustainability,2022.0,book-chapter
2-s2.0-85183757871,doi,,0,,False,0.0,2710-4265,CAADRIA proceedings,2022.0,proceedings-article
2-s2.0-85087517310,doi,,0,,False,58.0,1750-8975; 1756-6932,Intelligent Buildings International,2020.0,journal-article
2-s2.0-85117376650,doi,China Postdoctoral Science Foundation; Natural Science Foundation of Heilongjiang Province; National Natural Science Foundation of China; National Natural Science Foundation of China,4,stm-asf; tdm,True,41.0,0378-7788,Energy and Buildings,2022.0,journal-article
2-s2.0-85104812806,doi,,0,vor,True,61.0,1750-8975; 1756-6932,Intelligent Buildings International,2021.0,journal-article
2-s2.0-85143213658,doi,,0,tdm; vor,True,25.0,1755-1307; 1755-1315,IOP Conference Series: Earth and Environmental Science,2022.0,journal-article
2-s2.0-85148509819,doi,,0,unspecified,True,0.0,2213-3038; 2213-302X,Journal of Facade Design and Engineering,2022.0,journal-article
2-s2.0-85108286145,doi,,0,,False,41.0,1745-2007; 1752-7589,Architectural Engineering and Design Management,2021.0,journal-article
2-s2.0-85140846809,doi,,0,,False,31.0,2374-4731; 2374-474X,Science and Technology for the Built Environment,2022.0,journal-article
2-s2.0-85142423638,doi,Japan Advanced Institute of Science and Technology; Thammasat University,2,stm-asf,True,14.0,,2022 International Conference on Cyberworlds (CW),2022.0,proceedings-article
2-s2.0-85136105100,doi,,0,,False,0.0,2644-108X,Proceedings of International Structural Engineering and Construction,2022.0,journal-article
2-s2.0-85134429322,doi,,0,unspecified,True,0.0,2213-3038; 2213-302X,Journal of Facade Design and Engineering,2022.0,journal-article
2-s2.0-85125241913,doi,,0,tdm; vor,True,6.0,2366-2557; 2366-2565,Lecture Notes in Civil Engineering,2022.0,book-chapter
2-s2.0-85128612826,doi,,0,tdm; vor,True,34.0,2367-4512; 2367-4520,Lecture Notes on Data Engineering and Communications Technologies,2022.0,book-chapter
2-s2.0-85169066096,doi,,0,,False,0.0,2710-4265,CAADRIA proceedings,2022.0,proceedings-article
2-s2.0-85122271221,doi,Ministry of Education and Culture,1,vor,True,63.0,2075-5309,Buildings,2021.0,journal-article
2-s2.0-85184339063,none,,0,,False,,,,,
2-s2.0-85101859685,doi,,0,,False,37.0,1750-8975; 1756-6932,Intelligent Buildings International,2021.0,journal-article
2-s2.0-85169934946,none,,0,,False,,,,,
2-s2.0-85141161213,doi,,0,stm-asf,True,15.0,,2022 12th International Conference on Advanced Computer Information Technologies (ACIT),2022.0,proceedings-article
2-s2.0-85142899109,doi,,0,unspecified,True,0.0,2213-3038; 2213-302X,Journal of Facade Design and Engineering,2022.0,journal-article
2-s2.0-85169924526,none,,0,,False,,,,,
2-s2.0-85146934745,none,,0,,False,,,,,
2-s2.0-85138101402,doi,,0,stm-asf,True,36.0,,2022 Annual Modeling and Simulation Conference (ANNSIM),2022.0,proceedings-article
2-s2.0-85161152137,doi,,0,tdm; vor,True,56.0,,Advanced Materials in Smart Building Skins for Sustainability,2022.0,book-chapter
2-s2.0-85062514750,doi,,0,,False,78.0,1750-8975; 1756-6932,Intelligent Buildings International,2019.0,journal-article
2-s2.0-85121667028,doi,,0,tdm; vor,True,14.0,2367-3370; 2367-3389,Lecture Notes in Networks and Systems,2021.0,book-chapter
2-s2.0-105019930027,doi,,0,unspecified,True,20.0,2766-6190,Advances in Environmental and Engineering Research,2022.0,journal-article
2-s2.0-85142865625,none,,0,,False,,,,,
2-s2.0-85130971086,doi,,0,tdm; vor,True,68.0,2345-7651; 2345-766X,Environmental Footprints and Eco-design of Products and Processes,2022.0,book-chapter
2-s2.0-85151548623,doi,,0,,False,0.0,2522-2708,Building Simulation Conference Proceedings,2021.0,proceedings-article
2-s2.0-85151552398,doi,,0,,False,0.0,2522-2708,Building Simulation Conference Proceedings,2021.0,proceedings-article
2-s2.0-85206503963,none,,0,,False,,,,,
2-s2.0-85167569946,none,,0,,False,,,,,
2-s2.0-85136138152,doi,,0,,False,0.0,2644-108X,Proceedings of International Structural Engineering and Construction,2022.0,journal-article
2-s2.0-85129230713,doi,,0,,False,74.0,0003-8628; 1758-9622,Architectural Science Review,2022.0,journal-article
2-s2.0-85161252200,doi,,0,tdm; vor,True,21.0,,Advanced Materials in Smart Building Skins for Sustainability,2022.0,book-chapter
2-s2.0-85118529507,doi,,0,stm-asf; tdm,True,56.0,2352-7102,Journal of Building Engineering,2022.0,journal-article
2-s2.0-85124269240,doi,,0,,False,45.0,1745-2007; 1752-7589,Architectural Engineering and Design Management,2022.0,journal-article
2-s2.0-85184320541,none,,0,,False,,,,,
2-s2.0-85147428263,none,,0,,False,,,,,
2-s2.0-85151557435,doi,,0,,False,0.0,2522-2708,Building Simulation Conference Proceedings,2021.0,proceedings-article
2-s2.0-85169884090,none,,0,,False,,,,,
2-s2.0-85140771269,doi,,0,stm-asf,True,21.0,,2022 Engineering and Technology for Sustainable Architectural and Interior Design Environments (ETSAIDE),2022.0,proceedings-article
2-s2.0-85178623320,none,,0,,False,,,,,
2-s2.0-85132073479,not_found,,0,,False,,,,,
2-s2.0-85161184874,doi,,0,tdm; vor,True,11.0,,Advanced Materials in Smart Building Skins for Sustainability,2022.0,book-chapter
2-s2.0-85161246225,doi,,0,tdm; vor,True,38.0,,Advanced Materials in Smart Building Skins for Sustainability,2022.0,book-chapter
2-s2.0-85132177960,doi,,0,,False,22.0,,Behavior and Mechanics of Multifunctional Materials XVI,2022.0,proceedings-article
2-s2.0-85101834662,doi,,0,,False,72.0,1745-2007; 1752-7589,Architectural Engineering and Design Management,2021.0,journal-article
2-s2.0-85167600805,none,,0,,False,,,,,
2-s2.0-85140894019,doi,,0,,False,0.0,2332-1091; 2332-1121,Civil Engineering and Architecture,2022.0,journal-article
2-s2.0-85111904133,doi,,0,tdm; vor,True,24.0,1975-0102; 2093-7423,Journal of Electrical Engineering &amp; Technology,2021.0,journal-article
2-s2.0-85125244497,doi,,0,unspecified,True,24.0,1346-7581; 1347-2852,Journal of Asian Architecture and Building Engineering,2022.0,journal-article
2-s2.0-85176505484,none,,0,,False,,,,,
2-s2.0-85167711872,none,,0,,False,,,,,
2-s2.0-85151546005,doi,,0,,False,0.0,2522-2708,Building Simulation Conference Proceedings,2021.0,proceedings-article
2-s2.0-85144487883,doi,,0,unspecified,True,27.0,2255-8837,Environmental and Climate Technologies,2022.0,journal-article
2-s2.0-85170073090,none,,0,,False,,,,,
2-s2.0-85131431101,doi,,0,,False,0.0,1658-8371,Basic and Applied Sciences - Scientific Journal of King Faisal University,2022.0,journal-article
2-s2.0-85106260631,doi,,0,vor,True,44.0,1745-2007; 1752-7589,Architectural Engineering and Design Management,2021.0,journal-article
2-s2.0-85149115511,not_found,,0,,False,,,,,
2-s2.0-85144597442,doi,,0,stm-asf,True,22.0,,2022 IEEE Conference on Control Technology and Applications (CCTA),2022.0,proceedings-article
2-s2.0-85128902624,doi,National Natural Science Foundation of China; International Science and Technology Cooperation Program of Shaanxi Key Research & Development Plan,2,,False,37.0,2374-4731; 2374-474X,Science and Technology for the Built Environment,2022.0,journal-article
2-s2.0-85140440872,doi,,0,tdm; vor,True,19.0,1865-0929; 1865-0937,Communications in Computer and Information Science,2022.0,book-chapter
2-s2.0-85130888521,doi,,0,stm-asf; tdm,True,111.0,,"Biomimicry for Materials, Design and Habitats",2022.0,book-chapter
2-s2.0-85143754355,doi,,0,stm-asf,True,11.0,,2022 IEEE International Ultrasonics Symposium (IUS),2022.0,proceedings-article
2-s2.0-85143834227,doi,,0,stm-asf,True,28.0,,"2022 19th International Multi-Conference on Systems, Signals &amp; Devices (SSD)",2022.0,proceedings-article
2-s2.0-85128968605,doi,,0,tdm; vor,True,51.0,2199-1073; 2199-1081,Internet of Things,2022.0,book-chapter
2-s2.0-85149879864,doi,,0,unspecified,True,45.0,2213-3038; 2213-302X,Journal of Facade Design and Engineering,2022.0,journal-article
2-s2.0-85151556466,doi,,0,,False,0.0,2522-2708,Building Simulation Conference Proceedings,2021.0,proceedings-article
2-s2.0-85143890758,doi,Science and Engineering Research Board,1,stm-asf,True,20.0,,IECON 2022 – 48th Annual Conference of the IEEE Industrial Electronics Society,2022.0,proceedings-article
2-s2.0-85161217213,doi,,0,tdm; vor,True,18.0,,Advanced Materials in Smart Building Skins for Sustainability,2022.0,book-chapter
2-s2.0-85137052208,doi,,0,,False,0.0,2383-8701,Journal of Daylighting,2022.0,journal-article
2-s2.0-85144651522,doi,,0,tdm; vor,True,21.0,2522-8714; 2522-8722,"Advances in Science, Technology &amp; Innovation",2022.0,book-chapter
2-s2.0-85137783848,doi,,0,stm-asf,True,15.0,,2022 International Telecommunications Conference (ITC-Egypt),2022.0,proceedings-article
2-s2.0-85106286476,doi,,0,,False,64.0,0003-8628; 1758-9622,Architectural Science Review,2021.0,journal-article
2-s2.0-85124775061,doi,,0,,False,24.0,0388-6107; 1880-313X,Biomedical Research,2022.0,journal-article
2-s2.0-85134244856,doi,,0,vor,True,35.0,2169-3536,IEEE Access,2022.0,journal-article
2-s2.0-85153493982,none,,0,,False,,,,,
2-s2.0-85167610378,none,,0,,False,,,,,
2-s2.0-85121698940,doi,,0,vor,True,25.0,2076-3417,Applied Sciences,2021.0,journal-article
2-s2.0-85161122878,doi,,0,tdm; vor,True,21.0,,Advanced Materials in Smart Building Skins for Sustainability,2022.0,book-chapter
2-s2.0-85151555038,doi,,0,,False,0.0,2522-2708,Building Simulation Conference Proceedings,2021.0,proceedings-article
2-s2.0-85125451910,doi,,0,,False,10.0,,Sixth International Conference on Electromechanical Control Technology and Transportation (ICECTT 2021),2022.0,proceedings-article
2-s2.0-85139770436,none,,0,,False,,,,,
2-s2.0-85125448164,doi,,0,,False,13.0,,Sixth International Conference on Electromechanical Control Technology and Transportation (ICECTT 2021),2022.0,proceedings-article
2-s2.0-85136977131,doi,,0,,False,0.0,2332-1091; 2332-1121,Civil Engineering and Architecture,2022.0,journal-article
2-s2.0-85161151770,doi,,0,tdm; vor,True,23.0,,Advanced Materials in Smart Building Skins for Sustainability,2022.0,book-chapter
2-s2.0-85135734969,none,,0,,False,,,,,
2-s2.0-85146624692,doi,,0,tdm; vor,True,14.0,1755-1307; 1755-1315,IOP Conference Series: Earth and Environmental Science,2022.0,journal-article
2-s2.0-85130959963,doi,,0,tdm; vor,True,129.0,2345-7651; 2345-766X,Environmental Footprints and Eco-design of Products and Processes,2022.0,book-chapter
2-s2.0-85139777874,none,,0,,False,,,,,
2-s2.0-85130232234,doi,European Union; European Research Council,2,vor,True,61.0,0730-0301; 1557-7368,ACM Transactions on Graphics,2021.0,journal-article
2-s2.0-85121462543,doi,,0,tdm; vor,True,12.0,1742-6588; 1742-6596,Journal of Physics: Conference Series,2021.0,journal-article
2-s2.0-85121431558,doi,,0,tdm; vor,True,6.0,1742-6588; 1742-6596,Journal of Physics: Conference Series,2021.0,journal-article
2-s2.0-85121448052,doi,,0,tdm; vor,True,13.0,1742-6588; 1742-6596,Journal of Physics: Conference Series,2021.0,journal-article
2-s2.0-85121462730,doi,,0,tdm; vor,True,8.0,1742-6588; 1742-6596,Journal of Physics: Conference Series,2021.0,journal-article
2-s2.0-85121425535,doi,,0,tdm; vor,True,26.0,1742-6588; 1742-6596,Journal of Physics: Conference Series,2021.0,journal-article
2-s2.0-85121439668,doi,,0,tdm; vor,True,8.0,1742-6588; 1742-6596,Journal of Physics: Conference Series,2021.0,journal-article
2-s2.0-85112425762,doi,,0,tdm; vor,True,54.0,2095-2635,Frontiers of Architectural Research,2021.0,journal-article
2-s2.0-85122621015,doi,National Science Foundation; National Science Foundation,2,am; stm-asf; tdm,True,102.0,2468-6069,Materials Today Energy,2021.0,journal-article
2-s2.0-85121628743,doi,Wroclaw University of Science and Technology,1,vor,True,54.0,2075-5309,Buildings,2021.0,journal-article
2-s2.0-85136517576,doi,,0,vor,True,43.0,2673-8945,Architecture,2021.0,journal-article
2-s2.0-85114441240,doi,,0,,False,100.0,1076-0431; 1943-5568,Journal of Architectural Engineering,2021.0,journal-article
2-s2.0-85121833504,doi,,0,,False,0.0,2332-1091; 2332-1121,Civil Engineering and Architecture,2021.0,journal-article
2-s2.0-85117858885,doi,,0,tdm; vor,True,31.0,0038-092X,Solar Energy,2021.0,journal-article
2-s2.0-85121099661,doi,,0,vor,True,49.0,1996-1073,Energies,2021.0,journal-article
2-s2.0-85120030842,doi,,0,tdm; vor,True,50.0,1110-1903; 2536-9512,Journal of Engineering and Applied Science,2021.0,journal-article
2-s2.0-85129529934,doi,Federal Ministry for Economic Affairs and Energy,1,vor,True,62.0,2673-4109,CivilEng,2021.0,journal-article
2-s2.0-85106943950,doi,,0,stm-asf; tdm,True,29.0,2352-7102,Journal of Building Engineering,2021.0,journal-article
2-s2.0-85114672791,doi,"Agency for Science, Technology and Research",1,stm-asf; tdm,True,109.0,1364-0321,Renewable and Sustainable Energy Reviews,2021.0,journal-article
2-s2.0-85116428468,doi,,0,tdm; vor,True,37.0,2199-4706,Technology and Economics of Smart Grids and Sustainable Energy,2021.0,journal-article
2-s2.0-85136643589,none,,0,,False,,,,,
2-s2.0-85122617272,doi,,0,tdm,True,0.0,1755-7437; 1755-7445,International Journal of Design &amp; Nature and Ecodynamics,2021.0,journal-article
2-s2.0-85120781658,doi,,0,vor,True,40.0,2071-1050,Sustainability,2021.0,journal-article
2-s2.0-85121249285,doi,,0,vor,True,45.0,2296-665X,Frontiers in Environmental Science,2021.0,journal-article
2-s2.0-85120848775,doi,,0,tdm; vor,True,11.0,1742-6588; 1742-6596,Journal of Physics: Conference Series,2021.0,journal-article
2-s2.0-85120866533,doi,,0,tdm; vor,True,4.0,1742-6588; 1742-6596,Journal of Physics: Conference Series,2021.0,journal-article
2-s2.0-85113599150,doi,U.S. Department of Energy; National Science Foundation; National Science Foundation; National Science Foundation,4,am; stm-asf; tdm,True,41.0,0378-7788,Energy and Buildings,2021.0,journal-article
2-s2.0-85120480218,doi,,0,tdm; vor,True,19.0,1755-1307; 1755-1315,IOP Conference Series: Earth and Environmental Science,2021.0,journal-article
2-s2.0-85119376531,doi,,0,,False,10.0,0094-243X,AIP Conference Proceedings,2021.0,proceedings-article
2-s2.0-85122673961,doi,"Ministry of Science and ICT, South Korea; National Research Foundation of Korea",2,stm-asf; tdm,True,87.0,2352-7102,Journal of Building Engineering,2021.0,journal-article
2-s2.0-85104906552,doi,,0,stm-asf; tdm,True,41.0,2352-7102,Journal of Building Engineering,2021.0,journal-article
2-s2.0-85118968789,doi,,0,vor,True,58.0,2075-5309,Buildings,2021.0,journal-article
2-s2.0-85111664765,doi,Japan Society for the Promotion of Science,1,stm-asf; tdm,True,34.0,2352-7102,Journal of Building Engineering,2021.0,journal-article
2-s2.0-85118508179,doi,,0,vor,True,32.0,2073-4360,Polymers,2021.0,journal-article
2-s2.0-85118292558,doi,"Ministry of Science and Technology, Taiwan",1,am; vor,True,35.0,2156-3381; 2156-3403,IEEE Journal of Photovoltaics,2021.0,journal-article
2-s2.0-85119120665,doi,,0,vor,True,84.0,2218-1997,Universe,2021.0,journal-article
2-s2.0-85110071920,doi,,0,tdm,True,21.0,0168-2601; 2633-9838,Open House International,2021.0,journal-article
2-s2.0-85109390454,doi,,0,tdm,True,42.0,0168-2601; 2633-9838,Open House International,2021.0,journal-article
2-s2.0-85111345109,doi,,0,stm-asf; tdm,True,46.0,0306-2619,Applied Energy,2021.0,journal-article
2-s2.0-85108005602,doi,,0,stm-asf; tdm,True,50.0,0360-5442,Energy,2021.0,journal-article
2-s2.0-85109460031,doi,Engineering and Physical Sciences Research Council,1,stm-asf; tdm,True,70.0,0360-1323,Building and Environment,2021.0,journal-article
2-s2.0-85124092686,doi,,0,vor,True,53.0,0730-0301; 1557-7368,ACM Transactions on Graphics,2021.0,journal-article
2-s2.0-85107983070,doi,,0,vor,True,21.0,1948-5085; 1948-5093,Journal of Thermal Science and Engineering Applications,2021.0,journal-article
2-s2.0-85113210988,doi,National Natural Science Foundation of China,1,tdm; vor,True,22.0,2214-157X,Case Studies in Thermal Engineering,2021.0,journal-article
2-s2.0-85117214021,doi,,0,vor,True,90.0,2071-1050,Sustainability,2021.0,journal-article
2-s2.0-85146788097,doi,,0,vor,True,17.0,2267-1242,E3S Web of Conferences,2021.0,journal-article
2-s2.0-85146395762,doi,,0,vor,True,17.0,2267-1242,E3S Web of Conferences,2021.0,journal-article
2-s2.0-85107643069,doi,,0,tdm,True,64.0,0378-7788,Energy and Buildings,2021.0,journal-article
2-s2.0-85118460027,doi,,0,stm-asf,True,22.0,,2021 6th International Conference on Smart and Sustainable Technologies (SpliTech),2021.0,proceedings-article
2-s2.0-85096836688,doi,,0,tdm; vor,True,16.0,1590-5896; 1522-4600,Nexus Network Journal,2020.0,journal-article
2-s2.0-85115123664,doi,Politechnika Wrocławska,1,vor,True,41.0,2071-1050,Sustainability,2021.0,journal-article
2-s2.0-85106386626,doi,National Science Foundation; NSF CMMI; NSF CMMI,3,am; stm-asf; tdm,True,159.0,2210-6707,Sustainable Cities and Society,2021.0,journal-article
2-s2.0-85107134486,doi,Government of Singapore Building and Construction Authority; National Research Foundation of Singapore,2,stm-asf; tdm,True,53.0,0306-2619,Applied Energy,2021.0,journal-article
2-s2.0-85108626295,doi,,0,vor,True,43.0,1616-301X; 1616-3028,Advanced Functional Materials,2021.0,journal-article
2-s2.0-85108866841,doi,,0,am; stm-asf; tdm,True,121.0,0378-7788,Energy and Buildings,2021.0,journal-article
2-s2.0-85112464771,doi,"New Energy and Industrial Technology Development Organization; Ministry of Economy, Trade and Industry; Scientific Research on Priority Areas from the University of Miyazaki",3,,False,10.0,2156-3381; 2156-3403,IEEE Journal of Photovoltaics,2021.0,journal-article
2-s2.0-85107288885,doi,National Natural Science Foundation of China-Yunnan Joint Fund; Shanghai Municipal Human Resources and Social Security Bureau,2,stm-asf; tdm,True,203.0,0926-5805,Automation in Construction,2021.0,journal-article
2-s2.0-85114744779,doi,National Institute of Ecology,1,vor,True,42.0,2223-7747,Plants,2021.0,journal-article
2-s2.0-85097248742,doi,National Research Foundation of Korea,1,vor,True,21.0,1061-3773; 1099-0542,Computer Applications in Engineering Education,2020.0,journal-article
2-s2.0-85103393355,doi,Stiftelsen Chalmers tekniska högskola; Högskolan i Borås,2,tdm; vor,True,47.0,2095-2635,Frontiers of Architectural Research,2021.0,journal-article
2-s2.0-85112551743,doi,,0,tdm; vor,True,17.0,1755-1307; 1755-1315,IOP Conference Series: Earth and Environmental Science,2021.0,journal-article
2-s2.0-85112492238,doi,,0,tdm; vor,True,5.0,1755-1307; 1755-1315,IOP Conference Series: Earth and Environmental Science,2021.0,journal-article
2-s2.0-85113729756,doi,"Ministerio de Ciencia, Innovación y Universidades",1,vor,True,50.0,1660-4601,International Journal of Environmental Research and Public Health,2021.0,journal-article
2-s2.0-85112088754,doi,,0,vor,True,30.0,2071-1050,Sustainability,2021.0,journal-article
2-s2.0-85107745428,doi,University of New South Wales,1,tdm,True,99.0,0038-092X,Solar Energy,2021.0,journal-article
2-s2.0-85108617942,doi,"European Research Council; Ministero dell’Istruzione, dell’Università e della Ricerca",2,tdm,True,48.0,0038-092X,Solar Energy,2021.0,journal-article
2-s2.0-85104908833,doi,NSERC,1,stm-asf; tdm,True,281.0,0378-7788,Energy and Buildings,2021.0,journal-article
2-s2.0-85112097850,doi,Fundação para a Ciência e a Tecnologia,1,vor,True,40.0,2073-4360,Polymers,2021.0,journal-article
2-s2.0-85113210486,doi,,0,vor,True,41.0,2075-5309,Buildings,2021.0,journal-article
2-s2.0-85105498606,doi,King Saud University Deanship of Scientific Research,1,stm-asf; tdm,True,42.0,1364-0321,Renewable and Sustainable Energy Reviews,2021.0,journal-article
2-s2.0-85104915977,doi,,0,stm-asf; tdm,True,66.0,0306-2619,Applied Energy,2021.0,journal-article
2-s2.0-85116227946,doi,,0,stm-asf,True,15.0,,2021 6th IEEE International Conference on Advanced Robotics and Mechatronics (ICARM),2021.0,proceedings-article
2-s2.0-85111154588,doi,,0,vor,True,61.0,2071-1050,Sustainability,2021.0,journal-article
2-s2.0-85109940032,doi,,0,vor,True,88.0,1996-1944,Materials,2021.0,journal-article
2-s2.0-85109511276,doi,Wonkwang University,1,vor,True,26.0,2075-5309,Buildings,2021.0,journal-article
2-s2.0-85114738334,not_found,,0,,False,,,,,
2-s2.0-85100618188,doi,University of Technology Sydney,1,stm-asf; tdm,True,45.0,2352-7102,Journal of Building Engineering,2021.0,journal-article
2-s2.0-85115688871,doi,,0,stm-asf; vor,True,29.0,,2021 IEEE Applied Power Electronics Conference and Exposition (APEC),2021.0,proceedings-article
2-s2.0-85108640427,doi,,0,vor,True,57.0,0730-0301; 1557-7368,ACM Transactions on Graphics,2021.0,journal-article
2-s2.0-85079369642,doi,Sentinel North,1,tdm,True,175.0,1420-326X; 1423-0070,Indoor and Built Environment,2020.0,journal-article
2-s2.0-85108017781,doi,,0,vor,True,56.0,1996-1073,Energies,2021.0,journal-article
2-s2.0-85105568411,doi,,0,tdm,True,71.0,0038-092X,Solar Energy,2021.0,journal-article
2-s2.0-85089452205,doi,,0,tdm; vor,True,58.0,1996-3599; 1996-8744,Building Simulation,2020.0,journal-article
2-s2.0-85105694875,doi,NSF CMMI,1,am; stm-asf; tdm,True,63.0,0167-6105,Journal of Wind Engineering and Industrial Aerodynamics,2021.0,journal-article
2-s2.0-85175823497,doi,Agencia Estatal de Investigación; Fundación Séneca; Fundación Séneca,3,vor,True,38.0,2673-3978,Electronic Materials,2021.0,journal-article
2-s2.0-85107426727,doi,,0,tdm; vor,True,9.0,1742-6588; 1742-6596,Journal of Physics: Conference Series,2021.0,journal-article
2-s2.0-85110837314,doi,,0,,False,19.0,,2021 American Control Conference (ACC),2021.0,proceedings-article
2-s2.0-85104347322,doi,Laval University,1,tdm,True,96.0,0038-092X,Solar Energy,2021.0,journal-article
2-s2.0-85106885222,doi,"Ministry of Science, Innovation and Universities (Spain)",1,vor,True,36.0,1996-1073,Energies,2021.0,journal-article
2-s2.0-85105734919,doi,the National Research Foundation of Korea (NRF),1,vor,True,160.0,1424-8220,Sensors,2021.0,journal-article
2-s2.0-85107300411,doi,,0,vor,True,75.0,2076-3417,Applied Sciences,2021.0,journal-article
2-s2.0-85103402498,doi,National Science Foundation Division of Civil Mechanical and Manufacturing Innovation,1,am; stm-asf; tdm,True,48.0,0167-6105,Journal of Wind Engineering and Industrial Aerodynamics,2021.0,journal-article
2-s2.0-85099208246,doi,,0,tdm,True,62.0,2451-9049,Thermal Science and Engineering Progress,2021.0,journal-article
2-s2.0-85100431205,doi,Ferdowsi University of Mashhad,1,stm-asf; tdm,True,74.0,0959-6526,Journal of Cleaner Production,2021.0,journal-article
2-s2.0-85104917961,not_found,,0,,False,,,,,
2-s2.0-85104908798,not_found,,0,,False,,,,,
2-s2.0-85104838454,doi,,0,,False,6.0,0148-7191; 2688-3627,SAE Technical Paper Series,2021.0,proceedings-article
2-s2.0-85104840171,doi,,0,,False,3.0,0148-7191; 2688-3627,SAE Technical Paper Series,2021.0,proceedings-article
2-s2.0-85100644431,doi,"National Science Foundation; Iowa Energy Center; American Society of Heating, Refrigerating and Air-Conditioning Engineers",3,stm-asf; tdm,True,39.0,0378-7788,Energy and Buildings,2021.0,journal-article
2-s2.0-85101168497,doi,Provincia autonoma di Bolzano - Alto Adige,1,stm-asf; tdm,True,37.0,0378-7788,Energy and Buildings,2021.0,journal-article
2-s2.0-85106522002,doi,Korea Institute of Energy Technology Evaluation and Planning; Hanbat National University,2,vor,True,22.0,1996-1073,Energies,2021.0,journal-article
2-s2.0-85102298720,doi,"American Society of Heating, Refrigerating and Air-Conditioning Engineers",1,tdm,True,42.0,0038-092X,Solar Energy,2021.0,journal-article
2-s2.0-85098986949,doi,Deutsche Forschungsgemeinschaft; Deutsche Forschungsgemeinschaft; Universität Stuttgart,3,tdm,True,37.0,0010-4485,Computer-Aided Design,2021.0,journal-article
2-s2.0-85105090023,doi,,0,vor,True,51.0,1996-1073,Energies,2021.0,journal-article
2-s2.0-85099257473,doi,,0,tdm; vor,True,11.0,2250-0545; 2250-0553,Journal of The Institution of Engineers (India): Series C,2021.0,journal-article
2-s2.0-85123768643,doi,,0,,False,0.0,2239-0243,TECHNE - Journal of Technology for Architecture and Environment,2021.0,journal-article
2-s2.0-85112087786,doi,,0,,False,0.0,2239-0243,TECHNE - Journal of Technology for Architecture and Environment,2021.0,journal-article
2-s2.0-85100081620,doi,"Ministry of Land, Infrastructure and Transport; Ministry of Science, ICT and Future Planning; National Research Foundation of Korea",3,stm-asf; tdm,True,59.0,0378-7788,Energy and Buildings,2021.0,journal-article
2-s2.0-85098191209,doi,,0,tdm,True,38.0,0360-5442,Energy,2021.0,journal-article
2-s2.0-85099219026,doi,Norges Teknisk-Naturvitenskapelige Universitet,1,tdm; vor,True,110.0,0360-1323,Building and Environment,2021.0,journal-article
2-s2.0-85098989371,doi,Ajou University; National Research Foundation of Korea; National Research Foundation of Korea,3,stm-asf; tdm,True,60.0,2352-7102,Journal of Building Engineering,2021.0,journal-article
2-s2.0-85088952684,doi,,0,tdm; vor,True,41.0,2090-4479,Ain Shams Engineering Journal,2021.0,journal-article
2-s2.0-85086149629,doi,,0,tdm,True,23.0,1660-5373; 1660-5373,Tourism Review,2020.0,journal-article
2-s2.0-85096851236,doi,Science Foundation Ireland,1,tdm; vor,True,175.0,1359-4311,Applied Thermal Engineering,2021.0,journal-article
2-s2.0-85101498447,doi,,0,vor,True,54.0,2196-0216; 2196-0216,ChemElectroChem,2021.0,journal-article
2-s2.0-85105520156,doi,"Deanship of Scientific Research, King Saud University",1,vor,True,34.0,1996-1073,Energies,2021.0,journal-article
2-s2.0-85097079203,doi,,0,tdm,True,72.0,0926-5805,Automation in Construction,2021.0,journal-article
2-s2.0-85096372838,doi,"Canadian Network for Research and Innovation in Machining Technology, Natural Sciences and Engineering Research Council of Canada",1,stm-asf; tdm,True,74.0,0378-7788,Energy and Buildings,2021.0,journal-article
2-s2.0-85096829796,doi,Cork Institute of Technology; Sustainable Energy Authority of Ireland,2,tdm; vor,True,67.0,0378-7788,Energy and Buildings,2021.0,journal-article
2-s2.0-85136112302,doi,,0,stm-asf; tdm,True,71.0,,Rethinking Building Skins,2022.0,book-chapter
2-s2.0-85124765122,none,,0,,False,,,,,
2-s2.0-85124652049,doi,,0,,False,0.0,2684-1843,eCAADe proceedings,2021.0,proceedings-article
2-s2.0-85112286642,doi,Narodowe Centrum Nauki,1,vor,True,50.0,2331-1983,Cogent Arts &amp; Humanities,2021.0,journal-article
2-s2.0-85101152885,doi,,0,,False,0.0,2383-8701,Journal of Daylighting,2021.0,journal-article
2-s2.0-85116026456,doi,,0,,False,44.0,2541-9935; 1068-9761,Light &amp; Engineering,2021.0,journal-article
2-s2.0-85136130089,doi,,0,stm-asf; tdm,True,77.0,,Rethinking Building Skins,2022.0,book-chapter
2-s2.0-85078011441,doi,American University; Princeton University,2,,False,45.0,1748-0272; 1748-0280,Wood Material Science &amp; Engineering,2020.0,journal-article
2-s2.0-85088046524,doi,,0,tdm,True,55.0,2352-7102,Journal of Building Engineering,2021.0,journal-article
2-s2.0-85121792665,doi,,0,,False,0.0,1743-3541; 1746-448X,WIT Transactions on Ecology and the Environment,2021.0,proceedings-article
2-s2.0-85095915818,doi,,0,tdm,True,137.0,0926-5805,Automation in Construction,2021.0,journal-article
2-s2.0-85105823271,doi,,0,,False,24.0,2147-1762,Gazi University Journal of Science,2021.0,journal-article
2-s2.0-85141914528,doi,,0,unspecified,True,21.0,1687-4048; 1687-4048,HBRC Journal,2021.0,journal-article
2-s2.0-85101091295,doi,,0,tdm; vor,True,50.0,2509-6796; 2509-7024,PoliTO Springer Series,2021.0,book-chapter
2-s2.0-85106201908,doi,,0,tdm; vor,True,20.0,2366-2557; 2366-2565,Lecture Notes in Civil Engineering,2021.0,book-chapter
2-s2.0-85129265183,none,,0,,False,,,,,
2-s2.0-85120787117,none,,0,,False,,,,,
2-s2.0-85120804451,none,,0,,False,,,,,
2-s2.0-85130738705,doi,University of Oklahoma,1,stm-asf,True,30.0,,"2021 IEEE 3rd International Conference on Architecture, Construction, Environment and Hydraulics (ICACEH)",2021.0,proceedings-article
2-s2.0-85124566177,doi,Saint Joseph University,1,stm-asf; vor,True,16.0,,2021 10th International Conference on Power Science and Engineering (ICPSE),2021.0,proceedings-article
2-s2.0-85081920232,doi,,0,,False,87.0,0003-8628; 1758-9622,Architectural Science Review,2020.0,journal-article
2-s2.0-85093962315,doi,Politecnico di Milano,1,tdm,True,37.0,0360-1323,Building and Environment,2021.0,journal-article
2-s2.0-85079216383,doi,,0,,False,37.0,0003-8628; 1758-9622,Architectural Science Review,2020.0,journal-article
2-s2.0-85117696817,doi,,0,tdm; vor,True,23.0,2522-8714; 2522-8722,"Advances in Science, Technology &amp; Innovation",2021.0,book-chapter
2-s2.0-85129310067,none,,0,,False,,,,,
2-s2.0-85137868865,doi,,0,stm-asf; tdm,True,56.0,,Rethinking Building Skins,2022.0,book-chapter
2-s2.0-85105299904,doi,,0,,False,0.0,2325-1662; 2325-1670,"The International Journal of Architectonic, Spatial, and Environmental Design",2021.0,journal-article
2-s2.0-85125762052,none,,0,,False,,,,,
2-s2.0-85100006012,doi,,0,stm-asf; tdm,True,26.0,,Climate Change Science,2021.0,book-chapter
2-s2.0-85104797731,doi,,0,,False,0.0,2475-1448; 2475-143X,Technology|Architecture + Design,2021.0,journal-article
2-s2.0-85114275649,none,,0,,False,,,,,
2-s2.0-85104637043,none,,0,,False,,,,,
2-s2.0-85124977232,doi,,0,stm-asf,True,26.0,,2021 IEEE 3rd International Multidisciplinary Conference on Engineering Technology (IMCET),2021.0,proceedings-article
2-s2.0-85136160419,doi,,0,stm-asf; tdm,True,34.0,,Rethinking Building Skins,2022.0,book-chapter
2-s2.0-85113813721,doi,"Institute of Engineering Mechanics, China Earthquake Administration",1,vor,True,42.0,1687-8086; 1687-8094,Advances in Civil Engineering,2021.0,journal-article
2-s2.0-85121868197,none,,0,,False,,,,,
2-s2.0-85119206483,doi,National Key R&D Programme for the 13th-Five-Year Plan of China; National Key R&D Programme for the 13th-Five-Year Plan of China; International Science and Technology Cooperation Programme of Shaanxi Key Research & Development Plan,3,,False,39.0,1940-1493; 1940-1507,Journal of Building Performance Simulation,2021.0,journal-article
2-s2.0-85171377186,doi,,0,stm-asf; tdm,True,24.0,,Handbook of Algal Biofuels,2022.0,book-chapter
2-s2.0-85103482905,doi,,0,tdm; vor,True,13.0,2366-2557; 2366-2565,Lecture Notes in Civil Engineering,2021.0,book-chapter
2-s2.0-85122146867,doi,,0,,False,0.0,,14th WCCM-ECCOMAS Congress,2021.0,proceedings-article
2-s2.0-85098179020,doi,,0,tdm; vor,True,12.0,2190-3018; 2190-3026,"Smart Innovation, Systems and Technologies",2020.0,book-chapter
2-s2.0-85106145690,doi,,0,tdm; vor,True,42.0,1865-3529; 1865-3537,Green Energy and Technology,2021.0,book-chapter
2-s2.0-85111509119,doi,,0,,False,0.0,1823-8556; 2672-7226,JOURNAL OF SUSTAINABILITY SCIENCE AND MANAGEMENT,2021.0,journal-article
2-s2.0-85112712446,doi,,0,unspecified,True,25.0,2255-8837,Environmental and Climate Technologies,2021.0,journal-article
2-s2.0-85104007221,doi,Collaborative Research Grant Scheme CSC UNSW Australia,1,vor,True,45.0,2169-3536,IEEE Access,2021.0,journal-article
2-s2.0-85100042183,doi,,0,vor,True,17.0,2313-7673,Biomimetics,2021.0,journal-article
2-s2.0-85101800826,doi,Israel Ministry of Environmental Protection,1,,False,40.0,0961-3218; 1466-4321,Building Research &amp; Information,2021.0,journal-article
2-s2.0-85101737996,doi,"Universiti Malaysia Perlis; Ministry of Education (MOE), Malaysia, for providing the facilities through the Fundamental Research Grant Scheme; Science Foundation Ireland (SFI) through the SFI Strategic Partnership Programme; UCD Energy Institute",4,vor,True,65.0,2169-3536,IEEE Access,2021.0,journal-article
2-s2.0-85113814258,doi,,0,,False,0.0,2644-108X,Proceedings of International Structural Engineering and Construction,2021.0,journal-article
2-s2.0-85107476783,doi,University of Oregon,1,,False,36.0,0961-3218; 1466-4321,Building Research &amp; Information,2021.0,journal-article
2-s2.0-85099097702,doi,,0,,False,36.0,1940-1493; 1940-1507,Journal of Building Performance Simulation,2021.0,journal-article
2-s2.0-85111840130,doi,,0,tdm; vor,True,22.0,1869-8433; 1869-8441,Advanced Structured Materials,2021.0,book-chapter
2-s2.0-85134205523,doi,,0,,False,9.0,,Fifth International Conference on Traffic Engineering and Transportation System (ICTETS 2021),2021.0,proceedings-article
2-s2.0-85099293992,doi,,0,,False,32.0,1042-0150; 1029-4953,Radiation Effects and Defects in Solids,2021.0,journal-article
2-s2.0-85129122939,doi,,0,stm-asf; tdm,True,43.0,,Hazardous Gases,2021.0,book-chapter
2-s2.0-85097823159,doi,,0,tdm; vor,True,6.0,2194-5357; 2194-5365,Advances in Intelligent Systems and Computing,2020.0,book-chapter
2-s2.0-85133611540,none,,0,,False,,,,,
2-s2.0-85124970694,doi,Bayer,1,stm-asf; vor,True,44.0,,2021 9th International Conference on Systems and Control (ICSC),2021.0,proceedings-article
2-s2.0-85126525659,none,,0,,False,,,,,
2-s2.0-85116436109,doi,,0,,False,0.0,1567-536X; 1571-8123,International Criminal Law Review,2021.0,journal-article
2-s2.0-85122425104,doi,,0,,False,27.0,0883-9514; 1087-6545,Applied Artificial Intelligence,2021.0,journal-article
2-s2.0-85089441901,doi,"Khalifa University of Science, Technology and Research",1,tdm; vor,True,31.0,1868-2502; 1868-2510,CEAS Space Journal,2020.0,journal-article
2-s2.0-85122079909,doi,,0,,False,49.0,2189-7654,Journal of Fiber Science and Technology,2021.0,journal-article
2-s2.0-85104604035,doi,,0,unspecified,True,22.0,2353-7396,Curved and Layered Structures,2021.0,journal-article
2-s2.0-85171538240,doi,,0,,False,0.0,0439-5689; 0439-5689,Hormigón y Acero,2020.0,journal-article
2-s2.0-85091640124,doi,,0,tdm,True,561.0,0959-6526,Journal of Cleaner Production,2020.0,journal-article
2-s2.0-85098063996,doi,Natural Sciences and Engineering Research Council of Canada,1,vor,True,108.0,1662-453X,Frontiers in Neuroscience,2020.0,journal-article
2-s2.0-85097157612,doi,,0,vor,True,31.0,0171-5445; 1437-0980,Bauphysik,2020.0,journal-article
2-s2.0-85097083308,doi,Asociación de Amigos de la Universidad de Navarra and Banco Santander,1,vor,True,83.0,2071-1050,Sustainability,2020.0,journal-article
2-s2.0-85092929162,doi,National Science Foundation; National Science Foundation; University of Notre Dame; American Society of Civil Engineers,4,tdm; vor,True,58.0,2095-8099,Engineering,2020.0,journal-article
2-s2.0-85096679911,doi,"Ministry of Science and Technology, Taiwan",1,tdm,True,56.0,0038-092X,Solar Energy,2020.0,journal-article
2-s2.0-85090706239,doi,Politecnico di Torino,1,tdm,True,60.0,0926-5805,Automation in Construction,2020.0,journal-article
2-s2.0-85097335556,none,,0,,False,,,,,
2-s2.0-85099220530,doi,,0,tdm; vor,True,105.0,2662-2521,Journal of Infrastructure Preservation and Resilience,2020.0,journal-article
2-s2.0-85099553034,doi,,0,stm-asf; vor,True,10.0,,2020 7th International Conference on Energy Efficiency and Agricultural Engineering (EE&amp;AE),2020.0,proceedings-article
2-s2.0-85096997179,doi,,0,,False,62.0,0094-243X,AIP Conference Proceedings,2020.0,proceedings-article
2-s2.0-85096432051,doi,,0,tdm; vor,True,7.0,1757-8981; 1757-899X,IOP Conference Series: Materials Science and Engineering,2020.0,journal-article
2-s2.0-85089419516,doi,"Materials Research Science and Engineering Center, Harvard University",1,tdm,True,133.0,0378-7788,Energy and Buildings,2020.0,journal-article
2-s2.0-85091204812,doi,,0,tdm; vor,True,61.0,0360-1323,Building and Environment,2020.0,journal-article
2-s2.0-85087678583,doi,,0,tdm,True,32.0,2210-6707,Sustainable Cities and Society,2020.0,journal-article
2-s2.0-85092247207,doi,,0,tdm,True,33.0,0196-8904,Energy Conversion and Management,2020.0,journal-article
2-s2.0-85089254762,doi,,0,tdm; vor,True,8.0,2363-5142; 2363-5150,Glass Structures &amp; Engineering,2020.0,journal-article
2-s2.0-85096365504,doi,,0,tdm; vor,True,6.0,1742-6588; 1742-6596,Journal of Physics: Conference Series,2020.0,journal-article
2-s2.0-85060331691,doi,,0,,False,75.0,1750-8975; 1756-6932,Intelligent Buildings International,2019.0,journal-article
2-s2.0-85094943627,doi,National Science Foundation,1,tdm; vor,True,26.0,0964-1726; 1361-665X,Smart Materials and Structures,2020.0,journal-article
2-s2.0-85096526581,none,,0,,False,,,,,
2-s2.0-85090335845,doi,National Natural Science Foundation of China; National Key Laboratory of High Performance Complex Manufacturing,2,tdm,True,48.0,0278-6125,Journal of Manufacturing Systems,2020.0,journal-article
2-s2.0-85084033487,doi,,0,tdm; vor,True,70.0,2352-7102,Journal of Building Engineering,2020.0,journal-article
2-s2.0-85084830682,doi,,0,vor,True,77.0,2050-0505; 2050-0505,Energy Science &amp; Engineering,2020.0,journal-article
2-s2.0-85094326094,doi,,0,stm-asf; vor,True,6.0,,2020 12th IEEE PES Asia-Pacific Power and Energy Engineering Conference (APPEEC),2020.0,proceedings-article
2-s2.0-85085270237,doi,Asociación de Amigos de la Universidad de Navarra; Government of Navarra,2,stm-asf; tdm,True,64.0,2210-6707,Sustainable Cities and Society,2020.0,journal-article
2-s2.0-85083000344,doi,,0,tdm; vor,True,36.0,2352-7102,Journal of Building Engineering,2020.0,journal-article
2-s2.0-85086497914,doi,,0,,False,33.0,1076-0431; 1943-5568,Journal of Architectural Engineering,2020.0,journal-article
2-s2.0-85090845855,doi,Fraunhofer Cluster of Excellence Programmable Materials; European Regional Development Fund,2,vor,True,83.0,2073-4360,Polymers,2020.0,journal-article
2-s2.0-85085250686,doi,,0,,False,31.0,1076-0431; 1943-5568,Journal of Architectural Engineering,2020.0,journal-article
2-s2.0-85087008459,doi,,0,tdm; vor,True,21.0,1078-5884,European Journal of Vascular and Endovascular Surgery,2020.0,journal-article
2-s2.0-85114074650,doi,,0,vor,True,19.0,2577-6193,Proceedings of the ACM on Computer Graphics and Interactive Techniques,2020.0,journal-article
2-s2.0-85090332201,doi,,0,tdm; vor,True,20.0,1757-8981; 1757-899X,IOP Conference Series: Materials Science and Engineering,2020.0,journal-article
2-s2.0-85091373991,doi,,0,tdm; vor,True,10.0,1757-8981; 1757-899X,IOP Conference Series: Materials Science and Engineering,2020.0,journal-article
2-s2.0-85086162735,doi,,0,tdm,True,58.0,0038-092X,Solar Energy,2020.0,journal-article
2-s2.0-85089192606,doi,Australian Renewable Energy Agency,1,am,True,30.0,2398-4902,Sustainable Energy &amp; Fuels,2020.0,journal-article
2-s2.0-85076507965,doi,,0,tdm,True,86.0,0960-1481,Renewable Energy,2020.0,journal-article
2-s2.0-85083816257,doi,,0,tdm,True,43.0,0378-7788,Energy and Buildings,2020.0,journal-article
2-s2.0-85085554038,doi,,0,tdm,True,56.0,0038-092X,Solar Energy,2020.0,journal-article
2-s2.0-85086653930,doi,Building Technologies Office; Office of Energy Efficiency and Renewable Energy; U.S. Department of Energy; National Science Foundation; National Science Foundation,5,tdm; vor,True,33.0,2542-4351,Joule,2020.0,journal-article
2-s2.0-85088433108,doi,Deutsche Forschungsgemeinschaft,1,vor,True,64.0,2297-3362,Frontiers in Built Environment,2020.0,journal-article
2-s2.0-85089198087,doi,University of New South Wales,1,vor,True,120.0,2075-5309,Buildings,2020.0,journal-article
2-s2.0-85083325294,doi,,0,tdm,True,43.0,0378-7788,Energy and Buildings,2020.0,journal-article
2-s2.0-85063354705,doi,,0,tdm,True,25.0,1420-326X; 1423-0070,Indoor and Built Environment,2019.0,journal-article
2-s2.0-85088457239,doi,,0,vor,True,6.0,2267-1242,E3S Web of Conferences,2020.0,journal-article
2-s2.0-85081652116,doi,National Natural Science Foundation of the P.R. China,1,tdm,True,51.0,0959-6526,Journal of Cleaner Production,2020.0,journal-article
2-s2.0-85087331408,doi,,0,tdm; vor,True,10.0,1755-1307; 1755-1315,IOP Conference Series: Earth and Environmental Science,2020.0,journal-article
2-s2.0-85084736550,doi,European Cooperation in Science and Technology,1,tdm,True,175.0,0360-1323,Building and Environment,2020.0,journal-article
2-s2.0-85083332795,doi,"CERIS Research Centre, Instituto Superior Técnico; Universidade de Lisboa; FCT Fundação para a Ciência e Tecnologia",3,tdm,True,69.0,0378-7788,Energy and Buildings,2020.0,journal-article
2-s2.0-85088145745,doi,,0,tdm; vor,True,7.0,1757-8981; 1757-899X,IOP Conference Series: Materials Science and Engineering,2020.0,journal-article
2-s2.0-85087065816,doi,,0,tdm; vor,True,9.0,1742-6588; 1742-6596,Journal of Physics: Conference Series,2020.0,journal-article
2-s2.0-85076254654,doi,,0,tdm; vor,True,33.0,2095-2635,Frontiers of Architectural Research,2020.0,journal-article
2-s2.0-85057366878,doi,National Key Research and Development Program of China Stem Cell and Translational Research; National Natural Science Foundation of China; Zhe-jiang Provincial NSFC; Fundamental Research Funds for the Central Universities,4,stm-asf; vor,True,39.0,1077-2626; 1941-0506; 2160-9306,IEEE Transactions on Visualization and Computer Graphics,2020.0,journal-article
2-s2.0-85085911472,doi,National Research Foundation of Korea,1,vor,True,121.0,2071-1050,Sustainability,2020.0,journal-article
2-s2.0-85094812727,doi,,0,stm-asf; vor,True,19.0,,2020 8th International Conference on Smart Grid (icSmartGrid),2020.0,proceedings-article
2-s2.0-85081115350,doi,National Research Foundation of Korea,1,tdm,True,48.0,0926-5805,Automation in Construction,2020.0,journal-article
2-s2.0-85078105040,doi,"Ministerstvo školstva, vedy, výskumu a športu Slovenskej republiky; Slovak Research and Development Agency; Czech Science Foundation; Vedecká Grantová Agentúra MŠVVaŠ SR a SAV; Vedecká Grantová Agentúra MŠVVaŠ SR a SAV; Ministry of Education Youth and Sports of the Czech Republic",6,tdm,True,46.0,0960-1481,Renewable Energy,2020.0,journal-article
2-s2.0-85087803642,doi,,0,vor,True,92.0,1996-1073,Energies,2020.0,journal-article
2-s2.0-85058104789,doi,Natural Sciences and Engineering Research Council of Canada,1,stm-asf; vor,True,40.0,1077-2626; 1941-0506; 2160-9306,IEEE Transactions on Visualization and Computer Graphics,2020.0,journal-article
2-s2.0-85128181107,none,,0,,False,,,,,
2-s2.0-85140060613,none,,0,,False,,,,,
2-s2.0-85081731264,doi,,0,stm-asf; tdm,True,101.0,0360-1323,Building and Environment,2020.0,journal-article
2-s2.0-85081216955,doi,"Australian Academy of Science; Australian Research Council; Department of Industry, Innovation and Science, Australian Government",3,tdm,True,45.0,0306-2619,Applied Energy,2020.0,journal-article
2-s2.0-85081971163,doi,National Natural Science Foundation of China,1,tdm,True,62.0,0038-092X,Solar Energy,2020.0,journal-article
2-s2.0-85079325450,doi,,0,tdm,True,35.0,0926-5805,Automation in Construction,2020.0,journal-article
2-s2.0-85079685271,doi,"Deanship of Scientific Research, King Saud University",1,stm-asf; tdm,True,34.0,1364-0321,Renewable and Sustainable Energy Reviews,2020.0,journal-article
2-s2.0-85111293681,doi,,0,vor,True,48.0,2577-6193,Proceedings of the ACM on Computer Graphics and Interactive Techniques,2020.0,journal-article
2-s2.0-85080077231,doi,"American Society of Heating, Refrigerating and Air-Conditioning Engineers",1,stm-asf; tdm,True,66.0,0360-5442,Energy,2020.0,journal-article
2-s2.0-85077903224,doi,"Ministero dell'Istruzione, dell'Università e della Ricerca",1,tdm; vor,True,19.0,1545-2255; 1545-2263,Structural Control and Health Monitoring,2020.0,journal-article
2-s2.0-85083718105,doi,National Science Foundation,1,vor,True,53.0,1932-6203,PLOS ONE,2020.0,journal-article
2-s2.0-85083001459,doi,"Ministero dell’Istruzione, dell’Università e della Ricerca",1,tdm,True,33.0,0093-6413,Mechanics Research Communications,2020.0,journal-article
2-s2.0-85084984543,doi,,0,tdm,True,0.0,1755-7437; 1755-7445,International Journal of Design &amp; Nature and Ecodynamics,2020.0,journal-article
2-s2.0-85083862307,doi,Ministry of Science and Technology of China; National Natural Science Foundation of China; Jiangsu Specially Appointed Professor Program; Six Top Talents Program of Jiangsu; High-Level Entrepreneurial and Innovative Talents Introduction; Nanjing University,6,stm-asf; vor,True,40.0,0018-9545; 1939-9359,IEEE Transactions on Vehicular Technology,2020.0,journal-article
2-s2.0-85078716275,doi,Scientific and Technological Research Council of Turkey,1,tdm,True,46.0,1359-4311,Applied Thermal Engineering,2020.0,journal-article
2-s2.0-85082575519,doi,,0,tdm; vor,True,6.0,1755-1307; 1755-1315,IOP Conference Series: Earth and Environmental Science,2020.0,journal-article
2-s2.0-85082446690,doi,,0,tdm; vor,True,32.0,1757-8981; 1757-899X,IOP Conference Series: Materials Science and Engineering,2020.0,journal-article
2-s2.0-85078165861,doi,U.S. Department of Energy,1,tdm; vor,True,40.0,0378-7788,Energy and Buildings,2020.0,journal-article
2-s2.0-85101734566,doi,,0,,False,0.0,2066-5377,"Environment, Space, Place",2020.0,journal-article
2-s2.0-85081748792,doi,,0,vor,True,27.0,1996-1073,Energies,2020.0,journal-article
2-s2.0-85078998867,doi,,0,tdm,True,55.0,0038-092X,Solar Energy,2020.0,journal-article
2-s2.0-85076591468,doi,Innovationsfonden,1,tdm,True,48.0,0378-7788,Energy and Buildings,2020.0,journal-article
2-s2.0-85074022155,doi,,0,,False,18.0,2374-4731; 2374-474X,Science and Technology for the Built Environment,2019.0,journal-article
2-s2.0-85101809210,doi,Israel Science Foundation,1,vor,True,21.0,2075-5309,Buildings,2020.0,journal-article
2-s2.0-85081231680,doi,"Ministry of Land, Infrastructure and Transport of Korean government",1,vor,True,25.0,2076-3417,Applied Sciences,2020.0,journal-article
2-s2.0-85075860107,doi,Fundamental Research Funds for the Central Universities; National Natural Science Foundation of China; National Natural Science Foundation of China,3,tdm,True,41.0,0306-2619,Applied Energy,2020.0,journal-article
2-s2.0-85072035566,doi,,0,tdm; vor,True,55.0,1996-3599; 1996-8744,Building Simulation,2019.0,journal-article
2-s2.0-85075040446,doi,,0,tdm,True,33.0,0360-1323,Building and Environment,2020.0,journal-article
2-s2.0-85078287826,doi,National Natural Science Foundation of China; National Natural Science Foundation of China,2,,False,27.0,0003-6951; 1077-3118,Applied Physics Letters,2020.0,journal-article
2-s2.0-85076808957,doi,,0,vor,True,35.0,1346-7581; 1347-2852,Journal of Asian Architecture and Building Engineering,2019.0,journal-article
2-s2.0-85184991093,none,,0,,False,,,,,
2-s2.0-85067350173,doi,,0,tdm,True,23.0,2194-5357; 2194-5365,Advances in Intelligent Systems and Computing,2019.0,book-chapter
2-s2.0-85085959044,doi,,0,tdm,True,11.0,2198-7300; 2198-7319,Research for Development,2019.0,book-chapter
2-s2.0-85091338421,doi,,0,,False,0.0,2710-4265,CAADRIA proceedings,2020.0,proceedings-article
2-s2.0-85097526375,none,,0,,False,,,,,
2-s2.0-85128244716,doi,,0,,False,0.0,2684-1843,eCAADe proceedings,2020.0,proceedings-article
2-s2.0-85088049126,doi,H2020 Marie Skłodowska-Curie Actions,1,tdm; vor,True,17.0,2351-9789,Procedia Manufacturing,2020.0,journal-article
2-s2.0-85086049751,doi,,0,tdm; vor,True,54.0,1865-3529; 1865-3537,Green Energy and Technology,2020.0,book-chapter
2-s2.0-85185220756,none,,0,,False,,,,,
2-s2.0-85085959535,none,,0,,False,,,,,
2-s2.0-85085729836,doi,,0,,False,0.0,,Behavior and Mechanics of Multifunctional Materials IX,2020.0,proceedings-article
2-s2.0-85141912564,none,,0,,False,,,,,
2-s2.0-85099731186,none,,0,,False,,,,,
2-s2.0-85103648888,none,,0,,False,,,,,
2-s2.0-85090284654,doi,,0,unspecified,True,16.0,2255-8837,Environmental and Climate Technologies,2020.0,journal-article
2-s2.0-85089282163,doi,,0,tdm,True,17.0,,Bio-Based Materials and Biotechnologies for Eco-Efficient Construction,2020.0,book-chapter
2-s2.0-85140706482,doi,,0,stm-asf; tdm,True,78.0,,Eco-efficient Materials for Reducing Cooling Needs in Buildings and Construction,2021.0,book-chapter
2-s2.0-85104924617,none,,0,,False,,,,,
2-s2.0-85096044479,not_found,,0,,False,,,,,
2-s2.0-105007397822,doi,,0,tdm,True,18.0,,PHYSICAL MODELS,2020.0,other
2-s2.0-85184995407,none,,0,,False,,,,,
2-s2.0-85090259646,doi,,0,,False,0.0,0125-8281,Engineering Journal,2020.0,journal-article
2-s2.0-85083065546,doi,,0,tdm,True,25.0,2195-4356; 2195-4364,Lecture Notes in Mechanical Engineering,2019.0,book-chapter
2-s2.0-85108424163,doi,,0,,False,0.0,2644-108X,Proceedings of International Structural Engineering and Construction,2020.0,journal-article
2-s2.0-85128206398,none,,0,,False,,,,,
2-s2.0-85071652593,doi,king saud university,1,tdm,True,26.0,0142-3312; 1477-0369,Transactions of the Institute of Measurement and Control,2019.0,journal-article
2-s2.0-85091330349,none,,0,,False,,,,,
2-s2.0-85100391054,none,,0,,False,,,,,
2-s2.0-85105728083,none,,0,,False,,,,,
2-s2.0-85096921942,none,,0,,False,,,,,
2-s2.0-85075417999,doi,,0,tdm,True,74.0,0360-5442,Energy,2020.0,journal-article
2-s2.0-85088013001,doi,Horizon 2020,1,tdm; vor,True,11.0,2351-9789,Procedia Manufacturing,2020.0,journal-article
2-s2.0-85096784584,doi,,0,vor,True,0.0,,"ASME 2020 Conference on Smart Materials, Adaptive Structures and Intelligent Systems",2020.0,proceedings-article
2-s2.0-85185006802,none,,0,,False,,,,,
2-s2.0-85112202244,none,,0,,False,,,,,
2-s2.0-85083220796,none,,0,,False,,,,,
2-s2.0-85090829802,none,,0,,False,,,,,
2-s2.0-85105096140,doi,,0,tdm,True,21.0,2405-8963,IFAC-PapersOnLine,2020.0,journal-article
2-s2.0-85086699675,doi,"China Postdoctoral Science Foundation; Chongqing Special Postdoctoral Science Foundation; Natural Science Foundation of Chongqing, China; National Natural Science Foundation of China; National Basic Research Program of China",5,vor,True,38.0,2169-3536,IEEE Access,2020.0,journal-article
2-s2.0-85097549274,doi,,0,vor,True,47.0,1943-4618; 1552-6100,Journal of Green Building,2020.0,journal-article
2-s2.0-85070110145,doi,"EPSRC-IAA; College of Engineering, Mathematics, and Physical Sciences, University of Exeter",2,tdm; vor,True,40.0,0960-1481,Renewable Energy,2020.0,journal-article
2-s2.0-85095409202,none,,0,,False,,,,,
2-s2.0-85184995809,none,,0,,False,,,,,
2-s2.0-85142154875,none,,0,,False,,,,,
2-s2.0-85078402493,doi,"Deanship of Scientific Research, King Saud University",1,vor,True,23.0,2169-3536,IEEE Access,2020.0,journal-article
2-s2.0-85085147798,doi,,0,,False,0.0,2394-5125,Journal of critical reviews,2020.0,journal-article
2-s2.0-85075524110,doi,EPSRC,1,tdm; vor,True,40.0,0038-092X,Solar Energy,2020.0,journal-article
2-s2.0-85141912734,none,,0,,False,,,,,
2-s2.0-85185001462,none,,0,,False,,,,,
2-s2.0-85160419231,none,,0,,False,,,,,
2-s2.0-85091707846,none,,0,,False,,,,,
2-s2.0-85113771425,doi,,0,tdm,True,40.0,,From Biofiltration to Promising Options in Gaseous Fluxes Biotreatment,2020.0,book-chapter
2-s2.0-85138345600,doi,,0,tdm,True,360.0,,Industrial Ventilation Design Guidebook,2020.0,book-chapter
2-s2.0-85098010750,doi,,0,tdm,True,13.0,2522-8714; 2522-8722,"Advances in Science, Technology &amp; Innovation",2019.0,book-chapter
2-s2.0-85098769354,none,,0,,False,,,,,
2-s2.0-85091882564,doi,,0,vor,True,0.0,,ASME 2020 14th International Conference on Energy Sustainability,2020.0,proceedings-article
2-s2.0-85076982928,doi,,0,vor,True,26.0,1996-1073,Energies,2019.0,journal-article
2-s2.0-85074177314,doi,University of New South Wales,1,tdm,True,90.0,0378-7788,Energy and Buildings,2019.0,journal-article
2-s2.0-85074160165,doi,National Science Foundation,1,tdm,True,34.0,0141-0296,Engineering Structures,2019.0,journal-article
2-s2.0-85073974533,doi,European Commission,1,tdm,True,88.0,0378-7788,Energy and Buildings,2019.0,journal-article
2-s2.0-85076249440,doi,"National Key Research and Development
						Program; 111 Project; China Postdoctoral Science
						Foundation",3,tdm; vor,True,36.0,1559-128X; 2155-3165,Applied Optics,2019.0,journal-article
2-s2.0-85104165555,none,,0,,False,,,,,
2-s2.0-85064130830,doi,,0,vor,True,8.0,1552-6100; 1943-4618,Journal of Green Building,2019.0,journal-article
2-s2.0-85083834833,doi,"the Korea Institute of Energy Technology Evaluation and Planning (KETEP) and the Ministry of Trade, Industry &amp; Energy(MOTIE) of the Republic of Korea",1,vor,True,24.0,2071-1050,Sustainability,2019.0,journal-article
2-s2.0-85078610203,doi,,0,,False,0.0,2383-8701,Journal of Daylighting,2019.0,journal-article
2-s2.0-85077167867,doi,,0,tdm,True,14.0,1478-0771; 2048-3988,International Journal of Architectural Computing,2019.0,journal-article
2-s2.0-85075131861,doi,Vedecká Grantová Agentúra MŠVVaŠ SR a SAV; Vedecká Grantová Agentúra MŠVVaŠ SR a SAV,2,tdm,True,30.0,1478-0771; 2048-3988,International Journal of Architectural Computing,2019.0,journal-article
2-s2.0-85065818964,doi,"3E Nano Inc.; Natural Sciences and Engineering Research Council of Canada,",2,tdm,True,44.0,0960-1481,Renewable Energy,2019.0,journal-article
2-s2.0-85073719492,doi,Singapore University of Technology and Design,1,tdm; vor,True,45.0,0926-5805,Automation in Construction,2019.0,journal-article
2-s2.0-85072262008,doi,National Natural Science Foundation of China; National Natural Science Foundation of China; Fundamental Research Funds for the Central Universities,3,tdm,True,50.0,0306-2619,Applied Energy,2019.0,journal-article
2-s2.0-85075214518,doi,Louisiana Department of Transportation and Development at the Louisiana Transportation Research Center,1,tdm,True,17.0,0022-4375,Journal of Safety Research,2019.0,journal-article
2-s2.0-85076256444,doi,,0,tdm; vor,True,20.0,1742-6588; 1742-6596,Journal of Physics: Conference Series,2019.0,journal-article
2-s2.0-85076262438,doi,,0,tdm; vor,True,9.0,1742-6588; 1742-6596,Journal of Physics: Conference Series,2019.0,journal-article
2-s2.0-85073716764,doi,National Science Foundation,1,am; tdm,True,55.0,0038-092X,Solar Energy,2019.0,journal-article
2-s2.0-85072712874,doi,Conselho Nacional de Desenvolvimento Científico e Tecnológico,1,tdm,True,73.0,0196-8904,Energy Conversion and Management,2019.0,journal-article
2-s2.0-85072753526,doi,Engineering and Physical Sciences Research Council,1,tdm; vor,True,40.0,0378-7788,Energy and Buildings,2019.0,journal-article
2-s2.0-85077305362,doi,"University of Florida, College of Design, Construction and Planning",1,vor,True,10.0,,"Proceedings of the 1st ACM International Workshop on Urban Building Energy Sensing, Controls, Big Data Analysis, and Visualization",2019.0,proceedings-article
2-s2.0-85071987660,doi,,0,tdm; vor,True,79.0,0360-1323,Building and Environment,2019.0,journal-article
2-s2.0-85071466157,doi,,0,tdm,True,42.0,2210-6707,Sustainable Cities and Society,2019.0,journal-article
2-s2.0-85075590950,not_found,,0,,False,,,,,
2-s2.0-85075278082,doi,,0,,False,0.0,2278-3075,International Journal of Innovative Technology and Exploring Engineering,2019.0,journal-article
2-s2.0-85068889316,doi,National Natural Science Foundation of China; Ministère des Affaires Etrangères,2,tdm,True,58.0,0306-2619,Applied Energy,2019.0,journal-article
2-s2.0-85077108822,none,,0,,False,,,,,
2-s2.0-85074426311,doi,,0,tdm; vor,True,7.0,1757-8981; 1757-899X,IOP Conference Series: Materials Science and Engineering,2019.0,journal-article
2-s2.0-85074712085,doi,,0,tdm; vor,True,14.0,1757-8981; 1757-899X,IOP Conference Series: Materials Science and Engineering,2019.0,journal-article
2-s2.0-85074473636,doi,,0,tdm; vor,True,9.0,1757-8981; 1757-899X,IOP Conference Series: Materials Science and Engineering,2019.0,journal-article
2-s2.0-85074688353,doi,,0,tdm; vor,True,18.0,1757-8981; 1757-899X,IOP Conference Series: Materials Science and Engineering,2019.0,journal-article
2-s2.0-85068161154,doi,"Division of Chemical, Bioengineering, Environmental, and Transport Systems; National Science Foundation",2,,False,53.0,2374-4731; 2374-474X,Science and Technology for the Built Environment,2019.0,journal-article
2-s2.0-85069661354,doi,,0,tdm,True,68.0,0141-0296,Engineering Structures,2019.0,journal-article
2-s2.0-85067042246,doi,,0,tdm,True,60.0,0926-5805,Automation in Construction,2019.0,journal-article
2-s2.0-85066233857,doi,,0,tdm,True,78.0,0306-2619,Applied Energy,2019.0,journal-article
2-s2.0-85068876939,doi,,0,tdm,True,137.0,0378-7788,Energy and Buildings,2019.0,journal-article
2-s2.0-85071003124,doi,Fondo de Financiamiento de Centros de Investigación en Áreas Prioritarias; Comisión Nacional de Investigación Científica y Tecnológica; Centro de Desarrollo Urbano Sustentable; Fondo Nacional de Desarrollo Científico y Tecnológico,4,tdm,True,57.0,0038-092X,Solar Energy,2019.0,journal-article
2-s2.0-85071248411,doi,,0,vor,True,37.0,1752-1416; 1752-1424,IET Renewable Power Generation,2019.0,journal-article
2-s2.0-85068484135,doi,,0,tdm; vor,True,44.0,2095-2635,Frontiers of Architectural Research,2019.0,journal-article
2-s2.0-85065988691,doi,,0,tdm,True,56.0,2352-7102,Journal of Building Engineering,2019.0,journal-article
2-s2.0-85064955394,doi,,0,tdm,True,61.0,2352-7102,Journal of Building Engineering,2019.0,journal-article
2-s2.0-85071983862,doi,Università di Catania,1,vor,True,38.0,2071-1050,Sustainability,2019.0,journal-article
2-s2.0-85072394287,doi,Ministerio de Ciencia y Tecnología; Agency for Business Competitiveness of the Government of Catalonia,2,vor,True,33.0,2076-3417,Applied Sciences,2019.0,journal-article
2-s2.0-85073747949,doi,,0,unspecified,True,0.0,1981-3163,Bioscience Journal,2019.0,journal-article
2-s2.0-85077528522,doi,,0,vor,True,22.0,1943-4618; 1552-6100,Journal of Green Building,2019.0,journal-article
2-s2.0-85072123032,doi,,0,tdm; vor,True,8.0,1757-8981; 1757-899X,IOP Conference Series: Materials Science and Engineering,2019.0,journal-article
2-s2.0-85068928948,doi,,0,tdm; vor,True,51.0,2058-7546,Nature Energy,2019.0,journal-article
2-s2.0-85067082599,doi,European Regional Development Fund; European Regional Development Fund; Javna Agencija za Raziskovalno Dejavnost RS,3,tdm,True,52.0,0360-1323,Building and Environment,2019.0,journal-article
2-s2.0-85068486939,doi,Barr Foundation; The Energy Foundation; Merck Family Fund,3,tdm,True,44.0,1040-6190,The Electricity Journal,2019.0,journal-article
2-s2.0-85070579362,doi,,0,tdm; vor,True,10.0,1755-1307; 1755-1315,IOP Conference Series: Earth and Environmental Science,2019.0,journal-article
2-s2.0-85069176656,doi,,0,tdm,True,51.0,2363-5142; 2363-5150,Glass Structures &amp; Engineering,2018.0,journal-article
2-s2.0-85065639636,doi,,0,tdm,True,25.0,2044-1266,Journal of Cultural Heritage Management and Sustainable Development,2019.0,journal-article
2-s2.0-85067676489,doi,,0,,False,31.0,0003-8628; 1758-9622,Architectural Science Review,2019.0,journal-article
2-s2.0-85065057146,doi,"American Society of Heating, Refrigerating and Air-Conditioning Engineers",1,tdm,True,51.0,0038-092X,Solar Energy,2019.0,journal-article
2-s2.0-85078048112,doi,,0,stm-asf; vor,True,11.0,,2019 4th Asia-Pacific Conference on Intelligent Robot Systems (ACIRS),2019.0,proceedings-article
2-s2.0-85072103736,doi,,0,stm-asf; vor,True,20.0,,2019 IEEE International Symposium on Measurements &amp; Networking (M&amp;N),2019.0,proceedings-article
2-s2.0-85084321583,doi,,0,stm-asf; vor,True,10.0,,"2019 IEEE 9th Annual International Conference on CYBER Technology in Automation, Control, and Intelligent Systems (CYBER)",2019.0,proceedings-article
2-s2.0-85065973235,doi,"NS; Research to Prevent Blindness, RRF",2,tdm,True,19.0,0006-291X,Biochemical and Biophysical Research Communications,2019.0,journal-article
2-s2.0-85068756517,doi,,0,tdm; vor,True,4.0,1755-1307; 1755-1315,IOP Conference Series: Earth and Environmental Science,2019.0,journal-article
2-s2.0-85068793809,doi,,0,tdm; vor,True,7.0,1755-1307; 1755-1315,IOP Conference Series: Earth and Environmental Science,2019.0,journal-article
2-s2.0-85065241431,doi,the European Cooperation in Science and Technology; COST,2,tdm,True,44.0,0360-1323,Building and Environment,2019.0,journal-article
2-s2.0-85078728789,none,,0,,False,,,,,
2-s2.0-85067084697,doi,,0,vor,True,75.0,1752-1416; 1752-1424,IET Renewable Power Generation,2019.0,journal-article
2-s2.0-85062429753,doi,,0,tdm,True,103.0,0926-5805,Automation in Construction,2019.0,journal-article
2-s2.0-85081614131,doi,,0,stm-asf,True,6.0,,2019 IEEE 46th Photovoltaic Specialists Conference (PVSC),2019.0,proceedings-article
2-s2.0-85070591975,doi,China Postdoctoral Science Foundation; Chongqing Postdoctoral Science Special Foundation; Graduate Research and Innovation Foundation of Chongqing; National Natural Science Foundation of China; National &quot;111&quot; Project of China,5,vor,True,31.0,2079-9292,Electronics,2019.0,journal-article
2-s2.0-85064278798,doi,,0,tdm,True,32.0,0360-1323,Building and Environment,2019.0,journal-article
2-s2.0-85063787030,doi,,0,tdm,True,28.0,0969-9988,"Engineering, Construction and Architectural Management",2019.0,journal-article
2-s2.0-85064216441,doi,National Basic Research Program of China,1,tdm,True,52.0,0038-092X,Solar Energy,2019.0,journal-article
2-s2.0-85060948233,doi,"PolyArch, SpongySkin and Convective Concrete",1,vor,True,56.0,1940-1493; 1940-1507,Journal of Building Performance Simulation,2019.0,journal-article
2-s2.0-85099584123,doi,,0,vor,True,39.0,2577-6193,Proceedings of the ACM on Computer Graphics and Interactive Techniques,2019.0,journal-article
2-s2.0-85067082836,doi,National Research Foundation of Korea; Ajou University,2,vor,True,39.0,2071-1050,Sustainability,2019.0,journal-article
2-s2.0-85063258841,doi,"Sentinel North Strategy; Université Laval, Quebec, CA.",2,tdm,True,105.0,0360-1323,Building and Environment,2019.0,journal-article
2-s2.0-85070493126,doi,,0,stm-asf; vor,True,10.0,,2019 Prognostics and System Health Management Conference (PHM-Paris),2019.0,proceedings-article
2-s2.0-85064674599,doi,,0,vor,True,0.0,0003-8504; 1554-2769,Architectural Design,2019.0,journal-article
2-s2.0-85062525032,doi,,0,tdm; vor,True,129.0,0360-1323,Building and Environment,2019.0,journal-article
2-s2.0-85064393213,doi,,0,tdm; vor,True,6.0,1755-1315,IOP Conference Series: Earth and Environmental Science,2019.0,journal-article
2-s2.0-85065925496,doi,,0,vor,True,42.0,2075-5309,Buildings,2019.0,journal-article
2-s2.0-85065913873,doi,,0,vor,True,30.0,2075-5309,Buildings,2019.0,journal-article
2-s2.0-85061099017,doi,National Natural Science Foundation of China; National Natural Science Foundation of China; China Scholarship Council; Collaborative Innovation Center for Building Energy Conservation and Environment Control,4,tdm,True,187.0,1364-0321,Renewable and Sustainable Energy Reviews,2019.0,journal-article
2-s2.0-85059753946,doi,Guangzhou Science and Technology Program key projects; State Key Laboratory of Subtropical Building Science; Fundamental Research Funds for the Central Universities; China Postdoctoral Science Foundation,4,stm-asf; tdm,True,42.0,0950-0618,Construction and Building Materials,2019.0,journal-article
2-s2.0-85059003890,doi,,0,tdm,True,42.0,0959-6526,Journal of Cleaner Production,2019.0,journal-article
2-s2.0-85063378144,doi,,0,tdm; vor,True,13.0,1755-1315,IOP Conference Series: Earth and Environmental Science,2019.0,journal-article
2-s2.0-85062828961,doi,,0,vor,True,27.0,2071-1050,Sustainability,2019.0,journal-article
2-s2.0-85062149950,doi,,0,tdm; vor,True,19.0,1110-0168,Alexandria Engineering Journal,2019.0,journal-article
2-s2.0-85057812662,doi,,0,stm-asf; tdm,True,32.0,2352-7102,Journal of Building Engineering,2019.0,journal-article
2-s2.0-85060548002,doi,,0,tdm,True,28.0,0038-092X,Solar Energy,2019.0,journal-article
2-s2.0-85072816087,none,,0,,False,,,,,
2-s2.0-85062466985,doi,National Natural Science Foundation of China; National Program on Key Basic Research Project of Chin,2,tdm,True,49.0,0020-2940,Measurement and Control,2019.0,journal-article
2-s2.0-85055884829,doi,,0,vor,True,39.0,1061-3773; 1099-0542,Computer Applications in Engineering Education,2018.0,journal-article
2-s2.0-85062409615,doi,,0,tdm; vor,True,40.0,1757-899X,IOP Conference Series: Materials Science and Engineering,2019.0,journal-article
2-s2.0-85062415524,doi,,0,vor,True,23.0,2267-1242,E3S Web of Conferences,2019.0,journal-article
2-s2.0-85062458386,doi,,0,vor,True,34.0,2296-8016,Frontiers in Materials,2019.0,journal-article
2-s2.0-85061844408,doi,Horizon 2020 Framework Programme; Ministerio de Economía y Competitividad,2,vor,True,44.0,1424-8220,Sensors,2019.0,journal-article
2-s2.0-85058955614,doi,Research Council of Norway; Zero Emission Neighbourhoods; Research Council of Norway,3,tdm; vor,True,92.0,0360-1323,Building and Environment,2019.0,journal-article
2-s2.0-85056998685,doi,Slovenian Research Agency,1,tdm,True,45.0,0306-2619,Applied Energy,2019.0,journal-article
2-s2.0-85056868993,doi,European Union's Horizon 2020 research and innovation programme,1,tdm; vor,True,46.0,0306-2619,Applied Energy,2019.0,journal-article
2-s2.0-85059378491,doi,,0,tdm,True,60.0,0038-092X,Solar Energy,2019.0,journal-article
2-s2.0-85055938298,doi,,0,tdm,True,29.0,0020-1812; 1420-9098,Insectes Sociaux,2018.0,journal-article
2-s2.0-85062896429,doi,,0,tdm; vor,True,29.0,0031-8949; 1402-4896,Physica Scripta,2019.0,journal-article
2-s2.0-85058040144,doi,Marie Skłodowska-Curie,1,tdm,True,42.0,0038-092X,Solar Energy,2019.0,journal-article
2-s2.0-85055534291,doi,,0,vor,True,43.0,1074-5351; 1099-1131,International Journal of Communication Systems,2018.0,journal-article
2-s2.0-85015911326,doi,Loughborough University,1,,False,48.0,1473-3315; 2044-4044,International Journal of Ventilation,2017.0,journal-article
2-s2.0-85044443630,doi,,0,,False,69.0,1750-8975; 1756-6932,Intelligent Buildings International,2018.0,journal-article
2-s2.0-85061536141,doi,All Arts Initiatives; University of Queensland; Vrije University Amsterdam,3,,False,0.0,1360-2365; 1466-4410,The Journal of Architecture,2019.0,journal-article
2-s2.0-85150782199,none,,0,,False,,,,,
2-s2.0-85081595613,none,,0,,False,,,,,
2-s2.0-85062951783,doi,,0,,False,24.0,2541-9935; 1068-9761,Light &amp; Engineering,2019.0,journal-article
2-s2.0-85202615055,doi,,0,,False,0.0,,,2020.0,posted-content
2-s2.0-85068360969,none,,0,,False,,,,,
2-s2.0-85061911695,not_found,,0,,False,,,,,
2-s2.0-85076378633,not_found,,0,,False,,,,,
2-s2.0-85095431782,none,,0,,False,,,,,
2-s2.0-85061933873,not_found,,0,,False,,,,,
2-s2.0-85069792022,doi,,0,,False,26.0,,Active and Passive Smart Structures and Integrated Systems XIII,2019.0,proceedings-article
2-s2.0-85102409665,none,,0,,False,,,,,
2-s2.0-85071493486,none,,0,,False,,,,,
2-s2.0-85129452352,doi,,0,,False,1.0,,Blucher Design Proceedings,2019.0,proceedings-article
2-s2.0-85076305444,not_found,,0,,False,,,,,
2-s2.0-85069169883,not_found,,0,,False,,,,,
2-s2.0-85068211274,doi,,0,tdm,True,9.0,1865-0929; 1865-0937,Communications in Computer and Information Science,2019.0,book-chapter
2-s2.0-85104811493,none,,0,,False,,,,,
2-s2.0-85079029446,doi,,0,,False,0.0,,Proceedings of the 7th International Conference on Computational Methods in Structural Dynamics and Earthquake Engineering (COMPDYN 2015),2019.0,proceedings-article
2-s2.0-85062462263,doi,,0,,False,0.0,1743-3509; 1746-4498,WIT Transactions on The Built Environment,2018.0,proceedings-article
2-s2.0-85063901370,doi,,0,tdm; vor,True,16.0,1876-6102,Energy Procedia,2019.0,journal-article
2-s2.0-85064475717,doi,,0,,False,15.0,,AEI 2019,2019.0,proceedings-article
2-s2.0-85107425675,none,,0,,False,,,,,
2-s2.0-85107325243,none,,0,,False,,,,,
2-s2.0-85103014481,none,,0,,False,,,,,
2-s2.0-85079221576,doi,,0,,False,1.0,,"Advances in Engineering Materials, Structures and Systems: Innovations, Mechanics and Applications",2019.0,book-chapter
2-s2.0-85129406629,doi,,0,,False,1.0,,Blucher Design Proceedings,2019.0,proceedings-article
2-s2.0-85107476575,none,,0,,False,,,,,
2-s2.0-85062896626,doi,,0,tdm,True,13.0,2366-2557; 2366-2565,Lecture Notes in Civil Engineering,2019.0,book-chapter
2-s2.0-85097978241,none,,0,,False,,,,,
2-s2.0-85079212903,doi,,0,,False,1.0,,"Advances in Engineering Materials, Structures and Systems: Innovations, Mechanics and Applications",2019.0,book-chapter
2-s2.0-85086248507,none,,0,,False,,,,,
2-s2.0-85065832673,doi,,0,tdm,True,5.0,1865-3529; 1865-3537,Green Energy and Technology,2019.0,book-chapter
2-s2.0-85067035642,doi,,0,,False,0.0,0914-4935,Sensors and Materials,2019.0,journal-article
2-s2.0-85061922057,not_found,,0,,False,,,,,
2-s2.0-85107417277,none,,0,,False,,,,,
2-s2.0-85085190104,none,,0,,False,,,,,
2-s2.0-85073168132,none,,0,,False,,,,,
2-s2.0-85067450784,doi,Air Force Office of Scientific Research,1,am,True,19.0,0001-1452; 1533-385X,AIAA Journal,2019.0,journal-article
2-s2.0-85103040589,none,,0,,False,,,,,
2-s2.0-85107447089,none,,0,,False,,,,,
2-s2.0-85134792801,none,,0,,False,,,,,
2-s2.0-85073747537,doi,,0,,False,6.0,0567-7572; 2406-6168,Acta Horticulturae,2019.0,journal-article
2-s2.0-85104907044,doi,,0,,False,1.0,,Blucher Design Proceedings,2019.0,proceedings-article
2-s2.0-85055440520,doi,National Natural Science Foundation of China; National Natural Science Foundation of China; China Postdoctoral Science Foundation,3,tdm,True,28.0,0141-0296,Engineering Structures,2019.0,journal-article
2-s2.0-85070057915,none,,0,,False,,,,,
2-s2.0-85091599911,doi,,0,,False,1.0,,Structures and Architecture: Bridging the Gap and Crossing Borders,2019.0,book-chapter
2-s2.0-85071934635,none,,0,,False,,,,,
2-s2.0-85096316024,none,,0,,False,,,,,
2-s2.0-85074449203,doi,,0,,False,5.0,2221-3783,IABSE Reports,2019.0,proceedings-article
2-s2.0-85144623435,doi,,0,stm-asf,True,17.0,,2019 Nordic Workshop on Power and Industrial Electronics (NORPIE),2019.0,proceedings-article
2-s2.0-85061107512,doi,,0,vor,True,25.0,2169-3536,IEEE Access,2019.0,journal-article
2-s2.0-85061937994,not_found,,0,,False,,,,,
2-s2.0-85080912420,doi,,0,,False,0.0,1710-2243,International Journal of Power and Energy Systems,2019.0,journal-article
2-s2.0-85084098195,doi,,0,,False,0.0,,"ASME 2019 Conference on Smart Materials, Adaptive Structures and Intelligent Systems",2019.0,proceedings-article
2-s2.0-85073383162,doi,,0,am; tdm; vor,True,26.0,1983-4063; 1517-6398,Pesquisa Agropecuária Tropical,2019.0,journal-article
2-s2.0-85107421902,none,,0,,False,,,,,
2-s2.0-85107443000,none,,0,,False,,,,,
2-s2.0-85129362464,doi,,0,,False,1.0,,Blucher Design Proceedings,2019.0,proceedings-article
2-s2.0-85070740419,doi,,0,tdm,True,17.0,1876-1100; 1876-1119,Lecture Notes in Electrical Engineering,2019.0,book-chapter
2-s2.0-85074447310,none,,0,,False,,,,,
2-s2.0-85065920239,doi,,0,,False,1.0,,Structures and Architecture: Bridging the Gap and Crossing Borders,2019.0,book-chapter
2-s2.0-85075072139,none,,0,,False,,,,,
2-s2.0-85089026111,doi,,0,,False,1.0,,Blucher Design Proceedings,2019.0,proceedings-article
2-s2.0-85063911160,doi,,0,vor,True,50.0,2075-5309,Buildings,2019.0,journal-article
2-s2.0-85095438992,none,,0,,False,,,,,
2-s2.0-85052785405,doi,,0,unspecified,True,12.0,2211-0984; 2211-0992,Mechanisms and Machine Science,2018.0,book-chapter
2-s2.0-85107338842,none,,0,,False,,,,,
2-s2.0-85051643393,doi,Natural Sciences and Engineering Research Council (NSERC) of Canada; Ontario Research Fund,2,tdm,True,31.0,1746-8094,Biomedical Signal Processing and Control,2019.0,journal-article
2-s2.0-85084098231,doi,,0,,False,0.0,,ASME 2019 13th International Conference on Energy Sustainability,2019.0,proceedings-article
2-s2.0-85069758062,doi,,0,,False,29.0,,"Bioinspiration, Biomimetics, and Bioreplication IX",2019.0,proceedings-article
2-s2.0-85060679321,doi,,0,,False,19.0,,2018 IEEE Third Ecuador Technical Chapters Meeting (ETCM),2018.0,proceedings-article
2-s2.0-85053380187,doi,,0,tdm,True,59.0,1389-1286,Computer Networks,2018.0,journal-article
2-s2.0-85050405261,doi,,0,,False,53.0,1076-0431; 1943-5568,Journal of Architectural Engineering,2018.0,journal-article
2-s2.0-85061820846,doi,,0,unspecified,True,11.0,2062-0810,International Review of Applied Sciences and Engineering,2018.0,journal-article
2-s2.0-85045104638,doi,,0,tdm,True,26.0,0040-5175; 1746-7748,Textile Research Journal,2017.0,journal-article
2-s2.0-85054433136,doi,,0,tdm; vor,True,38.0,2095-2635,Frontiers of Architectural Research,2018.0,journal-article
2-s2.0-85059914633,doi,,0,,False,6.0,,"2018 IEEE 7th World Conference on Photovoltaic Energy Conversion (WCPEC) (A Joint Conference of 45th IEEE PVSC, 28th PVSEC &amp; 34th EU PVSEC)",2018.0,proceedings-article
2-s2.0-85053850250,doi,,0,tdm,True,81.0,0378-7788,Energy and Buildings,2018.0,journal-article
2-s2.0-85045693815,doi,,0,,False,15.0,1686-4360,Computer-Aided Design and Applications,2018.0,journal-article
2-s2.0-85051140391,doi,"Faculty of Engineering, University of Nottingham",1,tdm,True,83.0,0306-2619,Applied Energy,2018.0,journal-article
2-s2.0-85056663195,doi,,0,tdm; vor,True,12.0,1757-899X,IOP Conference Series: Materials Science and Engineering,2018.0,journal-article
2-s2.0-85056581823,doi,,0,vor,True,0.0,0003-8504; 1554-2769,Architectural Design,2018.0,journal-article
2-s2.0-85056522122,doi,,0,,False,15.0,,2018 IEEE International Conference on Environment and Electrical Engineering and 2018 IEEE Industrial and Commercial Power Systems Europe (EEEIC / I&amp;CPS Europe),2018.0,proceedings-article
2-s2.0-85052899267,doi,Universidad de Navarra,1,tdm,True,101.0,0360-1323,Building and Environment,2018.0,journal-article
2-s2.0-85052106938,doi,,0,tdm,True,35.0,0378-7788,Energy and Buildings,2018.0,journal-article
2-s2.0-85049615913,doi,,0,tdm; vor,True,75.0,0378-7788,Energy and Buildings,2018.0,journal-article
2-s2.0-85047811689,doi,,0,tdm,True,26.0,0926-5805,Automation in Construction,2018.0,journal-article
2-s2.0-85047597890,doi,,0,tdm,True,46.0,0306-2619,Applied Energy,2018.0,journal-article
2-s2.0-85047078564,doi,,0,tdm,True,36.0,2352-7102,Journal of Building Engineering,2018.0,journal-article
2-s2.0-85048519734,doi,,0,tdm; vor,True,54.0,0378-7788,Energy and Buildings,2018.0,journal-article
2-s2.0-85049357650,doi,National Research Program,1,tdm,True,29.0,0360-5442,Energy,2018.0,journal-article
2-s2.0-85046768748,doi,Harvard University Graduate School of Design; Wyss Institute for Biologically Inspired Engineering,2,tdm,True,30.0,0264-1275,Materials &amp; Design,2018.0,journal-article
2-s2.0-85054841920,doi,,0,vor,True,2.0,,ACM SIGGRAPH 2018 Posters,2018.0,proceedings-article
2-s2.0-85054873295,doi,National Science Foundation,1,vor,True,20.0,,Proceedings of the Conference on High-Performance Graphics,2018.0,proceedings-article
2-s2.0-85047722244,doi,,0,tdm,True,76.0,0038-092X,Solar Energy,2018.0,journal-article
2-s2.0-85048321554,doi,"Ministry of Higher Education, Malaysia; Universiti Malaya",2,tdm,True,168.0,0038-092X,Solar Energy,2018.0,journal-article
2-s2.0-85048680487,doi,,0,tdm,True,49.0,1996-3599; 1996-8744,Building Simulation,2018.0,journal-article
2-s2.0-85053516561,doi,Bill and Mellinda Gates Foundation,1,vor,True,63.0,1932-6203,PLOS ONE,2018.0,journal-article
2-s2.0-85050261029,doi,,0,vor,True,43.0,2071-1050,Sustainability,2018.0,journal-article
2-s2.0-85047991592,doi,,0,tdm,True,49.0,1477-7835,Management of Environmental Quality: An International Journal,2018.0,journal-article
2-s2.0-85065827605,doi,,0,stm-asf,True,22.0,,2018 IEEE 8th Power India International Conference (PIICON),2018.0,proceedings-article
2-s2.0-85062082499,doi,,0,,False,26.0,,2018 International Electrical Engineering Congress (iEECON),2018.0,proceedings-article
2-s2.0-85047141653,doi,,0,unspecified,True,0.0,2502-4760; 2502-4752,Indonesian Journal of Electrical Engineering and Computer Science,2018.0,journal-article
2-s2.0-85045117364,doi,China National Key R&D Program; National Natural Science Foundation,2,tdm,True,16.0,2352-7102,Journal of Building Engineering,2018.0,journal-article
2-s2.0-85041240840,doi,"Ministry of Higher Education, Malaysia",1,vor,True,33.0,1949-3029; 1949-3037,IEEE Transactions on Sustainable Energy,2018.0,journal-article
2-s2.0-85035098548,doi,,0,unspecified,True,51.0,1520-7439; 1573-8981,Natural Resources Research,2017.0,journal-article
2-s2.0-85047783225,doi,National Basic Research Program of China,1,tdm; vor,True,21.0,1000-9361,Chinese Journal of Aeronautics,2018.0,journal-article
2-s2.0-85051186113,none,,0,,False,,,,,
2-s2.0-85050028984,doi,,0,,False,23.0,,"2017 International Conference on Advanced Mechatronics, Intelligent Manufacture, and Industrial Automation (ICAMIMIA)",2017.0,proceedings-article
2-s2.0-85046032794,doi,,0,tdm,True,174.0,0927-0248,Solar Energy Materials and Solar Cells,2018.0,journal-article
2-s2.0-85050151806,doi,,0,,False,38.0,,2018 IEEE Industrial Cyber-Physical Systems (ICPS),2018.0,proceedings-article
2-s2.0-85053584841,doi,,0,unspecified,True,102.0,,Plant Biomechanics,2018.0,book-chapter
2-s2.0-85047517360,doi,,0,tdm,True,33.0,1477-1535; 1477-0938,Lighting Research &amp; Technology,2016.0,journal-article
2-s2.0-85049243228,doi,,0,unspecified,True,0.0,2062-0810,International Review of Applied Sciences and Engineering,2018.0,journal-article
2-s2.0-85050697437,doi,,0,tdm; vor,True,22.0,1757-8981; 1757-899X,IOP Conference Series: Materials Science and Engineering,2018.0,journal-article
2-s2.0-85031684471,doi,Ministry of Defense; Ministry of Human Resource and Development,2,tdm,True,50.0,0263-8231,Thin-Walled Structures,2018.0,journal-article
2-s2.0-85038033720,doi,,0,tdm,True,30.0,0143-991X,Industrial Robot: An International Journal,2017.0,journal-article
2-s2.0-85045196554,doi,,0,vor,True,27.0,2076-3417,Applied Sciences,2018.0,journal-article
2-s2.0-85034626698,doi,Welsh Assembly Government; Higher Education; Funding Council for Wales,3,vor,True,100.0,1750-8975; 1756-6932,Intelligent Buildings International,2017.0,journal-article
2-s2.0-85049918155,doi,,0,tdm,True,15.0,2046-6099,Smart and Sustainable Built Environment,2018.0,journal-article
2-s2.0-85041433117,doi,,0,unspecified,True,12.0,1996-3599; 1996-8744,Building Simulation,2017.0,journal-article
2-s2.0-85041283891,doi,"""Departamento Administrativo de Ciencia, Tecnología e Innovación""; ""Departamento Administrativo de Ciencia, Tecnología e Innovación""",2,,False,26.0,0199-6231; 1528-8986,Journal of Solar Energy Engineering,2018.0,journal-article
2-s2.0-85040938076,doi,,0,tdm; vor,True,46.0,1590-5896; 1522-4600,Nexus Network Journal,2018.0,journal-article
2-s2.0-85044427208,doi,,0,tdm; vor,True,11.0,1755-1307; 1755-1315,IOP Conference Series: Earth and Environmental Science,2018.0,journal-article
2-s2.0-85041484887,doi,,0,tdm,True,62.0,0378-7788,Energy and Buildings,2018.0,journal-article
2-s2.0-85041382639,doi,,0,tdm,True,36.0,0038-092X,Solar Energy,2018.0,journal-article
2-s2.0-85033789403,doi,,0,tdm,True,100.0,0306-2619,Applied Energy,2018.0,journal-article
2-s2.0-85076246643,doi,,0,tdm; vor,True,57.0,2196-3010,Current Sustainable/Renewable Energy Reports,2018.0,journal-article
2-s2.0-85051750668,doi,,0,vor,True,33.0,1552-6100; 1943-4618,Journal of Green Building,2018.0,journal-article
2-s2.0-85037045743,doi,,0,tdm,True,48.0,1996-3599; 1996-8744,Building Simulation,2017.0,journal-article
2-s2.0-85043317193,doi,,0,unspecified,True,57.0,1664-462X,Frontiers in Plant Science,2018.0,journal-article
2-s2.0-85041002961,doi,,0,tdm; vor,True,13.0,1755-1307; 1755-1315,IOP Conference Series: Earth and Environmental Science,2017.0,journal-article
2-s2.0-85041080940,doi,,0,,False,35.0,0094-243X,AIP Conference Proceedings,2018.0,proceedings-article
2-s2.0-85056079306,doi,,0,,False,0.0,2710-4265,CAADRIA proceedings,2018.0,proceedings-article
2-s2.0-85056346941,not_found,,0,,False,,,,,
2-s2.0-85056090386,none,,0,,False,,,,,
2-s2.0-85056342945,not_found,,0,,False,,,,,
2-s2.0-85085932186,none,,0,,False,,,,,
2-s2.0-85056076335,doi,,0,,False,0.0,2710-4265,CAADRIA proceedings,2018.0,proceedings-article
2-s2.0-85117689569,not_found,,0,,False,,,,,
2-s2.0-85056302357,not_found,,0,,False,,,,,
2-s2.0-85056342669,not_found,,0,,False,,,,,
2-s2.0-85054651394,not_found,,0,,False,,,,,
2-s2.0-85081578185,none,,0,,False,,,,,
2-s2.0-85048316260,not_found,,0,,False,,,,,
2-s2.0-85032437374,doi,,0,tdm,True,32.0,0926-5805,Automation in Construction,2018.0,journal-article
2-s2.0-85054607143,not_found,,0,,False,,,,,
2-s2.0-85056361471,not_found,,0,,False,,,,,
2-s2.0-85058961035,doi,,0,unspecified,True,0.0,1938-7806,International Journal of Architectural Research: ArchNet-IJAR,2018.0,journal-article
2-s2.0-85071365967,doi,,0,,False,26.0,2475-1448; 2475-143X,Technology|Architecture + Design,2018.0,journal-article
2-s2.0-85056656080,none,,0,,False,,,,,
2-s2.0-85035038023,doi,,0,tdm,True,24.0,0378-7788,Energy and Buildings,2018.0,journal-article
2-s2.0-85056332504,not_found,,0,,False,,,,,
2-s2.0-85056337481,not_found,,0,,False,,,,,
2-s2.0-85056574509,doi,,0,,False,0.0,2239-0243,TECHNE - Journal of Technology for Architecture and Environment,2018.0,journal-article
2-s2.0-85061125576,doi,,0,,False,0.0,2239-0243,TECHNE - Journal of Technology for Architecture and Environment,2018.0,journal-article
2-s2.0-85045672511,doi,The Baden-Württemberg foundation,1,tdm; vor,True,43.0,1748-3190,Bioinspiration &amp; Biomimetics,2017.0,journal-article
2-s2.0-85038610561,doi,Deutsche Forschungsgemeinschaft; H2020 Marie Sklodowska-Curie Actions,2,tdm; vor,True,29.0,0964-1726; 1361-665X,Smart Materials and Structures,2017.0,journal-article
2-s2.0-85088354718,none,,0,,False,,,,,
2-s2.0-85056602583,doi,,0,tdm; vor,True,28.0,1876-6102,Energy Procedia,2018.0,journal-article
2-s2.0-85048333744,not_found,,0,,False,,,,,
2-s2.0-85047448725,doi,,0,,False,0.0,2300-1909,Archives of Metallurgy and Materials,2018.0,journal-article
2-s2.0-85096578319,none,,0,,False,,,,,
2-s2.0-85056076637,none,,0,,False,,,,,
2-s2.0-85049954445,doi,,0,,False,50.0,0021-8588; 1881-0136,Journal of Agricultural Meteorology,2018.0,journal-article
2-s2.0-85086487453,doi,,0,,False,1.0,,"Building Knowledge, Constructing Histories",2018.0,book-chapter
2-s2.0-85040784002,none,,0,,False,,,,,
2-s2.0-85056357118,not_found,,0,,False,,,,,
2-s2.0-85055828942,not_found,,0,,False,,,,,
2-s2.0-85056350435,not_found,,0,,False,,,,,
2-s2.0-85032392500,doi,Deutsche Forschungsgemeinschaft; “Biomimetic Materials Research: Functionality by Hierarchical Structuring of Materials”; Swiss National Foundation,3,tdm,True,30.0,0378-7788,Energy and Buildings,2018.0,journal-article
2-s2.0-85063397155,none,,0,,False,,,,,
2-s2.0-85053277746,not_found,,0,,False,,,,,
2-s2.0-85030667780,doi,Natural Science Foundation of China; Programme of Introducing Talents,2,tdm,True,34.0,0378-7788,Energy and Buildings,2018.0,journal-article
2-s2.0-85058219946,doi,,0,tdm; vor,True,19.0,1876-6102,Energy Procedia,2018.0,journal-article
2-s2.0-85064618582,doi,,0,tdm; vor,True,27.0,2452-3216,Procedia Structural Integrity,2018.0,journal-article
2-s2.0-85051483920,not_found,,0,,False,,,,,
2-s2.0-85064169626,none,,0,,False,,,,,
2-s2.0-85056173627,doi,,0,,False,11.0,,2018 AIAA SPACE and Astronautics Forum and Exposition,2018.0,proceedings-article
2-s2.0-85127834047,none,,0,,False,,,,,
2-s2.0-85049957264,doi,,0,,False,0.0,,2017 International Conference on Optical Instruments and Technology: Optoelectronic Measurement Technology and Systems,2018.0,proceedings-article
2-s2.0-85049949177,doi,,0,,False,0.0,,2017 International Conference on Optical Instruments and Technology: Optoelectronic Measurement Technology and Systems,2018.0,proceedings-article
2-s2.0-85056107558,none,,0,,False,,,,,
2-s2.0-85060388021,doi,,0,,False,0.0,,"Volume 9: Mechanics of Solids, Structures, and Fluids",2018.0,proceedings-article
2-s2.0-85028744742,doi,University of Cyprus,1,tdm,True,64.0,0960-1481,Renewable Energy,2018.0,journal-article
2-s2.0-85105618539,not_found,,0,,False,,,,,
2-s2.0-85055551398,none,,0,,False,,,,,
2-s2.0-85063964999,doi,,0,,False,0.0,2325-128X; 2325-1298,The International Journal of Design Education,2018.0,journal-article
2-s2.0-85050348208,doi,,0,,False,16.0,,2017 Chinese Automation Congress (CAC),2017.0,proceedings-article
2-s2.0-85037095419,doi,,0,vor,True,80.0,2071-1050,Sustainability,2017.0,journal-article
2-s2.0-85039788581,doi,,0,tdm; vor,True,28.0,2045-2322,Scientific Reports,2017.0,journal-article
2-s2.0-85023636842,doi,,0,vor,True,55.0,0098-8847; 1096-9845,Earthquake Engineering &amp; Structural Dynamics,2017.0,journal-article
2-s2.0-85032691451,doi,Fundamental Research Funds,1,tdm,True,41.0,0038-092X,Solar Energy,2017.0,journal-article
2-s2.0-85033597030,doi,National Science Foundation,1,tdm; vor,True,68.0,0360-1323,Building and Environment,2017.0,journal-article
2-s2.0-85034241425,doi,,0,vor,True,32.0,2071-1050,Sustainability,2017.0,journal-article
2-s2.0-85050452741,doi,,0,vor,True,5.0,,Proceedings of the 4th ACM International Conference on Systems for Energy-Efficient Built Environments,2017.0,proceedings-article
2-s2.0-85033719769,doi,,0,tdm; vor,True,13.0,1757-8981; 1757-899X,IOP Conference Series: Materials Science and Engineering,2017.0,journal-article
2-s2.0-85045188353,none,,0,,False,,,,,
2-s2.0-85028822074,doi,,0,tdm,True,50.0,0378-7788,Energy and Buildings,2017.0,journal-article
2-s2.0-105007936422,doi,,0,unspecified,True,14.0,,Computational Morphologies,2017.0,book-chapter
2-s2.0-85040312853,doi,,0,vor,True,165.0,1996-1073,Energies,2017.0,journal-article
2-s2.0-85031713907,doi,"Ministry of Higher Education, Malaysia; Malaysia Rising Star Award grant; Ministry of Science, Technology and Innovation Malaysia; Universiti Teknologi Malaysia; Universiti Teknologi Malaysia",5,vor,True,48.0,1551-3203; 1941-0050,IEEE Transactions on Industrial Informatics,2017.0,journal-article
2-s2.0-85021430828,doi,,0,unspecified,True,57.0,1996-3599; 1996-8744,Building Simulation,2017.0,journal-article
2-s2.0-85024896650,doi,,0,tdm,True,24.0,0360-1323,Building and Environment,2017.0,journal-article
2-s2.0-85032823261,doi,,0,,False,9.0,,2017 Nicograph International (NicoInt),2017.0,proceedings-article
2-s2.0-85020826686,doi,"Architecture & Urban Development Research Program; Ministry of Land, Infrastructure and Transport of Korean government",2,tdm,True,32.0,0378-7788,Energy and Buildings,2017.0,journal-article
2-s2.0-85021349707,doi,,0,tdm,True,43.0,0378-7788,Energy and Buildings,2017.0,journal-article
2-s2.0-85044304598,doi,National Key Basic Research Program of China; National Natural Science Foundation of China,2,,False,16.0,0021-8669; 1533-3868,Journal of Aircraft,2017.0,journal-article
2-s2.0-85019996153,doi,,0,tdm; vor,True,81.0,0378-7788,Energy and Buildings,2017.0,journal-article
2-s2.0-85027711885,doi,,0,vor,True,33.0,2071-1050,Sustainability,2017.0,journal-article
2-s2.0-85029605831,doi,,0,,False,15.0,0567-7572; 2406-6168,Acta Horticulturae,2017.0,journal-article
2-s2.0-85021871705,doi,"Glumac Engineering; Oregon Built Environment & Sustainable Technologies Center, Inc.",2,,False,44.0,0003-8628; 1758-9622,Architectural Science Review,2017.0,journal-article
2-s2.0-85046279443,doi,,0,,False,26.0,,2017 IEEE 20th International Conference on Intelligent Transportation Systems (ITSC),2017.0,proceedings-article
2-s2.0-85022208992,doi,Kommission für Technologie und Innovation,1,tdm,True,51.0,2352-7102,Journal of Building Engineering,2017.0,journal-article
2-s2.0-85044530680,doi,,0,,False,19.0,,2017 Winter Simulation Conference (WSC),2017.0,proceedings-article
2-s2.0-85049567313,doi,,0,,False,16.0,,2017 14th China International Forum on Solid State Lighting: International Forum on Wide Bandgap Semiconductors China (SSLChina: IFWS),2017.0,proceedings-article
2-s2.0-85030633674,doi,,0,,False,13.0,,2017 IEEE/ACIS 16th International Conference on Computer and Information Science (ICIS),2017.0,proceedings-article
2-s2.0-85030535920,none,,0,,False,,,,,
2-s2.0-85017550986,doi,,0,tdm,True,44.0,0378-7788,Energy and Buildings,2017.0,journal-article
2-s2.0-85014643345,doi,,0,unspecified,True,31.0,1996-3599; 1996-8744,Building Simulation,2016.0,journal-article
2-s2.0-85045850892,doi,,0,,False,0.0,2383-8701,Journal of Daylighting,2017.0,journal-article
2-s2.0-85020262455,doi,,0,vor,True,118.0,2075-5309,Buildings,2017.0,journal-article
2-s2.0-85017288064,doi,,0,vor,True,2.0,0003-8628; 1758-9622,Architectural Science Review,2017.0,journal-article
2-s2.0-85009513850,doi,FCT – Foundation for Science and Technology,1,,False,23.0,1745-2007; 1752-7589,Architectural Engineering and Design Management,2017.0,journal-article
2-s2.0-84978473795,doi,,0,,False,27.0,1539-7734; 1539-7742,Mechanics Based Design of Structures and Machines,2016.0,journal-article
2-s2.0-85018592600,doi,,0,vor,True,78.0,,"Proceedings of the Eleventh International Conference on Tangible, Embedded, and Embodied Interaction",2017.0,proceedings-article
2-s2.0-85015954497,doi,,0,vor,True,61.0,2071-1050,Sustainability,2017.0,journal-article
2-s2.0-85010756942,doi,,0,tdm,True,44.0,0378-7788,Energy and Buildings,2017.0,journal-article
2-s2.0-84961198385,doi,Wintech ltd; Netherlands Enterprise Agency RVO,2,vor,True,68.0,1940-1493; 1940-1507,Journal of Building Performance Simulation,2016.0,journal-article
2-s2.0-85006868342,doi,Israel Science Foundation,1,,False,28.0,0003-8628; 1758-9622,Architectural Science Review,2016.0,journal-article
2-s2.0-84976864030,doi,,0,,False,38.0,1745-2007; 1752-7589,Architectural Engineering and Design Management,2016.0,journal-article
2-s2.0-85005977744,doi,Horizon 2020 research and innovation program,1,vor,True,51.0,2198-3844; 2198-3844,Advanced Science,2016.0,journal-article
2-s2.0-85002125636,doi,,0,tdm,True,23.0,0360-1323,Building and Environment,2017.0,journal-article
2-s2.0-85010765047,doi,,0,,False,16.0,0733-9402; 1943-7897,Journal of Energy Engineering,2017.0,journal-article
2-s2.0-84995551054,doi,"Italian Ministry of Education, University and Research MIUR",1,tdm,True,34.0,0927-0248,Solar Energy Materials and Solar Cells,2017.0,journal-article
2-s2.0-85009063809,doi,"Ministry of Science and Technology, Taiwan",1,vor,True,31.0,1077-2626; 1941-0506; 2160-9306,IEEE Transactions on Visualization and Computer Graphics,2017.0,journal-article
2-s2.0-85000624359,doi,Vrije Universiteit Brussel,1,tdm,True,28.0,0010-4485,Computer-Aided Design,2017.0,journal-article
2-s2.0-85012864563,doi,Startup fund from the Clemson University; University of Michigan Mechanical Engineering Collegiate Professorship,2,tdm; vor,True,127.0,1748-3190,Bioinspiration &amp; Biomimetics,2016.0,journal-article
2-s2.0-85000843749,doi,VELUX A/S,1,tdm,True,65.0,0378-7788,Energy and Buildings,2017.0,journal-article
2-s2.0-84958538161,doi,,0,,False,11.0,1940-1493; 1940-1507,Journal of Building Performance Simulation,2016.0,journal-article
2-s2.0-85020483075,doi,Fundamental Research Grant Scheme (FRGS),1,tdm,True,199.0,1364-0321,Renewable and Sustainable Energy Reviews,2017.0,journal-article
2-s2.0-85029904068,doi,,0,tdm; vor,True,17.0,1876-6102,Energy Procedia,2017.0,journal-article
2-s2.0-85045560985,none,,0,,False,,,,,
2-s2.0-85042330837,doi,,0,,False,0.0,,Proceedings of the 6th International Conference on Computational Methods in Structural Dynamics and Earthquake Engineering (COMPDYN 2015),2017.0,proceedings-article
2-s2.0-85020266180,doi,Climate-KIC,1,tdm,True,47.0,0306-2619,Applied Energy,2017.0,journal-article
2-s2.0-85086311531,none,,0,,False,,,,,
2-s2.0-85202061046,none,,0,,False,,,,,
2-s2.0-85085919393,none,,0,,False,,,,,
2-s2.0-85063474676,none,,0,,False,,,,,
2-s2.0-85127839403,none,,0,,False,,,,,
2-s2.0-85020515078,doi,,0,tdm; vor,True,17.0,1877-7058,Procedia Engineering,2017.0,journal-article
2-s2.0-85029898447,doi,,0,tdm; vor,True,11.0,1876-6102,Energy Procedia,2017.0,journal-article
2-s2.0-85046699823,doi,,0,unspecified,True,27.0,2213-302X; 2213-3038,Journal of Facade Design and Engineering,2017.0,journal-article
2-s2.0-85043390304,not_found,,0,,False,,,,,
2-s2.0-85085924374,none,,0,,False,,,,,
2-s2.0-85085927179,none,,0,,False,,,,,
2-s2.0-85040001217,doi,,0,tdm; vor,True,38.0,1876-6102,Energy Procedia,2017.0,journal-article
2-s2.0-85072232827,none,,0,,False,,,,,
2-s2.0-85061365436,none,,0,,False,,,,,
2-s2.0-85048591225,none,,0,,False,,,,,
2-s2.0-85029908446,doi,,0,tdm; vor,True,8.0,1876-6102,Energy Procedia,2017.0,journal-article
2-s2.0-85085924063,none,,0,,False,,,,,
2-s2.0-85127871191,none,,0,,False,,,,,
2-s2.0-85017299328,doi,Ministry of Higher Education; Universiti Sains Malaysia,2,tdm,True,88.0,0038-092X,Solar Energy,2017.0,journal-article
2-s2.0-85061370026,none,,0,,False,,,,,
2-s2.0-85060706299,doi,,0,unspecified,True,6.0,2199-580X; 2199-5818,SpringerBriefs in Architectural Design and Technology,2016.0,book-chapter
2-s2.0-85086303044,none,,0,,False,,,,,
2-s2.0-85107349753,doi,,0,,False,0.0,2522-2708,Building Simulation Conference Proceedings,2017.0,proceedings-article
2-s2.0-85029899102,doi,,0,tdm; vor,True,3.0,1876-6102,Energy Procedia,2017.0,journal-article
2-s2.0-85086303872,none,,0,,False,,,,,
2-s2.0-85050564296,doi,,0,,False,0.0,,Proceedings of SWC2017/SHC2017,2017.0,proceedings-article
2-s2.0-85043703955,not_found,,0,,False,,,,,
2-s2.0-85020429698,none,,0,,False,,,,,
2-s2.0-85021961684,not_found,,0,,False,,,,,
2-s2.0-85027232772,doi,,0,tdm; vor,True,0.0,1662-9795,Key Engineering Materials,2017.0,journal-article
2-s2.0-85029762543,none,,0,,False,,,,,
2-s2.0-85033366955,doi,,0,tdm; vor,True,5.0,1876-6102,Energy Procedia,2017.0,journal-article
2-s2.0-85032707601,doi,,0,tdm; vor,True,18.0,1876-6102,Energy Procedia,2017.0,journal-article
2-s2.0-85015913446,doi,The University of Michigan – Shanghai Jiao Tong University,1,tdm,True,25.0,0038-092X,Solar Energy,2017.0,journal-article
2-s2.0-85016626917,doi,EPSRC Doctoral Training; Wintech ltd.; National Natural Science Foundation of China,3,tdm; vor,True,59.0,0360-5442,Energy,2017.0,journal-article
2-s2.0-85000819173,doi,,0,tdm,True,38.0,0924-2716,ISPRS Journal of Photogrammetry and Remote Sensing,2017.0,journal-article
2-s2.0-85043376079,not_found,,0,,False,,,,,
2-s2.0-85007137545,doi,CTI; Building Technologies Accelerator,2,tdm,True,87.0,0306-2619,Applied Energy,2017.0,journal-article
2-s2.0-85028724784,doi,Fundamental Research Funds for the Central Universities,1,tdm,True,61.0,0038-092X,Solar Energy,2017.0,journal-article
2-s2.0-84988602755,doi,,0,tdm,True,132.0,1364-0321,Renewable and Sustainable Energy Reviews,2017.0,journal-article
2-s2.0-85041324911,doi,,0,tdm; vor,True,9.0,2059-8521,MRS Advances,2017.0,journal-article
2-s2.0-85018751847,doi,FONDECYT; National Commission for Scientific and Technological Research of Chile; Center for Sustainable Urban Development,3,tdm,True,62.0,0306-2619,Applied Energy,2017.0,journal-article
2-s2.0-85016504898,doi,Spanish Ministry of Science and Innovation; FEDER,2,tdm,True,67.0,0960-1481,Renewable Energy,2017.0,journal-article
2-s2.0-84976286912,doi,,0,unspecified,True,30.0,0006-8314; 1573-1472,Boundary-Layer Meteorology,2016.0,journal-article
2-s2.0-85040310055,doi,,0,tdm; vor,True,15.0,1876-6102,Energy Procedia,2017.0,journal-article
2-s2.0-105009082426,doi,,0,,False,0.0,,Explorations of Consciousness in Contemporary Fiction,2017.0,book-chapter
2-s2.0-105026079548,doi,,0,tdm,True,37.0,,Companion to the History of Architecture,2017.0,other
2-s2.0-85127848453,none,,0,,False,,,,,
2-s2.0-85063105240,doi,,0,,False,0.0,1314-2704,SGEM International Multidisciplinary Scientific GeoConference EXPO Proceedings,2017.0,proceedings-article
2-s2.0-85050036277,doi,,0,,False,2.0,2221-3783,IABSE Reports,2017.0,proceedings-article
2-s2.0-85021767299,none,,0,,False,,,,,
2-s2.0-85029901904,doi,,0,tdm; vor,True,10.0,1876-6102,Energy Procedia,2017.0,journal-article
2-s2.0-85085929351,none,,0,,False,,,,,
2-s2.0-85029582421,none,,0,,False,,,,,
2-s2.0-85021131107,none,,0,,False,,,,,
2-s2.0-85070240714,doi,,0,,False,0.0,2046-0546; 2046-0554,International Journal of Computational Methods and Experimental Measurements,2017.0,journal-article
2-s2.0-85021282836,doi,,0,tdm,True,29.0,0038-092X,Solar Energy,2017.0,journal-article
2-s2.0-85006324081,doi,National Natural Science Foundation of China; National Key Research and Development Program of China,2,am; tdm,True,40.0,1875-5100,Journal of Natural Gas Science and Engineering,2017.0,journal-article
2-s2.0-85010208983,doi,,0,tdm,True,330.0,0038-092X,Solar Energy,2017.0,journal-article
2-s2.0-84977571278,doi,MOE/NTU AcRF Tier 1,1,tdm,True,30.0,0030-4018,Optics Communications,2016.0,journal-article
2-s2.0-84993967103,doi,,0,tdm,True,45.0,2213-1388,Sustainable Energy Technologies and Assessments,2016.0,journal-article
2-s2.0-84994043992,doi,Pennsylvania State University; Air Force Office of Scientific Research; Air Force Office of Scientific Research; Air Force Office of Scientific Research,4,am; tdm,True,22.0,0360-5442,Energy,2016.0,journal-article
2-s2.0-85006707436,doi,,0,,False,14.0,,2016 IEEE International Conference on Power System Technology (POWERCON),2016.0,proceedings-article
2-s2.0-84991056263,doi,,0,tdm,True,44.0,0360-5442,Energy,2016.0,journal-article
2-s2.0-84992304030,doi,"Climate-KIC, Building Technologies Accelerator program",1,tdm,True,29.0,0927-0248,Solar Energy Materials and Solar Cells,2016.0,journal-article
2-s2.0-85020515917,doi,,0,vor,True,75.0,1996-1073,Energies,2016.0,journal-article
2-s2.0-85010800525,doi,,0,tdm; vor,True,14.0,1876-6102,Energy Procedia,2016.0,journal-article
2-s2.0-84995545793,doi,,0,,False,16.0,,2016 Third International Conference on Artificial Intelligence and Pattern Recognition (AIPR),2016.0,proceedings-article
2-s2.0-84966339580,doi,,0,tdm,True,30.0,0960-1481,Renewable Energy,2016.0,journal-article
2-s2.0-84986905876,doi,National Natural Science Foundation of China; Ministry of Education of the People&apos;s Republic of China; Natural Science Foundation of Hubei Province; Hebei Province Science and Technology Support Program,4,tdm,True,32.0,0020-7403,International Journal of Mechanical Sciences,2016.0,journal-article
2-s2.0-84990068882,doi,UK EPSRC and Wintech Ltd; Regione PUGLIA; Italian Minister for Education and Research; Australian Research Council,4,tdm; vor,True,83.0,0306-2619,Applied Energy,2016.0,journal-article
2-s2.0-84973450862,doi,Agency for Innovation by Science and Technology; Research Foundation Flanders,2,tdm,True,21.0,0141-0296,Engineering Structures,2016.0,journal-article
2-s2.0-84973440905,doi,Australian Research Council,1,tdm,True,33.0,0141-0296,Engineering Structures,2016.0,journal-article
2-s2.0-84990929260,doi,,0,vor,True,33.0,2071-1050,Sustainability,2016.0,journal-article
2-s2.0-85016450269,none,,0,,False,,,,,
2-s2.0-84969584417,doi,National Science Foundation,1,am; stm-asf; tdm,True,39.0,0038-092X,Solar Energy,2016.0,journal-article
2-s2.0-85020973499,doi,,0,,False,117.0,0037-9808; 2150-5926,Journal of the Society of Architectural Historians,2016.0,journal-article
2-s2.0-84988354665,doi,,0,,False,20.0,,2016 IEEE 16th International Conference on Environment and Electrical Engineering (EEEIC),2016.0,proceedings-article
2-s2.0-84991045159,doi,,0,,False,0.0,1941-7020,American Journal of Engineering and Applied Sciences,2016.0,journal-article
2-s2.0-84988378431,doi,,0,,False,32.0,,2016 IEEE 16th International Conference on Environment and Electrical Engineering (EEEIC),2016.0,proceedings-article
2-s2.0-84974571292,doi,"Ministero dell’Istruzione, dell’Università e della Ricerca",1,tdm,True,70.0,0378-7788,Energy and Buildings,2016.0,journal-article
2-s2.0-84963938624,doi,ZEB partners; Research Council of Norway,2,tdm,True,41.0,0038-092X,Solar Energy,2016.0,journal-article
2-s2.0-84984537140,doi,,0,,False,10.0,0094-243X,AIP Conference Proceedings,2016.0,proceedings-article
2-s2.0-84964689399,doi,,0,tdm,True,25.0,0378-7788,Energy and Buildings,2016.0,journal-article
2-s2.0-84936971957,doi,,0,,False,29.0,1940-1493; 1940-1507,Journal of Building Performance Simulation,2015.0,journal-article
2-s2.0-84957548628,doi,European Union; Greek National Funds,2,tdm,True,110.0,1364-0321,Renewable and Sustainable Energy Reviews,2016.0,journal-article
2-s2.0-84975299252,doi,Ministerio de Economìa y Competitividad; Federación Española de Enfermedades Raras; Catalan Government; CATRENE,4,vor,True,5.0,1531-1309; 1558-1764,IEEE Microwave and Wireless Components Letters,2016.0,journal-article
2-s2.0-84977548584,doi,,0,,False,23.0,,2016 IEEE International Conference on Robotics and Automation (ICRA),2016.0,proceedings-article
2-s2.0-85006210711,doi,Building Technologies Accelerator program of Climate-KIC; CTI within SCCER FEEB&D,2,tdm; vor,True,20.0,2095-2635,Frontiers of Architectural Research,2016.0,journal-article
2-s2.0-85008198676,doi,,0,vor,True,68.0,2049-1948; 2049-1948,WIREs Water,2016.0,journal-article
2-s2.0-84964995407,none,,0,,False,,,,,
2-s2.0-84968877311,doi,,0,tdm,True,25.0,,Active Coatings for Smart Textiles,2016.0,book-chapter
2-s2.0-84962016886,doi,,0,,False,5.0,0024-094X; 1530-9282,Leonardo,2016.0,journal-article
2-s2.0-84955320928,doi,Environment and Conservation Fund,1,tdm,True,63.0,0378-7788,Energy and Buildings,2016.0,journal-article
2-s2.0-84954232103,doi,,0,tdm,True,31.0,0038-092X,Solar Energy,2016.0,journal-article
2-s2.0-84948134987,doi,Australian Research Council,1,tdm,True,154.0,1364-0321,Renewable and Sustainable Energy Reviews,2016.0,journal-article
2-s2.0-84954063411,doi,,0,vor,True,28.0,1077-2618,IEEE Industry Applications Magazine,2016.0,journal-article
2-s2.0-85007134380,doi,Crystal Technology & Industries,1,vor,True,57.0,2050-0505; 2050-0505,Energy Science &amp; Engineering,2016.0,journal-article
2-s2.0-84964791020,doi,"Japanese Ministry of Education, Culture, Sports, Science, and Technology; Grants-in-Aid for Scientific Research on Innovative Areas",2,vor,True,57.0,1544-3558; 1544-3965,ACM Transactions on Applied Perception,2016.0,journal-article
2-s2.0-84964849415,doi,,0,vor,True,0.0,,Proceedings of the 20th ACM SIGGRAPH Symposium on Interactive 3D Graphics and Games,2016.0,proceedings-article
2-s2.0-84951733541,doi,,0,tdm,True,30.0,0306-2619,Applied Energy,2016.0,journal-article
2-s2.0-84960941126,doi,National Institutes of Health; National Institutes of Health; U.S. Department of Homeland Security,3,tdm,True,64.0,1879-6257,Current Opinion in Virology,2016.0,journal-article
2-s2.0-84930357742,doi,,0,,False,37.0,1751-2549; 1756-2201,Advances in Building Energy Research,2015.0,journal-article
2-s2.0-85006059028,doi,,0,tdm; vor,True,14.0,1876-6102,Energy Procedia,2016.0,journal-article
2-s2.0-84978285990,doi,,0,tdm; vor,True,5.0,1865-0929; 1865-0937,Communications in Computer and Information Science,2016.0,book-chapter
2-s2.0-85041127006,doi,,0,,False,13.0,,2016 IEEE International Conference on Renewable Energy Research and Applications (ICRERA),2016.0,proceedings-article
2-s2.0-84973538521,none,,0,,False,,,,,
2-s2.0-85125468288,none,,0,,False,,,,,
2-s2.0-84973526839,none,,0,,False,,,,,
2-s2.0-84973549990,none,,0,,False,,,,,
2-s2.0-85067901098,none,,0,,False,,,,,
2-s2.0-84960221188,doi,,0,,False,0.0,,,2015.0,book
2-s2.0-85127769591,none,,0,,False,,,,,
2-s2.0-84989159548,none,,0,,False,,,,,
2-s2.0-85119252021,doi,,0,vor,True,0.0,0097-966X; 2168-0159,SID Symposium Digest of Technical Papers,2016.0,journal-article
2-s2.0-84992428115,doi,,0,tdm; vor,True,33.0,1877-7058,Procedia Engineering,2016.0,journal-article
2-s2.0-85015006307,doi,,0,,False,9.0,,Structures and Architecture,2016.0,book-chapter
2-s2.0-85127763144,none,,0,,False,,,,,
2-s2.0-84958952705,doi,,0,unspecified,True,7.0,2211-0844; 2211-0852,RILEM Bookseries,2016.0,book-chapter
2-s2.0-84968903143,doi,,0,,False,37.0,1346-7581; 1347-2852,Journal of Asian Architecture and Building Engineering,2016.0,journal-article
2-s2.0-85015265028,doi,,0,am; tdm; vor,True,29.0,2190-4286,Beilstein Journal of Nanotechnology,2016.0,journal-article
2-s2.0-85015184129,doi,,0,,False,13.0,,2016 IEEE 3rd World Forum on Internet of Things (WF-IoT),2016.0,proceedings-article
2-s2.0-85048216619,none,,0,,False,,,,,
2-s2.0-85015164426,doi,,0,,False,18.0,,"2016 14th International Conference on Control, Automation, Robotics and Vision (ICARCV)",2016.0,proceedings-article
2-s2.0-84986880469,none,,0,,False,,,,,
2-s2.0-85046058626,doi,,0,,False,0.0,2470-1173,Electronic Imaging,2016.0,journal-article
2-s2.0-85011266617,doi,,0,,False,13.0,2092-7614,Earthquakes and Structures,2016.0,journal-article
2-s2.0-84992422423,doi,,0,tdm; vor,True,4.0,1877-7058,Procedia Engineering,2016.0,journal-article
2-s2.0-85018960635,none,,0,,False,,,,,
2-s2.0-84995407499,doi,,0,,False,0.0,,Proceedings of the VII European Congress on Computational Methods in Applied Sciences and Engineering (ECCOMAS Congress 2016),2016.0,proceedings-article
2-s2.0-85010991418,none,,0,,False,,,,,
2-s2.0-85006077950,doi,,0,tdm; vor,True,10.0,1876-6102,Energy Procedia,2016.0,journal-article
2-s2.0-85053830714,none,,0,,False,,,,,
2-s2.0-85006410982,doi,,0,tdm; vor,True,14.0,1876-6102,Energy Procedia,2016.0,journal-article
2-s2.0-84979578586,doi,,0,tdm; vor,True,6.0,1877-7058,Procedia Engineering,2016.0,journal-article
2-s2.0-84991069386,doi,,0,,False,0.0,1941-7020,American Journal of Engineering and Applied Sciences,2016.0,journal-article
2-s2.0-84969132664,doi,,0,,False,40.0,0001-1452; 1533-385X,AIAA Journal,2016.0,journal-article
2-s2.0-84986889098,none,,0,,False,,,,,
2-s2.0-84994591823,none,,0,,False,,,,,
2-s2.0-85053668997,none,,0,,False,,,,,
2-s2.0-85001907649,doi,,0,,False,0.0,,"Volume 1: Biofuels, Hydrogen, Syngas, and Alternate Fuels; CHP and Hybrid Power and Energy Systems; Concentrating Solar Power; Energy Storage; Environmental, Economic, and Policy Considerations of Advanced Energy Systems; Geothermal, Ocean, and Emerging Energy Technologies; Photovoltaics; Posters; Solar Chemistry; Sustainable Building Energy Systems; Sustainable Infrastructure and Transportation; Thermodynamic Analysis of Energy Systems; Wind Energy Systems and Technologies",2016.0,proceedings-article
2-s2.0-85127753607,none,,0,,False,,,,,
2-s2.0-85015661313,doi,,0,,False,11.0,,2016 6th International Electric Drives Production Conference (EDPC),2016.0,proceedings-article
2-s2.0-84992397202,doi,,0,tdm; vor,True,6.0,1877-7058,Procedia Engineering,2016.0,journal-article
2-s2.0-84973577793,none,,0,,False,,,,,
2-s2.0-84951086391,doi,,0,tdm,True,19.0,0954-4097; 2041-3017,"Proceedings of the Institution of Mechanical Engineers, Part F: Journal of Rail and Rapid Transit",2014.0,journal-article
2-s2.0-85016404159,none,,0,,False,,,,,
2-s2.0-84947240752,doi,,0,,False,52.0,0733-9402; 1943-7897,Journal of Energy Engineering,2015.0,journal-article
2-s2.0-84947982808,doi,U.S. Department of Energy,1,am; tdm,True,21.0,0038-092X,Solar Energy,2015.0,journal-article
2-s2.0-84961167716,doi,,0,tdm,True,39.0,0043-1354,Water Research,2015.0,journal-article
2-s2.0-84942506508,doi,,0,unspecified,True,61.0,0006-8314; 1573-1472,Boundary-Layer Meteorology,2015.0,journal-article
2-s2.0-84940670082,doi,"Engineering & Physical Science Research Council; Newcastle University School of Architecture, Planning & Landscape",2,tdm,True,55.0,0950-0618,Construction and Building Materials,2015.0,journal-article
2-s2.0-84959323599,doi,,0,vor,True,1.0,,SIGGRAPH Asia 2015 Posters,2015.0,proceedings-article
2-s2.0-84962619718,doi,,0,tdm; vor,True,6.0,1876-6102,Energy Procedia,2015.0,journal-article
2-s2.0-84962598356,doi,,0,tdm; vor,True,10.0,1876-6102,Energy Procedia,2015.0,journal-article
2-s2.0-84962553287,doi,,0,tdm; vor,True,5.0,1876-6102,Energy Procedia,2015.0,journal-article
2-s2.0-84962562998,doi,,0,tdm; vor,True,16.0,1876-6102,Energy Procedia,2015.0,journal-article
2-s2.0-84962500327,doi,,0,tdm; vor,True,16.0,1876-6102,Energy Procedia,2015.0,journal-article
2-s2.0-84962526751,doi,,0,tdm; vor,True,7.0,1876-6102,Energy Procedia,2015.0,journal-article
2-s2.0-84962484386,doi,,0,tdm; vor,True,15.0,1876-6102,Energy Procedia,2015.0,journal-article
2-s2.0-84962543672,doi,,0,tdm; vor,True,13.0,1876-6102,Energy Procedia,2015.0,journal-article
2-s2.0-84962493861,doi,,0,tdm; vor,True,15.0,1876-6102,Energy Procedia,2015.0,journal-article
2-s2.0-84962522336,doi,,0,tdm; vor,True,18.0,1876-6102,Energy Procedia,2015.0,journal-article
2-s2.0-84962536841,doi,,0,tdm; vor,True,8.0,1876-6102,Energy Procedia,2015.0,journal-article
2-s2.0-84962586906,doi,,0,tdm; vor,True,10.0,1876-6102,Energy Procedia,2015.0,journal-article
2-s2.0-84962624715,doi,,0,tdm; vor,True,7.0,1876-6102,Energy Procedia,2015.0,journal-article
2-s2.0-84962552696,doi,,0,tdm; vor,True,16.0,1876-6102,Energy Procedia,2015.0,journal-article
2-s2.0-84962567016,doi,,0,tdm; vor,True,6.0,1876-6102,Energy Procedia,2015.0,journal-article
2-s2.0-84970966420,doi,,0,tdm; vor,True,10.0,1876-6102,Energy Procedia,2015.0,journal-article
2-s2.0-84963623451,doi,,0,,False,5.0,,2015 IEEE Energy Conversion Congress and Exposition (ECCE),2015.0,proceedings-article
2-s2.0-84942088214,doi,,0,tdm,True,46.0,1420-326X; 1423-0070,Indoor and Built Environment,2014.0,journal-article
2-s2.0-84948784205,doi,Specialized Research Fund for the Doctoral Programme of Higher Education; National Natural Science Foundation of China; National Natural Science Foundation of China,3,tdm; vor,True,37.0,0964-1726; 1361-665X,Smart Materials and Structures,2015.0,journal-article
2-s2.0-84948123832,doi,,0,unspecified,True,17.0,0890-0604; 1469-1760,"Artificial Intelligence for Engineering Design, Analysis and Manufacturing",2015.0,journal-article
2-s2.0-84936094030,doi,National Natural Science Foundation of China,1,tdm; vor,True,47.0,0306-2619,Applied Energy,2015.0,journal-article
2-s2.0-84962325433,doi,,0,,False,12.0,,"2015 IEEE International Conference on Cyber Technology in Automation, Control, and Intelligent Systems (CYBER)",2015.0,proceedings-article
2-s2.0-84945957814,doi,,0,tdm; vor,True,20.0,1000-9361,Chinese Journal of Aeronautics,2015.0,journal-article
2-s2.0-84960894739,doi,,0,,False,25.0,,"2015 IEEE 7th International Conference on Cybernetics and Intelligent Systems (CIS) and IEEE Conference on Robotics, Automation and Mechatronics (RAM)",2015.0,proceedings-article
2-s2.0-84942929411,doi,Italian Ministry of Foreign Affairs; Italian Ministry of Foreign Affairs,2,tdm; vor,True,33.0,0964-1726; 1361-665X,Smart Materials and Structures,2015.0,journal-article
2-s2.0-85066277310,doi,,0,tdm; vor,True,2.0,,Renewable Energy in the Service of Mankind Vol I,2015.0,book-chapter
2-s2.0-84944088873,none,,0,,False,,,,,
2-s2.0-84941051807,doi,,0,vor,True,0.0,0003-8504; 1554-2769,Architectural Design,2015.0,journal-article
2-s2.0-84937598595,doi,,0,tdm,True,26.0,0954-4100; 2041-3025,"Proceedings of the Institution of Mechanical Engineers, Part G: Journal of Aerospace Engineering",2014.0,journal-article
2-s2.0-84930664430,doi,Ministry of Agriculture of the People's Republic of China; Ministry of Science and Technology of the People's Republic of China; Ministry of Science and Technology of the People's Republic of China; Science and Technology Department of Sichuan Province,4,tdm,True,37.0,0378-4290,Field Crops Research,2015.0,journal-article
2-s2.0-85012260247,none,,0,,False,,,,,
2-s2.0-84941648718,doi,,0,,False,13.0,2346-2183; 0012-7353,DYNA,2015.0,journal-article
2-s2.0-85027938817,doi,,0,vor,True,8.0,1531-1309; 1558-1764,IEEE Microwave and Wireless Components Letters,2015.0,journal-article
2-s2.0-84940927271,doi,,0,,False,9.0,,2015 American Control Conference (ACC),2015.0,proceedings-article
2-s2.0-84941299810,doi,,0,vor,True,57.0,1932-6203,PLOS ONE,2015.0,journal-article
2-s2.0-84935016179,doi,National Science Foundation,1,am; tdm,True,69.0,0378-7788,Energy and Buildings,2015.0,journal-article
2-s2.0-84943534728,doi,,0,,False,0.0,,,2015.0,book
2-s2.0-84943523876,doi,,0,,False,0.0,,,2015.0,book
2-s2.0-84942626398,doi,,0,,False,4.0,,2015 IEEE 16th Annual Wireless and Microwave Technology Conference (WAMICON),2015.0,proceedings-article
2-s2.0-84930620620,doi,VELUX A/S; Bjarne Saxhofs Foundation,2,tdm,True,41.0,0378-7788,Energy and Buildings,2015.0,journal-article
2-s2.0-84926646955,doi,,0,tdm,True,31.0,1359-4311,Applied Thermal Engineering,2015.0,journal-article
2-s2.0-84950303118,doi,,0,tdm,True,31.0,1478-0771; 2048-3988,International Journal of Architectural Computing,2015.0,journal-article
2-s2.0-84936869055,none,,0,,False,,,,,
2-s2.0-84951037925,doi,,0,tdm,True,40.0,0956-0599; 2059-8033,International Journal of Space Structures,2015.0,journal-article
2-s2.0-84928922788,doi,,0,tdm,True,19.0,0378-7788,Energy and Buildings,2015.0,journal-article
2-s2.0-84937635937,doi,,0,,False,0.0,1940-087X,Journal of Visualized Experiments,2015.0,journal-article
2-s2.0-84928920417,doi,"Natural Science Foundation of China; Natural Science Foundation of China; Scientific Research Foundation for the Returned Overseas Chinese Scholars, State Education Ministry of China",3,tdm,True,35.0,0094-5765,Acta Astronautica,2015.0,journal-article
2-s2.0-84925933649,doi,,0,vor,True,112.0,1038-4111; 1744-7941,Asia Pacific Journal of Human Resources,2014.0,journal-article
2-s2.0-84925133553,doi,,0,tdm,True,24.0,1478-0771; 2048-3988,International Journal of Architectural Computing,2015.0,journal-article
2-s2.0-84928104984,none,,0,,False,,,,,
2-s2.0-84939979019,doi,,0,tdm,True,20.0,2095-0233; 2095-0241,Frontiers of Mechanical Engineering,2015.0,journal-article
2-s2.0-84940100014,doi,,0,tdm,True,23.0,,Eco-Efficient Materials for Mitigating Building Cooling Needs,2015.0,book-chapter
2-s2.0-84924301156,doi,,0,,False,13.0,,2014 International Symposium on Integrated Circuits (ISIC),2014.0,proceedings-article
2-s2.0-84919926610,doi,,0,tdm,True,18.0,1996-3599; 1996-8744,Building Simulation,2014.0,journal-article
2-s2.0-84921320262,doi,,0,,False,7.0,1346-7581; 1347-2852,Journal of Asian Architecture and Building Engineering,2015.0,journal-article
2-s2.0-84917736224,none,,0,,False,,,,,
2-s2.0-85127884673,doi,,0,,False,0.0,2684-1843,eCAADe proceedings,2015.0,proceedings-article
2-s2.0-85048315643,none,,0,,False,,,,,
2-s2.0-84966644085,none,,0,,False,,,,,
2-s2.0-84983464091,doi,,0,tdm; vor,True,29.0,1865-0929; 1865-0937,Communications in Computer and Information Science,2015.0,book-chapter
2-s2.0-84934911039,doi,,0,tdm; vor,True,102.0,,Biotechnologies and Biomimetics for Civil Engineering,2014.0,book-chapter
2-s2.0-84976439530,none,,0,,False,,,,,
2-s2.0-85046073479,none,,0,,False,,,,,
2-s2.0-84928679214,doi,,0,vor,True,35.0,1996-1073,Energies,2015.0,journal-article
2-s2.0-84936096856,none,,0,,False,,,,,
2-s2.0-84994787800,doi,,0,tdm; vor,True,26.0,1876-6102,Energy Procedia,2015.0,journal-article
2-s2.0-84970016205,none,,0,,False,,,,,
2-s2.0-84976340671,none,,0,,False,,,,,
2-s2.0-84948390542,doi,,0,tdm; vor,True,16.0,1877-7058,Procedia Engineering,2015.0,journal-article
2-s2.0-84985982408,doi,,0,unspecified,True,10.0,0272-9172; 1946-4274,MRS Proceedings,2015.0,journal-article
2-s2.0-84976403014,none,,0,,False,,,,,
2-s2.0-84954026281,doi,,0,,False,12.0,1751-2549; 1756-2201,Advances in Building Energy Research,2015.0,journal-article
2-s2.0-84926125566,doi,,0,tdm,True,75.0,1474-0346,Advanced Engineering Informatics,2015.0,journal-article
2-s2.0-84942288016,doi,,0,,False,0.0,,Proceedings of the 5th International Conference on Computational Methods in Structural Dynamics and Earthquake Engineering (COMPDYN 2015),2015.0,proceedings-article
2-s2.0-84954027964,doi,,0,,False,20.0,1751-2549; 1756-2201,Advances in Building Energy Research,2015.0,journal-article
2-s2.0-84926500777,doi,,0,,False,0.0,,AEI 2015,2015.0,proceedings-article
2-s2.0-84929331284,doi,,0,,False,0.0,0553-6626; 1587-3773,Periodica Polytechnica Civil Engineering,2015.0,journal-article
2-s2.0-84957885080,doi,,0,tdm; vor,True,22.0,1877-7058,Procedia Engineering,2015.0,journal-article
2-s2.0-84983504522,doi,,0,tdm; vor,True,32.0,1865-0929; 1865-0937,Communications in Computer and Information Science,2015.0,book-chapter
2-s2.0-84983089561,none,,0,,False,,,,,
2-s2.0-85051341139,none,,0,,False,,,,,
2-s2.0-84948406512,doi,,0,tdm; vor,True,45.0,1877-7058,Procedia Engineering,2015.0,journal-article
2-s2.0-84915774886,doi,Centre Pompidou Paris; Rubner Holding AG; Glasbau Hahn GmbH; Competence Network Biomimetics; Steelcase Werndl AG; FRAC Fonds Régional d’Art Contemporain du Centre; Robert Bosch Stiftung; Kiess GmbH; Cirp GmbH; Holzhandlung Wider GmbH,10,tdm,True,41.0,0010-4485,Computer-Aided Design,2015.0,journal-article
2-s2.0-84983187877,none,,0,,False,,,,,
2-s2.0-84976351961,none,,0,,False,,,,,
2-s2.0-84952041947,doi,,0,,False,0.0,0926-9630,Studies in Health Technology and Informatics,2015.0,book-chapter
2-s2.0-84921894183,doi,,0,vor,True,25.0,1943-4618; 1552-6100,Journal of Green Building,2014.0,journal-article
2-s2.0-84939481406,none,,0,,False,,,,,
2-s2.0-84976413619,none,,0,,False,,,,,
2-s2.0-84957877062,doi,,0,tdm; vor,True,9.0,1877-7058,Procedia Engineering,2015.0,journal-article
2-s2.0-84955572973,doi,European Commission; TBC; Fraunhofer IAO,3,tdm,True,39.0,0960-1481,Renewable Energy,2015.0,journal-article
2-s2.0-84983132737,none,,0,,False,,,,,
2-s2.0-85016771258,not_found,,0,,False,,,,,
2-s2.0-84937400597,none,,0,,False,,,,,
2-s2.0-85114434219,none,,0,,False,,,,,
2-s2.0-84928232788,doi,,0,tdm; vor,True,10.0,2211-0984; 2211-0992,Mechanisms and Machine Science,2014.0,book-chapter
2-s2.0-84940094435,doi,,0,,False,8.0,0277-786X,SPIE Proceedings,2015.0,proceedings-article
2-s2.0-85005992551,none,,0,,False,,,,,
2-s2.0-85034848863,doi,,0,,False,0.0,2051-3437; 2051-3429,Journal of Contemporary Archaeology,2015.0,journal-article
2-s2.0-84940069270,doi,,0,,False,17.0,0277-786X,SPIE Proceedings,2015.0,proceedings-article
2-s2.0-84924973550,doi,,0,,False,28.0,,2014 IEEE Industry Application Society Annual Meeting,2014.0,proceedings-article
2-s2.0-85058721082,doi,,0,tdm,True,33.0,1359-4311,Applied Thermal Engineering,2014.0,journal-article
2-s2.0-84920069218,doi,,0,,False,18.0,,2014 IEEE Compound Semiconductor Integrated Circuit Symposium (CSICS),2014.0,proceedings-article
2-s2.0-84921915622,doi,,0,,False,0.0,1546-9239,American Journal of Applied Sciences,2014.0,journal-article
2-s2.0-84910683434,doi,,0,,False,8.0,0733-9402; 1943-7897,Journal of Energy Engineering,2014.0,journal-article
2-s2.0-84906838780,doi,,0,tdm,True,51.0,0141-0296,Engineering Structures,2014.0,journal-article
2-s2.0-84911961014,doi,,0,tdm,True,50.0,1570-761X; 1573-1456,Bulletin of Earthquake Engineering,2014.0,journal-article
2-s2.0-85027957287,doi,European Commission,1,tdm,True,25.0,0360-5442,Energy,2014.0,journal-article
2-s2.0-84930987061,doi,,0,,False,13.0,,2014 IEEE PES General Meeting | Conference &amp; Exposition,2014.0,proceedings-article
2-s2.0-84908541747,doi,National Natural Science Foundation of China; undamental Research Funds for the Central Universities of China,2,vor,True,37.0,1424-8220,Sensors,2014.0,journal-article
2-s2.0-84911407048,doi,,0,,False,38.0,,2014 IEEE Conference on Computer Vision and Pattern Recognition,2014.0,proceedings-article
2-s2.0-84929180227,doi,,0,,False,19.0,,2014 IEEE International Conference on Robotics and Automation (ICRA),2014.0,proceedings-article
2-s2.0-84912573356,not_found,,0,,False,,,,,
2-s2.0-84906259400,doi,,0,tdm; vor,True,24.0,0957-0233; 1361-6501,Measurement Science and Technology,2014.0,journal-article
2-s2.0-84908149011,doi,,0,,False,24.0,0022-4650; 1533-6794,Journal of Spacecraft and Rockets,2014.0,journal-article
2-s2.0-85016433689,doi,,0,,False,17.0,2267-1242,E3S Web of Conferences,2014.0,journal-article
2-s2.0-84908406878,doi,,0,,False,9.0,0024-094X; 1530-9282,Leonardo,2014.0,journal-article
2-s2.0-84924011894,none,,0,,False,,,,,
2-s2.0-84943011198,doi,Richard Drew and VDM Consulting,1,tdm; vor,True,20.0,2095-2635,Frontiers of Architectural Research,2014.0,journal-article
2-s2.0-84893169082,doi,,0,tdm,True,21.0,0038-092X,Solar Energy,2014.0,journal-article
2-s2.0-84894186566,doi,,0,tdm; vor,True,7.0,1876-1100; 1876-1119,Lecture Notes in Electrical Engineering,2013.0,book-chapter
2-s2.0-84892452345,doi,,0,tdm,True,53.0,0022-538X; 1098-5514,Journal of Virology,2014.0,journal-article
2-s2.0-84891597750,doi,,0,tdm; vor,True,6.0,1662-8985,Advanced Materials Research,2013.0,journal-article
2-s2.0-84887981105,doi,,0,tdm; vor,True,5.0,1662-9795,Key Engineering Materials,2013.0,journal-article
2-s2.0-85051970214,none,,0,,False,,,,,
2-s2.0-85088358810,none,,0,,False,,,,,
2-s2.0-84923525105,doi,,0,tdm; vor,True,20.0,1876-6102,Energy Procedia,2014.0,journal-article
2-s2.0-85203479433,doi,,0,,False,21.0,0195-0738; 1528-8994,Journal of Energy Resources Technology,2014.0,journal-article
2-s2.0-84899830699,doi,,0,,False,31.0,0360-1323,Building and Environment,2014.0,journal-article
2-s2.0-84904682271,doi,,0,,False,0.0,2710-4265,CAADRIA proceedings,2014.0,proceedings-article
2-s2.0-85037166977,none,,0,,False,,,,,
2-s2.0-84907483520,doi,"National Research Foundation of Korea; Ministry of Education, Science and Technology; Korea University",3,tdm,True,30.0,0378-7788,Energy and Buildings,2014.0,journal-article
2-s2.0-84901823324,none,,0,,False,,,,,
2-s2.0-84903825447,doi,,0,,False,28.0,,2014 14th International Conference on Environment and Electrical Engineering,2014.0,proceedings-article
2-s2.0-84896841578,doi,,0,tdm; vor,True,9.0,1662-7482,Applied Mechanics and Materials,2014.0,journal-article
2-s2.0-84890119885,doi,,0,,False,20.0,0378-7788,Energy and Buildings,2014.0,journal-article
2-s2.0-84905743962,doi,Qualcomm; Nvidia; Intel Corporation; Division of Information and Intelligent Systems,4,vor,True,25.0,0730-0301; 1557-7368,ACM Transactions on Graphics,2014.0,journal-article
2-s2.0-84893931715,doi,,0,,False,1.0,,Challenging Glass 4 &amp; COST Action TU0905 Final Conference,2014.0,book-chapter
2-s2.0-84907899410,none,,0,,False,,,,,
2-s2.0-84887384538,doi,,0,,False,25.0,0360-1323,Building and Environment,2014.0,journal-article
2-s2.0-84901463928,doi,,0,,False,9.0,2100-014X,EPJ Web of Conferences,2014.0,journal-article
2-s2.0-84907056781,doi,,0,,False,0.0,1743-3509; 1746-4498,WIT Transactions on The Built Environment,2014.0,proceedings-article
2-s2.0-85101090706,doi,,0,tdm; vor,True,8.0,1876-6102,Energy Procedia,2014.0,journal-article
2-s2.0-84906247403,doi,,0,tdm,True,19.0,0265-8135; 1472-3417,Environment and Planning B: Planning and Design,2014.0,journal-article
2-s2.0-85030536726,none,,0,,False,,,,,
2-s2.0-84915749440,none,,0,,False,,,,,
2-s2.0-85063810226,none,,0,,False,,,,,
2-s2.0-84888295460,doi,,0,tdm; vor,True,66.0,0028-646X; 1469-8137,New Phytologist,2013.0,journal-article
2-s2.0-84901408016,doi,,0,,False,67.0,0378-7788,Energy and Buildings,2014.0,journal-article
2-s2.0-85088355797,none,,0,,False,,,,,
2-s2.0-84903840062,doi,,0,,False,12.0,,2014 International Conference on Intelligent Green Building and Smart Grid (IGBSG),2014.0,proceedings-article
2-s2.0-84904663253,none,,0,,False,,,,,
2-s2.0-84903122488,doi,,0,,False,0.0,1743-3509; 1746-4498,WIT Transactions on The Built Environment,2014.0,proceedings-article
2-s2.0-84898997636,doi,,0,tdm; vor,True,7.0,1876-6102,Energy Procedia,2014.0,journal-article
2-s2.0-84906901718,doi,,0,vor,True,67.0,1996-1073,Energies,2014.0,journal-article
2-s2.0-84897866302,doi,,0,,False,0.0,1743-3541; 1746-448X,WIT Transactions on Ecology and the Environment,2014.0,proceedings-article
2-s2.0-84898977977,doi,,0,tdm; vor,True,11.0,1876-6102,Energy Procedia,2014.0,journal-article
2-s2.0-84949133204,doi,,0,tdm; vor,True,16.0,1877-7058,Procedia Engineering,2014.0,journal-article
2-s2.0-84906536114,doi,University College London,1,tdm,True,44.0,0378-7788,Energy and Buildings,2014.0,journal-article
2-s2.0-84924673672,none,,0,,False,,,,,
2-s2.0-84901824796,doi,,0,vor,True,25.0,0167-7055; 1467-8659,Computer Graphics Forum,2014.0,journal-article
2-s2.0-84898864189,doi,,0,tdm; vor,True,15.0,1662-7482,Applied Mechanics and Materials,2014.0,journal-article
2-s2.0-84898948983,doi,,0,tdm; vor,True,13.0,1876-6102,Energy Procedia,2014.0,journal-article
2-s2.0-85202486153,none,,0,,False,,,,,
2-s2.0-84912570607,doi,,0,,False,0.0,2413-5844,Proceedings of the International Symposium on Automation and Robotics in Construction (IAARC),2014.0,proceedings-article
2-s2.0-84905741346,doi,Knut och Alice Wallenbergs Stiftelse,1,vor,True,25.0,0730-0301; 1557-7368,ACM Transactions on Graphics,2014.0,journal-article
2-s2.0-84899624067,doi,,0,,False,6.0,1478-6451; 1478-646X,International Journal of Sustainable Energy,2013.0,journal-article
2-s2.0-84912096470,doi,,0,tdm; vor,True,11.0,1742-6588; 1742-6596,Journal of Physics: Conference Series,2014.0,journal-article
2-s2.0-84885455549,doi,,0,,False,36.0,0360-1323,Building and Environment,2014.0,journal-article
2-s2.0-84904497008,doi,,0,vor,True,30.0,,Proceedings of The International Symposium on Pervasive Displays,2014.0,proceedings-article
2-s2.0-84904395903,doi,,0,tdm,True,45.0,2210-6707,Sustainable Cities and Society,2014.0,journal-article
2-s2.0-84903214072,doi,,0,tdm,True,38.0,0378-7788,Energy and Buildings,2014.0,journal-article
2-s2.0-84927620195,doi,,0,,False,4.0,0277-786X,SPIE Proceedings,2014.0,proceedings-article
2-s2.0-84898814645,doi,,0,tdm,True,39.0,1744-2591; 1744-2583,Journal of Building Physics,2013.0,journal-article
2-s2.0-84910049142,doi,,0,,False,0.0,,Interspeech 2014,2014.0,proceedings-article
2-s2.0-84902805510,doi,,0,,False,0.0,,2014 Joint Rail Conference,2014.0,proceedings-article
2-s2.0-84944730050,none,,0,,False,,,,,
2-s2.0-84904627935,none,,0,,False,,,,,
2-s2.0-84929431279,doi,,0,,False,3.0,2221-3783,IABSE Reports,2014.0,proceedings-article
2-s2.0-84900562357,doi,,0,vor,True,16.0,,CHI '14 Extended Abstracts on Human Factors in Computing Systems,2014.0,proceedings-article
2-s2.0-84905902196,doi,,0,tdm,True,44.0,1932-2968; 1932-2968,Journal of Diabetes Science and Technology,2014.0,journal-article
2-s2.0-84896987256,doi,,0,,False,19.0,0277-786X,SPIE Proceedings,2014.0,proceedings-article
2-s2.0-84899018727,doi,,0,tdm,True,20.0,0143-6244; 1477-0849,Building Services Engineering Research and Technology,2013.0,journal-article
2-s2.0-84898860708,doi,,0,tdm,True,67.0,0929-5593; 1573-7527,Autonomous Robots,2014.0,journal-article
2-s2.0-84890952775,doi,,0,vor,True,0.0,,SIGGRAPH Asia 2013 Courses,2013.0,proceedings-article
2-s2.0-84889564144,none,,0,,False,,,,,
2-s2.0-84894123318,none,,0,,False,,,,,
2-s2.0-84891276408,none,,0,,False,,,,,
2-s2.0-84894140792,none,,0,,False,,,,,
2-s2.0-84891277845,none,,0,,False,,,,,
2-s2.0-84891274736,none,,0,,False,,,,,
2-s2.0-84894515202,none,,0,,False,,,,,
2-s2.0-84891276041,none,,0,,False,,,,,
2-s2.0-84886676476,none,,0,,False,,,,,
2-s2.0-84886701395,none,,0,,False,,,,,
2-s2.0-84886712908,none,,0,,False,,,,,
2-s2.0-84886643381,none,,0,,False,,,,,
2-s2.0-84886255666,doi,,0,tdm; vor,True,4.0,1662-8985,Advanced Materials Research,2013.0,journal-article
2-s2.0-84885744168,doi,,0,,False,0.0,0717-6996,ARQ (Santiago),2013.0,journal-article
2-s2.0-84885625875,doi,,0,,False,15.0,,2013 9th International Conference on Intelligent Environments,2013.0,proceedings-article
2-s2.0-84885225206,doi,,0,vor,True,19.0,,Proceedings of the 2013 ACM international joint conference on Pervasive and ubiquitous computing,2013.0,proceedings-article
2-s2.0-84885224603,doi,,0,vor,True,4.0,,Proceedings of the 2013 ACM conference on Pervasive and ubiquitous computing adjunct publication,2013.0,proceedings-article
2-s2.0-84884572348,doi,Estonian Research Council; European Union; European Social Fund; Mobilitas,4,tdm,True,23.0,0378-7788,Energy and Buildings,2013.0,journal-article
2-s2.0-84884551487,none,,0,,False,,,,,
2-s2.0-84884329851,doi,,0,tdm,True,24.0,0378-7788,Energy and Buildings,2013.0,journal-article
2-s2.0-84883866070,doi,,0,,False,0.0,0277-786X,SPIE Proceedings,2013.0,proceedings-article
2-s2.0-84879495105,doi,,0,tdm,True,24.0,0360-1323,Building and Environment,2013.0,journal-article
2-s2.0-84881413199,none,,0,,False,,,,,
2-s2.0-84882253104,doi,,0,,False,61.0,1471-2164,BMC Genomics,2013.0,journal-article
2-s2.0-84881185942,none,,0,,False,,,,,
2-s2.0-84881176254,none,,0,,False,,,,,
2-s2.0-84940646839,doi,,0,,False,13.0,1748-1317; 1748-1325,International Journal of Low-Carbon Technologies,2013.0,journal-article
2-s2.0-84879342450,doi,,0,,False,16.0,,2013 Twenty-Eighth Annual IEEE Applied Power Electronics Conference and Exposition (APEC),2013.0,proceedings-article
2-s2.0-85138413676,none,,0,,False,,,,,
2-s2.0-84879110265,doi,,0,,False,39.0,0378-7788,Energy and Buildings,2013.0,journal-article
2-s2.0-84878331047,doi,,0,,False,0.0,0277-786X,SPIE Proceedings,2013.0,proceedings-article
2-s2.0-84880299383,doi,,0,tdm,True,8.0,1478-0771; 2048-3988,International Journal of Architectural Computing,2013.0,journal-article
2-s2.0-84883729570,doi,,0,tdm,True,11.0,0956-0599; 2059-8033,International Journal of Space Structures,2013.0,journal-article
2-s2.0-84877125433,doi,,0,unspecified,True,54.0,1932-6203,PLoS ONE,2013.0,journal-article
2-s2.0-84876850882,none,,0,,False,,,,,
2-s2.0-84876865688,none,,0,,False,,,,,
2-s2.0-84876820824,none,,0,,False,,,,,
2-s2.0-84874785714,doi,,0,vor,True,47.0,0098-8847; 1096-9845,Earthquake Engineering &amp; Structural Dynamics,2012.0,journal-article
2-s2.0-84875697527,doi,,0,tdm,True,29.0,0950-0618,Construction and Building Materials,2013.0,journal-article
2-s2.0-84876714561,doi,,0,unspecified,True,22.0,1672-6529; 2543-2141,Journal of Bionic Engineering,2013.0,journal-article
2-s2.0-84874974198,doi,,0,,False,38.0,2171-9292; 1695-971X,Spanish Journal of Agricultural Research,2013.0,journal-article
2-s2.0-84874592305,doi,,0,tdm; vor,True,15.0,1662-8985,Advanced Materials Research,2013.0,journal-article
2-s2.0-84874516343,doi,,0,,False,40.0,1092-4388; 1558-9102,"Journal of Speech, Language, and Hearing Research",2013.0,journal-article
2-s2.0-84873270137,none,,0,,False,,,,,
2-s2.0-84872398016,doi,,0,tdm,True,81.0,0360-1323,Building and Environment,2013.0,journal-article
2-s2.0-84903220932,doi,,0,,False,5.0,2010-0078; 2010-0086,Climate Change Economics,2013.0,journal-article
2-s2.0-84884993770,doi,,0,,False,15.0,0302-9743; 1611-3349,Lecture Notes in Computer Science,2013.0,book-chapter
2-s2.0-84871765600,doi,,0,tdm,True,41.0,0306-2619,Applied Energy,2013.0,journal-article
2-s2.0-84894119546,doi,,0,,False,0.0,2710-4265,CAADRIA proceedings,2013.0,proceedings-article
2-s2.0-84887907216,doi,,0,,False,1.0,,Structures and Architecture,2013.0,book-chapter
2-s2.0-85048220892,none,,0,,False,,,,,
2-s2.0-84880083431,doi,,0,,False,1.0,,"Green Design, Materials and Manufacturing Processes",2013.0,book-chapter
2-s2.0-84884292377,doi,,0,vor,True,31.0,0167-7055; 1467-8659,Computer Graphics Forum,2013.0,journal-article
2-s2.0-85127876385,none,,0,,False,,,,,
2-s2.0-84879466311,none,,0,,False,,,,,
2-s2.0-84885014497,doi,,0,,False,11.0,0302-9743; 1611-3349,Lecture Notes in Computer Science,2013.0,book-chapter
2-s2.0-84884370237,doi,,0,,False,1.0,1346-7581; 1347-2852,Journal of Asian Architecture and Building Engineering,2013.0,journal-article
2-s2.0-84983531049,doi,,0,,False,0.0,,,2013.0,book
2-s2.0-84933533905,none,,0,,False,,,,,
2-s2.0-105025318037,none,,0,,False,,,,,
2-s2.0-84966550363,none,,0,,False,,,,,
2-s2.0-84933573742,none,,0,,False,,,,,
2-s2.0-84912544649,none,,0,,False,,,,,
2-s2.0-84878797097,doi,,0,,False,12.0,,COST Action TU0905 Mid-term Conference on Structural Glass,2013.0,book-chapter
2-s2.0-84870279087,doi,,0,,False,39.0,1040-7782; 1521-0634,"Numerical Heat Transfer, Part A: Applications",2013.0,journal-article
2-s2.0-84999752757,doi,Research Council of Norway; NTNU; SINTEF Research Centre on Zero Emission Buildings (ZEB),3,tdm; vor,True,23.0,2212-6090,International Journal of Sustainable Built Environment,2013.0,journal-article
2-s2.0-84898809685,doi,,0,,False,9.0,,2013 IEEE Conference on Clean Energy and Technology (CEAT),2013.0,proceedings-article
2-s2.0-84885388923,doi,,0,,False,12.0,1568-4946,Applied Soft Computing,2013.0,journal-article
2-s2.0-84879505805,doi,,0,tdm,True,12.0,0178-2789; 1432-2315,The Visual Computer,2013.0,journal-article
2-s2.0-85048244442,none,,0,,False,,,,,
2-s2.0-84896322281,doi,,0,,False,0.0,,"Volume 1: Development and Characterization of Multifunctional Materials; Modeling, Simulation and Control of Adaptive Systems; Integrated System Design and Implementation",2013.0,proceedings-article
2-s2.0-84885652681,doi,,0,,False,0.0,,"Design, Automation &amp; Test in Europe Conference &amp; Exhibition (DATE), 2013",2013.0,proceedings-article
2-s2.0-84897048301,none,,0,,False,,,,,
2-s2.0-85048228738,none,,0,,False,,,,,
2-s2.0-105025296222,none,,0,,False,,,,,
2-s2.0-85042719508,doi,,0,tdm,True,16.0,,"Encyclopedia of Energy, Natural Resource, and Environmental Economics",2013.0,book-chapter
2-s2.0-84904633574,none,,0,,False,,,,,
2-s2.0-84903650549,doi,,0,tdm,True,32.0,,Multidisciplinary Know-How for Smart-Textiles Developers,2013.0,book-chapter
2-s2.0-84880088533,doi,,0,,False,0.0,0258-5316,METU JOURNAL OF THE FACULTY OF ARCHITECTURE,2013.0,journal-article
2-s2.0-85048323583,doi,,0,,False,0.0,1079-9680,ACADIA proceedings,2013.0,proceedings-article
2-s2.0-85048328980,doi,,0,,False,0.0,1079-9680,ACADIA proceedings,2013.0,proceedings-article
2-s2.0-84871874052,doi,,0,tdm,True,53.0,0306-2619,Applied Energy,2013.0,journal-article
2-s2.0-84871554288,doi,,0,tdm; vor,True,10.0,1662-7482,Applied Mechanics and Materials,2012.0,journal-article
2-s2.0-84871549544,none,,0,,False,,,,,
2-s2.0-84870494719,doi,,0,,False,0.0,1743-3509; 1746-4498,WIT Transactions on The Built Environment,2012.0,proceedings-article
2-s2.0-84875251530,none,,0,,False,,,,,
2-s2.0-84883392886,none,,0,,False,,,,,
2-s2.0-84874249257,doi,,0,tdm,True,12.0,1478-0771; 2048-3988,International Journal of Architectural Computing,2012.0,journal-article
2-s2.0-84875988346,doi,,0,vor,True,15.0,,Proceedings of the 1st workshop on Smart Material Interfaces: A Material Step to the Future,2012.0,proceedings-article
2-s2.0-84876527219,none,,0,,False,,,,,
2-s2.0-84873396130,not_found,,0,,False,,,,,
2-s2.0-84875265672,none,,0,,False,,,,,
2-s2.0-84893266540,none,,0,,False,,,,,
2-s2.0-84884881445,none,,0,,False,,,,,
2-s2.0-84869480224,doi,,0,,False,8.0,,2012 38th IEEE Photovoltaic Specialists Conference,2012.0,proceedings-article
2-s2.0-85071747781,none,,0,,False,,,,,
2-s2.0-84863467109,doi,,0,tdm,True,26.0,0360-1323,Building and Environment,2012.0,journal-article
2-s2.0-84865622141,doi,,0,tdm,True,26.0,0378-7788,Energy and Buildings,2012.0,journal-article
2-s2.0-84866430609,none,,0,,False,,,,,
2-s2.0-84865759357,doi,,0,,False,0.0,1743-3509; 1746-4498,WIT Transactions on The Built Environment,2012.0,proceedings-article
2-s2.0-84865596200,doi,,0,,False,7.0,0302-9743; 1611-3349,Lecture Notes in Computer Science,2012.0,book-chapter
2-s2.0-84861569230,doi,,0,stm-asf; tdm,True,24.0,0141-0296,Engineering Structures,2012.0,journal-article
2-s2.0-84872838848,doi,,0,tdm,True,38.0,1478-0771; 2048-3988,International Journal of Architectural Computing,2012.0,journal-article
2-s2.0-84873566532,doi,,0,,False,0.0,1749-4060; 1749-4079,Jazz Perspectives,2012.0,journal-article
2-s2.0-84864299232,doi,,0,tdm; vor,True,28.0,0302-9743; 1611-3349,Lecture Notes in Computer Science,2012.0,book-chapter
2-s2.0-84862523171,none,,0,,False,,,,,
2-s2.0-84861980603,doi,,0,,False,33.0,1471-2164,BMC Genomics,2012.0,journal-article
2-s2.0-84858710403,doi,,0,,False,25.0,0141-0296,Engineering Structures,2012.0,journal-article
2-s2.0-84861838567,doi,,0,tdm,True,15.0,0378-7788,Energy and Buildings,2012.0,journal-article
2-s2.0-84860810606,doi,,0,tdm; vor,True,9.0,1662-7482,Applied Mechanics and Materials,2012.0,journal-article
2-s2.0-84859443262,doi,,0,tdm,True,16.0,0038-092X,Solar Energy,2012.0,journal-article
2-s2.0-84956702328,doi,,0,vor,True,6.0,0038-9145; 1437-1049,Stahlbau,2012.0,journal-article
2-s2.0-84858679523,doi,,0,vor,True,0.0,0003-8504; 1554-2769,Architectural Design,2012.0,journal-article
2-s2.0-84859464539,doi,,0,tdm,True,15.0,1478-0771; 2048-3988,International Journal of Architectural Computing,2012.0,journal-article
2-s2.0-84855243888,doi,,0,tdm,True,24.0,0378-7788,Energy and Buildings,2012.0,journal-article
2-s2.0-84860799273,doi,,0,,False,13.0,1078-9669; 1938-5587,HVAC&amp;R Research,2012.0,journal-article
2-s2.0-84855814331,doi,,0,tdm,True,63.0,0038-092X,Solar Energy,2012.0,journal-article
2-s2.0-85083950415,doi,,0,,False,0.0,2684-1843,eCAADe proceedings,2012.0,proceedings-article
2-s2.0-85127846958,none,,0,,False,,,,,
2-s2.0-85127888997,doi,,0,,False,0.0,2684-1843,eCAADe proceedings,2012.0,proceedings-article
2-s2.0-84886708590,doi,,0,tdm; vor,True,10.0,1876-6102,Energy Procedia,2012.0,journal-article
2-s2.0-84865033966,none,,0,,False,,,,,
2-s2.0-84900857642,none,,0,,False,,,,,
2-s2.0-84865874416,doi,,0,,False,32.0,2041-9112; 2041-9120,Interiors,2012.0,journal-article
2-s2.0-84455183704,doi,,0,unspecified,True,11.0,0272-9172; 1946-4274,MRS Proceedings,2011.0,journal-article
2-s2.0-84897086942,doi,,0,tdm; vor,True,27.0,1876-6102,Energy Procedia,2012.0,journal-article
2-s2.0-84855980914,doi,,0,vor,True,39.0,1077-2626,IEEE Transactions on Visualization and Computer Graphics,2012.0,journal-article
2-s2.0-84886044487,doi,,0,,False,18.0,,2012 9th International Conference &amp; Expo on Emerging Technologies for a Smarter World (CEWIT),2012.0,proceedings-article
2-s2.0-84872040764,none,,0,,False,,,,,
2-s2.0-84873347851,doi,,0,,False,14.0,1546-962X,Journal of ASTM International,2012.0,journal-article
2-s2.0-84879877785,doi,,0,vor,True,14.0,0167-7055; 1467-8659,Computer Graphics Forum,2012.0,journal-article
2-s2.0-84857407540,doi,,0,tdm,True,16.0,0306-2619,Applied Energy,2012.0,journal-article
2-s2.0-84900872911,none,,0,,False,,,,,
2-s2.0-84999816172,doi,,0,tdm; vor,True,17.0,2212-6090,International Journal of Sustainable Built Environment,2012.0,journal-article
2-s2.0-82555201440,doi,,0,tdm; vor,True,9.0,1662-7482,Applied Mechanics and Materials,2011.0,journal-article
2-s2.0-85048345811,none,,0,,False,,,,,
2-s2.0-85022140158,doi,,0,,False,0.0,2684-1843,eCAADe proceedings,2012.0,proceedings-article
2-s2.0-84855963275,doi,,0,,False,25.0,1539-7734; 1539-7742,Mechanics Based Design of Structures and Machines,2012.0,journal-article
2-s2.0-84873864839,none,,0,,False,,,,,
2-s2.0-84860247255,none,,0,,False,,,,,
2-s2.0-84870170502,none,,0,,False,,,,,
2-s2.0-84864141000,none,,0,,False,,,,,
2-s2.0-84858017021,doi,Animare,1,vor,True,14.0,,Proceedings of the ACM SIGGRAPH/Eurographics Symposium on Non-Photorealistic Animation and Rendering,2011.0,proceedings-article
2-s2.0-84867009270,none,,0,,False,,,,,
2-s2.0-85024275352,doi,"National Natural Science Foundation of China; City University of Hong Kong; Research Grants Council, University Grants Committee, Hong Kong; Ministry of Science and Technology of the People's Republic of China",4,vor,True,26.0,0730-0301; 1557-7368,ACM Transactions on Graphics,2011.0,journal-article
2-s2.0-84855426634,none,,0,,False,,,,,
2-s2.0-84867033340,none,,0,,False,,,,,
2-s2.0-84856997036,doi,,0,tdm,True,21.0,1478-0771; 2048-3988,International Journal of Architectural Computing,2011.0,journal-article
2-s2.0-79959812162,none,,0,,False,,,,,
2-s2.0-84863053545,doi,,0,,False,26.0,,2011 International Conference on Computer Vision,2011.0,proceedings-article
2-s2.0-84873820941,none,,0,,False,,,,,
2-s2.0-84870192612,none,,0,,False,,,,,
2-s2.0-84863734969,none,,0,,False,,,,,
2-s2.0-84873867099,none,,0,,False,,,,,
2-s2.0-84864135568,none,,0,,False,,,,,
2-s2.0-84881121184,doi,,0,,False,0.0,,"ASME 2011 5th International Conference on Energy Sustainability, Parts A, B, and C",2011.0,proceedings-article
2-s2.0-84900712433,none,,0,,False,,,,,
2-s2.0-84870189851,none,,0,,False,,,,,
2-s2.0-81255170216,doi,,0,,False,0.0,,2011 Seventh International Conference on Intelligent Environments,2011.0,proceedings-article
2-s2.0-80055022185,doi,,0,tdm; vor,True,6.0,1662-7482,Applied Mechanics and Materials,2011.0,journal-article
2-s2.0-81255151169,doi,,0,vor,True,0.0,0003-8504; 1554-2769,Architectural Design,2011.0,journal-article
2-s2.0-80053482086,doi,,0,tdm,True,68.0,0924-2716,ISPRS Journal of Photogrammetry and Remote Sensing,2011.0,journal-article
2-s2.0-81255146361,doi,,0,vor,True,0.0,0003-8504; 1554-2769,Architectural Design,2011.0,journal-article
2-s2.0-80054808693,doi,,0,vor,True,1.0,,ACM SIGGRAPH 2011 Posters,2011.0,proceedings-article
2-s2.0-80053287958,doi,,0,tdm,True,141.0,0040-1951,Tectonophysics,2011.0,journal-article
2-s2.0-80052570730,doi,,0,tdm,True,10.0,2210-6707,Sustainable Cities and Society,2011.0,journal-article
2-s2.0-80051593755,doi,,0,tdm,True,53.0,0038-092X,Solar Energy,2011.0,journal-article
2-s2.0-80052128813,doi,,0,,False,10.0,,Proceedings of 5th International Conference on Recent Advances in Space Technologies - RAST2011,2011.0,proceedings-article
2-s2.0-79961148875,doi,,0,,False,5.0,,2011 International Conference on Network Computing and Information Security,2011.0,proceedings-article
2-s2.0-80052648097,none,,0,,False,,,,,
2-s2.0-79959349592,doi,,0,tdm; vor,True,25.0,0022-5223,The Journal of Thoracic and Cardiovascular Surgery,2011.0,journal-article
2-s2.0-79955892373,doi,,0,,False,0.0,0277-786X,SPIE Proceedings,2011.0,proceedings-article
2-s2.0-79954573806,doi,,0,tdm,True,32.0,0038-092X,Solar Energy,2011.0,journal-article
2-s2.0-79959579260,none,,0,,False,,,,,
2-s2.0-79952338837,doi,,0,,False,20.0,0733-9399; 1943-7889,Journal of Engineering Mechanics,2011.0,journal-article
2-s2.0-79959990081,doi,,0,tdm,True,9.0,1478-0771; 2048-3988,International Journal of Architectural Computing,2011.0,journal-article
2-s2.0-79551700091,doi,,0,tdm,True,38.0,0022-538X; 1098-5514,Journal of Virology,2011.0,journal-article
2-s2.0-78651404478,doi,,0,tdm; vor,True,7.0,1662-8985,Advanced Materials Research,2010.0,journal-article
2-s2.0-80051876764,doi,,0,vor,True,31.0,0730-0301; 1557-7368,ACM Transactions on Graphics,2011.0,journal-article
2-s2.0-84860725100,doi,,0,,False,0.0,1079-9680,ACADIA proceedings,2011.0,proceedings-article
2-s2.0-84870586182,none,,0,,False,,,,,
2-s2.0-84870158832,none,,0,,False,,,,,
2-s2.0-84860745253,doi,,0,,False,0.0,1079-9680,ACADIA proceedings,2011.0,proceedings-article
2-s2.0-78049468978,doi,,0,tdm,True,14.0,0378-7788,Energy and Buildings,2011.0,journal-article
2-s2.0-85020090932,doi,,0,,False,17.0,,India International Conference on Power Electronics 2010 (IICPE2010),2011.0,proceedings-article
2-s2.0-80051993075,doi,,0,tdm,True,40.0,1996-3599; 1996-8744,Building Simulation,2011.0,journal-article
2-s2.0-78650741191,doi,National Science Foundation; National Aeronautics and Space Administration,2,tdm,True,58.0,0098-3004,Computers &amp; Geosciences,2011.0,journal-article
2-s2.0-84865532062,doi,,0,,False,0.0,1743-3541; 1746-448X,WIT Transactions on Ecology and the Environment,2011.0,proceedings-article
2-s2.0-84863759442,doi,,0,,False,0.0,2413-5844,Proceedings of the International Symposium on Automation and Robotics in Construction (IAARC),2011.0,proceedings-article
2-s2.0-85127881002,doi,,0,,False,0.0,2684-1843,Proceedings of the 29th International Conference on Education and Research in Computer Aided Architectural Design in Europe (eCAADe),2011.0,proceedings-article
2-s2.0-85145654987,doi,,0,tdm; vor,True,82.0,1872-082X; 2197-1854,Analog Circuits and Signal Processing,2010.0,book-chapter
2-s2.0-77956157476,doi,,0,,False,20.0,,2010 International Conference on Challenges in Environmental Science and Computer Engineering,2010.0,proceedings-article
2-s2.0-80052989352,none,,0,,False,,,,,
2-s2.0-80053018888,none,,0,,False,,,,,
2-s2.0-84856652365,none,,0,,False,,,,,
2-s2.0-84867267320,none,,0,,False,,,,,
2-s2.0-78649933023,doi,,0,,False,44.0,0964-1726; 1361-665X,Smart Materials and Structures,2010.0,journal-article
2-s2.0-84867267682,none,,0,,False,,,,,
2-s2.0-79959924602,none,,0,,False,,,,,
2-s2.0-84882708236,doi,,0,tdm; vor,True,18.0,1080-7446,The Professional Animal Scientist,2010.0,journal-article
2-s2.0-77955566485,doi,,0,tdm,True,28.0,0378-7788,Energy and Buildings,2010.0,journal-article
2-s2.0-78649516942,none,,0,,False,,,,,
2-s2.0-77956093499,doi,,0,,False,10.0,,2010 International Conference on Mechanic Automation and Control Engineering,2010.0,proceedings-article
2-s2.0-77957842040,doi,,0,,False,0.0,1046-4883; 1531-314X,Journal of Architectural Education,2010.0,journal-article
2-s2.0-77956791814,none,,0,,False,,,,,
2-s2.0-77957897485,doi,,0,,False,0.0,0961-3218; 1466-4321,Building Research &amp; Information,2010.0,journal-article
2-s2.0-77955788294,doi,,0,,False,24.0,,2010 IEEE International Conference on Robotics and Automation,2010.0,proceedings-article
2-s2.0-77954767565,doi,,0,,False,4.0,,2010 Workshop on Integrated Nonlinear Microwave and Millimeter-Wave Circuits,2010.0,proceedings-article
2-s2.0-77951096129,doi,,0,tdm,True,22.0,0167-8655,Pattern Recognition Letters,2010.0,journal-article
2-s2.0-77951112026,doi,,0,tdm,True,9.0,0378-7788,Energy and Buildings,2010.0,journal-article
2-s2.0-84870034647,doi,,0,,False,24.0,,2010 Asia-Pacific Power and Energy Engineering Conference,2010.0,proceedings-article
2-s2.0-77955301291,doi,,0,tdm,True,0.0,0360-3199,International Journal of Hydrogen Energy,2010.0,journal-article
2-s2.0-77956470232,none,,0,,False,,,,,
2-s2.0-77952604014,doi,,0,,False,14.0,1940-1493; 1940-1507,Journal of Building Performance Simulation,2010.0,journal-article
2-s2.0-77952856684,doi,,0,,False,17.0,0021-8812; 1525-3163,Journal of Animal Science,2010.0,journal-article
2-s2.0-77952740301,doi,,0,,False,9.0,,2010 IEEE Virtual Reality Conference (VR),2010.0,proceedings-article
2-s2.0-77649238846,doi,,0,tdm,True,4.0,0038-092X,Solar Energy,2010.0,journal-article
2-s2.0-77949923249,doi,,0,,False,16.0,1610-7438; 1610-742X,Springer Tracts in Advanced Robotics,2009.0,book-chapter
2-s2.0-77949579012,doi,,0,,False,0.0,0277-786X,SPIE Proceedings,2010.0,proceedings-article
2-s2.0-77952281279,doi,,0,unspecified,True,6.0,1744-9545,Journal of Building Appraisal,2010.0,journal-article
2-s2.0-80054752483,doi,,0,tdm; vor,True,35.0,1080-7446,The Professional Animal Scientist,2010.0,journal-article
2-s2.0-84964724193,none,,0,,False,,,,,
2-s2.0-70249119591,doi,,0,tdm,True,18.0,0360-1323,Building and Environment,2010.0,journal-article
2-s2.0-79251501676,doi,,0,vor,True,7.0,1552-6100; 1943-4618,Journal of Green Building,2010.0,journal-article
2-s2.0-84881598466,none,,0,,False,,,,,
2-s2.0-77950302167,doi,,0,tdm,True,29.0,0031-3025,Pathology,2010.0,journal-article
2-s2.0-77949534319,doi,,0,vor,True,0.0,0003-8504; 1554-2769,Architectural Design,2010.0,journal-article
2-s2.0-84898475278,doi,,0,,False,0.0,,Structures Congress 2010,2010.0,proceedings-article
2-s2.0-79958270396,doi,,0,tdm; vor,True,29.0,1863-2246; 1863-2351,Lecture Notes in Geoinformation and Cartography,2009.0,book-chapter
2-s2.0-84902225459,doi,,0,,False,17.0,,Materials for Energy Efficiency and Thermal Comfort in Buildings,2010.0,book-chapter
2-s2.0-78449270430,doi,,0,,False,0.0,1743-3541; 1746-448X,WIT Transactions on Ecology and the Environment,2010.0,proceedings-article
2-s2.0-84926522419,none,,0,,False,,,,,
2-s2.0-78449292725,doi,,0,,False,0.0,1743-3541; 1746-448X,WIT Transactions on Ecology and the Environment,2010.0,proceedings-article
2-s2.0-77953076867,doi,,0,,False,50.0,1063-0198; 1943-7714,HortTechnology,2010.0,journal-article
2-s2.0-78049412316,doi,,0,,False,20.0,0302-9743; 1611-3349,Lecture Notes in Computer Science,2010.0,book-chapter
2-s2.0-72049123736,doi,,0,,False,0.0,1743-3509; 1746-4498,WIT Transactions on The Built Environment,2009.0,proceedings-article
2-s2.0-76249102480,doi,,0,,False,13.0,,2009 IEEE/RSJ International Conference on Intelligent Robots and Systems,2009.0,proceedings-article
2-s2.0-84863970931,none,,0,,False,,,,,
2-s2.0-78149400279,none,,0,,False,,,,,
2-s2.0-77951003787,doi,,0,,False,8.0,,"2009 Computation World: Future Computing, Service Computation, Cognitive, Adaptive, Content, Patterns",2009.0,proceedings-article
2-s2.0-84895303108,none,,0,,False,,,,,
2-s2.0-84870234199,none,,0,,False,,,,,
2-s2.0-74549219376,doi,,0,,False,10.0,,"2009 International Conference on Computational Intelligence, Modelling and Simulation",2009.0,proceedings-article
2-s2.0-68849121973,doi,,0,tdm,True,14.0,0143-974X,Journal of Constructional Steel Research,2009.0,journal-article
2-s2.0-84870183199,none,,0,,False,,,,,
2-s2.0-84866024950,none,,0,,False,,,,,
2-s2.0-84863743032,none,,0,,False,,,,,
2-s2.0-84891927492,doi,,0,tdm; vor,True,10.0,1680-0737; 1433-9277,IFMBE Proceedings,2009.0,book-chapter
2-s2.0-70449668953,doi,,0,,False,23.0,,2009 American Control Conference,2009.0,proceedings-article
2-s2.0-70350555396,doi,,0,,False,5.0,,2009 Second International Conference in Visualisation,2009.0,proceedings-article
2-s2.0-70349136564,doi,,0,vor,True,6.0,,Proceedings of the 3rd International Conference on Tangible and Embedded Interaction,2009.0,proceedings-article
2-s2.0-70349091052,doi,,0,,False,0.0,,ASME 2008 Rail Transportation Division Fall Technical Conference,2008.0,proceedings-article
2-s2.0-77954385797,doi,,0,tdm; vor,True,75.0,1080-7446,The Professional Animal Scientist,2009.0,journal-article
2-s2.0-70349689982,doi,Division of Computing and Communication Foundations; Ministry of Science and Technology of the People's Republic of China; National Natural Science Foundation of China,3,vor,True,27.0,0730-0301; 1557-7368,ACM Transactions on Graphics,2009.0,journal-article
2-s2.0-60249088365,doi,,0,tdm,True,26.0,0360-1323,Building and Environment,2009.0,journal-article
2-s2.0-66249105694,none,,0,,False,,,,,
2-s2.0-62549132698,doi,,0,vor,True,42.0,1836-0947; 1836-5795,Crop &amp; Pasture Science,2009.0,journal-article
2-s2.0-59849095281,doi,,0,tdm,True,19.0,0038-092X,Solar Energy,2009.0,journal-article
2-s2.0-60549112398,none,,0,,False,,,,,
2-s2.0-70749085882,doi,,0,,False,0.0,1473-3315; 2044-4044,International Journal of Ventilation,2009.0,journal-article
2-s2.0-70349189141,doi,,0,vor,True,4.0,,CHI '09 Extended Abstracts on Human Factors in Computing Systems,2009.0,proceedings-article
2-s2.0-84873496184,doi,,0,,False,0.0,2710-4265,CAADRIA proceedings,2009.0,proceedings-article
2-s2.0-57749111641,doi,,0,,False,21.0,,Proceedings of the 19th annual ACM symposium on User interface software and technology,2006.0,proceedings-article
2-s2.0-57549110009,none,,0,,False,,,,,
2-s2.0-57349083190,doi,,0,,False,10.0,,2008 IEEE MTT-S International Microwave Symposium Digest,2008.0,proceedings-article
2-s2.0-77957915950,doi,,0,tdm,True,58.0,1996-3599; 1996-8744,Building Simulation,2008.0,journal-article
2-s2.0-79956341778,none,,0,,False,,,,,
2-s2.0-57749209986,doi,Division of Computing and Communication Foundations; UMass FRG,2,vor,True,37.0,0730-0301; 1557-7368,ACM Transactions on Graphics,2008.0,journal-article
2-s2.0-56849105346,doi,,0,tdm,True,16.0,0007-0610; 1476-5373,British Dental Journal,2008.0,journal-article
2-s2.0-56149120254,none,,0,,False,,,,,
2-s2.0-55849086233,doi,,0,,False,14.0,0021-8812; 1525-3163,Journal of Animal Science,2008.0,journal-article
2-s2.0-55549117496,doi,,0,tdm; vor,True,45.0,0021-9258,Journal of Biological Chemistry,2008.0,journal-article
2-s2.0-41949142537,doi,,0,tdm,True,67.0,1433-8319,"Perspectives in Plant Ecology, Evolution and Systematics",2008.0,journal-article
2-s2.0-39649108871,doi,,0,,False,0.0,1016-8664; 1683-0350,Structural Engineering International,2008.0,journal-article
2-s2.0-85024743125,not_found,,0,,False,,,,,
2-s2.0-37349104661,doi,,0,stm-asf; tdm,True,28.0,0378-7788,Energy and Buildings,2008.0,journal-article
2-s2.0-67349234405,doi,,0,,False,16.0,1940-1493; 1940-1507,Journal of Building Performance Simulation,2008.0,journal-article
2-s2.0-84858815862,doi,,0,,False,0.0,1079-9680,ACADIA proceedings,2008.0,proceedings-article
2-s2.0-71449101272,doi,,0,,False,0.0,0567-7572; 2406-6168,Acta Horticulturae,2008.0,journal-article
2-s2.0-58049192842,doi,,0,,False,0.0,0567-7572; 2406-6168,Acta Horticulturae,2008.0,journal-article
2-s2.0-84869227083,doi,Division of Computing and Communication Foundations; UMass FRG,2,vor,True,37.0,,ACM SIGGRAPH Asia 2008 papers,2008.0,proceedings-article
2-s2.0-70349407764,doi,,0,,False,0.0,,Structures Congress 2008,2008.0,proceedings-article
2-s2.0-37249005312,doi,,0,,False,0.0,,ASME 2007 Energy Sustainability Conference,2007.0,proceedings-article
2-s2.0-57149101005,doi,,0,vor,True,19.0,,ACM SIGGRAPH 2007 papers,2007.0,proceedings-article
2-s2.0-36949008723,doi,,0,vor,True,8.0,,Proceedings of the eighteenth conference on Hypertext and hypermedia,2007.0,proceedings-article
2-s2.0-84858839195,none,,0,,False,,,,,
2-s2.0-84865487569,none,,0,,False,,,,,
2-s2.0-84858806571,none,,0,,False,,,,,
2-s2.0-84869768076,none,,0,,False,,,,,
2-s2.0-46449134855,doi,,0,,False,0.0,,Second International Multi-Symposiums on Computer and Computational Sciences (IMSCCS 2007),2007.0,proceedings-article
2-s2.0-67649803259,doi,,0,,False,0.0,,3rd IET International Conference on Intelligent Environments (IE 07),2007.0,proceedings-article
2-s2.0-84900104582,doi,,0,,False,0.0,,Enhancing Learning Through Human Computer Interaction,2007.0,book-chapter
2-s2.0-37049021095,doi,,0,,False,11.0,0021-8812; 1525-3163,Journal of Animal Science,2007.0,journal-article
2-s2.0-34548665030,doi,,0,tdm,True,51.0,0166-445X,Aquatic Toxicology,2007.0,journal-article
2-s2.0-35348880855,doi,,0,tdm,True,12.0,1420-326X; 1423-0070,Indoor and Built Environment,2007.0,journal-article
2-s2.0-34548081234,doi,,0,tdm,True,15.0,0958-9465,Cement and Concrete Composites,2007.0,journal-article
2-s2.0-37649005375,doi,,0,tdm,True,23.0,1369-4332; 2048-4011,Advances in Structural Engineering,2007.0,journal-article
2-s2.0-34547652535,doi,,0,vor,True,19.0,0730-0301; 1557-7368,ACM Transactions on Graphics,2007.0,journal-article
2-s2.0-34447339124,doi,Butler Institute for Research and Scholarship,1,vor,True,37.0,0002-9122; 1537-2197,American Journal of Botany,2007.0,journal-article
2-s2.0-34247101823,none,,0,,False,,,,,
2-s2.0-34250305562,doi,,0,tdm; vor,True,34.0,0021-9258,Journal of Biological Chemistry,2007.0,journal-article
2-s2.0-84858985841,doi,,0,,False,22.0,,Computer-Aided Architectural Design Futures (CAADFutures) 2007,2007.0,book-chapter
2-s2.0-36048932964,doi,,0,tdm,True,2.0,0956-0599; 2059-8033,International Journal of Space Structures,2007.0,journal-article
2-s2.0-85072420664,doi,,0,,False,30.0,0148-7191; 2688-3627,SAE Technical Paper Series,2007.0,proceedings-article
2-s2.0-85128384784,none,,0,,False,,,,,
2-s2.0-77954811888,none,,0,,False,,,,,
2-s2.0-34548046265,doi,,0,,False,0.0,0713-5424,Proceedings of Graphics Interface 2007 on   - GI '07,2007.0,proceedings-article
2-s2.0-34548734675,doi,,0,,False,0.0,2171-9292; 1695-971X,Spanish Journal of Agricultural Research,2007.0,journal-article
2-s2.0-37249017070,doi,,0,,False,16.0,,Lecture Notes in Computer Science,,book-chapter
2-s2.0-85103035355,none,,0,,False,,,,,
2-s2.0-84898873405,none,,0,,False,,,,,
2-s2.0-84905185043,none,,0,,False,,,,,
2-s2.0-40249089871,doi,,0,tdm,True,24.0,0361-1981; 2169-4052,Transportation Research Record: Journal of the Transportation Research Board,2007.0,journal-article
2-s2.0-34547333417,doi,,0,,False,21.0,,Proceedings of the 19th annual ACM symposium on User interface software and technology,2006.0,proceedings-article
2-s2.0-34248137404,doi,,0,,False,0.0,,2nd IET International Conference on Intelligent Environments (IE 06),2006.0,proceedings-article
2-s2.0-35948957122,doi,,0,,False,95.0,,2006 14th Mediterranean Conference on Control and Automation,2006.0,proceedings-article
2-s2.0-33845874366,none,,0,,False,,,,,
2-s2.0-33750892442,doi,,0,unspecified,True,0.0,1431-9276; 1435-8115,Microscopy and Microanalysis,2006.0,journal-article
2-s2.0-33746883534,none,,0,,False,,,,,
2-s2.0-33646513708,doi,,0,tdm,True,26.0,0378-7788,Energy and Buildings,2006.0,journal-article
2-s2.0-33746349836,doi,,0,,False,23.0,0004-6361; 1432-0746,Astronomy &amp; Astrophysics,2006.0,journal-article
2-s2.0-33646733918,none,,0,,False,,,,,
2-s2.0-29244469626,doi,,0,tdm,True,10.0,0960-1481,Renewable Energy,2006.0,journal-article
2-s2.0-84857737228,doi,,0,,False,0.0,,"ECMS 2006 Proceedings edited by: W. Borutzky, A. Orsoni, R. Zobel",2006.0,proceedings-article
2-s2.0-30844471374,none,,0,,False,,,,,
2-s2.0-33749242764,doi,,0,,False,0.0,0567-7572; 2406-6168,Acta Horticulturae,2006.0,journal-article
2-s2.0-85134002790,doi,,0,,False,0.0,2684-1843,eCAADe proceedings,2006.0,proceedings-article
2-s2.0-33847284401,doi,,0,,False,0.0,,2005 International Conference on Information and Communication Technologies,,proceedings-article
2-s2.0-84864548144,none,,0,,False,,,,,
2-s2.0-77954033468,none,,0,,False,,,,,
2-s2.0-33749248368,doi,,0,stm-asf,True,11.0,,"IEEE MTT-S International Microwave Symposium Digest, 2005.",2005.0,proceedings-article
2-s2.0-84892267037,doi,,0,,False,18.0,,Increasing Climate Variability and Change,,book-chapter
2-s2.0-33847194254,doi,,0,,False,27.0,,Proceedings of the 44th IEEE Conference on Decision and Control,,proceedings-article
2-s2.0-29144494121,none,,0,,False,,,,,
2-s2.0-27744573167,doi,,0,tdm,True,18.0,0937-4477; 1434-4726,European Archives of Oto-Rhino-Laryngology,2005.0,journal-article
2-s2.0-21744456713,doi,,0,tdm,True,18.0,0165-0009; 1573-1480,Climatic Change,2005.0,journal-article
2-s2.0-14644395606,doi,,0,tdm,True,19.0,0169-8141,International Journal of Industrial Ergonomics,2005.0,journal-article
2-s2.0-17044376679,none,,0,,False,,,,,
2-s2.0-14744280665,doi,,0,tdm,True,80.0,1360-1385,Trends in Plant Science,2005.0,journal-article
2-s2.0-84882550977,doi,,0,,False,21.0,,Exploring Geovisualization,2005.0,book-chapter
2-s2.0-84860272213,doi,,0,,False,0.0,1079-9680,ACADIA proceedings,2005.0,proceedings-article
2-s2.0-15544367922,none,,0,,False,,,,,
2-s2.0-13444292309,none,,0,,False,,,,,
2-s2.0-4344716399,doi,,0,tdm,True,30.0,0378-7788,Energy and Buildings,2004.0,journal-article
2-s2.0-2942559072,doi,,0,vor,True,34.0,0736-0266; 1554-527X,Journal of Orthopaedic Research,2004.0,journal-article
2-s2.0-6344241173,doi,,0,tdm,True,33.0,0706-652X; 1205-7533,Canadian Journal of Fisheries and Aquatic Sciences,2004.0,journal-article
2-s2.0-3442876420,doi,,0,tdm; vor,True,0.0,0021-8898,Journal of Applied Crystallography,2004.0,journal-article
2-s2.0-2342512945,doi,,0,tdm,True,17.0,0378-7788,Energy and Buildings,2004.0,journal-article
2-s2.0-11144284617,doi,,0,,False,0.0,1016-8664; 1683-0350,Structural Engineering International,2004.0,journal-article
2-s2.0-10244257512,doi,,0,tdm,True,0.0,8755-4615,Computers and Composition,2004.0,journal-article
2-s2.0-0347337985,doi,,0,vor,True,11.0,1057-7130,IEEE Transactions on Circuits and Systems II: Analog and Digital Signal Processing,2003.0,journal-article
2-s2.0-0041592505,none,,0,,False,,,,,
2-s2.0-0042232287,doi,,0,vor,True,48.0,0140-7791; 1365-3040,"Plant, Cell &amp; Environment",2003.0,journal-article
2-s2.0-77954110421,doi,,0,,False,0.0,0567-7572; 2406-6168,Acta Horticulturae,2003.0,journal-article
2-s2.0-84947287914,doi,,0,,False,23.0,,Proceedings International Parallel and Distributed Processing Symposium,,proceedings-article
2-s2.0-0141630685,none,,0,,False,,,,,
2-s2.0-0346936510,doi,,0,tdm,True,1.0,0361-1981; 2169-4052,Transportation Research Record: Journal of the Transportation Research Board,2003.0,journal-article
2-s2.0-60950059590,doi,,0,,False,202.0,0037-9808; 2150-5926,Journal of the Society of Architectural Historians,2002.0,journal-article
2-s2.0-0036640514,doi,,0,,False,28.0,0961-3218; 1466-4321,Building Research &amp; Information,2002.0,journal-article
2-s2.0-0010882504,doi,,0,tdm,True,32.0,0012-9658,Ecology,2002.0,journal-article
2-s2.0-0036643156,doi,,0,tdm,True,9.0,0045-7906,Computers &amp; Electrical Engineering,2002.0,journal-article
2-s2.0-0036611752,doi,,0,vor,True,19.0,1053-587X,IEEE Transactions on Signal Processing,2002.0,journal-article
2-s2.0-0036532734,doi,,0,tdm,True,8.0,0378-7788,Energy and Buildings,2002.0,journal-article
2-s2.0-0036545837,doi,,0,tdm,True,46.0,0031-5117; 1532-5962,Perception &amp; Psychophysics,2002.0,journal-article
2-s2.0-0036648615,doi,,0,tdm; vor,True,66.0,0920-5691; 1573-1405,International Journal of Computer Vision,2002.0,journal-article
2-s2.0-0039782330,doi,,0,tdm,True,21.0,0304-4238,Scientia Horticulturae,2001.0,journal-article
2-s2.0-0035414642,none,,0,,False,,,,,
2-s2.0-0035330810,doi,,0,vor,True,11.0,1057-7122,IEEE Transactions on Circuits and Systems I: Fundamental Theory and Applications,2001.0,journal-article
2-s2.0-0035304254,doi,,0,,False,16.0,0091-3286,Optical Engineering,2001.0,journal-article
2-s2.0-0035245919,doi,,0,vor,True,9.0,1057-7130,IEEE Transactions on Circuits and Systems II: Analog and Digital Signal Processing,2001.0,journal-article
2-s2.0-0034937117,doi,,0,,False,7.0,0100-7386,Journal of the Brazilian Society of Mechanical Sciences,2001.0,journal-article
2-s2.0-0034781545,none,,0,,False,,,,,
2-s2.0-84944183508,doi,,0,,False,28.0,0302-9743,Lecture Notes in Computer Science,2001.0,book-chapter
2-s2.0-16244403432,doi,,0,,False,0.0,0567-7572; 2406-6168,Acta Horticulturae,2001.0,journal-article
2-s2.0-0034825789,none,,0,,False,,,,,
2-s2.0-1842539574,none,,0,,False,,,,,
2-s2.0-0035686438,doi,,0,,False,10.0,,2001 IEEE MTT-S International Microwave Sympsoium Digest (Cat. No.01CH37157),,proceedings-article
2-s2.0-0034486488,doi,,0,tdm; vor,True,52.0,1385-0237; 1573-5052,Plant Ecology,2000.0,journal-article
2-s2.0-0034223909,none,,0,,False,,,,,
2-s2.0-0034437862,doi,,0,,False,16.0,0003-9896,Archives of Environmental Health: An International Journal,2000.0,journal-article
2-s2.0-0034155329,none,,0,,False,,,,,
2-s2.0-85072426197,doi,,0,,False,25.0,0148-7191; 2688-3627,SAE Technical Paper Series,2000.0,proceedings-article
2-s2.0-16244364572,doi,,0,,False,0.0,0567-7572; 2406-6168,Acta Horticulturae,2000.0,journal-article
2-s2.0-84947913540,doi,,0,,False,12.0,0302-9743,Lecture Notes in Computer Science,2000.0,book-chapter
2-s2.0-0033874541,doi,,0,,False,7.0,0143-0750; 2162-8246,International Journal of Ambient Energy,2000.0,journal-article
2-s2.0-0034175344,doi,,0,,False,0.0,0020-7721; 1464-5319,International Journal of Systems Science,2000.0,journal-article
2-s2.0-0034581836,none,,0,,False,,,,,
2-s2.0-0033682309,doi,,0,,False,15.0,,2000 IEEE International Symposium on Circuits and Systems. Emerging Technologies for the 21st Century. Proceedings (IEEE Cat No.00CH36353),,proceedings-article
2-s2.0-0033694135,doi,,0,,False,3.0,,2000 IEEE MTT-S International Microwave Symposium Digest (Cat. No.00CH37017),,proceedings-article
2-s2.0-0033874558,doi,,0,tdm,True,6.0,1069-8299; 1099-0887,Communications in Numerical Methods in Engineering,2000.0,journal-article
2-s2.0-0033505115,none,,0,,False,,,,,
2-s2.0-0033307892,none,,0,,False,,,,,
2-s2.0-0033284489,doi,,0,,False,25.0,,Proceedings of the Seventh IEEE International Conference on Computer Vision,1999.0,proceedings-article
2-s2.0-80052041215,doi,,0,,False,25.0,0302-9743,Lecture Notes in Computer Science,1999.0,book-chapter
2-s2.0-0033127826,doi,,0,,False,41.0,0271-5333; 1527-1323,RadioGraphics,1999.0,journal-article
2-s2.0-0032671804,none,,0,,False,,,,,
2-s2.0-0032629656,none,,0,,False,,,,,
2-s2.0-0032782357,doi,,0,tdm,True,32.0,0928-7655,Resource and Energy Economics,1999.0,journal-article
2-s2.0-0032217999,none,,0,,False,,,,,
2-s2.0-0032420188,doi,,0,tdm,True,4.0,0038-092X,Solar Energy,1998.0,journal-article
2-s2.0-0032449495,doi,,0,vor,True,81.0,0953-816X; 1460-9568,European Journal of Neuroscience,1998.0,journal-article
2-s2.0-0042357526,doi,,0,tdm,True,10.0,0960-1481,Renewable Energy,1998.0,journal-article
2-s2.0-0032186683,doi,,0,tdm,True,10.0,0378-7788,Energy and Buildings,1998.0,journal-article
2-s2.0-85072483535,doi,,0,,False,22.0,0148-7191; 2688-3627,SAE Technical Paper Series,1998.0,proceedings-article
2-s2.0-0031635886,none,,0,,False,,,,,
2-s2.0-0032305060,doi,,0,tdm,True,12.0,0378-7788,Energy and Buildings,1998.0,journal-article
2-s2.0-0030674305,none,,0,,False,,,,,
2-s2.0-5844399231,doi,,0,,False,12.0,0142-5919,International Journal of Solar Energy,1997.0,journal-article
2-s2.0-0030718713,none,,0,,False,,,,,
2-s2.0-0031539248,doi,,0,,False,9.0,0099-4480,Journal of the Illuminating Engineering Society,1997.0,journal-article
2-s2.0-0030354432,none,,0,,False,,,,,
2-s2.0-0030258329,doi,,0,vor,True,12.0,1057-7122,IEEE Transactions on Circuits and Systems I: Fundamental Theory and Applications,1996.0,journal-article
2-s2.0-5244328150,none,,0,,False,,,,,
2-s2.0-0030292257,doi,,0,tdm,True,6.0,0038-092X,Solar Energy,1996.0,journal-article
2-s2.0-0029698434,none,,0,,False,,,,,
2-s2.0-0030283817,doi,,0,tdm,True,9.0,0360-1323,Building and Environment,1996.0,journal-article
2-s2.0-0029667147,doi,,0,tdm,True,23.0,0168-1923,Agricultural and Forest Meteorology,1996.0,journal-article
2-s2.0-0030241734,doi,,0,,False,7.0,0036-1682,SMPTE Journal,1996.0,journal-article
2-s2.0-84904818588,doi,,0,,False,0.0,,"Engineering, Construction, and Operations in Space V",1996.0,proceedings-article
2-s2.0-0029697466,none,,0,,False,,,,,
2-s2.0-0029721340,none,,0,,False,,,,,
2-s2.0-0029512229,none,,0,,False,,,,,
2-s2.0-0029463606,none,,0,,False,,,,,
2-s2.0-85076022874,doi,,0,,False,0.0,0277-786X,SPIE Proceedings,1995.0,proceedings-article
2-s2.0-84970417746,doi,,0,tdm,True,18.0,1065-2744,Journal of Thermal Insulation and Building Envelopes,1995.0,journal-article
2-s2.0-0029235106,doi,,0,tdm,True,18.0,1065-2744,Journal of Thermal Insulation and Building Envelopes,1995.0,journal-article
2-s2.0-0029212466,none,,0,,False,,,,,
2-s2.0-58149363285,doi,,0,tdm,True,10.0,0097-8493,Computers &amp; Graphics,1995.0,journal-article
2-s2.0-0028113558,doi,,0,vor,True,30.0,0742-2822; 1540-8175,Echocardiography,1994.0,journal-article
2-s2.0-85072414513,doi,,0,,False,3.0,0148-7191; 2688-3627,SAE Technical Paper Series,1994.0,proceedings-article
2-s2.0-84963565522,none,,0,,False,,,,,
2-s2.0-0028175578,doi,,0,tdm,True,16.0,0360-1323,Building and Environment,1994.0,journal-article
2-s2.0-0028055303,none,,0,,False,,,,,
2-s2.0-84997831791,doi,,0,,False,0.0,,19th Atmospheric Flight Mechanics Conference,1994.0,proceedings-article
2-s2.0-0027835967,none,,0,,False,,,,,
2-s2.0-0027708724,none,,0,,False,,,,,
2-s2.0-0027753870,none,,0,,False,,,,,
2-s2.0-0027868031,none,,0,,False,,,,,
2-s2.0-77953196881,doi,,0,,False,17.0,,[1993] Proceedings IEEE Workshop on Qualitative Vision,,proceedings-article
2-s2.0-85002213781,none,,0,,False,,,,,
2-s2.0-0027281520,none,,0,,False,,,,,
2-s2.0-34250074213,doi,,0,tdm,True,0.0,0197-4254; 1573-9678,Atlantic Economic Journal,1993.0,journal-article
2-s2.0-0026995097,none,,0,,False,,,,,
2-s2.0-0027003042,none,,0,,False,,,,,
2-s2.0-0026618577,doi,,0,vor,True,16.0,0143-2087; 1099-1514,Optimal Control Applications and Methods,1992.0,journal-article
2-s2.0-0026303313,none,,0,,False,,,,,
2-s2.0-0026223932,doi,,0,tdm,True,50.0,0932-8092; 1432-1769,Machine Vision and Applications,1991.0,journal-article
2-s2.0-0026225663,none,,0,,False,,,,,
2-s2.0-0026158977,none,,0,,False,,,,,
2-s2.0-0000345064,doi,,0,tdm,True,50.0,0165-1889,Journal of Economic Dynamics and Control,1991.0,journal-article
2-s2.0-84999287023,none,,0,,False,,,,,
2-s2.0-0025564176,none,,0,,False,,,,,
2-s2.0-0025402072,doi,,0,vor,True,24.0,0272-1716,IEEE Computer Graphics and Applications,1990.0,journal-article
2-s2.0-85137529456,none,,0,,False,,,,,
2-s2.0-0024883127,none,,0,,False,,,,,
2-s2.0-0024938071,none,,0,,False,,,,,
2-s2.0-0024721103,none,,0,,False,,,,,
2-s2.0-0023896568,doi,,0,,False,25.0,0031-9155; 1361-6560,Physics in Medicine and Biology,1988.0,journal-article
2-s2.0-0023536299,doi,,0,,False,0.0,0277-786X,SPIE Proceedings,1987.0,proceedings-article
2-s2.0-85024441095,doi,,0,,False,0.0,0387-8805; 1349-8398,Journal of Light &amp; Visual Environment,1987.0,journal-article
2-s2.0-84997674074,doi,,0,,False,0.0,,22nd Thermophysics Conference,1987.0,proceedings-article
2-s2.0-85007993526,doi,,0,,False,0.0,1880-7488; 0514-5163,"Journal of the Society of Materials Science, Japan",1987.0,journal-article
2-s2.0-85137149847,none,,0,,False,,,,,
2-s2.0-0022555203,none,,0,,False,,,,,
2-s2.0-85072477252,doi,,0,,False,2.0,0148-7191; 2688-3627,SAE Technical Paper Series,1985.0,proceedings-article
2-s2.0-0021662166,none,,0,,False,,,,,
2-s2.0-0021633305,none,,0,,False,,,,,
2-s2.0-0021543170,doi,,0,,False,0.0,0023-5679; 1881-2090,The Kurume Medical Journal,1984.0,journal-article
2-s2.0-0020221635,none,,0,,False,,,,,
2-s2.0-0019665514,doi,,0,,False,0.0,0013-0133,The Economic Journal,1981.0,journal-article
2-s2.0-85040211325,none,,0,,False,,,,,
2-s2.0-85040203255,none,,0,,False,,,,,
2-s2.0-0018940771,doi,,0,,False,0.0,8750-7587; 1522-1601,Journal of Applied Physiology,1980.0,journal-article
2-s2.0-0018543391,doi,,0,,False,8.0,0022-4650; 1533-6794,Journal of Spacecraft and Rockets,1979.0,journal-article
2-s2.0-34250285884,doi,,0,tdm,True,30.0,0004-640X; 1572-946X,Astrophysics and Space Science,1978.0,journal-article
2-s2.0-0014481458,doi,,0,,False,0.0,1535-3702; 1535-3699,Experimental Biology and Medicine,1969.0,journal-article
2-s2.0-85003273891,doi,,0,,False,4.0,0022-4650; 1533-6794,Journal of Spacecraft and Rockets,1964.0,journal-article
2-s2.0-84936892705,doi,,0,vor,True,4.0,0096-1981; 2168-2984,IRE Transactions on Audio,1962.0,journal-article
2-s2.0-77954387152,doi,,0,,False,0.0,1095-8290; 0305-7364,Annals of Botany,1954.0,journal-article
