"Authors","Author full names","Author(s) ID","Title","Year","Source title","Volume","Issue","Art. No.","Page start","Page end","Cited by","DOI","Link","Affiliations","Authors with affiliations","Abstract","Author Keywords","Index Keywords","Funding Details","Funding Texts","Correspondence Address","Editors","Publisher","ISSN","ISBN","CODEN","PubMed ID","Language of Original Document","Abbreviated Source Title","Document Type","Publication Stage","Open Access","Source","EID"
"Hwang K.-J.; Kim G.-C.; Kim Y.-S.","Hwang, Kyung-Ju (56086318400); Kim, Gee-Cheol (36806134600); Kim, Yu-Seong (58421303900)","56086318400; 36806134600; 58421303900","Wind pressure analysis of movable shading by using cfd","2019","Proceedings of the Annual International Conference on Architecture and Civil Engineering","","","","500","504","0","10.5176/2301-394X_ACE19.526","https://www.scopus.com/pages/publications/85069169883?origin=resultslist","Dept. Architecture University of Seoul, Seoul, South Korea; Dept. Architecture Seoil University, Seoul, South Korea; Dept. Architecture Yeungnam University, Gyeongsan, South Korea","Hwang K.-J., Dept. Architecture University of Seoul, Seoul, South Korea; Kim G.-C., Dept. Architecture Seoil University, Seoul, South Korea; Kim Y.-S., Dept. Architecture Yeungnam University, Gyeongsan, South Korea","— Most of the variable shading devices are installed outdoors, so they are greatly affected by structural safety due to external climate change, wind, rain, and snow. Especially, due to strong wind such as typhoons, safety problems may occur due to the dropout of the device. Therefore, it is necessary to analyze the wind pressure of shading device to evaluate the structural safety of the movable shading device. In this study, we analyze the wind pressure applied to the shading material according to the change of the length of the variable shading device, and apply it to the calculation of the wind load for the structural design of the variable shading device. The CFD (Computational Fluid Dynamic) analysis is used to analyze wind pressure magnitude and distribution. From the above results, it should be recognized that the higher wind pressure acts on the edge than the center part of the building and the higher wind pressure acts in the higher stories than the lower stories. Especially, it should be considering the negative pressure pulling the awning membrane outward in the shading system design.","CFD; Numerical stimulation; Structural safety; Wind pressure; —Movable shading","","Ministry of Trade, Industry and Energy, MOTIE, (20172020109130); Korea Institute of Energy Technology Evaluation and Planning, KETEP","This work was supported by the Korea Institute of Energy Technology Evaluation and Planning (KETEP) grant funded by the Korea government(MOTIE) (20172020109130, Development of kinetic shading system for occupants comfort and energy saving)","","Anderson M.S.T.; Anderson P.C.O.","Global Science and Technology Forum","2301394X","","","","English","Proc. Annu. Int. Conf. Archit. Civ. Eng.","Conference paper","Final","","Scopus","2-s2.0-85069169883"
"O'Brien W.; Kapsis K.; Athienitis A.K.","O'Brien, William (57212926253); Kapsis, Konstantinos (36523106000); Athienitis, Andreas K. (7003723013)","57212926253; 36523106000; 7003723013","Manually-operated window shade patterns in office buildings: A critical review","2013","Building and Environment","60","","","319","338","233","10.1016/j.buildenv.2012.10.003","https://www.scopus.com/pages/publications/84872398016?origin=resultslist","Department of Civil and Environmental Engineering, Carleton University, Ottawa, ON K1S 5B6, 3432 Mackenzie Building, 1125 Colonel By Drive, Canada; Department of Building Civil and Environmental Engineering, Concordia University, Montreal, QC H3G 1M8, 1455 de Maisonneuve Blvd. W., EV6. 139, Canada","O'Brien W., Department of Civil and Environmental Engineering, Carleton University, Ottawa, ON K1S 5B6, 3432 Mackenzie Building, 1125 Colonel By Drive, Canada; Kapsis K., Department of Building Civil and Environmental Engineering, Concordia University, Montreal, QC H3G 1M8, 1455 de Maisonneuve Blvd. W., EV6. 139, Canada; Athienitis A.K., Department of Building Civil and Environmental Engineering, Concordia University, Montreal, QC H3G 1M8, 1455 de Maisonneuve Blvd. W., EV6. 139, Canada","Despite the significant impact that the position of movable shading devices has on building energy use, peak loads, and visual and thermal comfort, there is a high degree of uncertainty associated with how building occupants actually operate their shades. As a result, unrealistic modeling assumptions in building performance simulation or other design methods may lead to sub-optimal building designs and overestimation or underestimation of cooling loads. In the past 35 years, researchers have published observational studies in order to identify the factors that motivate building occupants to operate shading devices. However, the diversity of the study conditions makes it is difficult to draw universal conclusions that link all contributing factors to shade movement actions. This paper provides a comprehensive and critical review of experimental and study methodologies for manual shade operation in office buildings, their results, and their application to building design and controls. The majority of the many cited factors in office buildings can be categorized into those affecting visual comfort, thermal comfort, privacy, and views. Most office occupants do not operate their shades more than weekly or monthly and they do so based on long-term solar radiation intensity and solar geometry trends rather than reacting to short-term events. They generally operate them to improve visual conditions rather than thermal conditions. Occupants in offices with automatically-controlled heating and cooling tend to be less diligent about using shading devices to improve their comfort. © 2012 Elsevier Ltd.","Advanced façade design; Energy use; Occupant behavior; Thermal comfort; Visual comfort; Window shades","Architectural design; Office buildings; Sun; Thermal comfort; Building design; Building energy; Contributing factor; Cooling load; Critical review; Degree of uncertainty; Design method; Energy use; In-buildings; Observational study; Occupant behavior; Peak load; Shading devices; Significant impacts; Solar geometry; Solar radiation intensity; Thermal condition; Visual comfort; Visual condition; architectural design; building; computer simulation; cool water; energy use; geometry; heating; office location; Structural design","Natural Sciences and Engineering Research Council of Canada, NSERC","The authors wish to thank the Natural Sciences and Engineering Research Council of Canada (NSERC) for their funding via the Solar Buildings Research Network.  ","W. O'Brien; Department of Civil and Environmental Engineering, Carleton University, Ottawa, ON K1S 5B6, 3432 Mackenzie Building, 1125 Colonel By Drive, Canada; email: liam_obrien@carleton.ca","","","03601323","","BUEND","","English","Build. Environ.","Review","Final","","Scopus","2-s2.0-84872398016"
"Vermisso E.; Thitisawat M.; Feldsberg M.","Vermisso, E. (16044532800); Thitisawat, M. (6505569872); Feldsberg, M. (55791926600)","16044532800; 6505569872; 55791926600","An irregular discretization process for climate-responsive façades","2013","Green Design, Materials and Manufacturing Processes - Proceedings of the 2nd International Conference on Sustainable Intelligent Manufacturing, SIM 2013","","","","489","493","0","10.1201/b15002-95","https://www.scopus.com/pages/publications/84880083431?origin=resultslist","Florida Atlantic University, Fort Lauderdale, United States","Vermisso E., Florida Atlantic University, Fort Lauderdale, United States; Thitisawat M., Florida Atlantic University, Fort Lauderdale, United States; Feldsberg M., Florida Atlantic University, Fort Lauderdale, United States","The project focuses on developing façade assemblies - which may include moving or static components - that are inherently responsive to climate (i.e. sunlight and daylight). The design constraints encourage ""synthetic"" workflows that combine various software and hardware interfaces to reach optimized solutions for building components that reduce heat gain in South Florida and promote daylight utilization. The paper discusses regular as well as non-homogeneous geometries (voronoi) to create light apertures of variable scale and density on a façade surface. The authors would like to assess the work with regards to both performance and process, evaluating the tools and identifying shortcomings in the parametric/simulation workflow dynamics. © 2013 Taylor & Francis Group.","","Materials properties; Design constraints; Discretization process; Heat gains; Non-homogeneous; Optimized solutions; Software and hardwares; South Florida; Work-flows; Manufacture","","","","","Taylor and Francis - Balkema","","978-113800046-9","","","English","Green Des., Mater. Manuf. Proces. - Proc. Int. Conf. Sustainable Intelligent Manuf., SIM","Conference paper","Final","","Scopus","2-s2.0-84880083431"
"Cheung M.T.; Yeung D.W.K.","Cheung, Michael Tow (7201897422); Yeung, David W.K. (55944647600)","7201897422; 55944647600","Completing the ""One line proof"" of the dynamic envelope theorem","1993","Atlantic Economic Journal","21","4","","82","83","0","10.1007/BF02302333","https://www.scopus.com/pages/publications/34250074213?origin=resultslist","University of Hong Kong, Hong Kong","Cheung M.T., University of Hong Kong, Hong Kong; Yeung D.W.K., University of Hong Kong, Hong Kong","[No abstract available]","","","","","","","Kluwer Academic Publishers","01974254","","","","English","Atl. Econ. J.","Article","Final","","Scopus","2-s2.0-34250074213"
"Carbonari A.; Fioretti R.; Naticchia B.; Principi P.","Carbonari, A. (56251095700); Fioretti, R. (35755204800); Naticchia, B. (16234313200); Principi, P. (6602996117)","56251095700; 35755204800; 16234313200; 6602996117","Experimental estimation of the solar properties of a switchable liquid shading system for glazed facades","2012","Energy and Buildings","45","","","299","310","26","10.1016/j.enbuild.2011.11.022","https://www.scopus.com/pages/publications/84855243888?origin=resultslist","Department of Civil, Building Engineering and Architecture - Building Construction Research Team, Universit Politecnica Delle Marche, 60131 Ancona, via Brecce Bianche, Italy; Department of Industrial Engineering and Mathematical Sciences, Faculty of Engineering, Universit Politecnica Delle Marche, 60131 Ancona, via Brecce Bianche, Italy","Carbonari A., Department of Civil, Building Engineering and Architecture - Building Construction Research Team, Universit Politecnica Delle Marche, 60131 Ancona, via Brecce Bianche, Italy; Fioretti R., Department of Industrial Engineering and Mathematical Sciences, Faculty of Engineering, Universit Politecnica Delle Marche, 60131 Ancona, via Brecce Bianche, Italy; Naticchia B., Department of Civil, Building Engineering and Architecture - Building Construction Research Team, Universit Politecnica Delle Marche, 60131 Ancona, via Brecce Bianche, Italy; Principi P., Department of Industrial Engineering and Mathematical Sciences, Faculty of Engineering, Universit Politecnica Delle Marche, 60131 Ancona, via Brecce Bianche, Italy","As solar gains often constitute a high fraction of the overall cooling and heating loads in buildings, dynamically and adaptively controlled fenestration may be an important strategy for energy efficient buildings. The higher the variability in climatic conditions over the seasons, the longer is the list of benefits deriving from the adoption of this type of technology. This paper reports the experimental evaluation performed on a dynamic shading system based on a liquid layer sliding within a dedicated glass stratification. The advantages connected with the adoption of the described technology derive from its easy adaptability to almost every fenestration, its reversible switching between high and low solar transmittance configurations in a short time and its capability to maintain transparency in both operating modes. The summer outdoor experimental campaign, reported in this paper, allowed the solar factor of the liquid-shaded stratification to be estimated and compared with a reference low-emission double stratification, where one of the panes was treated with a magnetronic coating. The results showed not only that the shading provided by the dynamic liquid layer is more effective than its benchmark, but also that its dynamic capabilities have been preserved after a summer-long exposure to solar radiation. © 2011 Elsevier B.V.","Dynamic solar shielding; Energy efficiency; Liquid-shaded window; Outdoor trials; Solar factor; Test cells","Energy efficiency; Solar energy; Sun; Climatic conditions; Dynamic capabilities; Energy efficient building; Experimental campaign; Experimental evaluation; Heating load; In-buildings; Liquid layer; Operating modes; Outdoor trials; Reversible switching; Shading systems; Solar factor; Solar gain; Solar transmittance; Switchable; Test cell; Type of technology; Liquids","","","A. Carbonari; Department of Civil, Building Engineering and Architecture - Building Construction Research Team, Universit Politecnica Delle Marche, 60131 Ancona, via Brecce Bianche, Italy; email: alessandro.carbonari@univpm.it","","","03787788","","ENEBD","","English","Energy Build.","Article","Final","","Scopus","2-s2.0-84855243888"
"Schultz A.M.; McMillin J.A.; Balmer J.A.","Schultz, Alice M. (57191976089); McMillin, John A. (57204562490); Balmer, James A. (50861118800)","57191976089; 57204562490; 50861118800","Kinetic architecture of extensible work platforms for rocket assembly","2018","2018 AIAA SPACE and Astronautics Forum and Exposition","","","5135","","","0","10.2514/6.2018-5135","https://www.scopus.com/pages/publications/85056173627?origin=resultslist","RS&H Inc., Merritt Island, 32953, FL, United States; Rockledge, 32955, FL, United States; Launch Facilities & Equipment (LF&E), RS&H Inc., Merritt Island, 32953, FL, United States","Schultz A.M., Launch Facilities & Equipment (LF&E), RS&H Inc., Merritt Island, 32953, FL, United States; McMillin J.A., RS&H Inc., Merritt Island, 32953, FL, United States; Balmer J.A., Rockledge, 32955, FL, United States","This paper reviews the engineering of extensible work platforms located at the NASA Kennedy Space Center and the challenges and considerations applicable to design solutions for launch vehicles using kinetic architecture. The project, constructed for the Space Launch Services Block 1 vehicle, is the first known of its kind. The features and lessons discussed herein are applicable for other, future launch vehicle assembly facilities. © 2018, American Institute of Aeronautics and Astronautics Inc, AIAA. All rights reserved.","","Launch vehicles; NASA; Rockets; Design solutions; Kinetic architectures; NASA Kennedy Space Center; Space launch; Vehicle assembly; Space platforms","National Aeronautics and Space Administration, NASA","RS&H would like to thank the NASA Kennedy Space Center Ground Systems Development & Operations (GSDO) and engineering teams. Alice Schultz and John McMillin would like to thank RS&H for their sponsorship and financial support in preparing and completing this paper.","","","American Institute of Aeronautics and Astronautics Inc, AIAA","","978-162410575-3","","","English","Astronaut. Forum Expos.","Conference paper","Final","","Scopus","2-s2.0-85056173627"
"Jonatan S.A.; Alkadri M.F.","Jonatan, Stefanie Aylien (59419312200); Alkadri, Miktha Farid (57195296334)","59419312200; 57195296334","Preliminary Energy Simulations of Smart Materials on Building Facade: A hypothetical case study to determined energy performance of smart materials","2024","Proceedings of the International Conference on Education and Research in Computer Aided Architectural Design in Europe","1","","","273","282","0","10.52842/conf.ecaade.2024.1.273","https://www.scopus.com/pages/publications/85209784237?origin=resultslist","Research cluster of Architectural Science and Building Technology (ASBT), Department of Architecture, Universitas Indonesia, Indonesia","Jonatan S.A., Research cluster of Architectural Science and Building Technology (ASBT), Department of Architecture, Universitas Indonesia, Indonesia; Alkadri M.F., Research cluster of Architectural Science and Building Technology (ASBT), Department of Architecture, Universitas Indonesia, Indonesia","As the earth’s surface temperature rises, maintaining comfortable indoor temperatures without increasing the energy consumption of cooling systems is necessary. One climate change mitigation that may provide great relevance to this issue is to use adaptive facades as they can provide flexible energy flows in response to dynamic external conditions. Among adaptive facades strategies, smart materials show great potential to respond intelligently to the surrounding environment through changes in material properties. In this regard, smart materials require little to no additional active system because of changes made internally by the material. This paper aims to investigate potential applications of smart materials in building facades by first analyzing the energy performance of 9 smart materials (i.e., low-e glass, nePCM, PCM filled, paraffin MG29, PV Vacuum glazing, semitransparent PV A, semitransparent PV B, insulated DSSC-R, DSSCG) found in adaptive facades. This study then specifically calculates EUI (energy use intensity), cooling load, and average solar heat gain for existing buildings located in Jakarta. Lastly, two smart materials (i.e., PV and PCM) are selected to compare building façade construction proposals based on their transmissivity, maximum solar heat gain, and conductivity. Despite the potential application of smart materials, this study found that PV and PCM provide lower performance values due to energy demand functions that predominantly focus on generation rather than contributing to heating and cooling aspects. This study can further benefit architects when dealing with façade construction materials, especially in tropical countries. It needs to be aligned with the energy performance produced by the façade, the surrounding environment, and the local context. © 2024, Education and research in Computer Aided Architectural Design in Europe. All rights reserved.","Adaptive Facade; Energy Performance; Smart Materials","","Direktorat Riset and Pengembangan, Universitas Indonesia, DRPM UI, (RST/HKP.05.00/2023); Direktorat Riset and Pengembangan, Universitas Indonesia, DRPM UI","This research is funded by Directorate of Research and Development, Universitas Indonesia under Hibah PUTI 2023 (Grant No. NKB- 527/UN2.RST/HKP.05.00/2023).","","Kontovourkis O.; Phocas M.C.; Wurzer G.","Education and research in Computer Aided Architectural Design in Europe","26841843","978-949120737-2","","","English","Proc. Int. Conf. Educ. Res. Comput. Aided. Archit. Des. Eur.","Conference paper","Final","","Scopus","2-s2.0-85209784237"
"Tiwari G.N.; Upadhyay M.; Rai S.N.","Tiwari, G.N. (55450482500); Upadhyay, M. (7003464258); Rai, S.N. (7202655591)","55450482500; 7003464258; 7202655591","A comparison of passive cooling techniques","1994","Building and Environment","29","1","","21","31","23","10.1016/0360-1323(94)90049-3","https://www.scopus.com/pages/publications/0028175578?origin=resultslist","Centre for Energy Studies, Indian Institute of Technology Delhi, New Delhi, 110016, Hauz Khas, India","Tiwari G.N., Centre for Energy Studies, Indian Institute of Technology Delhi, New Delhi, 110016, Hauz Khas, India; Upadhyay M., Centre for Energy Studies, Indian Institute of Technology Delhi, New Delhi, 110016, Hauz Khas, India; Rai S.N., Centre for Energy Studies, Indian Institute of Technology Delhi, New Delhi, 110016, Hauz Khas, India","A comparison of passive cooling techniques of a non-airconditioned apartment for Delhi climate condition has been presented. The various cooling techniques namely, evaporative cooling, movable canvas, roof gardens, shading effect and air cavity in walls etc. have been incorporated in the thermal analysis. Numerical computations were carried out for Delhi climatic conditions and it is inferred that 1. (i) the evaporative cooling is the best option to reduce the incoming heat flux through the roof if the water is easily available, and 2. (ii) the air cavity also reduces the incoming flux entering through walls. © 1993.","","Buildings; Climate; Cooling Systems; Delhi; Evaporation; Passive; Climate control; Evaporative cooling systems; Mathematical models; Roofs; Temperature control; Thermoanalysis; Walls (structural partitions); Air cavities; Movable canvas; New Delhi, India; Passive cooling; Roof gardens; Shading effect; Apartment houses","","","","","","03601323","","BUEND","","English","Build. Environ.","Article","Final","","Scopus","2-s2.0-0028175578"
"Imani N.; Vale B.","Imani, Negin (57218558166); Vale, Brenda (55907707900)","57218558166; 55907707900","Biomimetic architecture: exploring adaptive facades inspired by nature","2024","Intelligent Buildings and Infrastructure with Sustainable and Social Values: Third edition","","","","81","94","0","10.1108/978-1-83549-818-720243007","https://www.scopus.com/pages/publications/105018429412?origin=resultslist","Centre for Sustainability, University of Otago, Dunedin, New Zealand; Open Polytechnic, Wellington, New Zealand; Wellington School of Architecture, Victoria University, Wellington, New Zealand","Imani N., Centre for Sustainability, University of Otago, Dunedin, New Zealand, Open Polytechnic, Wellington, New Zealand; Vale B., Wellington School of Architecture, Victoria University, Wellington, New Zealand","This chapter discusses the importance of biomimetics in the built environment and presents a brief history of the field. Biomimetics, or biologically inspired design, involves using nature as a model for developing sustainable and innovative solutions to human problems. The paper highlights the potential benefits of biomimetic design, including increased energy efficiency. It also introduces a systematic approach to designing biomimetic buildings, which involves identifying problems, researching relevant biological systems, and translating biological principles to building design principles. The chapter then focuses on one example of biomimetic design: the development of adaptive building facades (ABFs) that mimic the ability of biological systems to regulate temperature, light, and water content. An in-depth investigation of stomata, the small pores on plant leaves that help regulate heat exchange and conserve water, is presented as a biological thermal adaptation mechanism that has inspired the design of ABFs. Finally, the chapter discusses future approaches to Bio-ABF development, including the integration of new materials and technologies and continued research into biological thermal adaptation mechanisms. Overall, the emphasis is on the importance of biomimetic design in creating sustainable and innovative solutions for the built environment. © Emerald Publishing Limited 2024. All rights reserved.","","Biological materials; Biological systems; Biomimetic materials; Biomimetic processes; Energy efficiency; Plants (botany); Structural design; Adaptation mechanism; Biologically inspired design; Biomimetic design; Building facades; Built environment; Energy; Innovative solutions; Potential benefits; Sustainable solution; Thermal adaptation; Architectural design","","","","","Emerald Publishing","","978-183549818-7; 978-183549819-4","","","English","Intell. Build. and Infrastruct. with Sustain. and Soc.: Third ed.","Book chapter","Final","","Scopus","2-s2.0-105018429412"
"Chen J.","Chen, Jingwen (59419484200)","59419484200","Cast Adaptive/Kinetic Façades The application of sand casting on manufacturing the adaptive/kinetic facades","2024","Proceedings of the International Conference on Education and Research in Computer Aided Architectural Design in Europe","1","","","431","438","0","10.52842/conf.ecaade.2024.1.431","https://www.scopus.com/pages/publications/85209815164?origin=resultslist","The Bartlett, UCL, United Kingdom","Chen J., The Bartlett, UCL, United Kingdom","The escalatingfocus on sustainability across diverse domains has instigated multifaceted strategies to achieve this objective, encompassing modifications in resource utilization and the incorporation ofrenewable energy sources alongside recyclable materials. In the realm ofarchitecture, thefaçade serves not only as an aestheticfeature but also as a regulator ofboth interior and exterior environments, with kineticfacades emerging as a dynamic solution. Unlike the dynamic external conditions and active building occupants, architecture, as a whole, remains relatively statiomry.As integral components of architectural design, kineticfacades arepurposefulfy engineered to actively and dynamically modulate external environmental conditions to align wïth occupant requirements. Thispaper delves into the specific realm ofcast kineticjoints within the broader context ofkineticfacades in architecture. As sustainability gainsprominence, the studyfocuses on the manufacturingprocesses of these crucial components, narrowing its scope to the use of sand casting. With its rich historical legacy and inherent adaptability, this technique emerges as afocalpointfor crafting kineticjoints. The analysis delves into crucial considerations, including design intricacies, scale dynamics, and material selections, emphasising thepotential ofsand casting as a sustainable methodfor manufacturing these dynamic and active architectural elements. Through a meticulous examination ofthe intricacies associated with kinetic joints, this study aims toprovide targeted insights into the viability of sand casting, therebyproviding a refined exploration ofits role in advancing sustainability within the realm ofkineticfacades. © 2024, Education and research in Computer Aided Architectural Design in Europe. All rights reserved.","Adaptive/Kinetic Façade; Sand casting; Sustainability","","","","J. Chen; The Bartlett, UCL, United Kingdom; email: jingwen.chen.20@ucl.ac.uk","Kontovourkis O.; Phocas M.C.; Wurzer G.","Education and research in Computer Aided Architectural Design in Europe","26841843","978-949120737-2","","","English","Proc. Int. Conf. Educ. Res. Comput. Aided. Archit. Des. Eur.","Conference paper","Final","","Scopus","2-s2.0-85209815164"
"Ritter A.","Ritter, A. (56243420800)","56243420800","Architectural applications of smart textiles","2013","Multidisciplinary Know-How for Smart-Textiles Developers","","","","468","488","3","10.1533/9780857093530.3.468","https://www.scopus.com/pages/publications/84903650549?origin=resultslist","Ritter architekten, 53474 Bad Neuenahr-Ahrweiler, Telegrafenstrasse 11, Germany","Ritter A., Ritter architekten, 53474 Bad Neuenahr-Ahrweiler, Telegrafenstrasse 11, Germany","This chapter starts with an introduction about key themes and important factors in modern architecture. It then gives some general informations about smart materials, which can be divided into the categories of property-changing smart materials, energy-generating and exchanging smart materials, and matter-exchanging smart materials. Then some examples are given of existing smart textiles for architectural applications, which include light-emitting metal mesh, self-cleaning membranes, self-healing textiles, shape memory interior textiles and innovative actuators, made through the use of smart textiles. The chapter ends with future trends for exterior textiles, actuators and interior textiles. © 2013 Woodhead Publishing Limited All rights reserved.","Adaptive architecture; Energy-exchanging smart materials; Energy-generating smart materials; Kinetic architecture; Matter-exchanging smart materials; Property-changing smart materials; Smart building textile; Smart polymer actuator","Actuators; Light emission; Metal cleaning; Smart Polymers; Smart textiles; Adaptive architecture; Future trends; General information; Kinetic architectures; Modern architectures; Self cleaning; Self-healing; Smart polymer actuators; Intelligent materials","","","A. Ritter; Ritter architekten, 53474 Bad Neuenahr-Ahrweiler, Telegrafenstrasse 11, Germany; email: info@ritter-architekten.com","","Elsevier Ltd","","978-085709342-4","","","English","Multidiscip. Know-How for Smart-Text. Dev.","Book chapter","Final","","Scopus","2-s2.0-84903650549"
"El-Mahdy D.; Youssef A.K.","El-Mahdy, Deena (57192871125); Youssef, Ahmed Khaled (57316526700)","57192871125; 57316526700","OPTIMIZATION OF AN ADAPTIVE ALGAE FAÇADE BASED ON SOLAR RADIATION SIMULATION","2022","International Journal of Computational Methods and Experimental Measurements","10","4","","314","328","3","10.2495/CMEM-V10-N4-314-328","https://www.scopus.com/pages/publications/85149115511?origin=resultslist","The British University, Egypt; Cosign Group, Egypt","El-Mahdy D., The British University, Egypt; Youssef A.K., Cosign Group, Egypt","Due to the climate crisis, extreme fluctuations in temperature are caused by the high sources of energy, and carbon consumption have a great impact on both construction and water resources management. Accordingly, the world today is paying attention to searching for cleaner energy resources. In Egypt, the extreme heat of the summer seasons causes constant air-conditioner (AC) usage in building to provide cooling, which produces outlet wastewater. The continuous flow of this outlet wastewater results in cracks and erosion among the facades that need maintenance. As a way to search for environmentally friendly material that can reuse this outlet water and reduce the solar radiation on the façade providing more cooler spaces, algae are suggested due to their availability in water from several sources in Egypt. This paper presents the assessment of an innovative façade element photobioreactors (PBR) made from algae on a real administrative building facade in Cairo. The aim is to evaluate digitally by simulation the solar radiation reduced from the façade that acts as a double green skin and self-watering system with an appealing aesthetic form preventing any erosion on the façade surfaces. The method of assessment is done using Ladybug plug-in simulation in Grasshopper plug-in in Rhino software based on the climatic data from EnergyPlus. Four main phases are followed: 1) the form generation of the façade using Rhinoceros software, 2) the simulation to assess the solar radiation before and after adding the PBR, 3) the evaluation phase to calculate the thermal conductivity and water temperature mathematically, and 4) fabrication of small-scale façade using the 3D-printed technique with algae filament. The results recorded a reduction in the solar radiation from 301 to 75 kWh/m2 comparing the current case of the building façade, while the thermal performance was 0.36 W/m2K, which is better than the most common materials used in arid climates such as rammed earth, fired brick, and concrete. The optimization of the algae tube length was based on the required outlet temperature that is suitable for plantation 15°C to help in reducing the water temperature. The finding addresses the significant role of using algae that can generate biomass to explore their benefits regarding their O2 production and CO2 absorption through 3D printing, which is considered a cleaner technology. © 2022 WIT Press.","3D printing; adaptive façade; additive manufacturing; algae; bioenergy; bioprinting; digital fabrication; green façade","","","","","","Wit Press","20460546","","","","English","Int. J. Comput. Methods Experiment. Meas.","Article","Final","","Scopus","2-s2.0-85149115511"
"Wang Z.; Duan Z.; Zhao X.; Chen M.","Wang, Z. (36791820800); Duan, Z. (26430631900); Zhao, X. (55705196100); Chen, M. (7407444368)","36791820800; 26430631900; 55705196100; 7407444368","Dynamic performance of a façade-based solar loop heat pipe water heating system","2012","Solar Energy","86","5","","1632","1647","55","10.1016/j.solener.2012.02.031","https://www.scopus.com/pages/publications/84859443262?origin=resultslist","Faculty of Civil and Transportation Engineering, Guangdong University of Technology, Guangzhou, Guangdong 510006, China; Department of Architecture and Built Environment, University of Nottingham, University Park, Nottingham NG7 2RD, United Kingdom; Institute of Energy and Sustainable Development, De Montfort University, The Gateway, Leicester LE1 9BH, United Kingdom; College of Environmental Science and Engineering, Nanjing University of Information Science and Technology, Nanjing 210044, China","Wang Z., Faculty of Civil and Transportation Engineering, Guangdong University of Technology, Guangzhou, Guangdong 510006, China; Duan Z., Department of Architecture and Built Environment, University of Nottingham, University Park, Nottingham NG7 2RD, United Kingdom; Zhao X., Institute of Energy and Sustainable Development, De Montfort University, The Gateway, Leicester LE1 9BH, United Kingdom; Chen M., College of Environmental Science and Engineering, Nanjing University of Information Science and Technology, Nanjing 210044, China","This paper reported a dedicated study of a novel façade-based solar loop heat pipe (LHP) water heating system using both theoretical and experimental methods. This system employs a modular panel incorporating a unique loop heat pipe that is able to serve as part of the building façade or a decoration layer of the façade, thus creating a façade integrated, low cost, highly efficient and aesthetically appealing solar water heating structure. Taking into account heat balances occurring in different parts of the system, e.g., solar absorber, heat pipes loop, heat exchanger and storage tank, a dedicated computer model was developed to investigate the dynamic performance of the system. An experimental rig was also established to evaluate the performance of such a prototype system through measurement of various operational parameters, e.g., solar radiation, temperatures and flow rates of the heat pipe fluid and water. Through comparison between the testing and modelling results, the model has been approved to be able to give a reasonable accuracy for predicting the performance of the LHP system. Two types of glass covers, i.e., double glazed/evacuated tubes and single-glazing plate, were applied to the prototype. It was found that for both covers, the heat pipe fluid temperature rose dramatically at the start-up operation and afterwards remained a slow but steady growth; while the water temperature remained a steadily growing trend throughout the operational day. The temperature rise of the circulated water at 1.6. l/min of flow rate was around 13.5 °C in the double-glazed/evacuated tubes based system and 10 °C in the single-glazing based system; correspondingly, their average solar conversion efficiencies were 48.8% and 36%, and the COPs were 14 and 10.5 respectively. In overall, the double-glazed/evacuated tubes based system presented a better performance than the single glazing based one. © 2012 Elsevier Ltd.","COP; Efficiency; Heat exchanger; Hot water; Loop heat pipe; Solar radiation","Conversion efficiency; Efficiency; Flow rate; Glazes; Heat exchangers; Hot water distribution systems; Solar equipment; Solar radiation; Sun; Tubes (components); COP; Dedicated computers; Dynamic performance; Experimental methods; Glass covers; Heat balance; Heat pipe fluids; Hot water; Loop Heat Pipe; Low costs; Operational parameters; Prototype system; Reasonable accuracy; Solar conversion efficiencies; Solar loops; Solar water heating; Start-ups; Storage tank; Temperature rise; Water heating systems; Water temperatures; accuracy assessment; building; computer simulation; experimental study; heat balance; heating; integrated approach; numerical model; performance assessment; pipe; solar power; solar radiation; theoretical study; water temperature; Heat pipes","","","X. Zhao; Institute of Energy and Sustainable Development, De Montfort University, The Gateway, Leicester LE1 9BH, United Kingdom; email: xzhao@dmu.ac.uk","","","0038092X","","SRENA","","English","Sol. Energy","Article","Final","All Open Access; Green Open Access","Scopus","2-s2.0-84859443262"
"Lo L.J.; Novoselac A.","Lo, L. James (55292745900); Novoselac, Atila (6505811667)","55292745900; 6505811667","Cross ventilation with small openings: Measurements in a multi-zone test building","2012","Building and Environment","57","","","377","386","70","10.1016/j.buildenv.2012.06.009","https://www.scopus.com/pages/publications/84863467109?origin=resultslist","The University of Texas at Austin, Department of Civil, Architectural and Environmental Engineering, Austin, TX 78712-1076, 1 University Station C1752, United States","Lo L.J., The University of Texas at Austin, Department of Civil, Architectural and Environmental Engineering, Austin, TX 78712-1076, 1 University Station C1752, United States; Novoselac A., The University of Texas at Austin, Department of Civil, Architectural and Environmental Engineering, Austin, TX 78712-1076, 1 University Station C1752, United States","Designing for wind driven cross ventilation is challenging due to the dynamic characteristics of wind. While numerous studies have used wind tunnels and computational fluid dynamics to study cross ventilation, few have utilized a full scale experimental approach. Thus, this paper provides measurements of wind properties, façade pressures, airflow rates through small window openings, and tracer gas concentrations for a multi-zone test building located in Austin, TX. This experimental data connects outdoor and indoor environments and demonstrates the dynamic nature of wind driven cross ventilation flow. Several interesting observations were made: (1) cross ventilation rate can be correlated to the velocity component of the approaching wind that is normal to the inlet openings; (2) obstructions that are far upwind of a building (e.g., kilometers) can have significant impacts on cross ventilation flows; (3) wind pressures on building façades are highly dynamic that a steady state assumption may not be appropriate; and (4) locations of openings that are leeward have a small impact on the overall flow rate, but significantly impact a building's internal flow distribution. This paper provides the summary of the collected data, while the detailed dataset is available upon request. © 2012 Elsevier Ltd.","Cross ventilation; Full scale experiments; Natural ventilation; Sustainable design","Austin; Texas; United States; Buildings; Computational fluid dynamics; Inlet flow; Wind effects; Air flow-rate; Cross ventilation; Data sets; Dynamic characteristics; Dynamic nature; Experimental approaches; Experimental data; Full scale; Full-scale experiment; Indoor environment; Internal flows; Natural ventilation; Significant impacts; Steady state; Sustainable design; Tracer gas; Velocity components; Wind pressures; Wind properties; architectural design; concentration (composition); design; experimental study; indoor air; pressure effect; ventilation; wind field; wind tunnel; Ventilation","Air-Conditioning Engineers; American Society of Heating; Indoor Environmental Science and Engineering; National Science Foundation, NSF, (DGE-0549428); National Science Foundation, NSF; American Society of Heating, Refrigerating and Air-Conditioning Engineers, ASHRAE","This study is made possible by the National Science Foundation IGERT Program : grant # DGE-0549428 , Indoor Environmental Science and Engineering —An Emerging Frontier, as well as the American Society of Heating, Refrigeration, and Air-Conditioning Engineers (ASHRAE) Graduate Student Grant-In-Aid Award.","L.J. Lo; The University of Texas at Austin, Department of Civil, Architectural and Environmental Engineering, Austin, TX 78712-1076, 1 University Station C1752, United States; email: ljameslo@gmail.com","","","03601323","","BUEND","","English","Build. Environ.","Article","Final","","Scopus","2-s2.0-84863467109"
"Midulla M.; Renaud A.; Martinelli T.; Koussa M.; Mounier-Vehier C.; Prat A.; Beregi J.-P.","Midulla, Marco (25823327000); Renaud, Armelle (55752433700); Martinelli, Thomas (6602539025); Koussa, Mohammad (6603547269); Mounier-Vehier, Claire (7005554245); Prat, Alain (7103277049); Beregi, Jean-Paul (7005968406)","25823327000; 55752433700; 6602539025; 6603547269; 7005554245; 7103277049; 7005968406","Endovascular fenestration in aortic dissection with acute malperfusion syndrome: Immediate and late follow-up","2011","Journal of Thoracic and Cardiovascular Surgery","142","1","","66","72","75","10.1016/j.jtcvs.2010.07.081","https://www.scopus.com/pages/publications/79959349592?origin=resultslist","Department of CardioVascular Imaging and Intervention, Hôpital Cardiologique, CHRU de Lille, 59037 Lille Cedex, France; Department of CardioVascular Surgery, Hôpital Cardiologique, CHRU de Lille, France; Department of Vascular Medicine, Hôpital Cardiologique, CHRU de Lille, France; Department of Cardiac Surgery, Hôpital Cardiologique, CHRU de Lille, France","Midulla M., Department of CardioVascular Imaging and Intervention, Hôpital Cardiologique, CHRU de Lille, 59037 Lille Cedex, France; Renaud A., Department of CardioVascular Imaging and Intervention, Hôpital Cardiologique, CHRU de Lille, 59037 Lille Cedex, France; Martinelli T., Department of CardioVascular Imaging and Intervention, Hôpital Cardiologique, CHRU de Lille, 59037 Lille Cedex, France; Koussa M., Department of CardioVascular Surgery, Hôpital Cardiologique, CHRU de Lille, France; Mounier-Vehier C., Department of Vascular Medicine, Hôpital Cardiologique, CHRU de Lille, France; Prat A., Department of Cardiac Surgery, Hôpital Cardiologique, CHRU de Lille, France; Beregi J.-P., Department of CardioVascular Imaging and Intervention, Hôpital Cardiologique, CHRU de Lille, 59037 Lille Cedex, France","Objective: To evaluate the immediate and long-term results of fenestration in aortic dissection with acute malperfusion syndrome. Methods: Between 1999 and 2007, 35 patients (31 men; age, 57 ± 11 years) with aortic dissection (19 with type A and 16 with type B) were treated by fenestration for malperfusion syndrome (27 renal, 27 bowel, and 14 lower limb) due to dynamic compression. Fenestration was performed with 2 rigid guidewires inserted in one 8F sheath (45 cm long). The mean interval between aortic dissection and fenestration was 5 days (28 patients within 3 days and 7 patients between 9 and 41 days). Results: Fenestration (100% technical success rate) with an additional endovascular procedure (29 peripheral stents and 1 thoracic stent graft) resulted in angiographic success in 97% of the patients. Bowel surgery was performed in 7 patients. Mortality within the first month (12/35) was related to bowel ischemia (n = 5), neurologic complications (n = 3), type A surgery (n = 2), and late treatment (n = 2). At a mean follow-up of 48 ± 30 months, 4 of the remaining 23 patients had died and 2 had withdrawn from the study. The diameter of the aorta, as measured using computed tomography/magnetic resonance imaging, remained stable in 12 of the remaining 17 patients and had increased in 5 (1 with Marfan syndrome and 4 with multiple arterial ectasia). Conclusions: In emergencies, fenestration saved 69% of the patients with acute malperfusion syndrome in complicated aortic dissection. During the follow-up period, the aortic diameter remained stable in most of the surviving patients. Copyright © 2011 by The American Association for Thoracic Surgery.","","Acute Disease; Aged; Aneurysm, Dissecting; Aortic Aneurysm; Aortography; Blood Vessel Prosthesis; Blood Vessel Prosthesis Implantation; Endovascular Procedures; Female; France; Humans; Ischemia; Magnetic Resonance Angiography; Male; Middle Aged; Prosthesis Design; Stents; Time Factors; Tomography, X-Ray Computed; Treatment Outcome; acute malperfusion syndrome; adult; aged; aorta dissection; artery disease; article; clinical article; endovascular surgery; female; fenestration; follow up; heart hemodynamics; human; male; Marfan syndrome; mortality; neurological complication; priority journal; reperfusion injury; stent; surgical technique; treatment outcome; Article; blood vessel diameter; cardiovascular mortality; cause of death; computer assisted tomography; intestine ischemia; intravascular catheter; nuclear magnetic resonance imaging; vascular disease; vascular guide wire; vascular stent","","","J.-P. Beregi; Department of CardioVascular Imaging and Intervention, Hôpital Cardiologique, CHRU de Lille, 59037 Lille Cedex, France; email: jean-paul.beregi@chru-lille.fr","","","1097685X","","JTCSA","21683839","English","J. Thorac. Cardiovasc. Surg.","Article","Final","All Open Access; Bronze Open Access","Scopus","2-s2.0-79959349592"
"Appelfeld D.; Svendsen S.","Appelfeld, David (36124637800); Svendsen, Svend (6603789284)","36124637800; 6603789284","Performance of a daylight-redirecting glass-shading system","2013","Energy and Buildings","64","","","309","316","9","10.1016/j.enbuild.2013.05.017","https://www.scopus.com/pages/publications/84879110265?origin=resultslist","Technical University of Denmark, Department of Civil Engineering, Section of Building Physics and Services, DK-2800 Kgs. Lyngby, Denmark","Appelfeld D., Technical University of Denmark, Department of Civil Engineering, Section of Building Physics and Services, DK-2800 Kgs. Lyngby, Denmark; Svendsen S., Technical University of Denmark, Department of Civil Engineering, Section of Building Physics and Services, DK-2800 Kgs. Lyngby, Denmark","This paper evaluates the daylighting performance of a prototype external dynamic shading and daylight-redirecting system, and the main focus is on the performance simulation. The demonstration project was carried out on a building with an open-plan office. Part of the original façade was replaced with the prototype façade. This layout allowed the use of the same orientation and surroundings for both façades. The working plane illuminance was measured over several months and the measurements were accompanied with annual daylight simulations. The prototype system improved the daylighting conditions compared to the original system. The visual comfort was evaluated by glare analysis and the redirected daylight did not cause an additional discomfort glare. The higher utilization of daylight can save 20% of the lighting energy. The thermal insulation of the fenestration was maintained, with slightly increased solar gains, but without producing an excessive overheating. © 2013 Elsevier B.V. All rights reserved.","Daylight; Illuminance measurements; Indoor climate; Redirecting light; Shading system; Visual comfort","Daylight simulation; Office buildings; Daylight; Illuminance measurement; Indoor climate; Shading systems; Visual comfort; Daylighting","Danish Energy Agency program for research and development of energy efficiency","The research for this study was funded by the Danish Energy Agency program for research and development of energy efficiency, PSO – F&U 2008 . The authors would like to thank the Danish Building Research Institute (SBi) for assisting and providing measured data.","D. Appelfeld; Technical University of Denmark, Department of Civil Engineering, Section of Building Physics and Services, DK-2800 Kgs. Lyngby, Denmark; email: dava@byg.dtu.dk","","","03787788","","ENEBD","","English","Energy Build.","Article","Final","","Scopus","2-s2.0-84879110265"
"Zaidi A.M.; Zaidi S.; Yashaswini G.M.","Zaidi, Anja Maria (57743992500); Zaidi, Sheeraz (57743992600); Yashaswini, G.M. (57744142300)","57743992500; 57743992600; 57744142300","Hybrid Landscapes of India: Communicators Between the Worlds","2022","Journal of Digital Landscape Architecture","2022","7","","692","703","1","10.14627/537724064","https://www.scopus.com/pages/publications/85132073479?origin=resultslist","Zoras India, Bangalore, India; Dsatm, School of Architecture, Bangalore, India","Zaidi A.M., Zoras India, Bangalore, India; Zaidi S., Dsatm, School of Architecture, Bangalore, India; Yashaswini G.M., Zoras India, Bangalore, India","This paper looks at the emergence of hybrid landscapes internationally and more specifically their emergence in India in the context of a changing world where digital technologies permeate many aspects of the human environment. It then looks at their ability to reconnect emerging landscapes with their pre-existing natural and social context as well as anchor people in the landscape and reconnect with the special qualities of the place. The paper argues that landscape architecture can create this sense of place by combining traditional and present-day materials with digital technology based on the example of a landscape project under construction in Hyderabad, India. We explore how the transformative forces of digital technology can be used in addition to the analogue materials and tools of landscape architecture to convey the story of a new landscape. This makes landscapes important communicators in a fast-changing world. Digital design tools in combination with traditional tools have to date been used widely in landscape architecture and the creative field. They have a drastic influence on the design process and the new forms available. TeamLabs has created interactive designs for the Kadokawa Culture Museum, in Mu-sashino Woods Park, Saitama, Japan that communicate between nature and user (PACE 2022). The paper shows that hybrid landscapes can utilise tools to translate natural systems and create seam-lessly integrated environments, from data-driven light installations, responsive sculptures, and per-formative materials, to smart highways, dynamic spaces, kinetic facades, and adaptive buildings (FOX 2016) to bridge the gap between a fast-changing physical world and a slowly disappearing site context or natural environment. Hybrid landscapes with the capacity to perceive, react to, and connect with humans and the natural world (FOX 2016) and man-made physical and social world, aim to ‘future-proof’ them for an ever-changing world of new environmental, social and economic requirements and challenges. As the project is not yet constructed, it will only be possible to measure whether the project achieves creating a sense of place through its hybrid design sometime after completion. This should be done through surveys of the users, data collection, observations and comparisons to other projects. © 2022, VDE VERLAG GMBH. All rights reserved.","adaptability; kinetic facade; performative design; sense of place; Tradition and modernity","","","","A.M. Zaidi; Zoras India, Bangalore, India; email: info@zoras.co.uk","","VDE VERLAG GMBH","23674253","","","","English","J. Digital Landsc. Arch.","Article","Final","","Scopus","2-s2.0-85132073479"
"Wang M.; Cao J.; Jia C.; Du C.; Han S.; Fukuda H.; Gao W.; Inoue T.","Wang, Menghan (58096713800); Cao, Jing (58618519300); Jia, Chao (57676683500); Du, Changyang (58718482300); Han, Shengnan (58311783500); Fukuda, Hiroatsu (23018756300); Gao, Weijun (55505206200); Inoue, Tomo (56048516700)","58096713800; 58618519300; 57676683500; 58718482300; 58311783500; 23018756300; 55505206200; 56048516700","Effectiveness of a dynamic living wall system of plants on indoor thermal environment in summer - An experimental study","2024","Journal of Building Engineering","98","","111266","","","6","10.1016/j.jobe.2024.111266","https://www.scopus.com/pages/publications/85208287543?origin=resultslist","Academy of Arts and Communications, Qingdao Binhai University, Qingdao, 26555, China; Faculty of Environmental Engineering, The University of Kitakyushu, Kitakyushu, 808-0135, Japan; College of Architecture and Urban Planning, Qingdao University of Technology, Qingdao, 266033, China; Faculty of Arts and Science, Kyushu University, Fukuoka, 819-0395, Japan","Wang M., Academy of Arts and Communications, Qingdao Binhai University, Qingdao, 26555, China, Faculty of Environmental Engineering, The University of Kitakyushu, Kitakyushu, 808-0135, Japan; Cao J., College of Architecture and Urban Planning, Qingdao University of Technology, Qingdao, 266033, China; Jia C., College of Architecture and Urban Planning, Qingdao University of Technology, Qingdao, 266033, China, Faculty of Arts and Science, Kyushu University, Fukuoka, 819-0395, Japan; Du C., College of Architecture and Urban Planning, Qingdao University of Technology, Qingdao, 266033, China; Han S., College of Architecture and Urban Planning, Qingdao University of Technology, Qingdao, 266033, China; Fukuda H., Faculty of Environmental Engineering, The University of Kitakyushu, Kitakyushu, 808-0135, Japan; Gao W., Faculty of Environmental Engineering, The University of Kitakyushu, Kitakyushu, 808-0135, Japan, College of Architecture and Urban Planning, Qingdao University of Technology, Qingdao, 266033, China; Inoue T., Faculty of Arts and Science, Kyushu University, Fukuoka, 819-0395, Japan","Optimizing vertical greening systems to reduce their negative impact on buildings is important to reduce energy consumption. To reduce the long-term effects of fixed living plant walls on building facades, this study proposes an optimization scheme for dynamic living plant walls (DLWS). By combining dynamic building facades with living plant walls, this study analyzes the effectiveness of DLWS, fixed living plant walls (LWS), and dynamic shading sails (DSS) in regulating indoor temperature and humidity through controlled experiments. The results showed that DLWS and LWS had the same effect on cooling, reducing the average indoor temperature by 3.6 °C during the daytime. Further, DLWS was able to increase the indoor air humidity within the appropriate range, which was lower than the LWS humidity by 6.9 RH. DLWS had a better cooling effect compared to DSS, and DLWS can reduce the indoor temperature by 2.7. The results authenticate the performance advantages and the possibility of applying dynamic plant living walls in practice. © 2024 Elsevier Ltd","Dynamic plant living wall; Indoor thermal environment; Vertical greening system","Building facades; Dynamic plant living wall; Indoor humidities; Indoor temperature; Indoor thermal environments; Long-term effects; Optimization scheme; Reduce energy consumption; Vertical greening system; Wall systems; Green buildings","Natural Science Foundation of Shandong Province, (ZR202102220437); Qingdao Social Science Planning, (2024RKY0103); China Scholarship Council, CSC, (202308370250)","This research was funded by Grant for the Natural Science Foundation of Shandong Province (No. ZR202102220437), The 2024 Qingdao Social Science Planning Research Project, Key R&D Program (Soft Science Project) of Shandong Province, China (No. 2024RKY0103) and China Scholarship Council (Grant No. 202308370250).","C. Jia; Qingdao City, No.11 Fushun Road, North District, Shandong Province, China; email: jiachao@qut.edu.cn","","Elsevier Ltd","23527102","","","","English","J. Build. Eng.","Article","Final","","Scopus","2-s2.0-85208287543"
"Kittas C.","Kittas, C. (7006010210)","7006010210","A simple climagraph for characterizing regional suitability for greenhouse cropping in Greece","1996","Agricultural and Forest Meteorology","78","1-2","","133","141","18","10.1016/0168-1923(95)02246-5","https://www.scopus.com/pages/publications/0029667147?origin=resultslist","University of Thessalia, School of Technological Sciences, Department of Agriculture, Crop and Animal Production, Pedion Areos, 38334 Volos, Greece","Kittas C., University of Thessalia, School of Technological Sciences, Department of Agriculture, Crop and Animal Production, Pedion Areos, 38334 Volos, Greece","A climatic analysis is presented for the rational development of crops under cover in Greece. From the climatic requirements of thermophile species commonly grown in greenhouses in Greece, we have characterised the corresponding outside climate requirements and constructed the climagraphs for different regions of Greece. These graphs combine the average monthly minimum and maximum air temperatures versus the corresponding global irradiance and allows delimiting the appropriate climatic periods for cultivation of thermophile species, with and without air conditioning. These climagraphs may be used for the primary assessment of suitability for the development of crops under cover in a given area. From its application over different regions in Greece it can be concluded that: (1) natural ventilation is insufficient from May to September over the whole of the country; (2) summer greenhouse crops can only be grown in Crete without evaporative cooling where dynamic ventilation and shading are sufficient; (3) winter cultivation in unheated greenhouses is only possible in Crete and (4) spring cropping under cover would be the principal use of greenhouses with autumn cultivation envisioned as a merely complementary cropping season. © 1996 Elsevier Science B.V. All rights reserved.","","Greece; climagraph; global irradiance; greenhouse cropping; regional climate analysis; regional growing season; thermophile species","","","","","Elsevier","01681923","","AFMEE","","English","Agric. For. Meterol.","Article","Final","","Scopus","2-s2.0-0029667147"
"Wellershoff F.; Lori G.; Zobec M.; Osterland K.","Wellershoff, F. (15046223800); Lori, G. (6601973591); Zobec, M. (55346024000); Osterland, K. (7801504849)","15046223800; 6601973591; 55346024000; 7801504849","Structural design of blast enhanced cable net facades","2013","COST Action TU0905 Mid-Term Conference on Structural Glass - Proceedings of COST Action TU0905 Mid-Term Conference on Structural Glass","","","","121","131","5","10.1201/b14563-19","https://www.scopus.com/pages/publications/84878797097?origin=resultslist","HafenCity Universität Hamburg, Germany; Permasteelisa Group R and D, Vittorio Veneto, Italy; Gartner Steel and Glass, Würzburg, Germany","Wellershoff F., HafenCity Universität Hamburg, Germany; Lori G., Permasteelisa Group R and D, Vittorio Veneto, Italy; Zobec M., Permasteelisa Group R and D, Vittorio Veneto, Italy; Osterland K., Gartner Steel and Glass, Würzburg, Germany","The dynamic behavior of facades under shock waves with short time durations but high impulse loads requires specialized design methods and structural components. In the numerical analysis the aero elastic damping of flexible facades can be considered. The connections between the façade elements itself as well as the connections to the primary building structure can be designed to dissipate higher shares of energy by plastic deformation. Additional project unique fuse connections were developed for the World Trade Center Tower 3 in NY to limit the connection forces to the primary structure. The structural system changes from a system for ""classical"" loads to a structural system for ""blast loads"". This system change is triggered by overload fuses. © 2013 Taylor & Francis Group, London.","","Facades; Glass; International trade; Shock waves; Building structure; Cable-net facades; Connection force; Dynamic behaviors; Primary structures; Structural component; Structural systems; World Trade Center; Structural design","","","","","CRC Press/Balkema","","978-113800044-5","","","English","COST Action TU Mid-Term Conf. Struct. Glass - Proc. COST Action TU Mid-Term Conf. Struct. Glass","Conference paper","Final","","Scopus","2-s2.0-84878797097"
"Amadio C.; Bedon C.","Amadio, Claudio (13004727300); Bedon, Chiara (57217221032)","13004727300; 57217221032","Elastoplastic dissipative devices for the mitigation of blast resisting cable-supported glazing façades","2012","Engineering Structures","39","","","103","115","49","10.1016/j.engstruct.2012.02.006","https://www.scopus.com/pages/publications/84858710403?origin=resultslist","University of Trieste, Department of Civil Engineering and Architecture, 34127 Trieste, Piazzale Europa 1, Italy","Amadio C., University of Trieste, Department of Civil Engineering and Architecture, 34127 Trieste, Piazzale Europa 1, Italy; Bedon C., University of Trieste, Department of Civil Engineering and Architecture, 34127 Trieste, Piazzale Europa 1, Italy","The paper investigates the dynamic behavior of a structural cable-supported glass-steel façade subjected to high-level air blast loads. In order to describe accurately the dynamic response of the examined façade, both a sophisticated FE-model and a geometrically simplified but equivalently accurate lumped-mass FE-model are presented. These models, appropriately calibrated to dynamic experimental and numerical results on previous efforts, were used to highlight the criticalities of the façade (dynamic tensile stresses, deflections and velocities of pretensioned cables and laminated glass panels). Since axial forces in cables abruptly increase when explosion occurs, specific dissipative devices applied at the top or at the bottom of the pretensioned cables are proposed to improve the global response of the glass-steel curtain wall under the impact of a high-level blast loading, and their structural benefits are investigated. For the studied cases, opportunely calibrated elastoplastic devices allow reducing the axial forces in cables and cutting down lightly the maximum tensile stresses in glass panes. At last, by means of an energy-based approach, a series of design rules are developed to estimate realistically the response of the cable-supported façade and to define the optimal mechanical parameters for the proposed dissipative mechanism. © 2012 Elsevier Ltd.","Air blast load; Cable-supported glazing façade; Elastoplastic devices; Energy dissipation","Aerodynamic loads; Axial flow; Dynamic response; Energy dissipation; Glass; Glazes; Tensile stress; Air blast; Axial forces; Blast loading; Curtain walls; Design rules; Dissipative devices; Dissipative mechanisms; Dynamic behaviors; Elasto-plastic; Elastoplastic devices; Glass panes; Global response; Laminated glass; Mechanical parameters; Numerical results; Pre-tensioned cables; accuracy assessment; dynamic analysis; dynamic response; elastoplasticity; experimental study; loading; numerical model; structural analysis; structural response; tensile stress; wind velocity; Cables","","","C. Bedon; University of Trieste, Department of Civil Engineering and Architecture, 34127 Trieste, Piazzale Europa 1, Italy; email: chiara.bedon@phd.units.it","","","01410296","","ENSTD","","English","Eng. Struct.","Article","Final","","Scopus","2-s2.0-84858710403"
"Lee S.; Zhong G.; Lian C.; Correa D.","Lee, Sabrina (59419475200); Zhong, Gracey (59418971800); Lian, Catherine (59419056300); Correa, David (56108195000)","59419475200; 59418971800; 59419056300; 56108195000","Climate-responsive Hygroscopic: Wood Bilayers Programmed via Laser Modification","2024","Proceedings of the International Conference on Education and Research in Computer Aided Architectural Design in Europe","1","","","361","370","2","10.52842/conf.ecaade.2024.1.361","https://www.scopus.com/pages/publications/85209773472?origin=resultslist","University of Waterloo, Canada","Lee S., University of Waterloo, Canada; Zhong G., University of Waterloo, Canada; Lian C., University of Waterloo, Canada; Correa D., University of Waterloo, Canada","Wood is a hygroscopic material that experiences directional swelling when it undergoes changes in moisture content. This anisotropic property can induce bending in bilayer structures; a reaction that is usually undesired in building construction but is now being studied as a means of creating climate-responsive architectural systems. While there are extensive studies describing how to change the bending direction by altering wood grain orientation and composition during lamination or via 4D printing, there is no known method of modifying the curvature direction after the bilayer has been made. In this paper, laser cutting is presented as a novel post processing method that precisely and efficiently manipulates the directional swelling of commercially available bilayer wood composites. The documented tests in this paper utilize ¼” thick C4 PureBond Maple Plywood, which is made of a thicker, primary (active) layer of wood that is laminated between two thinner, secondary (constraining) layers of wood. When a conventional laser cutter is used to cut and engrave patterns on this pre-laminated material, unique curling deformations, including bi-directional curling, can be achieved. The architectural potential of the resulting bilayer tailoring mechanisms was demonstrated through the development of a proof-of-concept climate-responsive architectural facade system. Further exploration and refinement of this new method could significantly impact the commercial development of responsive facades by facilitating the mass use and customization of multi-directional climate-responsive mechanisms. This process will ultimately reduce costs and carbon consumption by taking advantage of readily available wood products’ innate material properties. © 2024, Education and research in Computer Aided Architectural Design in Europe. All rights reserved.","Anisotropic; Bilayer; Climate-responsive; Facades; Hygroscopic; Laser; Plywood; Wood","","","","","Kontovourkis O.; Phocas M.C.; Wurzer G.","Education and research in Computer Aided Architectural Design in Europe","26841843","978-949120737-2","","","English","Proc. Int. Conf. Educ. Res. Comput. Aided. Archit. Des. Eur.","Conference paper","Final","","Scopus","2-s2.0-85209773472"
"Zheng W.; Li Y.H.; Qu L.; Yuan G.","Zheng, WuJi (56597245700); Li, Ying Hui (55906195400); Qu, Liang (55906977400); Yuan, Guoqiang (56988473600)","56597245700; 55906195400; 55906977400; 56988473600","Dynamic envelope determination based on differential manifold theory","2017","Journal of Aircraft","54","5","","2003","2007","19","10.2514/1.C034258","https://www.scopus.com/pages/publications/85044304598?origin=resultslist","Air Force Engineering University, Xi'an, 710038, China; Department of Flight Control and Electrical Engineering, School of Aeronautics and Astronautics Engineering, United States","Zheng W., Air Force Engineering University, Xi'an, 710038, China, Department of Flight Control and Electrical Engineering, School of Aeronautics and Astronautics Engineering, United States; Li Y.H., Air Force Engineering University, Xi'an, 710038, China, Department of Flight Control and Electrical Engineering, School of Aeronautics and Astronautics Engineering, United States; Qu L., Air Force Engineering University, Xi'an, 710038, China, Department of Flight Control and Electrical Engineering, School of Aeronautics and Astronautics Engineering, United States; Yuan G., Air Force Engineering University, Xi'an, 710038, China, Department of Flight Control and Electrical Engineering, School of Aeronautics and Astronautics Engineering, United States","[No abstract available]","","","National Natural Science Foundation of China, NSFC, (61374145); National Natural Science Foundation of China, NSFC; National Basic Research Program of China (973 Program), (2015CB755805); National Basic Research Program of China (973 Program)","This study was cosupported by the National Key Basic Research Program of China (number 2015CB755805) and the National Natural Science Foundation of China (number 61374145).","","","American Institute of Aeronautics and Astronautics Inc.","00218669","","JAIRA","","English","J Aircr","Article","Final","","Scopus","2-s2.0-85044304598"
"Balocco C.; Gori V.; Marmonti E.; Citi L.","Balocco, Carla (6603095395); Gori, Virginia (55871123100); Marmonti, Enrico (55119575700); Citi, Luca (15623297800)","6603095395; 55871123100; 55119575700; 15623297800","Building-plant system energy sustainability. An approach for transient thermal performance analysis","2012","Energy and Buildings","49","","","443","453","2","10.1016/j.enbuild.2012.02.048","https://www.scopus.com/pages/publications/84861838567?origin=resultslist","Dipartimento di Energetica Sergio Stecco, Università di Firenze, Firenze, Italy; Massachusetts Institute of Technology, Cambridge, MA, United States","Balocco C., Dipartimento di Energetica Sergio Stecco, Università di Firenze, Firenze, Italy; Gori V., Dipartimento di Energetica Sergio Stecco, Università di Firenze, Firenze, Italy; Marmonti E., Dipartimento di Energetica Sergio Stecco, Università di Firenze, Firenze, Italy; Citi L., Massachusetts Institute of Technology, Cambridge, MA, United States","The aim of this research is to investigate the thermophysical behaviour of building envelope multi-layer components and assess the whole building-plant response. The investigation was carried out in two different phases. The first phase concerned the study of the dynamic response of building envelope multi-layer components, by providing an improved implementation of the present European Standard UNI EN ISO 13786:2008. The proposed method allows one to determine the transient thermophysical performance of opaque building components that are associated with a thermal zone maintained at constant or variable air temperature. The variable internal air temperature can be associated with experimental data. The second phase consisted of a transient analysis of the above thermal zone with a conditioning plant working. The building plant simulations were carried out by EnergyPlus software. The method proposed, based on European standards, is particularly useful in the perspective of the Certification of the Energy Performance of the building-plant system, required by the European Union. It can provide a useful tool for developing an abacus of different envelope multi-layer component performances in order to support design choices. © 2012 Elsevier B.V. All rights reserved.","Building thermal peak loads; Building-plant simulation; Energy sustainability; Thermal inertia; Transient thermal analysis","Atmospheric temperature; Dynamic response; Solar buildings; Thermoanalysis; Building-plant simulation; Energy sustainability; Thermal inertia; Thermal peaks; Transient thermal analysis; Building codes","","","C. Balocco; Dipartimento di Energetica Sergio Stecco, Università di Firenze, Firenze, Italy; email: carla.balocco@unifi.it","","","03787788","","ENEBD","","English","Energy Build.","Article","Final","","Scopus","2-s2.0-84861838567"
"Shen H.; Tzempelikos A.","Shen, Hui (57199934900); Tzempelikos, Athanasios (9039355700)","57199934900; 9039355700","Daylighting and energy analysis of private offices with automated interior roller shades","2012","Solar Energy","86","2","","681","704","148","10.1016/j.solener.2011.11.016","https://www.scopus.com/pages/publications/84855814331?origin=resultslist","School of Civil Engineering, Purdue University, West Lafayette, IN 47907, 550 Stadium Mall Dr., United States","Shen H., School of Civil Engineering, Purdue University, West Lafayette, IN 47907, 550 Stadium Mall Dr., United States; Tzempelikos A., School of Civil Engineering, Purdue University, West Lafayette, IN 47907, 550 Stadium Mall Dr., United States","This paper presents a comprehensive analysis to study the balance between daylighting benefits and energy requirements (control of solar gains) in perimeter private office spaces with interior roller shades taking into account glazing properties, shading properties and control together with window size, climate and orientation in an integrated daylighting and thermal manner. Daylight autonomy and useful daylight illuminances were computed as a function of façade design parameters. A thermal simulation module using the explicit finite difference thermal network approach runs at the same time step and calculates heating, cooling and lighting source energy consumption as well as surface temperatures and operative temperature. Based on the daylighting results, lighting internal gains (continuous dimming control) are simultaneously input to the thermal module. The model also considers the air in the gap between shade and interior glass as a separate thermal node. Detailed results for Chicago and Los Angeles showed that windows with visible transmittance higher than 50% have the ability to allow enough daylight into the space for all locations and orientations for window-to-wall ratios higher than 50%. Useful daylight illuminances between 500 and 1000 lux were considered in detail - it was found that this index can be maximized for specific window-to-wall ratios and that depends on the glazing properties and fabric properties for each orientation. Moreover, the complex interactions of the studied parameters and their impact on the heating, cooling and lighting energy performance revealed an interesting result: windows occupying 30-50% of the façade can actually result in lower total energy consumption for most cases with automated shading. This illustration of daylighting benefits can be realized only if the integration of daylighting and thermal climate-based analysis is modeled efficiently and depends on glazing and shading properties and control. Finally, best designs for each orientation and location were pointed out based on both daylighting and thermal results. © 2011 Elsevier Ltd.","Building simulation; Daylighting; Dynamic façades; Energy; Energy consumption; Roller shades","California; Chicago; Illinois; Los Angeles [California]; United States; Climate control; Computer simulation; Energy utilization; Glazes; Office buildings; Rollers (machine components); Solar energy; Walls (structural partitions); Building simulation; Chicago; Complex interaction; Comprehensive analysis; Daylighting benefits; Design parameters; Dimming control; Energy; Energy analysis; Energy performance; Energy requirements; Fabric properties; Finite difference; Los Angeles; Office space; Operative temperature; Roller shades; Solar gain; Surface temperatures; Thermal modules; Thermal network; Thermal simulations; Time step; Total energy consumption; Useful daylight illuminance; Visible transmittance; Window Size; Window-to-wall ratio; architectural design; automation; cooling; energy efficiency; fuel consumption; glass; heating; lightning; numerical model; renewable resource; shading; solar power; solar radiation; transmittance; workplace; Daylighting","U.S. Department of Energy, USDOE; Purdue Research Foundation","The authors would like to thank the US Department of Energy for funding this work through the Energy Innovation Hub (GPIC for Energy-Efficient Buildings) and the Purdue Research Foundation for the support. ","A. Tzempelikos; School of Civil Engineering, Purdue University, West Lafayette, IN 47907, 550 Stadium Mall Dr., United States; email: ttzempel@purdue.edu","","","0038092X","","SRENA","","English","Sol. Energy","Article","Final","","Scopus","2-s2.0-84855814331"
"Bishara A.; Kramberger H.","Bishara, Ayman (56317139100); Kramberger, Helge (55961090700)","56317139100; 55961090700","Hygrothermal Assessment of a Façade with ETICS Using Dynamic Monitoring and Numerical Simulation in a Real Case Study","2023","AIP Conference Proceedings","2918","1","020007","","","0","10.1063/5.0171316","https://www.scopus.com/pages/publications/85178051226?origin=resultslist","Dr. Robert-Murjahn-Institut (RMI), Industrie St. 12, Ober-Ramstadt, D-64372, Germany","Bishara A., Dr. Robert-Murjahn-Institut (RMI), Industrie St. 12, Ober-Ramstadt, D-64372, Germany; Kramberger H., Dr. Robert-Murjahn-Institut (RMI), Industrie St. 12, Ober-Ramstadt, D-64372, Germany","The trend towards the application of external thermal insulation composite systems (ETICS) on energy efficient façades under hot climatic conditions, is becoming increasingly important for energy saving in summer (summer heat protection). However, both the construction and the performance of the system should be investigated to ensure the functionality and the avoidance of damage. In this paper, the development and the functionality of ETICS as well as the analysis of measurement data for solving building-climatology challenging planning tasks in warm countries is presented. Related to the measurement data collected in a real case study, the results of a hydrothermal simulation tool are validated. Based on this, the use of thermal insulation under hot climatic conditions, for energy saving in summer, has been verified and the implementation into a simulation model is shown. For the verification of results, a case study in the campus of the American University in Ras al Khaimah (RAKRIC), in United Arab Emirates (UAE) was chosen, in which interior and exterior temperature and relative humidity values were measured. Even with the peculiarity of an irregular user behavior of the building, good accordance between measured and calculated values could be achieved. The optimized building design, facilitating a damage-free operation and a low building energy consumption, is presented in detail and essential optimization steps are discussed. Based on the analysis and evaluation of measurement data as well as the implementation of hygrothermal simulations, the presented study provides a guideline for planning of ETICS with respect to southern climate conditions. © 2023 American Institute of Physics Inc.. All rights reserved.","","","","","A. Bishara; Dr. Robert-Murjahn-Institut (RMI), Ober-Ramstadt, Industrie St. 12, D-64372, Germany; email: Ayman.bishara@dr-rmi.de","Matiasovsky P.; Cekon M.; Medved'� I.","American Institute of Physics Inc.","0094243X","","","","English","AIP Conf. Proc.","Conference paper","Final","","Scopus","2-s2.0-85178051226"
"Stazi F.; Vegliò A.; Di Perna C.; Munafò P.","Stazi, Francesca (26422608200); Vegliò, Ambra (45061127100); Di Perna, Costanzo (55904497600); Munafò, Placido (54385800600)","26422608200; 45061127100; 55904497600; 54385800600","Retrofitting using a dynamic envelope to ensure thermal comfort, energy savings and low environmental impact in Mediterranean climates","2012","Energy and Buildings","54","","","350","362","35","10.1016/j.enbuild.2012.07.020","https://www.scopus.com/pages/publications/84865622141?origin=resultslist","Università Politecnica Delle Marche, Facoltà di Ingegneria, Dipartimento di Ingegneria Civile, Edile e Architettura (DICEA), 60131 Ancona, Via Brecce Bianche, Italy; Dipartimento di Ingegneria Industriale e Scienze Matematiche, Facoltà di Ingegneria, Università Politecnica Delle Marche, 60131 Ancona, Via Brecce Bianche, Italy","Stazi F., Università Politecnica Delle Marche, Facoltà di Ingegneria, Dipartimento di Ingegneria Civile, Edile e Architettura (DICEA), 60131 Ancona, Via Brecce Bianche, Italy; Vegliò A., Università Politecnica Delle Marche, Facoltà di Ingegneria, Dipartimento di Ingegneria Civile, Edile e Architettura (DICEA), 60131 Ancona, Via Brecce Bianche, Italy; Di Perna C., Dipartimento di Ingegneria Industriale e Scienze Matematiche, Facoltà di Ingegneria, Università Politecnica Delle Marche, 60131 Ancona, Via Brecce Bianche, Italy; Munafò P., Università Politecnica Delle Marche, Facoltà di Ingegneria, Dipartimento di Ingegneria Civile, Edile e Architettura (DICEA), 60131 Ancona, Via Brecce Bianche, Italy","The paper presents an experimental and analytic study on multi-storey residential buildings without thermal insulation that were constructed before the introduction of energy saving standards (Italian Law 373/1976). Several activities were carried out to identify the optimal retrofit in terms of comfort, energy consumption and environmental impact: typological analysis of 70 buildings in the province of Macerata (Central Italy) and energy analysis of representative case studies; monitoring of a selected case study during summer and winter; thermal simulation of the building in dynamic conditions with EnergyPlus software and calibration of the virtual model by comparison with experimental results; parametric analyses to predict the effect of various retrofit solutions on comfort and energy consumption; environmental impact on the different solutions. It was possible to identify the optimal retrofit solutions for the external vertical and horizontal envelopes. The study showed that the most effective strategy is the insulation of the external vertical wall. The introduction of an external ventilated coating was found to be the optimal solution in a temperate climate. © 2012 Elsevier B.V. All rights reserved.","Adaptive comfort; Comparative life cycle assessment; Dynamic building envelope; Energy efficient retrofit; Environmental impact; Experimental study and parametric analyses; Ventilated insulation coating","Climatology; Coatings; Electric load forecasting; Energy efficiency; Energy utilization; Life cycle; Optimization; Retrofitting; Adaptive comfort; Building envelopes; Comparative life cycle assessment; Energy efficient; Insulation coatings; Parametric analysis; Environmental impact","","","F. Stazi; Università Politecnica Delle Marche, Facoltà di Ingegneria, Dipartimento di Ingegneria Civile, Edile e Architettura (DICEA), 60131 Ancona, Via Brecce Bianche, Italy; email: f.stazi@univpm.it","","","03787788","","ENEBD","","English","Energy Build.","Article","Final","","Scopus","2-s2.0-84865622141"
"Ip K.; Lam M.; Miller A.","Ip, Kenneth (7006315597); Lam, Marta (35074399100); Miller, Andrew (57217414264)","7006315597; 35074399100; 57217414264","Shading performance of a vertical deciduous climbing plant canopy","2010","Building and Environment","45","1","","81","88","167","10.1016/j.buildenv.2009.05.003","https://www.scopus.com/pages/publications/70249119591?origin=resultslist","Centre for Sustainability of the Built Environment, School of Environment and Technology, University of Brighton, Brighton, East Sussex, Cockcroft Building, Lewes Road, BN2 4GJ, United Kingdom","Ip K., Centre for Sustainability of the Built Environment, School of Environment and Technology, University of Brighton, Brighton, East Sussex, Cockcroft Building, Lewes Road, BN2 4GJ, United Kingdom; Lam M., Centre for Sustainability of the Built Environment, School of Environment and Technology, University of Brighton, Brighton, East Sussex, Cockcroft Building, Lewes Road, BN2 4GJ, United Kingdom; Miller A., Centre for Sustainability of the Built Environment, School of Environment and Technology, University of Brighton, Brighton, East Sussex, Cockcroft Building, Lewes Road, BN2 4GJ, United Kingdom","Deciduous climbing plant canopies strategically integrated to building façades can act as dynamic solar shading devices responsive to the seasonal climatic changes. Maximum shading occurs in the summer when the plant is at its peak growth. The shedding of leaves in autumn and winter reduces the shading and allows beneficial solar radiation to be absorbed by the opaque surface of the building façade or penetrated through the windows to the building interior. Although climbing plants have long been used for moderating the microclimate of buildings, there are very few scientific investigations to quantify such effects. This paper reports the findings of a study with specific focus on the shading performance of a vertical deciduous climbing plant canopy. It justifies the selection of Virginia Creeper as an appropriate plant for growth in the UK climate and describes the planting, monitoring and analysis procedures adopted to determine a proposed dynamic Bioshading Coefficient Function - which is used to represent the shading performance of the climbing plant canopy over its annual growing and wilting cycle. A thermal model was developed which identified the key parameters required for establishing the Bioshading Coefficients. Two climbing plant canopies (referred to as Bioshaders) were set up in an existing building in Southeast UK and monitored for 2 years. Measured data were used to calculate a series of daily Bioshading Coefficients which were subsequently applied to establish the Bioshading Coefficient Function. The research also identified issues affecting the indoor environment as a result of the application of Bioshaders. © 2009 Elsevier Ltd. All rights reserved.","Bioshading Coefficient, Bioshader; Deciduous climbing plant canopy; External shading device; Shading coefficient","Eurasia; Europe; United Kingdom; Western Europe; Parthenocissus quinquefolia; Agriculture; Sun; A-thermal; Bioshading Coefficient, Bioshader; Climatic changes; Coefficient functions; Deciduous climbing plant canopy; Existing building; External shading device; Indoor environment; Key parameters; Measured data; Monitoring and analysis; Opaque surfaces; Plant canopies; Scientific investigation; Shading coefficient; Solar shadings; Virginia; building; canopy; climate change; climbing plant; microclimate; shading; solar radiation; Buildings","School of Environment and Technology of University of Brighton","This research work was funded by the School of Environment and Technology of University of Brighton. The authors would also like to express their gratitude for sponsorship of the metallic framework from Jakob ® , UK.","K. Ip; Centre for Sustainability of the Built Environment, School of Environment and Technology, University of Brighton, Brighton, East Sussex, Cockcroft Building, Lewes Road, BN2 4GJ, United Kingdom; email: k.ip@brighton.ac.uk","","","03601323","","BUEND","","English","Build. Environ.","Article","Final","","Scopus","2-s2.0-70249119591"
"LaFrance J.T.; Barney L.D.","LaFrance, Jeffrey T. (6601962551); Barney, L.Dwayne (8702292200)","6601962551; 8702292200","The envelope theorem in dynamic optimization","1991","Journal of Economic Dynamics and Control","15","2","","355","385","45","10.1016/0165-1889(91)90018-V","https://www.scopus.com/pages/publications/0000345064?origin=resultslist","Montana State University, Bozeman, MT 59717, United States; Boise State University, Boise, ID 83725, United States","LaFrance J.T., Montana State University, Bozeman, MT 59717, United States; Barney L.D., Boise State University, Boise, ID 83725, United States","The dynamic envelope theorem is presented for optimal control problems with nondifferential constraints. Some of these constraints may switch from binding to nonbinding, or vice versa, along the optimal path. Twice continuous differentiability of the optimal performance function and intertemporal symmetry and reciprocity conditions are shown to follow from the envelope theorem and twice continuous differentiability of the integrand, state equations, and constraints. Conditions implying convexity or concavity of the optimal performance function in the parameters are derived. Dynamic versions of Hotelling's Lemma, Roy's Identity, and the Slutsky equation are presented for an intertemporal consumption problem. © 1991.","","","North Carolina State University, NCSU","*Part of this research was completed while the first author was visiting the Department of Economics and Business at North Carolina State University/The support of North Carolina State University is gratefully acknowledged. The comments of Bruce Beattie, Mike Caputo, Jim Hess, and two anonymous reviewers are greatly appreciated/As usual, however, any remaining errors are our responsibility. A contribution of the Montana Agricultural Experiment Station, Journal Series number 2418.","","","","01651889","","JEDCD","","English","J. Econ. Dyn. Control","Article","Final","All Open Access; Green Open Access","Scopus","2-s2.0-0000345064"
"Dąbrowska-żółtak K.; Kwieciński K.; Oszczyk J.","Dąbrowska-żółtak, Karolina (57366408300); Kwieciński, Krystian (44861430700); Oszczyk, Jakub (59418890400)","57366408300; 44861430700; 59418890400","Maximizing Solar Energy Harvesting of the Kinetic Photovoltaic System","2024","Proceedings of the International Conference on Education and Research in Computer Aided Architectural Design in Europe","1","","","283","290","0","10.52842/conf.ecaade.2024.1.283","https://www.scopus.com/pages/publications/85209791827?origin=resultslist","Warsaw University of Technology, Poland","Dąbrowska-żółtak K., Warsaw University of Technology, Poland; Kwieciński K., Warsaw University of Technology, Poland; Oszczyk J., Warsaw University of Technology, Poland","This study presents a methodfor analyzing the energy efficiency of photovoltaic (PV) panels in various configurations, including static, single-axis, and dual-axis tracking systems, specifically applied to canopies. Focusing on a selected location in Central Europe — Warsaw (52°13r N), the research utilizes numerica! analyses and local weather data to understand the energy gains from these systems by considering their orientation and the sun's path throughout the nyear. Key findings indicate the energy increase for each of analyzed tracking system compared to static flat panels, demonstrating the closeness of the results obtained in the case of appropriately selected single-axis versus dual-axis systems. This research contributes to optimizing the use of PV panels on canopies in renewable energy for centra! Europe, offering valuable insights for professionals in the field. © 2024, Education and research in Computer Aided Architectural Design in Europe. All rights reserved.","Kinetic Architecture; Photovoltaic; Solar Tracking System","","","","","Kontovourkis O.; Phocas M.C.; Wurzer G.","Education and research in Computer Aided Architectural Design in Europe","26841843","978-949120737-2","","","English","Proc. Int. Conf. Educ. Res. Comput. Aided. Archit. Des. Eur.","Conference paper","Final","","Scopus","2-s2.0-85209791827"
"Fordham C.","Fordham, Clifton (57217153341)","57217153341","Richard neutra and the history of the vertical louvered solar control system","2018","Building Knowledge, Constructing Histories","1","","","637","642","1","10.1201/9780429506208-81","https://www.scopus.com/pages/publications/85086487453?origin=resultslist","Temple University, Philadelphia, United States","Fordham C., Temple University, Philadelphia, United States","Solar control strategies involving exterior shading devices were commonly utilized by architects practicing in America immediately after World War II. By the mid-fifties as central air-conditioning became the default for larger buildings, architects largely abandoned form based solar-control strategies in lieu of window treatments for light control. This paper traces the development, in which Richard Neutra is a central figure, of an innovative movable vertical louver shading system that controlled heat gain and regulated glare. The system which was both ornamental and functional is largely unknown to current building design professionals. Early versions of the system were manually adjusted, and the mature system automated and linked to sensors. The last of the buildings to contain the system in the United States before its disappearance in before 1970 were rare examples of high-tech kinetic architecture. A limited revival of the system has resulted from a renewed interest in solar control outside of the building envelope. © 2018 6ICCH, Brussels, Belgium.","1940s to 1950s; Louvers; Shading; United States","Air conditioning; Military operations; Building design; Building envelopes; Central air-conditioning; Kinetic architectures; Shading devices; Shading systems; Solar control; Solar control system; Architectural design","","","","Wouters I.; Van de Voorde S.; Bertels I.; Espion B.; De Jonge K.; Zastavni D.","CRC Press/Balkema","","978-113858414-3","","","English","Build. Knowl., Construct. Hist. - Proc. Int. Congr. Construct. Hist.","Conference paper","Final","","Scopus","2-s2.0-85086487453"
"Ishii M.; Okushima L.; Moriyama H.; Sase S.; Fukuchi N.; Maruo T.; Both A.J.","Ishii, M. (15131522800); Okushima, L. (56246876900); Moriyama, H. (15078147700); Sase, S. (7003581477); Fukuchi, N. (57188731797); Maruo, T. (7103049262); Both, A.J. (13406412100)","15131522800; 56246876900; 15078147700; 7003581477; 57188731797; 7103049262; 13406412100","Evaluating environmental conditions in open-roof greenhouses","2017","Acta Horticulturae","1170","","","897","904","0","10.17660/ActaHortic.2017.1170.115","https://www.scopus.com/pages/publications/85029605831?origin=resultslist","National Institute for Rural Engineering, National Agricultural and Food Research Organization (NARO), Ibaraki, Japan; College of Bioresource Sciences, Nihon University, Kanagawa, Japan; Chiba Prefectural Agriculture and Forestry Research Center, Chiba, Japan; Graduate School of Horticulture, Chiba University, Chiba, Japan; Department of Environmental Sciences, Rutgers University, NJ, United States","Ishii M., National Institute for Rural Engineering, National Agricultural and Food Research Organization (NARO), Ibaraki, Japan; Okushima L., National Institute for Rural Engineering, National Agricultural and Food Research Organization (NARO), Ibaraki, Japan; Moriyama H., National Institute for Rural Engineering, National Agricultural and Food Research Organization (NARO), Ibaraki, Japan; Sase S., College of Bioresource Sciences, Nihon University, Kanagawa, Japan; Fukuchi N., Chiba Prefectural Agriculture and Forestry Research Center, Chiba, Japan; Maruo T., Graduate School of Horticulture, Chiba University, Chiba, Japan; Both A.J., Department of Environmental Sciences, Rutgers University, NJ, United States","Typical cooling methods for greenhouses include natural and mechanical ventilation, shading and evaporative cooling. For natural ventilation systems, larger vent openings often improve the ventilation performance. Open-roof greenhouses have particularly large vent openings. The effects of vent design on natural ventilation and the resulting temperature difference between the inside and outside environments of a conventional and two different open-roof greenhouse designs were studied experimentally during the summer and autumn. The roof vent designs investigated were: a conventional arched-roof vent type (AVT), roof sections hinging at the gutters and opening at the ridge (RV), and roof sections sliding on a lattice beam and opening at the gutter (GV). When the roof vents were fully opened in the RV and GV, the inside air temperatures were consistently significantly lower compared to the fully opened roof vent of the AVT. In addition, three different light conditions for open-roof greenhouses (GV) were investigated using no shading (Control), 50% shading and 100% shading (using typical internal and movable greenhouse shading screen materials). When the roof vents were fully open under either 50 or 100% shading, the resulting inside air temperatures were higher than the Control. Moreover, the wet-bulb globe temperature (WBGT, environmental heat stress index on humans) under 100% shading was significantly higher than under the 50% shading and Control. These results confirmed that the restricted ventilation due to the 100% shading was ineffective in reducing the air temperature in an open-roof greenhouse during high light and air temperature conditions. In addition, two cooling methods were examined: Control and 100% shading combined with fogging. For the latter, the resulting air temperature was lower and relative humidity was higher than the Control. Future work will hopefully result in an environmental control system for solar radiation, temperature, relative humidity, and carbon dioxide concentrations inside open-roof greenhouses. © 2017 ISHS.","Air temperature; Evaporative cooling; Natural ventilation; Shading; Wet-bulb globe temperature","","","","","Silva L.L.; Meneses J.F.; Baptista F.J.","International Society for Horticultural Science","05677572","978-946261166-5","","","English","Acta Hortic.","Conference paper","Final","","Scopus","2-s2.0-85029605831"
"Patania F.; Gagliano A.; Nocera F.; Ferlito A.; Galesi A.","Patania, F. (6603949765); Gagliano, A. (7003725643); Nocera, F. (7004439906); Ferlito, A. (36011501200); Galesi, A. (22984641900)","6603949765; 7003725643; 7004439906; 36011501200; 22984641900","Thermofluid-dynamic analysis of ventilated facades","2010","Energy and Buildings","42","7","","1148","1155","92","10.1016/j.enbuild.2010.02.006","https://www.scopus.com/pages/publications/77951112026?origin=resultslist","Department of Ingegneria Industriale e Meccanica D.I.I.M., Faculty of Engineering, University of Catania, 95125 Catania, Viale A. Doria n.6, Italy","Patania F., Department of Ingegneria Industriale e Meccanica D.I.I.M., Faculty of Engineering, University of Catania, 95125 Catania, Viale A. Doria n.6, Italy; Gagliano A., Department of Ingegneria Industriale e Meccanica D.I.I.M., Faculty of Engineering, University of Catania, 95125 Catania, Viale A. Doria n.6, Italy; Nocera F., Department of Ingegneria Industriale e Meccanica D.I.I.M., Faculty of Engineering, University of Catania, 95125 Catania, Viale A. Doria n.6, Italy; Ferlito A., Department of Ingegneria Industriale e Meccanica D.I.I.M., Faculty of Engineering, University of Catania, 95125 Catania, Viale A. Doria n.6, Italy; Galesi A., Department of Ingegneria Industriale e Meccanica D.I.I.M., Faculty of Engineering, University of Catania, 95125 Catania, Viale A. Doria n.6, Italy","Ventilated facades can be used in cases of renovation of existing buildings and new buildings to improve both the thermal performance of building, and external architectural skin. The energy advantage provided by the ventilated facades during the summer is the reduction of the heat load due to the combined effect of the shading of the external wall and the air flow caused by natural convection into the heated duct. The evaluation of ventilated facade performance requires a complete thermofluid-dynamic analysis of a ventilated air duct and an accurate knowledge of heat transfer coefficients, friction factors and thermo-physical properties of the materials. The Authors have used the computer code ""Fluent"" to investigate the thermal behaviour of three different typologies of ventilated facades. The aim of this research is to show an analytical method for design applications able to provide all the useful criteria for choosing the most suitable ventilated facades both in case of forced convection, due to the action of a fan, and natural convection due to stack effect. © 2010 Elsevier B.V. All rights reserved.","Energy saving; Forced convection; Natural convection; Ventilated facades","Computer crime; Dynamic analysis; Energy conservation; Facades; Forced convection; Heat transfer; Materials properties; Natural convection; Air ducts; Air flow; Analytical method; Combined effect; Computer codes; Design applications; Energy saving; Existing building; External walls; Friction factors; Heat loads; Stack effect; Thermal behaviours; Thermal performance of buildings; Thermo-fluid-dynamic analysis; Thermo-physical property; Ventilation","","","A. Gagliano; Department of Ingegneria Industriale e Meccanica D.I.I.M., Faculty of Engineering, University of Catania, 95125 Catania, Viale A. Doria n.6, Italy; email: agagliano@diim.unict.it","","","03787788","","ENEBD","","English","Energy Build.","Article","Final","","Scopus","2-s2.0-77951112026"
"D'Anna F.; Sciortino A.; Scrofani O.","D'Anna, F. (26867599600); Sciortino, A. (57195616094); Scrofani, O. (55779452100)","26867599600; 57195616094; 55779452100","An innovative greenhouse with complete roof opening and external movable shading","2003","Acta Horticulturae","614","","","365","372","4","10.17660/ActaHortic.2003.614.55","https://www.scopus.com/pages/publications/77954110421?origin=resultslist","I.TE.S. Consortium, Palermo, Via Libertà, 203, Italy","D'Anna F., I.TE.S. Consortium, Palermo, Via Libertà, 203, Italy; Sciortino A., I.TE.S. Consortium, Palermo, Via Libertà, 203, Italy; Scrofani O., I.TE.S. Consortium, Palermo, Via Libertà, 203, Italy","This work concerns the first stage of a research whose goal is to realize an effective temperature and moisture reduction inside greenhouses by combining the removal of the plastic film cover from the roof to an inexpensive variable shading stretched above it. Besides describing the systems developed for both the above cases, this work examines in detail the difficulties related to a correct roof opening. The mechanism allows rolling of the plastic film on two tubes located on the external sides and extending along the entire length of the greenhouse Through the rotation of the tube, provided by an electrical motoreducer, the greenhouse opens into two halves along its whole length, from the ridge towards the lateral walls. The roof closing is ensured by an internal tube driven by a steel cable and the same motoreducer. A movable shading system is obtained by means of an automatic cloth roll which moves up and down over an external carrying structure. Both automatic systems have been installed in a greenhouse structure and are now being tested.","Plastic film; Protected cultivation; Ventilation","","","","","","International Society for Horticultural Science","05677572","978-906605300-7","","","English","Acta Hortic.","Conference paper","Final","","Scopus","2-s2.0-77954110421"
"Tufano L.; Scorpio M.; Andreozzi B.; Carola A.; Donisi M.; Rosato A.; Ciampi G.","Tufano, Luigi (58623828000); Scorpio, Michelangelo (55893596900); Andreozzi, Benito (59391233400); Carola, Alfonso (59391907100); Donisi, Marco (59391736000); Rosato, Antonio (23467776900); Ciampi, Giovanni (55767442200)","58623828000; 55893596900; 59391233400; 59391907100; 59391736000; 23467776900; 55767442200","Influence of Italian Climatic Conditions on Performance of a 3D Printed Building Second-Skin Façade with 20% Gyroid Filling: Simulation Assessment","2024","International Journal of Design and Nature and Ecodynamics","19","5","","1491","1499","1","10.18280/ijdne.190503","https://www.scopus.com/pages/publications/85207964682?origin=resultslist","Department of Architecture and Industrial Design, University of Campania Luigi Vanvitelli, Built Environment Control Laboratory RIAS, Aversa, 81031, Italy; Cosmind s.r.l., Limatola, 82030, Italy","Tufano L., Department of Architecture and Industrial Design, University of Campania Luigi Vanvitelli, Built Environment Control Laboratory RIAS, Aversa, 81031, Italy; Scorpio M., Department of Architecture and Industrial Design, University of Campania Luigi Vanvitelli, Built Environment Control Laboratory RIAS, Aversa, 81031, Italy; Andreozzi B., Department of Architecture and Industrial Design, University of Campania Luigi Vanvitelli, Built Environment Control Laboratory RIAS, Aversa, 81031, Italy; Carola A., Cosmind s.r.l., Limatola, 82030, Italy; Donisi M., Cosmind s.r.l., Limatola, 82030, Italy; Rosato A., Department of Architecture and Industrial Design, University of Campania Luigi Vanvitelli, Built Environment Control Laboratory RIAS, Aversa, 81031, Italy; Ciampi G., Department of Architecture and Industrial Design, University of Campania Luigi Vanvitelli, Built Environment Control Laboratory RIAS, Aversa, 81031, Italy","This study evaluates the influence of Italian climatic conditions on the performance of a 3D-printed Second-Skin Façade (SSF) installed as a retrofit action for office buildings. In particular, this paper first evaluates the thermal properties of a 3D-printed ASA (Acrylonitrile Styrene Acrylate) sample using the Hot Disk Thermal Constants Analyser TPS 1000. Then, various case studies, where a Second-Skin Façade is installed using the 3D-printed ASA material as the outer layer, were modeled in the dynamic simulation software TRNSYS 18. The study considers a typical Italian office building in four Italian cities under different climatic zones. The analysis is carried out in terms of primary energy savings, reduction of carbon dioxide equivalent emissions, and visual comfort. The results allowed to estimate the potential benefits with respect to the reference case without the SSF, as well as the performance of the investigated material when integrated in an SSF system upon varying the boundary conditions. The simulation results indicated that the proposed SSF system can reduce the primary energy consumption (up to 17.8%), significantly decrease the equivalent CO2 emissions (up to 30.8 tCO2,eq), and improve the visual comfort (UDIuseful values up to 95.4%). ©2024 The authors.","additive manufacturing; building energy efficiency; dynamic shading; TRNSYS; ventilated façade","","AssessmeNt of innovative Textile; Università degli Studi della Campania Luigi Vanvitelli; DANTEHUM, (B63C23000650005); NextGenerationEU, NGEU, (DM 352/2022, B31J22000450006); NextGenerationEU, NGEU","For the publication of this article, the authors would like to thank: (i) the \u201CBando di Ateneo per il finanziamento di progetti di ricerca fondamentale ed applicata dedicato ai giovani Ricercatori\u201D of the University of Campania Luigi Vanvitelli (Italy), Project title: \u201CDesign and AssessmeNt of innovative Textile and 3D-printEd systems for HUMan-centered spaces\u201D\u2014DANTEHUM, CUP: B63C23000650005, (ii) the Next Generation EU funded PNRR PhD Program, Italian DM 352/2022, CUP: B31J22000450006, mission: \u201CM4C2\u201D, investment type and scholarship category: \u201CI.3.3 innovativi\u201D, scholarship code: DOT22B2TTX.","L. Tufano; Department of Architecture and Industrial Design, University of Campania Luigi Vanvitelli, Built Environment Control Laboratory RIAS, Aversa, 81031, Italy; email: luigi.tufano@unicampania.it","","International Information and Engineering Technology Association","17557437","","","","English","Int. J. Des. Nat. ecodyn.","Article","Final","All Open Access; Hybrid Gold Open Access","Scopus","2-s2.0-85207964682"
"Amadio C.; Bedon C.","Amadio, Claudio (13004727300); Bedon, Chiara (57217221032)","13004727300; 57217221032","Viscoelastic spider connectors for the mitigation of cable-supported façades subjected to air blast loading","2012","Engineering Structures","42","","","190","200","59","10.1016/j.engstruct.2012.04.023","https://www.scopus.com/pages/publications/84861569230?origin=resultslist","University of Trieste, DICAR, Department of Civil Engineering and Architecture, 34127 Trieste, Piazzale Europa 1, Italy","Amadio C., University of Trieste, DICAR, Department of Civil Engineering and Architecture, 34127 Trieste, Piazzale Europa 1, Italy; Bedon C., University of Trieste, DICAR, Department of Civil Engineering and Architecture, 34127 Trieste, Piazzale Europa 1, Italy","The paper investigates the behavior of a cable-supported glazing façade subjected to high-level and medium-level air blast loads. To describe realistically the dynamic response of the studied system, nonlinear dynamic analyses were performed using a sophisticated FE-model (M01). This model, opportunely calibrated to dynamic experimental and numerical results on previous efforts, was used to highlight the criticalities of the façade with "" rigid"" spider connectors (RSCs). Since the glass panels and the cables are subjected to elevated tensile stresses when an explosion occurs, viscoelastic spider connectors (VESCs) are presented to improve the global response of the glass-steel curtain wall, and their structural benefits are investigated (M02 FE-model). As a result, maximum tensile stresses in glass panes and in pretensioned cables appear strongly reduced. At the same time, the proposed dissipative spiders do not trouble the esthetics of such transparent structural systems. At last, by means of an energy-based approach, design rules are proposed to estimate the response of the cable-supported façade subjected to dynamic loads of generic intensity and to calibrate the mechanical parameters characterizing the proposed VESCs. © 2012 Elsevier Ltd.","Air blast load; Cable-supported glazing façade; Energy approach; Spider connectors; Viscoelastic devices","Araneae; Aerodynamic loads; Dynamic response; Glass; Glazes; Tensile stress; Air blast; Curtain walls; Design rules; Energy approach; Glass panels; Glass panes; Global response; Mechanical parameters; Numerical results; Pre-tensioned cables; Structural systems; Viscoelastic devices; dynamic analysis; loading; mitigation; structural response; tensile stress; viscoelasticity; Cables","","","C. Bedon; University of Trieste, DICAR, Department of Civil Engineering and Architecture, 34127 Trieste, Piazzale Europa 1, Italy; email: chiara.bedon@phd.units.it","","","01410296","","ENSTD","","English","Eng. Struct.","Article","Final","","Scopus","2-s2.0-84861569230"
"Knittel G.","Knittel, Günter (6701372742)","6701372742","A scalable architecture for volume rendering","1995","Computers and Graphics","19","5","","653","665","2","10.1016/0097-8493(95)00044-5","https://www.scopus.com/pages/publications/58149363285?origin=resultslist","Wilhelm-Schickard-Institut für Informatik, Graphisch-Interaktive Systeme (WSI/GRIS), University of Tübingen, D-72076 Tübingen, Auf der Morgenstelle 10, C9, Germany","Knittel G., Wilhelm-Schickard-Institut für Informatik, Graphisch-Interaktive Systeme (WSI/GRIS), University of Tübingen, D-72076 Tübingen, Auf der Morgenstelle 10, C9, Germany","We describe the operational principles of a scalable hardware accelerator for volume rendering. The basic philosophy is to provide an atomic unit which already provides sophisticated volume graphics at interactive rendering speed. Realtime speed can then be achieved by operating multiple units in parallel. The basic unit consists of just four VLSI chips and the volume memory and thus meets the requirements of a small size and low costs. Nevertheless, it provides arbitrary perspective projections (e.g. for walk-throughs), Phong shading, a freely moveable light source, depth-cueing and interactive, non-binary classification (semi-transparent display) at a frame rate of about 2.5 Hz for 2563 data sets. © 1995.","","","German Science Foundation DFG","Acknowledgements-This work was supervised by Professor StraBer and was done for research project SFB 328, funded by ,:he German Science Foundation DFG. Thanks to Reirthard Klein and Andreas Schilling for their numerous valuable suggestions.","G. Knittel; Wilhelm-Schickard-Institut für Informatik, Graphisch-Interaktive Systeme (WSI/GRIS), University of Tübingen, D-72076 Tübingen, Auf der Morgenstelle 10, C9, Germany; email: knittel@gris.informatik.uni-tuebingen.de","","","00978493","","COGRD","","English","Comput Graphics (Pergamon)","Article","Final","","Scopus","2-s2.0-58149363285"
"Arauz R.; Filipov E.; Fascetti A.; Clifford D.T.; Brigham J.C.","Arauz, Rodrigo (58246945200); Filipov, Evgeni (39361375000); Fascetti, Alessandro (56490518100); Clifford, Dale T. (56761940100); Brigham, John C. (35809956500)","58246945200; 39361375000; 56490518100; 56761940100; 35809956500","Evaluation of a Kirigami-inspired double-skin adaptive façade for natural ventilation and solar harvesting to enhance indoor environment and energy performance","2024","Energy and Buildings","324","","114927","","","11","10.1016/j.enbuild.2024.114927","https://www.scopus.com/pages/publications/85207023604?origin=resultslist","Civil and Environmental Engineering, University of Pittsburgh, Pittsburgh, 15261, PA, United States; Civil and Environmental Engineering, University of Michigan, Ann Arbor, 48109, MI, United States; College of Architecture and Environmental Design, California Polytechnic State University, San Luis Obispo, 93405, CA, United States","Arauz R., Civil and Environmental Engineering, University of Pittsburgh, Pittsburgh, 15261, PA, United States; Filipov E., Civil and Environmental Engineering, University of Michigan, Ann Arbor, 48109, MI, United States; Fascetti A., Civil and Environmental Engineering, University of Pittsburgh, Pittsburgh, 15261, PA, United States; Clifford D.T., College of Architecture and Environmental Design, California Polytechnic State University, San Luis Obispo, 93405, CA, United States; Brigham J.C., Civil and Environmental Engineering, University of Pittsburgh, Pittsburgh, 15261, PA, United States","A novel kirigami-inspired design concept for an environmentally responsive adaptive façade is presented and evaluated for the objectives of solar energy harvesting and adaptive ventilation through controllable surface orientation and opening. The concept is a double-skin façade where the outer skin includes a straight cut kirigami-inspired adaptive component. Controllable actuation of the kirigami-inspired section opens the outer skin for ventilation while also changing the orientation of the outer surface for solar tracking. The primary objective of this study is to evaluate the potential benefits for this concept integrated within a building façade for solar energy harvesting, air changes, and indoor temperature control. As such, a computational study is used to estimate the proposed facade concept's performance within various generalized building-environment scenarios. The methodology is detailed to computationally estimate the potential environmental performance of this concept with respect to solar harvesting with adhered solar panels, as well as air changes and HVAC cost for associated interior spaces. The example scenarios include various building components, from a single room to multiple building stories, and two geographic locations with significantly different environmental conditions, and both daily and yearly performance estimates are shown. The component is most effective when the outdoor temperature is near to the desired indoor temperature and wind speeds are mild, but can still reduce HVAC usage for more disparate temperatures. For example, in the scenarios shown the component can eliminate HVAC use for a 5°C difference between outdoor and indoor temperature and reduces HVAC usage for temperature differences up to 15°C. Moreover, the component has the potential to significantly increase net energy generation, with yearly performance estimated for the scenarios to be as much as 25% greater than that of a flat closed façade. However, the component cut parameters can have a significant impact on environmental performance, and thus require careful design consideration. © 2024 Elsevier B.V.","Energy cost; Energy generation; Environmental performance; Kirigami-inspired façade; Natural ventilation; Real-scale scenarios; Solar irradiance","Indoor air pollution; Solar heating; Space heating; Energy cost; Energy generations; Environmental performance; Kirigami-inspired facade; Natural ventilation; Performance; Real-scale scenario; Solar energy harvesting; Solar harvesting; Solar irradiances; HVAC","National Science Foundation, NSF, (2332246, 2329758)","This material is based upon work supported by the National Science Foundation under Grant No. 2332246 and Grant No. 2329758 ","R. Arauz; Civil and Environmental Engineering, University of Pittsburgh, Pittsburgh, 15261, United States; email: raa177@pitt.edu","","Elsevier Ltd","03787788","","ENEBD","","English","Energy Build.","Article","Final","","Scopus","2-s2.0-85207023604"
"Krundyshev K.; Haezrahi E.; Krundyshev B.","Krundyshev, Konstantin (57207854229); Haezrahi, Ethan (57207855087); Krundyshev, Boris (57193262709)","57207854229; 57207855087; 57193262709","Kinetic principles of dynamic architecture and housing","2017","International Multidisciplinary Scientific GeoConference Surveying Geology and Mining Ecology Management, SGEM","17","63","","829","936","0","10.5593/sgem2017H/63/S27.115","https://www.scopus.com/pages/publications/85063105240?origin=resultslist","Moscow Central Research and Design Institute for Residential Construction, Russian Federation; Università degli studi di Trieste, Italy; Saint-Petersburg Mining University, Russian Federation","Krundyshev K., Moscow Central Research and Design Institute for Residential Construction, Russian Federation; Haezrahi E., Università degli studi di Trieste, Italy; Krundyshev B., Saint-Petersburg Mining University, Russian Federation","The dynamic architecture is not only the architecture of the movement as such, associated only with a spatial object changes, but also the architecture with qualitative changes occurring in time. Thus the concept of dynamic architecture does not exclude principles of permanence and stability. With the development of computer technology it became possible to create the complex structures that contain information about variable spatial configurations determined by different conditions. In the end, the architectural object, getting into a new field, generating evolutionary transformation and reaches the steady state. This process may be cyclic or acyclic in nature. But first and foremost, dynamic architecture aims to dialogue with man and the natural context. This approach ensures the creation of not just the architectural object, but ""living space"" in General. Architecture of the future must meet all the requirements of the person and dynamically change along with our society and its needs. One of the architectural trends of the future is dynamic or kinetic architecture. Kinetic architecture is one of the newest and most interesting areas of architecture. This term can be explained as the movement of an object or group of objects under the influence of natural forces. Based on the consideration received major coverage of the dynamic properties of architecture in the paper we note the need to move beyond the techniques and to evaluate aspects such as the dynamics of age-related needs of the person with ways of reflecting this momentum in the kinetic architecture of gerontology. Form of implementation of the kinetic principles is architectural kinetic gerontology which can serve as the introduction of a system of social institutions – homes for the elderly in the structure of the cities. While great importance is dedicated to the organic integration with the whole diversity of life and exclusion of segregation or differentiation feelings of any population group in society, including and disregarding on the age and physical criteria. © SGEM2017 All rights reserved.","Adaptation of space; Dynamics of needs; Home; Integration; Kinetic architecture; Kinetic gerontology; Nature; Variable spatial configurations","Geriatrics; Integration; Kinetics; Adaptation of space; Home; Kinetic architectures; Nature; Spatial configuration; Memory architecture","","","","","International Multidisciplinary Scientific Geoconference","13142704","978-619740826-3","","","English","Int. Multidisciplinary Sci. Geoconf. Surveying Geology Mining Ecology Manage., SGEM","Conference paper","Final","","Scopus","2-s2.0-85063105240"
"Chaturvedi P.; Kumar N.; Lamba R.; Nachan P.","Chaturvedi, Pushpendra (58769723900); Kumar, Nand (57209158242); Lamba, Ravita (55943560100); Nachan, Pushkar (59557312000)","58769723900; 57209158242; 55943560100; 59557312000","MULTI-OBJECTIVE OPTIMIZATION OF BUILDING ENVELOPE FOR DAYLIGHT AND ENERGY PERFORMANCE IN HOT AND DRY INDIAN CLIMATE","2024","Proceedings - ISES Solar World Congress 2023, SWC 2023","","","","493","501","0","10.18086/swc.2023.06.04","https://www.scopus.com/pages/publications/85217816030?origin=resultslist","Malaviya National Institute of Technology, Jaipur, India","Chaturvedi P., Malaviya National Institute of Technology, Jaipur, India; Kumar N., Malaviya National Institute of Technology, Jaipur, India; Lamba R., Malaviya National Institute of Technology, Jaipur, India; Nachan P., Malaviya National Institute of Technology, Jaipur, India","The climate-responsive envelope design is the principal component for maintaining the indoor environment. This research presents a multi-objective optimization (MOO) approach to evaluate visual comfort and energy performance. A hypothetical building plan situated in the hot and dry climate of Ahmedabad (23.07° N, 72.63° E), India is chosen as a case study. The optimization was initiated with a Rhinoceros Grasshopper, and the Octopus plugin was used to perform optimization. Spatial Daylight Autonomy (sDA), Spatial Glare Autonomy (sGA), and Energy Use Intensity (EUI) were taken as performance objectives. The design variables such as wall window ratio (WWR), window height, shading configuration, window assembly, wall materials, aspect ratio, building form, and orientation are integrated into the optimization to identify Pareto optimal solutions. This study illustrates that the optimal trade-off solution can reduce the EUI by 31.09% and enhance the sDA and sGA by 93% and 18.58%, respectively, compared to the worst-performing Pareto solutions. The outcomes of this work help building professionals for the designing, and renovation of building envelopes in hot and dry climates and contributing to creating a sustainable built environment. © 2023. The Authors.","Energy efficiency; Envelope design; Muli-objective optimization; Visual comfort","'Dry' [; Building envelopes; Energy; Energy performance; Envelope designs; Muli-objective optimization; Multi-objectives optimization; Objective optimization; Visual comfort","","","","","International Solar Energy Society","","978-398204089-9","","","English","Proc. - ISES Sol. World Congr., SWC","Conference paper","Final","","Scopus","2-s2.0-85217816030"
"Koizumi M.; Shinmyo M.","Koizumi, Minoru (58581801400); Shinmyo, Makoto (57194963972)","58581801400; 57194963972","Movable Shade Louver","1987","Journal of Light and Visual Environment","11","2","","49","57","0","10.2150/jlve.11.2_49","https://www.scopus.com/pages/publications/85024441095?origin=resultslist","Hitachi Lighting Co., Ltd., Chiyoda-ku, Tokyo 101, 1-11 Sakuma-cho, Japan","Koizumi M., Hitachi Lighting Co., Ltd., Chiyoda-ku, Tokyo 101, 1-11 Sakuma-cho, Japan; Shinmyo M., Hitachi Lighting Co., Ltd., Chiyoda-ku, Tokyo 101, 1-11 Sakuma-cho, Japan","[No abstract available]","","","","","","","","03878805","","","","English","J. Light Vis. Environ.","Article","Final","All Open Access; Gold Open Access","Scopus","2-s2.0-85024441095"
